timestamp,name,X,Y,pitch,loaded,destination,Emergency,task-id,workstation,window_start,window_end,service_start,service_end,late,waiting_for_station
0,Bluestreak,2,20,270,false,,false,,,,,,,false,false
0,Bumblebee,4,1,90,false,,false,,,,,,,false,false
0,Hound,16,1,90,false,,false,,,,,,,false,false
0,Ironhide,14,1,90,false,,false,,,,,,,false,false
0,Jazz,6,1,90,false,,false,,,,,,,false,false
0,Megatron,20,1,90,false,,false,,,,,,,false,false
0,Optimus,2,1,90,false,,false,,,,,,,false,false
0,Ratchet,12,1,90,false,,false,,,,,,,false,false
0,RedAlert,4,20,270,false,,false,,,,,,,false,false
0,Sideswipe,8,1,90,false,,false,,,,,,,false,false
0,Smokescreen,18,1,90,false,,false,,,,,,,false,false
0,Wheeljack,10,1,90,false,,false,,,,,,,false,false
1,Bluestreak,2,20,270,false,,false,,,,,,,false,false
1,Bumblebee,4,1,90,false,,false,,,,,,,false,false
1,Hound,16,1,90,false,,false,,,,,,,false,false
1,Ironhide,14,1,90,false,,false,,,,,,,false,false
1,Jazz,6,1,90,false,,false,,,,,,,false,false
1,Megatron,20,1,90,false,,false,,,,,,,false,false
1,Optimus,2,1,90,true,140C-3,false,140C-3-1,140C-3,0,111,24,36,false,false
1,Ratchet,12,1,90,false,,false,,,,,,,false,false
1,RedAlert,4,20,270,false,,false,,,,,,,false,false
1,Sideswipe,8,1,90,false,,false,,,,,,,false,false
1,Smokescreen,18,1,90,false,,false,,,,,,,false,false
1,Wheeljack,10,1,90,false,,false,,,,,,,false,false
2,Bluestreak,2,20,270,false,,false,,,,,,,false,false
2,Bumblebee,4,1,180,false,,false,,,,,,,false,false
2,Hound,16,1,90,false,,false,,,,,,,false,false
2,Ironhide,14,1,90,false,,false,,,,,,,false,false
2,Jazz,6,1,180,false,,false,,,,,,,false,false
2,Megatron,20,1,90,false,,false,,,,,,,false,false
2,Optimus,2,2,90,true,140C-3,false,140C-3-1,140C-3,0,111,24,36,false,false
2,Ratchet,12,1,90,false,,false,,,,,,,false,false
2,RedAlert,4,20,270,false,,false,,,,,,,false,false
2,Sideswipe,8,1,90,false,,false,,,,,,,false,false
2,Smokescreen,18,1,90,false,,false,,,,,,,false,false
2,Wheeljack,10,1,90,false,,false,,,,,,,false,false
3,Bluestreak,2,20,270,false,,false,,,,,,,false,false
3,Bumblebee,3,1,180,false,,false,,,,,,,false,false
3,Hound,16,1,90,false,,false,,,,,,,false,false
3,Ironhide,14,1,90,false,,false,,,,,,,false,false
3,Jazz,5,1,180,false,,false,,,,,,,false,false
3,Megatron,20,1,90,false,,false,,,,,,,false,false
3,Optimus,2,3,90,true,140C-3,false,140C-3-1,140C-3,0,111,24,36,false,false
3,Ratchet,12,1,180,false,,false,,,,,,,false,false
3,RedAlert,4,20,270,false,,false,,,,,,,false,false
3,Sideswipe,8,1,180,false,,false,,,,,,,false,false
3,Smokescreen,18,1,90,false,,false,,,,,,,false,false
3,Wheeljack,10,1,180,false,,false,,,,,,,false,false
4,Bluestreak,2,20,270,false,,false,,,,,,,false,false
4,Bumblebee,2,1,180,false,,false,,,,,,,false,false
4,Hound,16,1,180,false,,false,,,,,,,false,false
4,Ironhide,14,1,180,false,,false,,,,,,,false,false
4,Jazz,4,1,180,false,,false,,,,,,,false,false
4,Megatron,20,1,90,false,,false,,,,,,,false,false
4,Optimus,2,4,90,true,140C-3,false,140C-3-1,140C-3,0,111,24,36,false,false
4,Ratchet,11,1,180,false,,false,,,,,,,false,false
4,RedAlert,4,20,270,false,,false,,,,,,,false,false
4,Sideswipe,7,1,180,false,,false,,,,,,,false,false
4,Smokescreen,18,1,90,false,,false,,,,,,,false,false
4,Wheeljack,9,1,180,false,,false,,,,,,,false,false
5,Bluestreak,2,19,270,false,,false,,,,,,,false,false
5,Bumblebee,2,1,180,true,140A,false,140A-1,140A,1,114,17,25,false,false
5,Hound,15,1,180,false,,false,,,,,,,false,false
5,Ironhide,13,1,180,false,,false,,,,,,,false,false
5,Jazz,3,1,180,false,,false,,,,,,,false,false
5,Megatron,20,1,180,false,,false,,,,,,,false,false
5,Optimus,2,5,90,true,140C-3,false,140C-3-1,140C-3,0,111,24,36,false,false
5,Ratchet,10,1,180,false,,false,,,,,,,false,false
5,RedAlert,4,20,270,false,,false,,,,,,,false,false
5,Sideswipe,6,1,180,false,,false,,,,,,,false,false
5,Smokescreen,18,1,180,false,,false,,,,,,,false,false
5,Wheeljack,8,1,180,false,,false,,,,,,,false,false
6,Bluestreak,2,18,270,false,,false,,,,,,,false,false
6,Bumblebee,2,1,90,true,140A,false,140A-1,140A,1,114,17,25,false,false
6,Hound,14,1,180,false,,false,,,,,,,false,false
6,Ironhide,12,1,180,false,,false,,,,,,,false,false
6,Jazz,2,1,180,false,,false,,,,,,,false,false
6,Megatron,19,1,180,false,,false,,,,,,,false,false
6,Optimus,2,6,90,true,140C-3,false,140C-3-1,140C-3,0,111,24,36,false,false
6,Ratchet,9,1,180,false,,false,,,,,,,false,false
6,RedAlert,4,20,270,false,,false,,,,,,,false,false
6,Sideswipe,5,1,180,false,,false,,,,,,,false,false
6,Smokescreen,17,1,180,false,,false,,,,,,,false,false
6,Wheeljack,7,1,180,false,,false,,,,,,,false,false
7,Bluestreak,2,17,270,false,,false,,,,,,,false,false
7,Bumblebee,2,2,90,true,140A,false,140A-1,140A,1,114,17,25,false,false
7,Hound,13,1,180,false,,false,,,,,,,false,false
7,Ironhide,11,1,180,false,,false,,,,,,,false,false
7,Jazz,2,1,180,true,130A-2,false,130A-2-1,130A-2,1,117,19,35,false,false
7,Megatron,18,1,180,false,,false,,,,,,,false,false
7,Optimus,2,7,90,true,140C-3,false,140C-3-1,140C-3,0,111,24,36,false,false
7,Ratchet,8,1,180,false,,false,,,,,,,false,false
7,RedAlert,4,20,270,false,,false,,,,,,,false,false
7,Sideswipe,4,1,180,false,,false,,,,,,,false,false
7,Smokescreen,16,1,180,false,,false,,,,,,,false,false
7,Wheeljack,6,1,180,false,,false,,,,,,,false,false
8,Bluestreak,2,16,270,false,,false,,,,,,,false,false
8,Bumblebee,2,3,90,true,140A,false,140A-1,140A,1,114,17,25,false,false
8,Hound,12,1,180,false,,false,,,,,,,false,false
8,Ironhide,10,1,180,false,,false,,,,,,,false,false
8,Jazz,2,1,90,true,130A-2,false,130A-2-1,130A-2,1,117,19,35,false,false
8,Megatron,17,1,180,false,,false,,,,,,,false,false
8,Optimus,2,8,90,true,140C-3,false,140C-3-1,140C-3,0,111,24,36,false,false
8,Ratchet,7,1,180,false,,false,,,,,,,false,false
8,RedAlert,4,19,270,false,,false,,,,,,,false,false
8,Sideswipe,3,1,180,false,,false,,,,,,,false,false
8,Smokescreen,15,1,180,false,,false,,,,,,,false,false
8,Wheeljack,5,1,180,false,,false,,,,,,,false,false
9,Bluestreak,2,15,270,false,,false,,,,,,,false,false
9,Bumblebee,2,4,90,true,140A,false,140A-1,140A,1,114,17,25,false,false
9,Hound,11,1,180,false,,false,,,,,,,false,false
9,Ironhide,9,1,180,false,,false,,,,,,,false,false
9,Jazz,2,2,90,true,130A-2,false,130A-2-1,130A-2,1,117,19,35,false,false
9,Megatron,16,1,180,false,,false,,,,,,,false,false
9,Optimus,2,9,90,true,140C-3,false,140C-3-1,140C-3,0,111,24,36,false,false
9,Ratchet,6,1,180,false,,false,,,,,,,false,false
9,RedAlert,4,18,270,false,,false,,,,,,,false,false
9,Sideswipe,2,1,180,false,,false,,,,,,,false,false
9,Smokescreen,14,1,180,false,,false,,,,,,,false,false
9,Wheeljack,4,1,180,false,,false,,,,,,,false,false
10,Bluestreak,2,14,270,false,,false,,,,,,,false,false
10,Bumblebee,2,4,0,true,140A,false,140A-1,140A,1,114,17,25,false,false
10,Hound,10,1,180,false,,false,,,,,,,false,false
10,Ironhide,8,1,180,false,,false,,,,,,,false,false
10,Jazz,2,3,90,true,130A-2,false,130A-2-1,130A-2,1,117,19,35,false,false
10,Megatron,15,1,180,false,,false,,,,,,,false,false
10,Optimus,2,10,90,true,140C-3,false,140C-3-1,140C-3,0,111,24,36,false,false
10,Ratchet,5,1,180,false,,false,,,,,,,false,false
10,RedAlert,4,17,270,false,,false,,,,,,,false,false
10,Sideswipe,2,1,180,true,130B-2,true,130B-2-1,130B-2,2,75,24,36,false,false
10,Smokescreen,13,1,180,false,,false,,,,,,,false,false
10,Wheeljack,3,1,180,false,,false,,,,,,,false,false
11,Bluestreak,2,13,270,false,,false,,,,,,,false,false
11,Bumblebee,3,4,0,true,140A,false,140A-1,140A,1,114,17,25,false,false
11,Hound,9,1,180,false,,false,,,,,,,false,false
11,Ironhide,7,1,180,false,,false,,,,,,,false,false
11,Jazz,2,4,90,true,130A-2,false,130A-2-1,130A-2,1,117,19,35,false,false
11,Megatron,14,1,180,false,,false,,,,,,,false,false
11,Optimus,2,11,90,true,140C-3,false,140C-3-1,140C-3,0,111,24,36,false,false
11,Ratchet,4,1,180,false,,false,,,,,,,false,false
11,RedAlert,4,16,270,false,,false,,,,,,,false,false
11,Sideswipe,2,1,90,true,130B-2,true,130B-2-1,130B-2,2,75,24,36,false,false
11,Smokescreen,12,1,180,false,,false,,,,,,,false,false
11,Wheeljack,2,1,180,false,,false,,,,,,,false,false
12,Bluestreak,2,13,180,false,,false,,,,,,,false,false
12,Bumblebee,4,4,0,true,140A,false,140A-1,140A,1,114,17,25,false,false
12,Hound,8,1,180,false,,false,,,,,,,false,false
12,Ironhide,6,1,180,false,,false,,,,,,,false,false
12,Jazz,2,5,90,true,130A-2,false,130A-2-1,130A-2,1,117,19,35,false,false
12,Megatron,13,1,180,false,,false,,,,,,,false,false
12,Optimus,2,12,90,true,140C-3,false,140C-3-1,140C-3,0,111,24,36,false,false
12,Ratchet,3,1,180,false,,false,,,,,,,false,false
12,RedAlert,4,15,270,false,,false,,,,,,,false,false
12,Sideswipe,2,2,90,true,130B-2,true,130B-2-1,130B-2,2,75,24,36,false,false
12,Smokescreen,11,1,180,false,,false,,,,,,,false,false
12,Wheeljack,2,1,180,true,209C,false,209C-1,209C,2,132,46,54,false,false
13,Bluestreak,1,13,180,false,,false,,,,,,,false,false
13,Bumblebee,5,4,0,true,140A,false,140A-1,140A,1,114,17,25,false,false
13,Hound,7,1,180,false,,false,,,,,,,false,false
13,Ironhide,5,1,180,false,,false,,,,,,,false,false
13,Jazz,2,6,90,true,130A-2,false,130A-2-1,130A-2,1,117,19,35,false,false
13,Megatron,12,1,180,false,,false,,,,,,,false,false
13,Optimus,2,12,0,true,140C-3,false,140C-3-1,140C-3,0,111,24,36,false,false
13,Ratchet,2,1,180,false,,false,,,,,,,false,false
13,RedAlert,4,14,270,false,,false,,,,,,,false,false
13,Sideswipe,2,3,90,true,130B-2,true,130B-2-1,130B-2,2,75,24,36,false,false
13,Smokescreen,10,1,180,false,,false,,,,,,,false,false
13,Wheeljack,2,1,90,true,209C,false,209C-1,209C,2,132,46,54,false,false
14,Bluestreak,1,13,270,false,,false,,,,,,,false,false
14,Bumblebee,6,4,0,true,140A,false,140A-1,140A,1,114,17,25,false,false
14,Hound,6,1,180,false,,false,,,,,,,false,false
14,Ironhide,4,1,180,false,,false,,,,,,,false,false
14,Jazz,2,7,90,true,130A-2,false,130A-2-1,130A-2,1,117,19,35,false,false
14,Megatron,11,1,180,false,,false,,,,,,,false,false
14,Optimus,3,12,0,true,140C-3,false,140C-3-1,140C-3,0,111,24,36,false,false
14,Ratchet,2,1,180,true,209B,false,209B-1,209B,2,102,50,61,false,false
14,RedAlert,4,14,0,false,,false,,,,,,,false,false
14,Sideswipe,2,4,90,true,130B-2,true,130B-2-1,130B-2,2,75,24,36,false,false
14,Smokescreen,9,1,180,false,,false,,,,,,,false,false
14,Wheeljack,2,2,90,true,209C,false,209C-1,209C,2,132,46,54,false,false
15,Bluestreak,1,12,270,false,,false,,,,,,,false,false
15,Bumblebee,7,4,0,true,140A,false,140A-1,140A,1,114,17,25,false,false
15,Hound,5,1,180,false,,false,,,,,,,false,false
15,Ironhide,3,1,180,false,,false,,,,,,,false,false
15,Jazz,2,8,90,true,130A-2,false,130A-2-1,130A-2,1,117,19,35,false,false
15,Megatron,10,1,180,false,,false,,,,,,,false,false
15,Optimus,4,12,0,true,140C-3,false,140C-3-1,140C-3,0,111,24,36,false,false
15,Ratchet,2,1,90,true,209B,false,209B-1,209B,2,102,50,61,false,false
15,RedAlert,5,14,0,false,,false,,,,,,,false,false
15,Sideswipe,2,5,90,true,130B-2,true,130B-2-1,130B-2,2,75,24,36,false,false
15,Smokescreen,8,1,180,false,,false,,,,,,,false,false
15,Wheeljack,2,3,90,true,209C,false,209C-1,209C,2,132,46,54,false,false
16,Bluestreak,1,11,270,false,,false,,,,,,,false,false
16,Bumblebee,8,4,0,true,140A,false,140A-1,140A,1,114,17,25,false,true
16,Hound,4,1,180,false,,false,,,,,,,false,false
16,Ironhide,2,1,180,false,,false,,,,,,,false,false
16,Jazz,2,9,90,true,130A-2,false,130A-2-1,130A-2,1,117,19,35,false,false
16,Megatron,9,1,180,false,,false,,,,,,,false,false
16,Optimus,5,12,0,true,140C-3,false,140C-3-1,140C-3,0,111,24,36,false,false
16,Ratchet,2,2,90,true,209B,false,209B-1,209B,2,102,50,61,false,false
16,RedAlert,5,14,270,false,,false,,,,,,,false,false
16,Sideswipe,2,6,90,true,130B-2,true,130B-2-1,130B-2,2,75,24,36,false,false
16,Smokescreen,7,1,180,false,,false,,,,,,,false,false
16,Wheeljack,2,4,90,true,209C,false,209C-1,209C,2,132,46,54,false,false
17,Bluestreak,1,10,270,false,,false,,,,,,,false,false
17,Bumblebee,8,4,0,false,,false,,,,,,,false,false
17,Bumblebee,8,4,0,false,,false,,,,,,,false,false
17,Hound,3,1,180,false,,false,,,,,,,false,false
17,Ironhide,2,1,180,true,130B-3,false,130B-3-1,130B-3,3,132,35,52,false,false
17,Jazz,2,9,0,true,130A-2,false,130A-2-1,130A-2,1,117,19,35,false,false
17,Megatron,8,1,180,false,,false,,,,,,,false,false
17,Optimus,6,12,0,true,140C-3,false,140C-3-1,140C-3,0,111,24,36,false,false
17,Ratchet,2,3,90,true,209B,false,209B-1,209B,2,102,50,61,false,false
17,RedAlert,5,13,270,false,,false,,,,,,,false,false
17,Sideswipe,2,7,90,true,130B-2,true,130B-2-1,130B-2,2,75,24,36,false,false
17,Smokescreen,6,1,180,false,,false,,,,,,,false,false
17,Wheeljack,2,5,90,true,209C,false,209C-1,209C,2,132,46,54,false,false
18,Bluestreak,1,9,270,false,,false,,,,,,,false,false
18,Bumblebee,8,4,0,false,,false,,,,,,,false,false
18,Hound,2,1,180,false,,false,,,,,,,false,false
18,Ironhide,2,1,90,true,130B-3,false,130B-3-1,130B-3,3,132,35,52,false,false
18,Jazz,3,9,0,true,130A-2,false,130A-2-1,130A-2,1,117,19,35,false,true
18,Megatron,7,1,180,false,,false,,,,,,,false,false
18,Optimus,7,12,0,true,140C-3,false,140C-3-1,140C-3,0,111,24,36,false,false
18,Ratchet,2,4,90,true,209B,false,209B-1,209B,2,102,50,61,false,false
18,RedAlert,5,12,270,false,,false,,,,,,,false,false
18,Sideswipe,2,8,90,true,130B-2,true,130B-2-1,130B-2,2,75,24,36,false,false
18,Smokescreen,5,1,180,false,,false,,,,,,,false,false
18,Wheeljack,2,6,90,true,209C,false,209C-1,209C,2,132,46,54,false,false
19,Bluestreak,1,8,270,false,,false,,,,,,,false,false
19,Bumblebee,8,4,0,false,,false,,,,,,,false,false
19,Hound,2,1,180,true,209D,false,209D-1,209D,3,112,52,67,false,false
19,Ironhide,2,2,90,true,130B-3,false,130B-3-1,130B-3,3,132,35,52,false,false
19,Jazz,3,9,0,false,,false,,,,,,,false,false
19,Jazz,3,9,0,false,,false,,,,,,,false,false
19,Megatron,6,1,180,false,,false,,,,,,,false,false
19,Optimus,8,12,0,true,140C-3,false,140C-3-1,140C-3,0,111,24,36,false,false
19,Ratchet,2,5,90,true,209B,false,209B-1,209B,2,102,50,61,false,false
19,RedAlert,5,11,270,false,,false,,,,,,,false,false
19,Sideswipe,2,8,0,true,130B-2,true,130B-2-1,130B-2,2,75,24,36,false,false
19,Smokescreen,4,1,180,false,,false,,,,,,,false,false
19,Wheeljack,2,7,90,true,209C,false,209C-1,209C,2,132,46,54,false,false
20,Bluestreak,1,7,270,false,,false,,,,,,,false,false
20,Bumblebee,8,4,0,false,,false,,,,,,,false,false
20,Hound,2,1,90,true,209D,false,209D-1,209D,3,112,52,67,false,false
20,Ironhide,2,3,90,true,130B-3,false,130B-3-1,130B-3,3,132,35,52,false,false
20,Jazz,3,9,0,false,,false,,,,,,,false,false
20,Megatron,5,1,180,false,,false,,,,,,,false,false
20,Optimus,9,12,0,true,140C-3,false,140C-3-1,140C-3,0,111,24,36,false,false
20,Ratchet,2,6,90,true,209B,false,209B-1,209B,2,102,50,61,false,false
20,RedAlert,5,10,270,false,,false,,,,,,,false,false
20,Sideswipe,3,8,0,true,130B-2,true,130B-2-1,130B-2,2,75,24,36,false,false
20,Smokescreen,3,1,180,false,,false,,,,,,,false,false
20,Wheeljack,2,8,90,true,209C,false,209C-1,209C,2,132,46,54,false,false
21,Bluestreak,1,6,270,false,,false,,,,,,,false,false
21,Bumblebee,8,4,0,false,,false,,,,,,,false,false
21,Hound,2,2,90,true,209D,false,209D-1,209D,3,112,52,67,false,false
21,Ironhide,2,4,90,true,130B-3,false,130B-3-1,130B-3,3,132,35,52,false,false
21,Jazz,3,9,0,false,,false,,,,,,,false,false
21,Megatron,4,1,180,false,,false,,,,,,,false,false
21,Optimus,10,12,0,true,140C-3,false,140C-3-1,140C-3,0,111,24,36,false,false
21,Ratchet,2,7,90,true,209B,false,209B-1,209B,2,102,50,61,false,false
21,RedAlert,5,9,270,false,,false,,,,,,,false,false
21,Sideswipe,4,8,0,true,130B-2,true,130B-2-1,130B-2,2,75,24,36,false,false
21,Smokescreen,2,1,180,false,,false,,,,,,,false,false
21,Wheeljack,2,9,90,true,209C,false,209C-1,209C,2,132,46,54,false,false
22,Bluestreak,1,5,270,false,,false,,,,,,,false,false
22,Bumblebee,8,4,0,false,,false,,,,,,,false,false
22,Hound,2,3,90,true,209D,false,209D-1,209D,3,112,52,67,false,false
22,Ironhide,2,5,90,true,130B-3,false,130B-3-1,130B-3,3,132,35,52,false,false
22,Jazz,3,9,0,false,,false,,,,,,,false,false
22,Megatron,3,1,180,false,,false,,,,,,,false,false
22,Optimus,11,12,0,true,140C-3,false,140C-3-1,140C-3,0,111,24,36,false,false
22,Ratchet,2,8,90,true,209B,false,209B-1,209B,2,102,50,61,false,false
22,RedAlert,5,8,270,false,,false,,,,,,,false,false
22,Sideswipe,5,8,0,true,130B-2,true,130B-2-1,130B-2,2,75,24,36,false,false
22,Smokescreen,2,1,180,true,140C-2,false,140C-2-1,140C-2,4,99,43,61,false,false
22,Wheeljack,2,10,90,true,209C,false,209C-1,209C,2,132,46,54,false,false
23,Bluestreak,1,4,270,false,,false,,,,,,,false,false
23,Bumblebee,8,4,0,false,,false,,,,,,,false,false
23,Hound,2,4,90,true,209D,false,209D-1,209D,3,112,52,67,false,false
23,Ironhide,2,6,90,true,130B-3,false,130B-3-1,130B-3,3,132,35,52,false,false
23,Jazz,3,9,0,false,,false,,,,,,,false,false
23,Megatron,2,1,180,false,,false,,,,,,,false,false
23,Optimus,12,12,0,true,140C-3,false,140C-3-1,140C-3,0,111,24,36,false,true
23,Ratchet,2,9,90,true,209B,false,209B-1,209B,2,102,50,61,false,false
23,RedAlert,5,7,270,false,,false,,,,,,,false,false
23,Sideswipe,6,8,0,true,130B-2,true,130B-2-1,130B-2,2,75,24,36,false,true
23,Sideswipe,6,8,0,false,,false,,,,,,,false,false
23,Smokescreen,2,1,90,true,140C-2,false,140C-2-1,140C-2,4,99,43,61,false,false
23,Wheeljack,2,11,90,true,209C,false,209C-1,209C,2,132,46,54,false,false
24,Bluestreak,1,3,270,false,,false,,,,,,,false,false
24,Bumblebee,8,4,0,false,,false,,,,,,,false,false
24,Hound,2,5,90,true,209D,false,209D-1,209D,3,112,52,67,false,false
24,Ironhide,2,7,90,true,130B-3,false,130B-3-1,130B-3,3,132,35,52,false,false
24,Jazz,3,9,0,false,,false,,,,,,,false,false
24,Megatron,2,1,180,true,140B-3,false,140B-3-1,140B-3,4,129,47,60,false,false
24,Optimus,12,12,0,false,,false,,,,,,,false,false
24,Ratchet,2,10,90,true,209B,false,209B-1,209B,2,102,50,61,false,false
24,RedAlert,5,6,270,false,,false,,,,,,,false,false
24,Sideswipe,6,8,0,false,,false,,,,,,,false,false
24,Sideswipe,6,8,0,false,,false,,,,,,,false,false
24,Smokescreen,2,2,90,true,140C-2,false,140C-2-1,140C-2,4,99,43,61,false,false
24,Wheeljack,2,12,90,true,209C,false,209C-1,209C,2,132,46,54,false,false
25,Bluestreak,1,2,270,false,,false,,,,,,,false,false
25,Bumblebee,8,4,0,false,,false,,,,,,,false,false
25,Hound,2,6,90,true,209D,false,209D-1,209D,3,112,52,67,false,false
25,Ironhide,2,8,90,true,130B-3,false,130B-3-1,130B-3,3,132,35,52,false,false
25,Jazz,3,9,0,false,,false,,,,,,,false,false
25,Megatron,2,1,90,true,140B-3,false,140B-3-1,140B-3,4,129,47,60,false,false
25,Optimus,12,12,0,false,,false,,,,,,,false,false
25,Ratchet,2,11,90,true,209B,false,209B-1,209B,2,102,50,61,false,false
25,RedAlert,5,5,270,false,,false,,,,,,,false,false
25,Sideswipe,6,8,0,false,,false,,,,,,,false,false
25,Smokescreen,2,3,90,true,140C-2,false,140C-2-1,140C-2,4,99,43,61,false,false
25,Wheeljack,2,13,90,true,209C,false,209C-1,209C,2,132,46,54,false,false
26,Bluestreak,1,2,270,true,200B-2,false,200B-2-1,200B-2,4,100,53,64,false,false
26,Bumblebee,8,4,270,false,,false,,,,,,,false,false
26,Hound,2,7,90,true,209D,false,209D-1,209D,3,112,52,67,false,false
26,Ironhide,2,9,90,true,130B-3,false,130B-3-1,130B-3,3,132,35,52,false,false
26,Jazz,3,9,0,false,,false,,,,,,,false,false
26,Megatron,2,2,90,true,140B-3,false,140B-3-1,140B-3,4,129,47,60,false,false
26,Optimus,12,12,0,false,,false,,,,,,,false,false
26,Ratchet,2,12,90,true,209B,false,209B-1,209B,2,102,50,61,false,false
26,RedAlert,5,4,270,false,,false,,,,,,,false,false
26,Sideswipe,6,8,0,false,,false,,,,,,,false,false
26,Smokescreen,2,4,90,true,140C-2,false,140C-2-1,140C-2,4,99,43,61,false,false
26,Wheeljack,2,14,90,true,209C,false,209C-1,209C,2,132,46,54,false,false
27,Bluestreak,1,2,90,true,200B-2,false,200B-2-1,200B-2,4,100,53,64,false,false
27,Bumblebee,8,3,270,false,,false,,,,,,,false,false
27,Hound,2,8,90,true,209D,false,209D-1,209D,3,112,52,67,false,false
27,Ironhide,2,10,90,true,130B-3,false,130B-3-1,130B-3,3,132,35,52,false,false
27,Jazz,3,9,0,false,,false,,,,,,,false,false
27,Megatron,2,3,90,true,140B-3,false,140B-3-1,140B-3,4,129,47,60,false,false
27,Optimus,12,12,0,false,,false,,,,,,,false,false
27,Ratchet,2,13,90,true,209B,false,209B-1,209B,2,102,50,61,false,false
27,RedAlert,5,3,270,false,,false,,,,,,,false,false
27,Sideswipe,6,8,0,false,,false,,,,,,,false,false
27,Smokescreen,2,5,90,true,140C-2,false,140C-2-1,140C-2,4,99,43,61,false,false
27,Wheeljack,2,15,90,true,209C,false,209C-1,209C,2,132,46,54,false,false
28,Bluestreak,1,3,90,true,200B-2,false,200B-2-1,200B-2,4,100,53,64,false,false
28,Bumblebee,8,2,270,false,,false,,,,,,,false,false
28,Hound,2,9,90,true,209D,false,209D-1,209D,3,112,52,67,false,false
28,Ironhide,2,11,90,true,130B-3,false,130B-3-1,130B-3,3,132,35,52,false,false
28,Jazz,3,9,0,false,,false,,,,,,,false,false
28,Megatron,2,4,90,true,140B-3,false,140B-3-1,140B-3,4,129,47,60,false,false
28,Optimus,12,12,0,false,,false,,,,,,,false,false
28,Ratchet,2,14,90,true,209B,false,209B-1,209B,2,102,50,61,false,false
28,RedAlert,5,2,270,false,,false,,,,,,,false,false
28,Sideswipe,6,8,0,false,,false,,,,,,,false,false
28,Smokescreen,2,6,90,true,140C-2,false,140C-2-1,140C-2,4,99,43,61,false,false
28,Wheeljack,2,16,90,true,209C,false,209C-1,209C,2,132,46,54,false,false
29,Bluestreak,1,4,90,true,200B-2,false,200B-2-1,200B-2,4,100,53,64,false,false
29,Bumblebee,8,2,180,false,,false,,,,,,,false,false
29,Bumblebee,3,13,0,false,,false,,,,,,,false,false
29,Hound,2,10,90,true,209D,false,209D-1,209D,3,112,52,67,false,false
29,Ironhide,2,12,90,true,130B-3,false,130B-3-1,130B-3,3,132,35,52,false,false
29,Jazz,3,9,0,false,,false,,,,,,,false,false
29,Megatron,2,5,90,true,140B-3,false,140B-3-1,140B-3,4,129,47,60,false,false
29,Optimus,12,12,0,false,,false,,,,,,,false,false
29,Ratchet,2,15,90,true,209B,false,209B-1,209B,2,102,50,61,false,false
29,RedAlert,5,2,180,false,,false,,,,,,,false,false
29,Sideswipe,6,8,0,false,,false,,,,,,,false,false
29,Smokescreen,2,7,90,true,140C-2,false,140C-2-1,140C-2,4,99,43,61,false,false
29,Wheeljack,2,17,90,true,209C,false,209C-1,209C,2,132,46,54,false,false
30,Bluestreak,1,5,90,true,200B-2,false,200B-2-1,200B-2,4,100,53,64,false,false
30,Bumblebee,7,2,180,false,,false,,,,,,,false,false
30,Bumblebee,3,13,0,false,,false,,,,,,,false,false
30,Hound,2,11,90,true,209D,false,209D-1,209D,3,112,52,67,false,false
30,Ironhide,2,12,0,true,130B-3,false,130B-3-1,130B-3,3,132,35,52,false,false
30,Jazz,3,9,0,false,,false,,,,,,,false,false
30,Megatron,2,6,90,true,140B-3,false,140B-3-1,140B-3,4,129,47,60,false,false
30,Optimus,12,12,0,false,,false,,,,,,,false,false
30,Ratchet,2,16,90,true,209B,false,209B-1,209B,2,102,50,61,false,false
30,RedAlert,4,2,180,false,,false,,,,,,,false,false
30,Sideswipe,6,8,0,false,,false,,,,,,,false,false
30,Smokescreen,2,7,0,true,140C-2,false,140C-2-1,140C-2,4,99,43,61,false,false
30,Wheeljack,2,17,0,true,209C,false,209C-1,209C,2,132,46,54,false,false
31,Bluestreak,1,6,90,true,200B-2,false,200B-2-1,200B-2,4,100,53,64,false,false
31,Bumblebee,6,2,180,false,,false,,,,,,,false,false
31,Bumblebee,3,13,0,false,,false,,,,,,,false,false
31,Hound,2,12,90,true,209D,false,209D-1,209D,3,112,52,67,false,false
31,Ironhide,3,12,0,true,130B-3,false,130B-3-1,130B-3,3,132,35,52,false,false
31,Jazz,3,9,0,false,,false,,,,,,,false,false
31,Megatron,2,7,90,true,140B-3,false,140B-3-1,140B-3,4,129,47,60,false,false
31,Optimus,12,12,0,false,,false,,,,,,,false,false
31,Ratchet,2,16,0,true,209B,false,209B-1,209B,2,102,50,61,false,false
31,RedAlert,3,2,180,false,,false,,,,,,,false,false
31,Sideswipe,6,8,0,false,,false,,,,,,,false,false
31,Smokescreen,3,7,0,true,140C-2,false,140C-2-1,140C-2,4,99,43,61,false,false
31,Wheeljack,3,17,0,true,209C,false,209C-1,209C,2,132,46,54,false,false
32,Bluestreak,1,7,90,true,200B-2,false,200B-2-1,200B-2,4,100,53,64,false,false
32,Bumblebee,5,2,180,false,,false,,,,,,,false,false
32,Bumblebee,3,13,0,false,,false,,,,,,,false,false
32,Hound,2,13,90,true,209D,false,209D-1,209D,3,112,52,67,false,false
32,Ironhide,4,12,0,true,130B-3,false,130B-3-1,130B-3,3,132,35,52,false,false
32,Jazz,3,9,0,false,,false,,,,,,,false,false
32,Megatron,2,8,90,true,140B-3,false,140B-3-1,140B-3,4,129,47,60,false,false
32,Optimus,12,12,0,false,,false,,,,,,,false,false
32,Ratchet,3,16,0,true,209B,false,209B-1,209B,2,102,50,61,false,false
32,RedAlert,2,2,180,false,,false,,,,,,,false,false
32,Sideswipe,6,8,0,false,,false,,,,,,,false,false
32,Smokescreen,4,7,0,true,140C-2,false,140C-2-1,140C-2,4,99,43,61,false,false
32,Wheeljack,4,17,0,true,209C,false,209C-1,209C,2,132,46,54,false,false
33,Bluestreak,1,7,0,true,200B-2,false,200B-2-1,200B-2,4,100,53,64,false,false
33,Bumblebee,4,2,180,false,,false,,,,,,,false,false
33,Bumblebee,3,13,0,false,,false,,,,,,,false,false
33,Hound,2,14,90,true,209D,false,209D-1,209D,3,112,52,67,false,false
33,Ironhide,5,12,0,true,130B-3,false,130B-3-1,130B-3,3,132,35,52,false,false
33,Ironhide,6,12,0,false,,false,,,,,,,false,false
33,Jazz,3,9,0,false,,false,,,,,,,false,false
33,Megatron,2,9,90,true,140B-3,false,140B-3-1,140B-3,4,129,47,60,false,false
33,Optimus,12,12,0,false,,false,,,,,,,false,false
33,Ratchet,4,16,0,true,209B,false,209B-1,209B,2,102,50,61,false,false
33,RedAlert,1,2,180,false,,false,,,,,,,false,false
33,Sideswipe,6,8,0,false,,false,,,,,,,false,false
33,Smokescreen,5,7,0,true,140C-2,false,140C-2-1,140C-2,4,99,43,61,false,false
33,Wheeljack,5,17,0,true,209C,false,209C-1,209C,2,132,46,54,false,false
34,Bluestreak,2,7,0,true,200B-2,false,200B-2-1,200B-2,4,100,53,64,false,false
34,Bumblebee,3,2,180,false,,false,,,,,,,false,false
34,Bumblebee,3,13,0,false,,false,,,,,,,false,false
34,Hound,2,15,90,true,209D,false,209D-1,209D,3,112,52,67,false,false
34,Ironhide,6,12,0,true,130B-3,false,130B-3-1,130B-3,3,132,35,52,false,true
34,Ironhide,6,12,0,false,,false,,,,,,,false,false
34,Jazz,3,9,0,false,,false,,,,,,,false,false
34,Megatron,2,10,90,true,140B-3,false,140B-3-1,140B-3,4,129,47,60,false,false
34,Optimus,12,12,0,false,,false,,,,,,,false,false
34,Ratchet,5,16,0,true,209B,false,209B-1,209B,2,102,50,61,false,false
34,RedAlert,1,2,180,true,209F,false,209F-1,209F,7,130,65,77,false,false
34,Sideswipe,6,8,0,false,,false,,,,,,,false,false
34,Smokescreen,6,7,0,true,140C-2,false,140C-2-1,140C-2,4,99,43,61,false,false
34,Wheeljack,6,17,0,true,209C,false,209C-1,209C,2,132,46,54,false,false
35,Bluestreak,3,7,0,true,200B-2,false,200B-2-1,200B-2,4,100,53,64,false,false
35,Bumblebee,2,2,180,false,,false,,,,,,,false,false
35,Bumblebee,3,13,0,false,,false,,,,,,,false,false
35,Hound,2,16,90,true,209D,false,209D-1,209D,3,112,52,67,false,false
35,Ironhide,6,12,0,false,,false,,,,,,,false,false
35,Ironhide,6,12,0,false,,false,,,,,,,false,false
35,Jazz,3,9,0,false,,false,,,,,,,false,false
35,Megatron,2,11,90,true,140B-3,false,140B-3-1,140B-3,4,129,47,60,false,false
35,Optimus,12,12,0,false,,false,,,,,,,false,false
35,Ratchet,6,16,0,true,209B,false,209B-1,209B,2,102,50,61,false,false
35,RedAlert,1,2,90,true,209F,false,209F-1,209F,7,130,65,77,false,false
35,Sideswipe,6,8,0,false,,false,,,,,,,false,false
35,Smokescreen,7,7,0,true,140C-2,false,140C-2-1,140C-2,4,99,43,61,false,false
35,Wheeljack,7,17,0,true,209C,false,209C-1,209C,2,132,46,54,false,false
36,Bluestreak,4,7,0,true,200B-2,false,200B-2-1,200B-2,4,100,53,64,false,false
36,Bumblebee,1,2,180,false,,false,,,,,,,false,false
36,Bumblebee,3,13,0,false,,false,,,,,,,false,false
36,Hound,2,17,90,true,209D,false,209D-1,209D,3,112,52,67,false,false
36,Ironhide,6,12,0,false,,false,,,,,,,false,false
36,Jazz,3,9,270,false,,false,,,,,,,false,false
36,Jazz,12,4,0,false,,false,,,,,,,false,false
36,Megatron,2,11,0,true,140B-3,false,140B-3-1,140B-3,4,129,47,60,false,false
36,Optimus,12,12,0,false,,false,,,,,,,false,false
36,Ratchet,7,16,0,true,209B,false,209B-1,209B,2,102,50,61,false,false
36,RedAlert,1,3,90,true,209F,false,209F-1,209F,7,130,65,77,false,false
36,Sideswipe,6,8,0,false,,false,,,,,,,false,false
36,Smokescreen,8,7,0,true,140C-2,false,140C-2-1,140C-2,4,99,43,61,false,false
36,Wheeljack,8,17,0,true,209C,false,209C-1,209C,2,132,46,54,false,false
37,Bluestreak,5,7,0,true,200B-2,false,200B-2-1,200B-2,4,100,53,64,false,false
37,Bumblebee,1,2,180,true,130A-3,true,130A-3-1,130A-3,12,70,53,68,false,false
37,Bumblebee,3,13,0,false,,false,,,,,,,false,false
37,Hound,2,17,0,true,209D,false,209D-1,209D,3,112,52,67,false,false
37,Ironhide,6,12,0,false,,false,,,,,,,false,false
37,Jazz,3,8,270,false,,false,,,,,,,false,false
37,Jazz,12,4,0,false,,false,,,,,,,false,false
37,Megatron,3,11,0,true,140B-3,false,140B-3-1,140B-3,4,129,47,60,false,false
37,Optimus,12,12,270,false,,false,,,,,,,false,false
37,Ratchet,8,16,0,true,209B,false,209B-1,209B,2,102,50,61,false,false
37,RedAlert,1,4,90,true,209F,false,209F-1,209F,7,130,65,77,false,false
37,Sideswipe,6,8,270,false,,false,,,,,,,false,false
37,Smokescreen,9,7,0,true,140C-2,false,140C-2-1,140C-2,4,99,43,61,false,false
37,Wheeljack,9,17,0,true,209C,false,209C-1,209C,2,132,46,54,false,false
38,Bluestreak,6,7,0,true,200B-2,false,200B-2-1,200B-2,4,100,53,64,false,false
38,Bumblebee,1,2,90,true,130A-3,true,130A-3-1,130A-3,12,70,53,68,false,false
38,Bumblebee,3,13,0,false,,false,,,,,,,false,false
38,Hound,3,17,0,true,209D,false,209D-1,209D,3,112,52,67,false,false
38,Ironhide,6,12,0,false,,false,,,,,,,false,false
38,Jazz,3,7,270,false,,false,,,,,,,false,false
38,Jazz,12,4,0,false,,false,,,,,,,false,false
38,Megatron,4,11,0,true,140B-3,false,140B-3-1,140B-3,4,129,47,60,false,false
38,Optimus,12,11,270,false,,false,,,,,,,false,false
38,Ratchet,9,16,0,true,209B,false,209B-1,209B,2,102,50,61,false,false
38,RedAlert,1,5,90,true,209F,false,209F-1,209F,7,130,65,77,false,false
38,Sideswipe,6,7,270,false,,false,,,,,,,false,false
38,Smokescreen,10,7,0,true,140C-2,false,140C-2-1,140C-2,4,99,43,61,false,false
38,Wheeljack,10,17,0,true,209C,false,209C-1,209C,2,132,46,54,false,false
39,Bluestreak,7,7,0,true,200B-2,false,200B-2-1,200B-2,4,100,53,64,false,false
39,Bumblebee,1,3,90,true,130A-3,true,130A-3-1,130A-3,12,70,53,68,false,false
39,Bumblebee,3,13,0,false,,false,,,,,,,false,false
39,Hound,4,17,0,true,209D,false,209D-1,209D,3,112,52,67,false,false
39,Ironhide,6,12,0,false,,false,,,,,,,false,false
39,Jazz,3,6,270,false,,false,,,,,,,false,false
39,Jazz,12,4,0,false,,false,,,,,,,false,false
39,Megatron,5,11,0,true,140B-3,false,140B-3-1,140B-3,4,129,47,60,false,false
39,Optimus,12,10,270,false,,false,,,,,,,false,false
39,Ratchet,10,16,0,true,209B,false,209B-1,209B,2,102,50,61,false,false
39,RedAlert,1,6,90,true,209F,false,209F-1,209F,7,130,65,77,false,false
39,Sideswipe,6,6,270,false,,false,,,,,,,false,false
39,Smokescreen,11,7,0,true,140C-2,false,140C-2-1,140C-2,4,99,43,61,false,false
39,Wheeljack,11,17,0,true,209C,false,209C-1,209C,2,132,46,54,false,false
40,Bluestreak,8,7,0,true,200B-2,false,200B-2-1,200B-2,4,100,53,64,false,false
40,Bumblebee,1,4,90,true,130A-3,true,130A-3-1,130A-3,12,70,53,68,false,false
40,Bumblebee,3,13,0,false,,false,,,,,,,false,false
40,Hound,5,17,0,true,209D,false,209D-1,209D,3,112,52,67,false,false
40,Ironhide,6,12,0,false,,false,,,,,,,false,false
40,Jazz,3,5,270,false,,false,,,,,,,false,false
40,Jazz,12,4,0,false,,false,,,,,,,false,false
40,Megatron,6,11,0,true,140B-3,false,140B-3-1,140B-3,4,129,47,60,false,false
40,Optimus,12,10,180,false,,false,,,,,,,false,false
40,Ratchet,11,16,0,true,209B,false,209B-1,209B,2,102,50,61,false,false
40,RedAlert,1,7,90,true,209F,false,209F-1,209F,7,130,65,77,false,false
40,Sideswipe,6,6,180,false,,false,,,,,,,false,false
40,Smokescreen,11,7,90,true,140C-2,false,140C-2-1,140C-2,4,99,43,61,false,false
40,Smokescreen,11,9,90,false,,false,,,,,,,false,false
40,Wheeljack,12,17,0,true,209C,false,209C-1,209C,2,132,46,54,false,false
41,Bluestreak,9,7,0,true,200B-2,false,200B-2-1,200B-2,4,100,53,64,false,false
41,Bumblebee,1,5,90,true,130A-3,true,130A-3-1,130A-3,12,70,53,68,false,false
41,Bumblebee,3,13,0,false,,false,,,,,,,false,false
41,Hound,6,17,0,true,209D,false,209D-1,209D,3,112,52,67,false,false
41,Ironhide,6,12,0,false,,false,,,,,,,false,false
41,Jazz,3,4,270,false,,false,,,,,,,false,false
41,Jazz,12,4,0,false,,false,,,,,,,false,false
41,Megatron,7,11,0,true,140B-3,false,140B-3-1,140B-3,4,129,47,60,false,false
41,Optimus,11,10,180,false,,false,,,,,,,false,false
41,Ratchet,12,16,0,true,209B,false,209B-1,209B,2,102,50,61,false,false
41,RedAlert,1,8,90,true,209F,false,209F-1,209F,7,130,65,77,false,false
41,Sideswipe,5,6,180,false,,false,,,,,,,false,false
41,Smokescreen,11,8,90,true,140C-2,false,140C-2-1,140C-2,4,99,43,61,false,false
41,Smokescreen,11,9,90,false,,false,,,,,,,false,false
41,Wheeljack,13,17,0,true,209C,false,209C-1,209C,2,132,46,54,false,false
42,Bluestreak,10,7,0,true,200B-2,false,200B-2-1,200B-2,4,100,53,64,false,false
42,Bumblebee,1,6,90,true,130A-3,true,130A-3-1,130A-3,12,70,53,68,false,false
42,Bumblebee,3,13,0,false,,false,,,,,,,false,false
42,Hound,7,17,0,true,209D,false,209D-1,209D,3,112,52,67,false,false
42,Ironhide,6,12,0,false,,false,,,,,,,false,false
42,Jazz,3,3,270,false,,false,,,,,,,false,false
42,Jazz,12,4,0,false,,false,,,,,,,false,false
42,Megatron,8,11,0,true,140B-3,false,140B-3-1,140B-3,4,129,47,60,false,false
42,Optimus,10,10,180,false,,false,,,,,,,false,false
42,Ratchet,13,16,0,true,209B,false,209B-1,209B,2,102,50,61,false,false
42,RedAlert,1,9,90,true,209F,false,209F-1,209F,7,130,65,77,false,false
42,Sideswipe,4,6,180,false,,false,,,,,,,false,false
42,Smokescreen,11,9,90,true,140C-2,false,140C-2-1,140C-2,4,99,43,61,false,true
42,Smokescreen,11,9,90,false,,false,,,,,,,false,false
42,Wheeljack,14,17,0,true,209C,false,209C-1,209C,2,132,46,54,false,false
43,Bluestreak,11,7,0,true,200B-2,false,200B-2-1,200B-2,4,100,53,64,false,false
43,Bumblebee,1,7,90,true,130A-3,true,130A-3-1,130A-3,12,70,53,68,false,false
43,Bumblebee,3,13,0,false,,false,,,,,,,false,false
43,Hound,8,17,0,true,209D,false,209D-1,209D,3,112,52,67,false,false
43,Ironhide,6,12,0,false,,false,,,,,,,false,false
43,Jazz,3,2,270,false,,false,,,,,,,false,false
43,Jazz,12,4,0,false,,false,,,,,,,false,false
43,Megatron,9,11,0,true,140B-3,false,140B-3-1,140B-3,4,129,47,60,false,false
43,Optimus,9,10,180,false,,false,,,,,,,false,false
43,Ratchet,14,16,0,true,209B,false,209B-1,209B,2,102,50,61,false,false
43,RedAlert,1,10,90,true,209F,false,209F-1,209F,7,130,65,77,false,false
43,Sideswipe,3,6,180,false,,false,,,,,,,false,false
43,Sideswipe,13,13,90,false,,false,,,,,,,false,false
43,Smokescreen,11,9,90,false,,false,,,,,,,false,false
43,Smokescreen,11,9,90,false,,false,,,,,,,false,false
43,Wheeljack,15,17,0,true,209C,false,209C-1,209C,2,132,46,54,false,false
44,Bluestreak,12,7,0,true,200B-2,false,200B-2-1,200B-2,4,100,53,64,false,false
44,Bumblebee,1,8,90,true,130A-3,true,130A-3-1,130A-3,12,70,53,68,false,false
44,Bumblebee,3,13,0,false,,false,,,,,,,false,false
44,Hound,9,17,0,true,209D,false,209D-1,209D,3,112,52,67,false,false
44,Ironhide,6,12,0,false,,false,,,,,,,false,false
44,Jazz,3,2,180,false,,false,,,,,,,false,false
44,Jazz,12,4,0,false,,false,,,,,,,false,false
44,Megatron,9,11,90,true,140B-3,false,140B-3-1,140B-3,4,129,47,60,false,false
44,Megatron,9,13,90,false,,false,,,,,,,false,false
44,Optimus,8,10,180,false,,false,,,,,,,false,false
44,Ratchet,15,16,0,true,209B,false,209B-1,209B,2,102,50,61,false,false
44,RedAlert,1,11,90,true,209F,false,209F-1,209F,7,130,65,77,false,false
44,Sideswipe,2,6,180,false,,false,,,,,,,false,false
44,Sideswipe,13,13,90,false,,false,,,,,,,false,false
44,Smokescreen,11,9,90,false,,false,,,,,,,false,false
44,Wheeljack,16,17,0,true,209C,false,209C-1,209C,2,132,46,54,false,false
45,Bluestreak,13,7,0,true,200B-2,false,200B-2-1,200B-2,4,100,53,64,false,false
45,Bumblebee,1,9,90,true,130A-3,true,130A-3-1,130A-3,12,70,53,68,false,false
45,Bumblebee,3,13,0,false,,false,,,,,,,false,false
45,Hound,10,17,0,true,209D,false,209D-1,209D,3,112,52,67,false,false
45,Ironhide,6,12,0,false,,false,,,,,,,false,false
45,Jazz,2,2,180,false,,false,,,,,,,false,false
45,Jazz,12,4,0,false,,false,,,,,,,false,false
45,Megatron,9,12,90,true,140B-3,false,140B-3-1,140B-3,4,129,47,60,false,false
45,Megatron,9,13,90,false,,false,,,,,,,false,false
45,Optimus,7,10,180,false,,false,,,,,,,false,false
45,Optimus,9,9,90,false,,false,,,,,,,false,false
45,Ratchet,16,16,0,true,209B,false,209B-1,209B,2,102,50,61,false,false
45,RedAlert,1,12,90,true,209F,false,209F-1,209F,7,130,65,77,false,false
45,Sideswipe,1,6,180,false,,false,,,,,,,false,false
45,Sideswipe,13,13,90,false,,false,,,,,,,false,false
45,Smokescreen,11,9,90,false,,false,,,,,,,false,false
45,Wheeljack,17,17,0,true,209C,false,209C-1,209C,2,132,46,54,false,true
45,Wheeljack,17,17,0,false,,false,,,,,,,false,false
46,Bluestreak,14,7,0,true,200B-2,false,200B-2-1,200B-2,4,100,53,64,false,false
46,Bumblebee,1,10,90,true,130A-3,true,130A-3-1,130A-3,12,70,53,68,false,false
46,Bumblebee,3,13,0,false,,false,,,,,,,false,false
46,Hound,11,17,0,true,209D,false,209D-1,209D,3,112,52,67,false,false
46,Ironhide,6,12,0,false,,false,,,,,,,false,false
46,Jazz,1,2,180,false,,false,,,,,,,false,false
46,Jazz,12,4,0,false,,false,,,,,,,false,false
46,Megatron,9,13,90,true,140B-3,false,140B-3-1,140B-3,4,129,47,60,false,true
46,Megatron,9,13,90,false,,false,,,,,,,false,false
46,Optimus,6,10,180,false,,false,,,,,,,false,false
46,Optimus,9,9,90,false,,false,,,,,,,false,false
46,Ratchet,17,16,0,true,209B,false,209B-1,209B,2,102,50,61,false,false
46,RedAlert,1,13,90,true,209F,false,209F-1,209F,7,130,65,77,false,false
46,Sideswipe,1,6,270,false,,false,,,,,,,false,false
46,Sideswipe,13,13,90,false,,false,,,,,,,false,false
46,Smokescreen,11,9,90,false,,false,,,,,,,false,false
46,Wheeljack,17,17,0,false,,false,,,,,,,false,false
46,Wheeljack,17,17,0,false,,false,,,,,,,false,false
47,Bluestreak,15,7,0,true,200B-2,false,200B-2-1,200B-2,4,100,53,64,false,false
47,Bumblebee,1,11,90,true,130A-3,true,130A-3-1,130A-3,12,70,53,68,false,false
47,Bumblebee,3,13,0,false,,false,,,,,,,false,false
47,Hound,12,17,0,true,209D,false,209D-1,209D,3,112,52,67,false,false
47,Ironhide,6,12,0,false,,false,,,,,,,false,false
47,Jazz,1,2,180,true,140C,true,140C-1,140C,13,91,63,78,false,false
47,Jazz,12,4,0,false,,false,,,,,,,false,false
47,Megatron,9,13,90,false,,false,,,,,,,false,false
47,Megatron,9,13,90,false,,false,,,,,,,false,false
47,Optimus,5,10,180,false,,false,,,,,,,false,false
47,Optimus,9,9,90,false,,false,,,,,,,false,false
47,Ratchet,18,16,0,true,209B,false,209B-1,209B,2,102,50,61,false,false
47,RedAlert,1,14,90,true,209F,false,209F-1,209F,7,130,65,77,false,false
47,Sideswipe,1,5,270,false,,false,,,,,,,false,false
47,Sideswipe,13,13,90,false,,false,,,,,,,false,false
47,Smokescreen,11,9,90,false,,false,,,,,,,false,false
47,Wheeljack,17,17,0,false,,false,,,,,,,false,false
48,Bluestreak,16,7,0,true,200B-2,false,200B-2-1,200B-2,4,100,53,64,false,false
48,Bumblebee,1,12,90,true,130A-3,true,130A-3-1,130A-3,12,70,53,68,false,false
48,Bumblebee,3,13,0,false,,false,,,,,,,false,false
48,Hound,13,17,0,true,209D,false,209D-1,209D,3,112,52,67,false,false
48,Ironhide,6,12,0,false,,false,,,,,,,false,false
48,Jazz,1,2,90,true,140C,true,140C-1,140C,13,91,63,78,false,false
48,Jazz,12,4,0,false,,false,,,,,,,false,false
48,Megatron,9,13,90,false,,false,,,,,,,false,false
48,Optimus,4,10,180,false,,false,,,,,,,false,false
48,Optimus,9,9,90,false,,false,,,,,,,false,false
48,Ratchet,18,16,90,true,209B,false,209B-1,209B,2,102,50,61,false,false
48,RedAlert,1,15,90,true,209F,false,209F-1,209F,7,130,65,77,false,false
48,Sideswipe,1,4,270,false,,false,,,,,,,false,false
48,Sideswipe,13,13,90,false,,false,,,,,,,false,false
48,Smokescreen,11,9,90,false,,false,,,,,,,false,false
48,Wheeljack,17,17,0,false,,false,,,,,,,false,false
49,Bluestreak,17,7,0,true,200B-2,false,200B-2-1,200B-2,4,100,53,64,false,false
49,Bumblebee,1,13,90,true,130A-3,true,130A-3-1,130A-3,12,70,53,68,false,false
49,Bumblebee,3,13,0,false,,false,,,,,,,false,false
49,Hound,14,17,0,true,209D,false,209D-1,209D,3,112,52,67,false,false
49,Ironhide,6,12,0,false,,false,,,,,,,false,false
49,Jazz,1,3,90,true,140C,true,140C-1,140C,13,91,63,78,false,false
49,Jazz,12,4,0,false,,false,,,,,,,false,false
49,Megatron,9,13,90,false,,false,,,,,,,false,false
49,Optimus,3,10,180,false,,false,,,,,,,false,false
49,Optimus,9,9,90,false,,false,,,,,,,false,false
49,Ratchet,18,17,90,true,209B,false,209B-1,209B,2,102,50,61,false,true
49,Ratchet,18,17,90,false,,false,,,,,,,false,false
49,RedAlert,1,16,90,true,209F,false,209F-1,209F,7,130,65,77,false,false
49,Sideswipe,1,3,270,false,,false,,,,,,,false,false
49,Sideswipe,13,13,90,false,,false,,,,,,,false,false
49,Smokescreen,11,9,90,false,,false,,,,,,,false,false
49,Wheeljack,17,17,0,false,,false,,,,,,,false,false
50,Bluestreak,17,7,90,true,200B-2,false,200B-2-1,200B-2,4,100,53,64,false,false
50,Bluestreak,17,9,90,false,,false,,,,,,,false,false
50,Bumblebee,1,13,0,true,130A-3,true,130A-3-1,130A-3,12,70,53,68,false,false
50,Bumblebee,3,13,0,false,,false,,,,,,,false,false
50,Hound,15,17,0,true,209D,false,209D-1,209D,3,112,52,67,false,false
50,Hound,16,17,0,false,,false,,,,,,,false,false
50,Ironhide,6,12,0,false,,false,,,,,,,false,false
50,Jazz,1,4,90,true,140C,true,140C-1,140C,13,91,63,78,false,false
50,Jazz,12,4,0,false,,false,,,,,,,false,false
50,Megatron,9,13,90,false,,false,,,,,,,false,false
50,Optimus,2,10,180,false,,false,,,,,,,false,false
50,Optimus,9,9,90,false,,false,,,,,,,false,false
50,Ratchet,18,17,90,false,,false,,,,,,,false,false
50,Ratchet,18,17,90,false,,false,,,,,,,false,false
50,RedAlert,1,17,90,true,209F,false,209F-1,209F,7,130,65,77,false,false
50,Sideswipe,1,2,270,false,,false,,,,,,,false,false
50,Sideswipe,13,13,90,false,,false,,,,,,,false,false
50,Smokescreen,11,9,90,false,,false,,,,,,,false,false
50,Wheeljack,17,17,0,false,,false,,,,,,,false,false
51,Bluestreak,17,8,90,true,200B-2,false,200B-2-1,200B-2,4,100,53,64,false,false
51,Bluestreak,17,9,90,false,,false,,,,,,,false,false
51,Bumblebee,2,13,0,true,130A-3,true,130A-3-1,130A-3,12,70,53,68,false,false
51,Bumblebee,3,13,0,false,,false,,,,,,,false,false
51,Hound,16,17,0,true,209D,false,209D-1,209D,3,112,52,67,false,true
51,Hound,16,17,0,false,,false,,,,,,,false,false
51,Ironhide,6,12,0,false,,false,,,,,,,false,false
51,Jazz,1,4,0,true,140C,true,140C-1,140C,13,91,63,78,false,false
51,Jazz,12,4,0,false,,false,,,,,,,false,false
51,Megatron,9,13,90,false,,false,,,,,,,false,false
51,Optimus,1,10,180,false,,false,,,,,,,false,false
51,Optimus,9,9,90,false,,false,,,,,,,false,false
51,Ratchet,18,17,90,false,,false,,,,,,,false,false
51,RedAlert,1,18,90,true,209F,false,209F-1,209F,7,130,65,77,false,false
51,Sideswipe,1,2,270,true,150-3,true,150-3-1,150-3,19,88,78,89,false,false
51,Sideswipe,13,13,90,false,,false,,,,,,,false,false
51,Smokescreen,11,9,90,false,,false,,,,,,,false,false
51,Wheeljack,17,17,0,false,,false,,,,,,,false,false
52,Bluestreak,17,9,90,true,200B-2,false,200B-2-1,200B-2,4,100,53,64,false,true
52,Bluestreak,17,9,90,false,,false,,,,,,,false,false
52,Bumblebee,3,13,0,true,130A-3,true,130A-3-1,130A-3,12,70,53,68,false,true
52,Bumblebee,3,13,0,false,,false,,,,,,,false,false
52,Hound,16,17,0,false,,false,,,,,,,false,false
52,Hound,16,17,0,false,,false,,,,,,,false,false
52,Ironhide,6,12,0,false,,false,,,,,,,false,false
52,Jazz,2,4,0,true,140C,true,140C-1,140C,13,91,63,78,false,false
52,Jazz,12,4,0,false,,false,,,,,,,false,false
52,Megatron,9,13,90,false,,false,,,,,,,false,false
52,Optimus,1,10,270,false,,false,,,,,,,false,false
52,Optimus,9,9,90,false,,false,,,,,,,false,false
52,Ratchet,18,17,90,false,,false,,,,,,,false,false
52,RedAlert,1,18,0,true,209F,false,209F-1,209F,7,130,65,77,false,false
52,Sideswipe,1,2,90,true,150-3,true,150-3-1,150-3,19,88,78,89,false,false
52,Sideswipe,13,13,90,false,,false,,,,,,,false,false
52,Smokescreen,11,9,90,false,,false,,,,,,,false,false
52,Wheeljack,17,17,0,false,,false,,,,,,,false,false
53,Bluestreak,17,9,90,false,,false,,,,,,,false,false
53,Bluestreak,17,9,90,false,,false,,,,,,,false,false
53,Bumblebee,3,13,0,false,,false,,,,,,,false,false
53,Bumblebee,3,13,0,false,,false,,,,,,,false,false
53,Hound,16,17,0,false,,false,,,,,,,false,false
53,Ironhide,6,12,270,false,,false,,,,,,,false,false
53,Ironhide,3,9,0,false,,false,,,,,,,false,false
53,Jazz,3,4,0,true,140C,true,140C-1,140C,13,91,63,78,false,false
53,Jazz,12,4,0,false,,false,,,,,,,false,false
53,Megatron,9,13,90,false,,false,,,,,,,false,false
53,Optimus,1,9,270,false,,false,,,,,,,false,false
53,Optimus,9,9,90,false,,false,,,,,,,false,false
53,Ratchet,18,17,90,false,,false,,,,,,,false,false
53,RedAlert,2,18,0,true,209F,false,209F-1,209F,7,130,65,77,false,false
53,Sideswipe,1,3,90,true,150-3,true,150-3-1,150-3,19,88,78,89,false,false
53,Sideswipe,13,13,90,false,,false,,,,,,,false,false
53,Smokescreen,11,9,90,false,,false,,,,,,,false,false
53,Wheeljack,17,17,0,false,,false,,,,,,,false,false
54,Bluestreak,17,9,90,false,,false,,,,,,,false,false
54,Bumblebee,3,13,0,false,,false,,,,,,,false,false
54,Hound,16,17,0,false,,false,,,,,,,false,false
54,Ironhide,6,11,270,false,,false,,,,,,,false,false
54,Ironhide,3,9,0,false,,false,,,,,,,false,false
54,Jazz,4,4,0,true,140C,true,140C-1,140C,13,91,63,78,false,false
54,Jazz,12,4,0,false,,false,,,,,,,false,false
54,Megatron,9,13,90,false,,false,,,,,,,false,false
54,Optimus,1,8,270,false,,false,,,,,,,false,false
54,Optimus,9,9,90,false,,false,,,,,,,false,false
54,Ratchet,18,17,90,false,,false,,,,,,,false,false
54,RedAlert,3,18,0,true,209F,false,209F-1,209F,7,130,65,77,false,false
54,Sideswipe,1,4,90,true,150-3,true,150-3-1,150-3,19,88,78,89,false,false
54,Sideswipe,13,13,90,false,,false,,,,,,,false,false
54,Smokescreen,11,9,90,false,,false,,,,,,,false,false
54,Wheeljack,17,17,0,false,,false,,,,,,,false,false
55,Bluestreak,17,9,90,false,,false,,,,,,,false,false
55,Bumblebee,3,13,0,false,,false,,,,,,,false,false
55,Hound,16,17,0,false,,false,,,,,,,false,false
55,Ironhide,6,10,270,false,,false,,,,,,,false,false
55,Ironhide,3,9,0,false,,false,,,,,,,false,false
55,Jazz,5,4,0,true,140C,true,140C-1,140C,13,91,63,78,false,false
55,Jazz,12,4,0,false,,false,,,,,,,false,false
55,Megatron,9,13,90,false,,false,,,,,,,false,false
55,Optimus,1,7,270,false,,false,,,,,,,false,false
55,Optimus,9,9,90,false,,false,,,,,,,false,false
55,Ratchet,18,17,90,false,,false,,,,,,,false,false
55,RedAlert,4,18,0,true,209F,false,209F-1,209F,7,130,65,77,false,false
55,Sideswipe,1,5,90,true,150-3,true,150-3-1,150-3,19,88,78,89,false,false
55,Sideswipe,13,13,90,false,,false,,,,,,,false,false
55,Smokescreen,11,9,90,false,,false,,,,,,,false,false
55,Wheeljack,17,17,270,false,,false,,,,,,,false,false
55,Wheeljack,8,8,0,false,,false,,,,,,,false,false
56,Bluestreak,17,9,90,false,,false,,,,,,,false,false
56,Bumblebee,3,13,0,false,,false,,,,,,,false,false
56,Hound,16,17,0,false,,false,,,,,,,false,false
56,Ironhide,6,10,180,false,,false,,,,,,,false,false
56,Ironhide,3,9,0,false,,false,,,,,,,false,false
56,Jazz,6,4,0,true,140C,true,140C-1,140C,13,91,63,78,false,false
56,Jazz,12,4,0,false,,false,,,,,,,false,false
56,Megatron,9,13,90,false,,false,,,,,,,false,false
56,Optimus,1,6,270,false,,false,,,,,,,false,false
56,Optimus,9,9,90,false,,false,,,,,,,false,false
56,Ratchet,18,17,90,false,,false,,,,,,,false,false
56,RedAlert,5,18,0,true,209F,false,209F-1,209F,7,130,65,77,false,false
56,Sideswipe,1,6,90,true,150-3,true,150-3-1,150-3,19,88,78,89,false,false
56,Sideswipe,13,13,90,false,,false,,,,,,,false,false
56,Smokescreen,11,9,90,false,,false,,,,,,,false,false
56,Wheeljack,17,16,270,false,,false,,,,,,,false,false
56,Wheeljack,8,8,0,false,,false,,,,,,,false,false
57,Bluestreak,17,9,90,false,,false,,,,,,,false,false
57,Bumblebee,3,13,0,false,,false,,,,,,,false,false
57,Hound,16,17,0,false,,false,,,,,,,false,false
57,Ironhide,5,10,180,false,,false,,,,,,,false,false
57,Ironhide,3,9,0,false,,false,,,,,,,false,false
57,Jazz,7,4,0,true,140C,true,140C-1,140C,13,91,63,78,false,false
57,Jazz,12,4,0,false,,false,,,,,,,false,false
57,Megatron,9,13,90,false,,false,,,,,,,false,false
57,Optimus,1,5,270,false,,false,,,,,,,false,false
57,Optimus,9,9,90,false,,false,,,,,,,false,false
57,Ratchet,18,17,90,false,,false,,,,,,,false,false
57,RedAlert,6,18,0,true,209F,false,209F-1,209F,7,130,65,77,false,false
57,Sideswipe,1,7,90,true,150-3,true,150-3-1,150-3,19,88,78,89,false,false
57,Sideswipe,13,13,90,false,,false,,,,,,,false,false
57,Smokescreen,11,9,90,false,,false,,,,,,,false,false
57,Wheeljack,17,15,270,false,,false,,,,,,,false,false
57,Wheeljack,8,8,0,false,,false,,,,,,,false,false
58,Bluestreak,17,9,90,false,,false,,,,,,,false,false
58,Bumblebee,3,13,0,false,,false,,,,,,,false,false
58,Hound,16,17,0,false,,false,,,,,,,false,false
58,Ironhide,4,10,180,false,,false,,,,,,,false,false
58,Ironhide,3,9,0,false,,false,,,,,,,false,false
58,Jazz,8,4,0,true,140C,true,140C-1,140C,13,91,63,78,false,false
58,Jazz,12,4,0,false,,false,,,,,,,false,false
58,Megatron,9,13,90,false,,false,,,,,,,false,false
58,Optimus,1,4,270,false,,false,,,,,,,false,false
58,Optimus,9,9,90,false,,false,,,,,,,false,false
58,Ratchet,18,17,90,false,,false,,,,,,,false,false
58,RedAlert,7,18,0,true,209F,false,209F-1,209F,7,130,65,77,false,false
58,Sideswipe,1,8,90,true,150-3,true,150-3-1,150-3,19,88,78,89,false,false
58,Sideswipe,13,13,90,false,,false,,,,,,,false,false
58,Smokescreen,11,9,90,false,,false,,,,,,,false,false
58,Wheeljack,17,14,270,false,,false,,,,,,,false,false
58,Wheeljack,8,8,0,false,,false,,,,,,,false,false
59,Bluestreak,17,9,90,false,,false,,,,,,,false,false
59,Bumblebee,3,13,0,false,,false,,,,,,,false,false
59,Hound,16,17,0,false,,false,,,,,,,false,false
59,Ironhide,3,10,180,false,,false,,,,,,,false,false
59,Ironhide,3,9,0,false,,false,,,,,,,false,false
59,Jazz,9,4,0,true,140C,true,140C-1,140C,13,91,63,78,false,false
59,Jazz,12,4,0,false,,false,,,,,,,false,false
59,Megatron,9,13,90,false,,false,,,,,,,false,false
59,Optimus,1,3,270,false,,false,,,,,,,false,false
59,Optimus,9,9,90,false,,false,,,,,,,false,false
59,Ratchet,18,17,90,false,,false,,,,,,,false,false
59,RedAlert,8,18,0,true,209F,false,209F-1,209F,7,130,65,77,false,false
59,RedAlert,13,18,0,false,,false,,,,,,,false,false
59,Sideswipe,1,9,90,true,150-3,true,150-3-1,150-3,19,88,78,89,false,false
59,Sideswipe,13,13,90,false,,false,,,,,,,false,false
59,Smokescreen,11,9,90,false,,false,,,,,,,false,false
59,Wheeljack,17,13,270,false,,false,,,,,,,false,false
59,Wheeljack,8,8,0,false,,false,,,,,,,false,false
60,Bluestreak,17,9,90,false,,false,,,,,,,false,false
60,Bumblebee,3,13,0,false,,false,,,,,,,false,false
60,Hound,16,17,0,false,,false,,,,,,,false,false
60,Ironhide,2,10,180,false,,false,,,,,,,false,false
60,Ironhide,3,9,0,false,,false,,,,,,,false,false
60,Jazz,10,4,0,true,140C,true,140C-1,140C,13,91,63,78,false,false
60,Jazz,12,4,0,false,,false,,,,,,,false,false
60,Megatron,9,13,90,false,,false,,,,,,,false,false
60,Optimus,1,2,270,false,,false,,,,,,,false,false
60,Optimus,9,9,90,false,,false,,,,,,,false,false
60,Ratchet,18,17,90,false,,false,,,,,,,false,false
60,RedAlert,9,18,0,true,209F,false,209F-1,209F,7,130,65,77,false,false
60,RedAlert,13,18,0,false,,false,,,,,,,false,false
60,Sideswipe,1,10,90,true,150-3,true,150-3-1,150-3,19,88,78,89,false,false
60,Sideswipe,13,13,90,false,,false,,,,,,,false,false
60,Smokescreen,11,9,90,false,,false,,,,,,,false,false
60,Wheeljack,17,12,270,false,,false,,,,,,,false,false
60,Wheeljack,8,8,0,false,,false,,,,,,,false,false
61,Bluestreak,17,9,90,false,,false,,,,,,,false,false
61,Bumblebee,3,13,0,false,,false,,,,,,,false,false
61,Hound,16,17,0,false,,false,,,,,,,false,false
61,Ironhide,1,10,180,false,,false,,,,,,,false,false
61,Ironhide,3,9,0,false,,false,,,,,,,false,false
61,Jazz,11,4,0,true,140C,true,140C-1,140C,13,91,63,78,false,false
61,Jazz,12,4,0,false,,false,,,,,,,false,false
61,Megatron,9,13,270,false,,false,,,,,,,false,false
61,Megatron,13,5,90,false,,false,,,,,,,false,false
61,Optimus,1,2,270,true,140B-2,true,140B-2-1,140B-2,17,107,80,90,false,false
61,Optimus,9,9,90,false,,false,,,,,,,false,false
61,Ratchet,18,17,90,false,,false,,,,,,,false,false
61,RedAlert,10,18,0,true,209F,false,209F-1,209F,7,130,65,77,false,false
61,RedAlert,13,18,0,false,,false,,,,,,,false,false
61,Sideswipe,1,11,90,true,150-3,true,150-3-1,150-3,19,88,78,89,false,false
61,Sideswipe,13,13,90,false,,false,,,,,,,false,false
61,Smokescreen,11,9,90,false,,false,,,,,,,false,false
61,Wheeljack,17,11,270,false,,false,,,,,,,false,false
61,Wheeljack,8,8,0,false,,false,,,,,,,false,false
62,Bluestreak,17,9,90,false,,false,,,,,,,false,false
62,Bumblebee,3,13,0,false,,false,,,,,,,false,false
62,Hound,16,17,0,false,,false,,,,,,,false,false
62,Ironhide,1,10,270,false,,false,,,,,,,false,false
62,Ironhide,3,9,0,false,,false,,,,,,,false,false
62,Jazz,12,4,0,true,140C,true,140C-1,140C,13,91,63,78,false,true
62,Jazz,12,4,0,false,,false,,,,,,,false,false
62,Megatron,9,12,270,false,,false,,,,,,,false,false
62,Megatron,13,5,90,false,,false,,,,,,,false,false
62,Optimus,1,2,90,true,140B-2,true,140B-2-1,140B-2,17,107,80,90,false,false
62,Optimus,9,9,90,false,,false,,,,,,,false,false
62,Ratchet,18,17,270,false,,false,,,,,,,false,false
62,Ratchet,8,12,0,false,,false,,,,,,,false,false
62,RedAlert,11,18,0,true,209F,false,209F-1,209F,7,130,65,77,false,false
62,RedAlert,13,18,0,false,,false,,,,,,,false,false
62,Sideswipe,1,11,0,true,150-3,true,150-3-1,150-3,19,88,78,89,false,false
62,Sideswipe,13,13,90,false,,false,,,,,,,false,false
62,Smokescreen,11,9,270,false,,false,,,,,,,false,false
62,Smokescreen,3,5,0,false,,false,,,,,,,false,false
62,Wheeljack,17,10,270,false,,false,,,,,,,false,false
62,Wheeljack,8,8,0,false,,false,,,,,,,false,false
63,Bluestreak,17,9,90,false,,false,,,,,,,false,false
63,Bumblebee,3,13,0,false,,false,,,,,,,false,false
63,Hound,16,17,0,false,,false,,,,,,,false,false
63,Ironhide,1,9,270,false,,false,,,,,,,false,false
63,Ironhide,3,9,0,false,,false,,,,,,,false,false
63,Jazz,12,4,0,false,,false,,,,,,,false,false
63,Jazz,12,4,0,false,,false,,,,,,,false,false
63,Megatron,9,11,270,false,,false,,,,,,,false,false
63,Megatron,13,5,90,false,,false,,,,,,,false,false
63,Optimus,1,3,90,true,140B-2,true,140B-2-1,140B-2,17,107,80,90,false,false
63,Optimus,9,9,90,false,,false,,,,,,,false,false
63,Ratchet,18,16,270,false,,false,,,,,,,false,false
63,Ratchet,8,12,0,false,,false,,,,,,,false,false
63,RedAlert,12,18,0,true,209F,false,209F-1,209F,7,130,65,77,false,false
63,RedAlert,13,18,0,false,,false,,,,,,,false,false
63,Sideswipe,2,11,0,true,150-3,true,150-3-1,150-3,19,88,78,89,false,false
63,Sideswipe,13,13,90,false,,false,,,,,,,false,false
63,Smokescreen,11,8,270,false,,false,,,,,,,false,false
63,Smokescreen,3,5,0,false,,false,,,,,,,false,false
63,Wheeljack,17,10,180,false,,false,,,,,,,false,false
63,Wheeljack,8,8,0,false,,false,,,,,,,false,false
64,Bluestreak,17,9,90,false,,false,,,,,,,false,false
64,Bumblebee,3,13,0,false,,false,,,,,,,false,false
64,Hound,16,17,0,false,,false,,,,,,,false,false
64,Ironhide,1,8,270,false,,false,,,,,,,false,false
64,Ironhide,3,9,0,false,,false,,,,,,,false,false
64,Jazz,12,4,0,false,,false,,,,,,,false,false
64,Megatron,9,10,270,false,,false,,,,,,,false,false
64,Megatron,13,5,90,false,,false,,,,,,,false,false
64,Optimus,1,4,90,true,140B-2,true,140B-2-1,140B-2,17,107,80,90,false,false
64,Optimus,9,9,90,false,,false,,,,,,,false,false
64,Ratchet,18,15,270,false,,false,,,,,,,false,false
64,Ratchet,8,12,0,false,,false,,,,,,,false,false
64,RedAlert,13,18,0,true,209F,false,209F-1,209F,7,130,65,77,false,true
64,RedAlert,13,18,0,false,,false,,,,,,,false,false
64,Sideswipe,3,11,0,true,150-3,true,150-3-1,150-3,19,88,78,89,false,false
64,Sideswipe,13,13,90,false,,false,,,,,,,false,false
64,Smokescreen,11,7,270,false,,false,,,,,,,false,false
64,Smokescreen,3,5,0,false,,false,,,,,,,false,false
64,Wheeljack,16,10,180,false,,false,,,,,,,false,false
64,Wheeljack,8,8,0,false,,false,,,,,,,false,false
65,Bluestreak,17,9,270,false,,false,,,,,,,false,false
65,Bluestreak,15,5,90,false,,false,,,,,,,false,false
65,Bumblebee,3,13,0,false,,false,,,,,,,false,false
65,Hound,16,17,0,false,,false,,,,,,,false,false
65,Ironhide,1,7,270,false,,false,,,,,,,false,false
65,Ironhide,3,9,0,false,,false,,,,,,,false,false
65,Jazz,12,4,0,false,,false,,,,,,,false,false
65,Megatron,9,10,180,false,,false,,,,,,,false,false
65,Megatron,13,5,90,false,,false,,,,,,,false,false
65,Optimus,1,5,90,true,140B-2,true,140B-2-1,140B-2,17,107,80,90,false,false
65,Optimus,9,9,90,false,,false,,,,,,,false,false
65,Ratchet,18,14,270,false,,false,,,,,,,false,false
65,Ratchet,8,12,0,false,,false,,,,,,,false,false
65,RedAlert,13,18,0,false,,false,,,,,,,false,false
65,RedAlert,13,18,0,false,,false,,,,,,,false,false
65,Sideswipe,4,11,0,true,150-3,true,150-3-1,150-3,19,88,78,89,false,false
65,Sideswipe,13,13,90,false,,false,,,,,,,false,false
65,Smokescreen,11,6,270,false,,false,,,,,,,false,false
65,Smokescreen,3,5,0,false,,false,,,,,,,false,false
65,Wheeljack,15,10,180,false,,false,,,,,,,false,false
65,Wheeljack,8,8,0,false,,false,,,,,,,false,false
66,Bluestreak,17,8,270,false,,false,,,,,,,false,false
66,Bluestreak,15,5,90,false,,false,,,,,,,false,false
66,Bumblebee,3,13,0,false,,false,,,,,,,false,false
66,Hound,16,17,0,false,,false,,,,,,,false,false
66,Ironhide,1,6,270,false,,false,,,,,,,false,false
66,Ironhide,3,9,0,false,,false,,,,,,,false,false
66,Jazz,12,4,0,false,,false,,,,,,,false,false
66,Megatron,8,10,180,false,,false,,,,,,,false,false
66,Megatron,13,5,90,false,,false,,,,,,,false,false
66,Optimus,1,6,90,true,140B-2,true,140B-2-1,140B-2,17,107,80,90,false,false
66,Optimus,9,9,90,false,,false,,,,,,,false,false
66,Ratchet,18,14,180,false,,false,,,,,,,false,false
66,Ratchet,8,12,0,false,,false,,,,,,,false,false
66,RedAlert,13,18,0,false,,false,,,,,,,false,false
66,Sideswipe,5,11,0,true,150-3,true,150-3-1,150-3,19,88,78,89,false,false
66,Sideswipe,13,13,90,false,,false,,,,,,,false,false
66,Smokescreen,11,5,270,false,,false,,,,,,,false,false
66,Smokescreen,3,5,0,false,,false,,,,,,,false,false
66,Wheeljack,14,10,180,false,,false,,,,,,,false,false
66,Wheeljack,8,8,0,false,,false,,,,,,,false,false
67,Bluestreak,17,7,270,false,,false,,,,,,,false,false
67,Bluestreak,15,5,90,false,,false,,,,,,,false,false
67,Bumblebee,3,13,0,false,,false,,,,,,,false,false
67,Hound,16,17,0,false,,false,,,,,,,false,false
67,Ironhide,1,5,270,false,,false,,,,,,,false,false
67,Ironhide,3,9,0,false,,false,,,,,,,false,false
67,Jazz,12,4,0,false,,false,,,,,,,false,false
67,Megatron,7,10,180,false,,false,,,,,,,false,false
67,Megatron,13,5,90,false,,false,,,,,,,false,false
67,Optimus,1,7,90,true,140B-2,true,140B-2-1,140B-2,17,107,80,90,false,false
67,Optimus,9,9,90,false,,false,,,,,,,false,false
67,Ratchet,17,14,180,false,,false,,,,,,,false,false
67,Ratchet,8,12,0,false,,false,,,,,,,false,false
67,RedAlert,13,18,0,false,,false,,,,,,,false,false
67,Sideswipe,6,11,0,true,150-3,true,150-3-1,150-3,19,88,78,89,false,false
67,Sideswipe,13,13,90,false,,false,,,,,,,false,false
67,Smokescreen,11,4,270,false,,false,,,,,,,false,false
67,Smokescreen,3,5,0,false,,false,,,,,,,false,false
67,Wheeljack,13,10,180,false,,false,,,,,,,false,false
67,Wheeljack,8,8,0,false,,false,,,,,,,false,false
68,Bluestreak,17,6,270,false,,false,,,,,,,false,false
68,Bluestreak,15,5,90,false,,false,,,,,,,false,false
68,Bumblebee,3,13,0,false,,false,,,,,,,false,false
68,Hound,16,17,270,false,,false,,,,,,,false,false
68,Hound,6,12,0,false,,false,,,,,,,false,false
68,Ironhide,1,4,270,false,,false,,,,,,,false,false
68,Ironhide,3,9,0,false,,false,,,,,,,false,false
68,Jazz,12,4,0,false,,false,,,,,,,false,false
68,Megatron,6,10,180,false,,false,,,,,,,false,false
68,Megatron,13,5,90,false,,false,,,,,,,false,false
68,Optimus,1,7,0,true,140B-2,true,140B-2-1,140B-2,17,107,80,90,false,false
68,Optimus,9,9,90,false,,false,,,,,,,false,false
68,Ratchet,16,14,180,false,,false,,,,,,,false,false
68,Ratchet,8,12,0,false,,false,,,,,,,false,false
68,RedAlert,13,18,0,false,,false,,,,,,,false,false
68,Sideswipe,7,11,0,true,150-3,true,150-3-1,150-3,19,88,78,89,false,false
68,Sideswipe,13,13,90,false,,false,,,,,,,false,false
68,Smokescreen,11,3,270,false,,false,,,,,,,false,false
68,Smokescreen,3,5,0,false,,false,,,,,,,false,false
68,Wheeljack,12,10,180,false,,false,,,,,,,false,false
68,Wheeljack,8,8,0,false,,false,,,,,,,false,false
69,Bluestreak,17,5,270,false,,false,,,,,,,false,false
69,Bluestreak,15,5,90,false,,false,,,,,,,false,false
69,Bumblebee,3,13,270,false,,false,,,,,,,false,false
69,Bumblebee,19,9,90,false,,false,,,,,,,false,false
69,Hound,16,16,270,false,,false,,,,,,,false,false
69,Hound,6,12,0,false,,false,,,,,,,false,false
69,Ironhide,1,3,270,false,,false,,,,,,,false,false
69,Ironhide,3,9,0,false,,false,,,,,,,false,false
69,Jazz,12,4,0,false,,false,,,,,,,false,false
69,Megatron,5,10,180,false,,false,,,,,,,false,false
69,Megatron,13,5,90,false,,false,,,,,,,false,false
69,Optimus,2,7,0,true,140B-2,true,140B-2-1,140B-2,17,107,80,90,false,false
69,Optimus,9,9,90,false,,false,,,,,,,false,false
69,Ratchet,15,14,180,false,,false,,,,,,,false,false
69,Ratchet,8,12,0,false,,false,,,,,,,false,false
69,RedAlert,13,18,0,false,,false,,,,,,,false,false
69,Sideswipe,8,11,0,true,150-3,true,150-3-1,150-3,19,88,78,89,false,false
69,Sideswipe,13,13,90,false,,false,,,,,,,false,false
69,Smokescreen,11,2,270,false,,false,,,,,,,false,false
69,Smokescreen,3,5,0,false,,false,,,,,,,false,false
69,Wheeljack,11,10,180,false,,false,,,,,,,false,false
69,Wheeljack,8,8,0,false,,false,,,,,,,false,false
70,Bluestreak,17,4,270,false,,false,,,,,,,false,false
70,Bluestreak,15,5,90,false,,false,,,,,,,false,false
70,Bumblebee,3,12,270,false,,false,,,,,,,false,false
70,Bumblebee,19,9,90,false,,false,,,,,,,false,false
70,Hound,16,15,270,false,,false,,,,,,,false,false
70,Hound,6,12,0,false,,false,,,,,,,false,false
70,Ironhide,1,2,270,false,,false,,,,,,,false,false
70,Ironhide,3,9,0,false,,false,,,,,,,false,false
70,Jazz,12,4,0,false,,false,,,,,,,false,false
70,Megatron,4,10,180,false,,false,,,,,,,false,false
70,Megatron,13,5,90,false,,false,,,,,,,false,false
70,Optimus,3,7,0,true,140B-2,true,140B-2-1,140B-2,17,107,80,90,false,false
70,Optimus,9,9,90,false,,false,,,,,,,false,false
70,Ratchet,14,14,180,false,,false,,,,,,,false,false
70,Ratchet,8,12,0,false,,false,,,,,,,false,false
70,RedAlert,13,18,0,false,,false,,,,,,,false,false
70,Sideswipe,9,11,0,true,150-3,true,150-3-1,150-3,19,88,78,89,false,false
70,Sideswipe,13,13,90,false,,false,,,,,,,false,false
70,Smokescreen,11,2,180,false,,false,,,,,,,false,false
70,Smokescreen,3,5,0,false,,false,,,,,,,false,false
70,Wheeljack,10,10,180,false,,false,,,,,,,false,false
70,Wheeljack,8,8,0,false,,false,,,,,,,false,false
71,Bluestreak,17,3,270,false,,false,,,,,,,false,false
71,Bluestreak,15,5,90,false,,false,,,,,,,false,false
71,Bumblebee,3,11,270,false,,false,,,,,,,false,false
71,Bumblebee,19,9,90,false,,false,,,,,,,false,false
71,Hound,16,14,270,false,,false,,,,,,,false,false
71,Hound,6,12,0,false,,false,,,,,,,false,false
71,Ironhide,1,2,270,true,130A-2,true,130A-2-2,130A-2,37,121,83,100,false,false
71,Ironhide,3,9,0,false,,false,,,,,,,false,false
71,Jazz,12,4,0,false,,false,,,,,,,false,false
71,Megatron,3,10,180,false,,false,,,,,,,false,false
71,Megatron,13,5,90,false,,false,,,,,,,false,false
71,Optimus,4,7,0,true,140B-2,true,140B-2-1,140B-2,17,107,80,90,false,false
71,Optimus,9,9,90,false,,false,,,,,,,false,false
71,Ratchet,13,14,180,false,,false,,,,,,,false,false
71,Ratchet,8,12,0,false,,false,,,,,,,false,false
71,RedAlert,13,18,0,false,,false,,,,,,,false,false
71,Sideswipe,10,11,0,true,150-3,true,150-3-1,150-3,19,88,78,89,false,false
71,Sideswipe,13,13,90,false,,false,,,,,,,false,false
71,Smokescreen,10,2,180,false,,false,,,,,,,false,false
71,Smokescreen,3,5,0,false,,false,,,,,,,false,false
71,Wheeljack,9,10,180,false,,false,,,,,,,false,false
71,Wheeljack,8,8,0,false,,false,,,,,,,false,false
72,Bluestreak,17,2,270,false,,false,,,,,,,false,false
72,Bluestreak,15,5,90,false,,false,,,,,,,false,false
72,Bumblebee,3,10,270,false,,false,,,,,,,false,false
72,Bumblebee,19,9,90,false,,false,,,,,,,false,false
72,Hound,16,14,180,false,,false,,,,,,,false,false
72,Hound,6,12,0,false,,false,,,,,,,false,false
72,Ironhide,1,2,90,true,130A-2,true,130A-2-2,130A-2,37,121,83,100,false,false
72,Ironhide,3,9,0,false,,false,,,,,,,false,false
72,Jazz,12,4,0,false,,false,,,,,,,false,false
72,Megatron,2,10,180,false,,false,,,,,,,false,false
72,Megatron,13,5,90,false,,false,,,,,,,false,false
72,Optimus,5,7,0,true,140B-2,true,140B-2-1,140B-2,17,107,80,90,false,false
72,Optimus,9,9,90,false,,false,,,,,,,false,false
72,Ratchet,12,14,180,false,,false,,,,,,,false,false
72,Ratchet,8,12,0,false,,false,,,,,,,false,false
72,RedAlert,13,18,0,false,,false,,,,,,,false,false
72,Sideswipe,11,11,0,true,150-3,true,150-3-1,150-3,19,88,78,89,false,false
72,Sideswipe,13,13,90,false,,false,,,,,,,false,false
72,Smokescreen,9,2,180,false,,false,,,,,,,false,false
72,Smokescreen,3,5,0,false,,false,,,,,,,false,false
72,Wheeljack,8,10,180,false,,false,,,,,,,false,false
72,Wheeljack,8,8,0,false,,false,,,,,,,false,false
73,Bluestreak,17,2,180,false,,false,,,,,,,false,false
73,Bluestreak,15,5,90,false,,false,,,,,,,false,false
73,Bumblebee,3,10,180,false,,false,,,,,,,false,false
73,Bumblebee,19,9,90,false,,false,,,,,,,false,false
73,Hound,15,14,180,false,,false,,,,,,,false,false
73,Hound,6,12,0,false,,false,,,,,,,false,false
73,Ironhide,1,3,90,true,130A-2,true,130A-2-2,130A-2,37,121,83,100,false,false
73,Ironhide,3,9,0,false,,false,,,,,,,false,false
73,Jazz,12,4,0,false,,false,,,,,,,false,false
73,Megatron,1,10,180,false,,false,,,,,,,false,false
73,Megatron,13,5,90,false,,false,,,,,,,false,false
73,Optimus,6,7,0,true,140B-2,true,140B-2-1,140B-2,17,107,80,90,false,false
73,Optimus,9,9,90,false,,false,,,,,,,false,false
73,Ratchet,11,14,180,false,,false,,,,,,,false,false
73,Ratchet,8,12,0,false,,false,,,,,,,false,false
73,RedAlert,13,18,0,false,,false,,,,,,,false,false
73,Sideswipe,12,11,0,true,150-3,true,150-3-1,150-3,19,88,78,89,false,false
73,Sideswipe,13,13,90,false,,false,,,,,,,false,false
73,Smokescreen,8,2,180,false,,false,,,,,,,false,false
73,Smokescreen,3,5,0,false,,false,,,,,,,false,false
73,Wheeljack,7,10,180,false,,false,,,,,,,false,false
73,Wheeljack,8,8,0,false,,false,,,,,,,false,false
74,Bluestreak,16,2,180,false,,false,,,,,,,false,false
74,Bluestreak,15,5,90,false,,false,,,,,,,false,false
74,Bumblebee,2,10,180,false,,false,,,,,,,false,false
74,Bumblebee,19,9,90,false,,false,,,,,,,false,false
74,Hound,14,14,180,false,,false,,,,,,,false,false
74,Hound,6,12,0,false,,false,,,,,,,false,false
74,Ironhide,1,4,90,true,130A-2,true,130A-2-2,130A-2,37,121,83,100,false,false
74,Ironhide,3,9,0,false,,false,,,,,,,false,false
74,Jazz,12,4,0,false,,false,,,,,,,false,false
74,Megatron,1,10,270,false,,false,,,,,,,false,false
74,Megatron,13,5,90,false,,false,,,,,,,false,false
74,Optimus,7,7,0,true,140B-2,true,140B-2-1,140B-2,17,107,80,90,false,false
74,Optimus,9,9,90,false,,false,,,,,,,false,false
74,Ratchet,10,14,180,false,,false,,,,,,,false,false
74,Ratchet,8,12,0,false,,false,,,,,,,false,false
74,RedAlert,13,18,0,false,,false,,,,,,,false,false
74,Sideswipe,13,11,0,true,150-3,true,150-3-1,150-3,19,88,78,89,false,false
74,Sideswipe,13,13,90,false,,false,,,,,,,false,false
74,Smokescreen,7,2,180,false,,false,,,,,,,false,false
74,Smokescreen,3,5,0,false,,false,,,,,,,false,false
74,Wheeljack,6,10,180,false,,false,,,,,,,false,false
74,Wheeljack,8,8,0,false,,false,,,,,,,false,false
75,Bluestreak,15,2,180,false,,false,,,,,,,false,false
75,Bluestreak,15,5,90,false,,false,,,,,,,false,false
75,Bumblebee,1,10,180,false,,false,,,,,,,false,false
75,Bumblebee,19,9,90,false,,false,,,,,,,false,false
75,Hound,13,14,180,false,,false,,,,,,,false,false
75,Hound,6,12,0,false,,false,,,,,,,false,false
75,Ironhide,1,5,90,true,130A-2,true,130A-2-2,130A-2,37,121,83,100,false,false
75,Ironhide,3,9,0,false,,false,,,,,,,false,false
75,Jazz,12,4,0,false,,false,,,,,,,false,false
75,Megatron,1,9,270,false,,false,,,,,,,false,false
75,Megatron,13,5,90,false,,false,,,,,,,false,false
75,Optimus,8,7,0,true,140B-2,true,140B-2-1,140B-2,17,107,80,90,false,false
75,Optimus,9,9,90,false,,false,,,,,,,false,false
75,Ratchet,9,14,180,false,,false,,,,,,,false,false
75,Ratchet,8,12,0,false,,false,,,,,,,false,false
75,RedAlert,13,18,0,false,,false,,,,,,,false,false
75,Sideswipe,13,11,90,true,150-3,true,150-3-1,150-3,19,88,78,89,false,false
75,Sideswipe,13,13,90,false,,false,,,,,,,false,false
75,Smokescreen,6,2,180,false,,false,,,,,,,false,false
75,Smokescreen,3,5,0,false,,false,,,,,,,false,false
75,Wheeljack,5,10,180,false,,false,,,,,,,false,false
75,Wheeljack,8,8,0,false,,false,,,,,,,false,false
76,Bluestreak,14,2,180,false,,false,,,,,,,false,false
76,Bluestreak,15,5,90,false,,false,,,,,,,false,false
76,Bumblebee,1,10,270,false,,false,,,,,,,false,false
76,Bumblebee,19,9,90,false,,false,,,,,,,false,false
76,Hound,12,14,180,false,,false,,,,,,,false,false
76,Hound,6,12,0,false,,false,,,,,,,false,false
76,Ironhide,1,6,90,true,130A-2,true,130A-2-2,130A-2,37,121,83,100,false,false
76,Ironhide,3,9,0,false,,false,,,,,,,false,false
76,Jazz,12,4,0,false,,false,,,,,,,false,false
76,Megatron,1,8,270,false,,false,,,,,,,false,false
76,Megatron,13,5,90,false,,false,,,,,,,false,false
76,Optimus,9,7,0,true,140B-2,true,140B-2-1,140B-2,17,107,80,90,false,false
76,Optimus,9,9,90,false,,false,,,,,,,false,false
76,Ratchet,8,14,180,false,,false,,,,,,,false,false
76,Ratchet,8,12,0,false,,false,,,,,,,false,false
76,RedAlert,13,18,0,false,,false,,,,,,,false,false
76,Sideswipe,13,12,90,true,150-3,true,150-3-1,150-3,19,88,78,89,false,false
76,Sideswipe,13,13,90,false,,false,,,,,,,false,false
76,Smokescreen,5,2,180,false,,false,,,,,,,false,false
76,Smokescreen,3,5,0,false,,false,,,,,,,false,false
76,Wheeljack,4,10,180,false,,false,,,,,,,false,false
76,Wheeljack,8,8,0,false,,false,,,,,,,false,false
77,Bluestreak,13,2,180,false,,false,,,,,,,false,false
77,Bluestreak,15,5,90,false,,false,,,,,,,false,false
77,Bumblebee,1,9,270,false,,false,,,,,,,false,false
77,Bumblebee,19,9,90,false,,false,,,,,,,false,false
77,Hound,11,14,180,false,,false,,,,,,,false,false
77,Hound,6,12,0,false,,false,,,,,,,false,false
77,Ironhide,1,7,90,true,130A-2,true,130A-2-2,130A-2,37,121,83,100,false,false
77,Ironhide,3,9,0,false,,false,,,,,,,false,false
77,Jazz,12,4,0,false,,false,,,,,,,false,false
77,Megatron,1,7,270,false,,false,,,,,,,false,false
77,Megatron,13,5,90,false,,false,,,,,,,false,false
77,Optimus,9,7,90,true,140B-2,true,140B-2-1,140B-2,17,107,80,90,false,false
77,Optimus,9,9,90,false,,false,,,,,,,false,false
77,Ratchet,7,14,180,false,,false,,,,,,,false,false
77,Ratchet,8,12,0,false,,false,,,,,,,false,false
77,RedAlert,13,18,0,false,,false,,,,,,,false,false
77,Sideswipe,13,13,90,true,150-3,true,150-3-1,150-3,19,88,78,89,false,true
77,Sideswipe,13,13,90,false,,false,,,,,,,false,false
77,Smokescreen,4,2,180,false,,false,,,,,,,false,false
77,Smokescreen,3,5,0,false,,false,,,,,,,false,false
77,Wheeljack,3,10,180,false,,false,,,,,,,false,false
77,Wheeljack,8,8,0,false,,false,,,,,,,false,false
78,Bluestreak,12,2,180,false,,false,,,,,,,false,false
78,Bluestreak,15,5,90,false,,false,,,,,,,false,false
78,Bumblebee,1,8,270,false,,false,,,,,,,false,false
78,Bumblebee,19,9,90,false,,false,,,,,,,false,false
78,Hound,10,14,180,false,,false,,,,,,,false,false
78,Hound,6,12,0,false,,false,,,,,,,false,false
78,Ironhide,1,8,90,true,130A-2,true,130A-2-2,130A-2,37,121,83,100,false,false
78,Ironhide,3,9,0,false,,false,,,,,,,false,false
78,Jazz,12,4,0,false,,false,,,,,,,false,false
78,Megatron,1,6,270,false,,false,,,,,,,false,false
78,Megatron,13,5,90,false,,false,,,,,,,false,false
78,Optimus,9,8,90,true,140B-2,true,140B-2-1,140B-2,17,107,80,90,false,false
78,Optimus,9,9,90,false,,false,,,,,,,false,false
78,Ratchet,6,14,180,false,,false,,,,,,,false,false
78,Ratchet,8,12,0,false,,false,,,,,,,false,false
78,RedAlert,13,18,270,false,,false,,,,,,,false,false
78,RedAlert,6,4,0,false,,false,,,,,,,false,false
78,Sideswipe,13,13,90,false,,false,,,,,,,false,false
78,Sideswipe,13,13,90,false,,false,,,,,,,false,false
78,Smokescreen,3,2,180,false,,false,,,,,,,false,false
78,Smokescreen,3,5,0,false,,false,,,,,,,false,false
78,Wheeljack,2,10,180,false,,false,,,,,,,false,false
78,Wheeljack,8,8,0,false,,false,,,,,,,false,false
79,Bluestreak,11,2,180,false,,false,,,,,,,false,false
79,Bluestreak,15,5,90,false,,false,,,,,,,false,false
79,Bumblebee,1,7,270,false,,false,,,,,,,false,false
79,Bumblebee,19,9,90,false,,false,,,,,,,false,false
79,Hound,9,14,180,false,,false,,,,,,,false,false
79,Hound,6,12,0,false,,false,,,,,,,false,false
79,Ironhide,1,9,90,true,130A-2,true,130A-2-2,130A-2,37,121,83,100,false,false
79,Ironhide,3,9,0,false,,false,,,,,,,false,false
79,Jazz,12,4,270,false,,false,,,,,,,false,false
79,Jazz,7,5,90,false,,false,,,,,,,false,false
79,Megatron,1,5,270,false,,false,,,,,,,false,false
79,Megatron,13,5,90,false,,false,,,,,,,false,false
79,Optimus,9,9,90,true,140B-2,true,140B-2-1,140B-2,17,107,80,90,false,true
79,Optimus,9,9,90,false,,false,,,,,,,false,false
79,Ratchet,5,14,180,false,,false,,,,,,,false,false
79,Ratchet,8,12,0,false,,false,,,,,,,false,false
79,RedAlert,13,17,270,false,,false,,,,,,,false,false
79,RedAlert,6,4,0,false,,false,,,,,,,false,false
79,Sideswipe,13,13,90,false,,false,,,,,,,false,false
79,Smokescreen,2,2,180,false,,false,,,,,,,false,false
79,Smokescreen,3,5,0,false,,false,,,,,,,false,false
79,Wheeljack,1,10,180,false,,false,,,,,,,false,false
79,Wheeljack,8,8,0,false,,false,,,,,,,false,false
80,Bluestreak,10,2,180,false,,false,,,,,,,false,false
80,Bluestreak,15,5,90,false,,false,,,,,,,false,false
80,Bumblebee,1,6,270,false,,false,,,,,,,false,false
80,Bumblebee,19,9,90,false,,false,,,,,,,false,false
80,Hound,8,14,180,false,,false,,,,,,,false,false
80,Hound,6,12,0,false,,false,,,,,,,false,false
80,Ironhide,1,9,0,true,130A-2,true,130A-2-2,130A-2,37,121,83,100,false,false
80,Ironhide,3,9,0,false,,false,,,,,,,false,false
80,Jazz,12,3,270,false,,false,,,,,,,false,false
80,Jazz,7,5,90,false,,false,,,,,,,false,false
80,Megatron,1,4,270,false,,false,,,,,,,false,false
80,Megatron,13,5,90,false,,false,,,,,,,false,false
80,Optimus,9,9,90,false,,false,,,,,,,false,false
80,Optimus,9,9,90,false,,false,,,,,,,false,false
80,Ratchet,4,14,180,false,,false,,,,,,,false,false
80,Ratchet,8,12,0,false,,false,,,,,,,false,false
80,RedAlert,13,16,270,false,,false,,,,,,,false,false
80,RedAlert,6,4,0,false,,false,,,,,,,false,false
80,Sideswipe,13,13,90,false,,false,,,,,,,false,false
80,Smokescreen,1,2,180,false,,false,,,,,,,false,false
80,Smokescreen,3,5,0,false,,false,,,,,,,false,false
80,Wheeljack,1,10,270,false,,false,,,,,,,false,false
80,Wheeljack,8,8,0,false,,false,,,,,,,false,false
81,Bluestreak,9,2,180,false,,false,,,,,,,false,false
81,Bluestreak,15,5,90,false,,false,,,,,,,false,false
81,Bumblebee,1,5,270,false,,false,,,,,,,false,false
81,Bumblebee,19,9,90,false,,false,,,,,,,false,false
81,Hound,7,14,180,false,,false,,,,,,,false,false
81,Hound,6,12,0,false,,false,,,,,,,false,false
81,Ironhide,2,9,0,true,130A-2,true,130A-2-2,130A-2,37,121,83,100,false,false
81,Ironhide,3,9,0,false,,false,,,,,,,false,false
81,Jazz,12,2,270,false,,false,,,,,,,false,false
81,Jazz,7,5,90,false,,false,,,,,,,false,false
81,Megatron,1,3,270,false,,false,,,,,,,false,false
81,Megatron,13,5,90,false,,false,,,,,,,false,false
81,Optimus,9,9,90,false,,false,,,,,,,false,false
81,Ratchet,3,14,180,false,,false,,,,,,,false,false
81,Ratchet,8,12,0,false,,false,,,,,,,false,false
81,RedAlert,13,15,270,false,,false,,,,,,,false,false
81,RedAlert,6,4,0,false,,false,,,,,,,false,false
81,Sideswipe,13,13,90,false,,false,,,,,,,false,false
81,Smokescreen,1,2,180,true,130A,false,130A-1,130A,10,109,89,103,false,false
81,Smokescreen,3,5,0,false,,false,,,,,,,false,false
81,Wheeljack,1,9,270,false,,false,,,,,,,false,false
81,Wheeljack,8,8,0,false,,false,,,,,,,false,false
82,Bluestreak,8,2,180,false,,false,,,,,,,false,false
82,Bluestreak,15,5,90,false,,false,,,,,,,false,false
82,Bumblebee,1,4,270,false,,false,,,,,,,false,false
82,Bumblebee,19,9,90,false,,false,,,,,,,false,false
82,Hound,6,14,180,false,,false,,,,,,,false,false
82,Hound,6,12,0,false,,false,,,,,,,false,false
82,Ironhide,3,9,0,true,130A-2,true,130A-2-2,130A-2,37,121,83,100,false,true
82,Ironhide,3,9,0,false,,false,,,,,,,false,false
82,Jazz,12,2,180,false,,false,,,,,,,false,false
82,Jazz,7,5,90,false,,false,,,,,,,false,false
82,Megatron,1,2,270,false,,false,,,,,,,false,false
82,Megatron,13,5,90,false,,false,,,,,,,false,false
82,Optimus,9,9,90,false,,false,,,,,,,false,false
82,Ratchet,2,14,180,false,,false,,,,,,,false,false
82,Ratchet,8,12,0,false,,false,,,,,,,false,false
82,RedAlert,13,14,270,false,,false,,,,,,,false,false
82,RedAlert,6,4,0,false,,false,,,,,,,false,false
82,Sideswipe,13,13,90,false,,false,,,,,,,false,false
82,Smokescreen,1,2,90,true,130A,false,130A-1,130A,10,109,89,103,false,false
82,Smokescreen,3,5,0,false,,false,,,,,,,false,false
82,Wheeljack,1,8,270,false,,false,,,,,,,false,false
82,Wheeljack,8,8,0,false,,false,,,,,,,false,false
83,Bluestreak,7,2,180,false,,false,,,,,,,false,false
83,Bluestreak,15,5,90,false,,false,,,,,,,false,false
83,Bumblebee,1,3,270,false,,false,,,,,,,false,false
83,Bumblebee,19,9,90,false,,false,,,,,,,false,false
83,Hound,5,14,180,false,,false,,,,,,,false,false
83,Hound,6,12,0,false,,false,,,,,,,false,false
83,Ironhide,3,9,0,false,,false,,,,,,,false,false
83,Ironhide,3,9,0,false,,false,,,,,,,false,false
83,Jazz,11,2,180,false,,false,,,,,,,false,false
83,Jazz,7,5,90,false,,false,,,,,,,false,false
83,Megatron,1,2,270,true,150,true,150-2,150,43,108,102,118,false,false
83,Megatron,13,5,90,false,,false,,,,,,,false,false
83,Optimus,9,9,90,false,,false,,,,,,,false,false
83,Ratchet,1,14,180,false,,false,,,,,,,false,false
83,Ratchet,8,12,0,false,,false,,,,,,,false,false
83,RedAlert,13,14,180,false,,false,,,,,,,false,false
83,RedAlert,6,4,0,false,,false,,,,,,,false,false
83,Sideswipe,13,13,90,false,,false,,,,,,,false,false
83,Smokescreen,1,3,90,true,130A,false,130A-1,130A,10,109,89,103,false,false
83,Smokescreen,3,5,0,false,,false,,,,,,,false,false
83,Wheeljack,1,7,270,false,,false,,,,,,,false,false
83,Wheeljack,8,8,0,false,,false,,,,,,,false,false
84,Bluestreak,6,2,180,false,,false,,,,,,,false,false
84,Bluestreak,15,5,90,false,,false,,,,,,,false,false
84,Bumblebee,1,2,270,false,,false,,,,,,,false,false
84,Bumblebee,19,9,90,false,,false,,,,,,,false,false
84,Hound,4,14,180,false,,false,,,,,,,false,false
84,Hound,6,12,0,false,,false,,,,,,,false,false
84,Ironhide,3,9,0,false,,false,,,,,,,false,false
84,Jazz,10,2,180,false,,false,,,,,,,false,false
84,Jazz,7,5,90,false,,false,,,,,,,false,false
84,Megatron,1,2,90,true,150,true,150-2,150,43,108,102,118,false,false
84,Megatron,13,5,90,false,,false,,,,,,,false,false
84,Optimus,9,9,90,false,,false,,,,,,,false,false
84,Ratchet,1,14,270,false,,false,,,,,,,false,false
84,Ratchet,8,12,0,false,,false,,,,,,,false,false
84,RedAlert,12,14,180,false,,false,,,,,,,false,false
84,RedAlert,6,4,0,false,,false,,,,,,,false,false
84,Sideswipe,13,13,90,false,,false,,,,,,,false,false
84,Smokescreen,1,4,90,true,130A,false,130A-1,130A,10,109,89,103,false,false
84,Smokescreen,3,5,0,false,,false,,,,,,,false,false
84,Wheeljack,1,6,270,false,,false,,,,,,,false,false
84,Wheeljack,8,8,0,false,,false,,,,,,,false,false
85,Bluestreak,5,2,180,false,,false,,,,,,,false,false
85,Bluestreak,15,5,90,false,,false,,,,,,,false,false
85,Bumblebee,1,2,270,true,200C-2,true,200C-2-2,200C-2,56,143,114,132,false,false
85,Bumblebee,19,9,90,false,,false,,,,,,,false,false
85,Hound,3,14,180,false,,false,,,,,,,false,false
85,Hound,6,12,0,false,,false,,,,,,,false,false
85,Ironhide,3,9,0,false,,false,,,,,,,false,false
85,Jazz,9,2,180,false,,false,,,,,,,false,false
85,Jazz,7,5,90,false,,false,,,,,,,false,false
85,Megatron,1,3,90,true,150,true,150-2,150,43,108,102,118,false,false
85,Megatron,13,5,90,false,,false,,,,,,,false,false
85,Optimus,9,9,90,false,,false,,,,,,,false,false
85,Ratchet,1,13,270,false,,false,,,,,,,false,false
85,Ratchet,8,12,0,false,,false,,,,,,,false,false
85,RedAlert,11,14,180,false,,false,,,,,,,false,false
85,RedAlert,6,4,0,false,,false,,,,,,,false,false
85,Sideswipe,13,13,90,false,,false,,,,,,,false,false
85,Smokescreen,1,5,90,true,130A,false,130A-1,130A,10,109,89,103,false,false
85,Smokescreen,3,5,0,false,,false,,,,,,,false,false
85,Wheeljack,1,5,270,false,,false,,,,,,,false,false
85,Wheeljack,8,8,0,false,,false,,,,,,,false,false
86,Bluestreak,4,2,180,false,,false,,,,,,,false,false
86,Bluestreak,15,5,90,false,,false,,,,,,,false,false
86,Bumblebee,1,2,90,true,200C-2,true,200C-2-2,200C-2,56,143,114,132,false,false
86,Bumblebee,19,9,90,false,,false,,,,,,,false,false
86,Hound,2,14,180,false,,false,,,,,,,false,false
86,Hound,6,12,0,false,,false,,,,,,,false,false
86,Ironhide,3,9,0,false,,false,,,,,,,false,false
86,Jazz,8,2,180,false,,false,,,,,,,false,false
86,Jazz,7,5,90,false,,false,,,,,,,false,false
86,Megatron,1,3,0,true,150,true,150-2,150,43,108,102,118,false,false
86,Megatron,13,5,90,false,,false,,,,,,,false,false
86,Optimus,9,9,90,false,,false,,,,,,,false,false
86,Ratchet,1,12,270,false,,false,,,,,,,false,false
86,Ratchet,8,12,0,false,,false,,,,,,,false,false
86,RedAlert,10,14,180,false,,false,,,,,,,false,false
86,RedAlert,6,4,0,false,,false,,,,,,,false,false
86,Sideswipe,13,13,90,false,,false,,,,,,,false,false
86,Smokescreen,1,5,0,true,130A,false,130A-1,130A,10,109,89,103,false,false
86,Smokescreen,3,5,0,false,,false,,,,,,,false,false
86,Wheeljack,1,4,270,false,,false,,,,,,,false,false
86,Wheeljack,8,8,0,false,,false,,,,,,,false,false
87,Bluestreak,3,2,180,false,,false,,,,,,,false,false
87,Bluestreak,15,5,90,false,,false,,,,,,,false,false
87,Bumblebee,1,3,90,true,200C-2,true,200C-2-2,200C-2,56,143,114,132,false,false
87,Bumblebee,19,9,90,false,,false,,,,,,,false,false
87,Hound,1,14,180,false,,false,,,,,,,false,false
87,Hound,6,12,0,false,,false,,,,,,,false,false
87,Ironhide,3,9,0,false,,false,,,,,,,false,false
87,Jazz,7,2,180,false,,false,,,,,,,false,false
87,Jazz,7,5,90,false,,false,,,,,,,false,false
87,Megatron,2,3,0,true,150,true,150-2,150,43,108,102,118,false,false
87,Megatron,13,5,90,false,,false,,,,,,,false,false
87,Optimus,9,9,90,false,,false,,,,,,,false,false
87,Ratchet,1,11,270,false,,false,,,,,,,false,false
87,Ratchet,8,12,0,false,,false,,,,,,,false,false
87,RedAlert,9,14,180,false,,false,,,,,,,false,false
87,RedAlert,6,4,0,false,,false,,,,,,,false,false
87,Sideswipe,13,13,90,false,,false,,,,,,,false,false
87,Smokescreen,2,5,0,true,130A,false,130A-1,130A,10,109,89,103,false,false
87,Smokescreen,3,5,0,false,,false,,,,,,,false,false
87,Wheeljack,1,3,270,false,,false,,,,,,,false,false
87,Wheeljack,8,8,0,false,,false,,,,,,,false,false
88,Bluestreak,2,2,180,false,,false,,,,,,,false,false
88,Bluestreak,15,5,90,false,,false,,,,,,,false,false
88,Bumblebee,1,4,90,true,200C-2,true,200C-2-2,200C-2,56,143,114,132,false,false
88,Bumblebee,19,9,90,false,,false,,,,,,,false,false
88,Hound,1,14,270,false,,false,,,,,,,false,false
88,Hound,6,12,0,false,,false,,,,,,,false,false
88,Ironhide,3,9,0,false,,false,,,,,,,false,false
88,Jazz,6,2,180,false,,false,,,,,,,false,false
88,Jazz,7,5,90,false,,false,,,,,,,false,false
88,Megatron,3,3,0,true,150,true,150-2,150,43,108,102,118,false,false
88,Megatron,13,5,90,false,,false,,,,,,,false,false
88,Optimus,9,9,90,false,,false,,,,,,,false,false
88,Ratchet,1,10,270,false,,false,,,,,,,false,false
88,Ratchet,8,12,0,false,,false,,,,,,,false,false
88,RedAlert,8,14,180,false,,false,,,,,,,false,false
88,RedAlert,6,4,0,false,,false,,,,,,,false,false
88,Sideswipe,13,13,90,false,,false,,,,,,,false,false
88,Smokescreen,3,5,0,true,130A,false,130A-1,130A,10,109,89,103,false,true
88,Smokescreen,3,5,0,false,,false,,,,,,,false,false
88,Wheeljack,1,2,270,false,,false,,,,,,,false,false
88,Wheeljack,8,8,0,false,,false,,,,,,,false,false
89,Bluestreak,1,2,180,false,,false,,,,,,,false,false
89,Bluestreak,15,5,90,false,,false,,,,,,,false,false
89,Bumblebee,1,5,90,true,200C-2,true,200C-2-2,200C-2,56,143,114,132,false,false
89,Bumblebee,19,9,90,false,,false,,,,,,,false,false
89,Hound,1,13,270,false,,false,,,,,,,false,false
89,Hound,6,12,0,false,,false,,,,,,,false,false
89,Ironhide,3,9,0,false,,false,,,,,,,false,false
89,Jazz,5,2,180,false,,false,,,,,,,false,false
89,Jazz,7,5,90,false,,false,,,,,,,false,false
89,Megatron,4,3,0,true,150,true,150-2,150,43,108,102,118,false,false
89,Megatron,13,5,90,false,,false,,,,,,,false,false
89,Optimus,9,9,90,false,,false,,,,,,,false,false
89,Ratchet,1,9,270,false,,false,,,,,,,false,false
89,Ratchet,8,12,0,false,,false,,,,,,,false,false
89,RedAlert,7,14,180,false,,false,,,,,,,false,false
89,RedAlert,6,4,0,false,,false,,,,,,,false,false
89,Sideswipe,13,13,90,false,,false,,,,,,,false,false
89,Smokescreen,3,5,0,false,,false,,,,,,,false,false
89,Smokescreen,3,5,0,false,,false,,,,,,,false,false
89,Wheeljack,1,2,270,true,140A-2,true,140A-2-2,140A-2,47,133,105,119,false,false
89,Wheeljack,8,8,0,false,,false,,,,,,,false,false
90,Bluestreak,1,2,180,true,200A,true,200A-3,200A,64,131,111,122,false,false
90,Bluestreak,15,5,90,false,,false,,,,,,,false,false
90,Bumblebee,1,6,90,true,200C-2,true,200C-2-2,200C-2,56,143,114,132,false,false
90,Bumblebee,19,9,90,false,,false,,,,,,,false,false
90,Hound,1,12,270,false,,false,,,,,,,false,false
90,Hound,6,12,0,false,,false,,,,,,,false,false
90,Ironhide,3,9,0,false,,false,,,,,,,false,false
90,Jazz,4,2,180,false,,false,,,,,,,false,false
90,Jazz,7,5,90,false,,false,,,,,,,false,false
90,Megatron,5,3,0,true,150,true,150-2,150,43,108,102,118,false,false
90,Megatron,13,5,90,false,,false,,,,,,,false,false
90,Optimus,9,9,90,false,,false,,,,,,,false,false
90,Ratchet,1,8,270,false,,false,,,,,,,false,false
90,Ratchet,8,12,0,false,,false,,,,,,,false,false
90,RedAlert,6,14,180,false,,false,,,,,,,false,false
90,RedAlert,6,4,0,false,,false,,,,,,,false,false
90,Sideswipe,13,13,270,false,,false,,,,,,,false,false
90,Sideswipe,17,5,90,false,,false,,,,,,,false,false
90,Smokescreen,3,5,0,false,,false,,,,,,,false,false
90,Wheeljack,1,2,90,true,140A-2,true,140A-2-2,140A-2,47,133,105,119,false,false
90,Wheeljack,8,8,0,false,,false,,,,,,,false,false
91,Bluestreak,1,2,90,true,200A,true,200A-3,200A,64,131,111,122,false,false
91,Bluestreak,15,5,90,false,,false,,,,,,,false,false
91,Bumblebee,1,7,90,true,200C-2,true,200C-2-2,200C-2,56,143,114,132,false,false
91,Bumblebee,19,9,90,false,,false,,,,,,,false,false
91,Hound,1,11,270,false,,false,,,,,,,false,false
91,Hound,6,12,0,false,,false,,,,,,,false,false
91,Ironhide,3,9,0,false,,false,,,,,,,false,false
91,Jazz,3,2,180,false,,false,,,,,,,false,false
91,Jazz,7,5,90,false,,false,,,,,,,false,false
91,Megatron,6,3,0,true,150,true,150-2,150,43,108,102,118,false,false
91,Megatron,13,5,90,false,,false,,,,,,,false,false
91,Optimus,9,9,270,false,,false,,,,,,,false,false
91,Optimus,13,13,90,false,,false,,,,,,,false,false
91,Ratchet,1,7,270,false,,false,,,,,,,false,false
91,Ratchet,8,12,0,false,,false,,,,,,,false,false
91,RedAlert,5,14,180,false,,false,,,,,,,false,false
91,RedAlert,6,4,0,false,,false,,,,,,,false,false
91,Sideswipe,13,12,270,false,,false,,,,,,,false,false
91,Sideswipe,17,5,90,false,,false,,,,,,,false,false
91,Smokescreen,3,5,0,false,,false,,,,,,,false,false
91,Wheeljack,1,3,90,true,140A-2,true,140A-2-2,140A-2,47,133,105,119,false,false
91,Wheeljack,8,8,0,false,,false,,,,,,,false,false
92,Bluestreak,1,3,90,true,200A,true,200A-3,200A,64,131,111,122,false,false
92,Bluestreak,15,5,90,false,,false,,,,,,,false,false
92,Bumblebee,1,7,0,true,200C-2,true,200C-2-2,200C-2,56,143,114,132,false,false
92,Bumblebee,19,9,90,false,,false,,,,,,,false,false
92,Hound,1,10,270,false,,false,,,,,,,false,false
92,Hound,6,12,0,false,,false,,,,,,,false,false
92,Ironhide,3,9,0,false,,false,,,,,,,false,false
92,Jazz,2,2,180,false,,false,,,,,,,false,false
92,Jazz,7,5,90,false,,false,,,,,,,false,false
92,Megatron,7,3,0,true,150,true,150-2,150,43,108,102,118,false,false
92,Megatron,13,5,90,false,,false,,,,,,,false,false
92,Optimus,9,8,270,false,,false,,,,,,,false,false
92,Optimus,13,13,90,false,,false,,,,,,,false,false
92,Ratchet,1,6,270,false,,false,,,,,,,false,false
92,Ratchet,8,12,0,false,,false,,,,,,,false,false
92,RedAlert,4,14,180,false,,false,,,,,,,false,false
92,RedAlert,6,4,0,false,,false,,,,,,,false,false
92,Sideswipe,13,11,270,false,,false,,,,,,,false,false
92,Sideswipe,17,5,90,false,,false,,,,,,,false,false
92,Smokescreen,3,5,0,false,,false,,,,,,,false,false
92,Wheeljack,1,4,90,true,140A-2,true,140A-2-2,140A-2,47,133,105,119,false,false
92,Wheeljack,8,8,0,false,,false,,,,,,,false,false
93,Bluestreak,1,3,0,true,200A,true,200A-3,200A,64,131,111,122,false,false
93,Bluestreak,15,5,90,false,,false,,,,,,,false,false
93,Bumblebee,2,7,0,true,200C-2,true,200C-2-2,200C-2,56,143,114,132,false,false
93,Bumblebee,19,9,90,false,,false,,,,,,,false,false
93,Hound,1,9,270,false,,false,,,,,,,false,false
93,Hound,6,12,0,false,,false,,,,,,,false,false
93,Ironhide,3,9,0,false,,false,,,,,,,false,false
93,Jazz,1,2,180,false,,false,,,,,,,false,false
93,Jazz,7,5,90,false,,false,,,,,,,false,false
93,Megatron,8,3,0,true,150,true,150-2,150,43,108,102,118,false,false
93,Megatron,13,5,90,false,,false,,,,,,,false,false
93,Optimus,9,7,270,false,,false,,,,,,,false,false
93,Optimus,13,13,90,false,,false,,,,,,,false,false
93,Ratchet,1,5,270,false,,false,,,,,,,false,false
93,Ratchet,8,12,0,false,,false,,,,,,,false,false
93,RedAlert,3,14,180,false,,false,,,,,,,false,false
93,RedAlert,6,4,0,false,,false,,,,,,,false,false
93,Sideswipe,13,10,270,false,,false,,,,,,,false,false
93,Sideswipe,17,5,90,false,,false,,,,,,,false,false
93,Smokescreen,3,5,0,false,,false,,,,,,,false,false
93,Wheeljack,1,5,90,true,140A-2,true,140A-2-2,140A-2,47,133,105,119,false,false
93,Wheeljack,8,8,0,false,,false,,,,,,,false,false
94,Bluestreak,2,3,0,true,200A,true,200A-3,200A,64,131,111,122,false,false
94,Bluestreak,15,5,90,false,,false,,,,,,,false,false
94,Bumblebee,3,7,0,true,200C-2,true,200C-2-2,200C-2,56,143,114,132,false,false
94,Bumblebee,19,9,90,false,,false,,,,,,,false,false
94,Hound,1,8,270,false,,false,,,,,,,false,false
94,Hound,6,12,0,false,,false,,,,,,,false,false
94,Ironhide,3,9,0,false,,false,,,,,,,false,false
94,Jazz,1,2,180,true,140A,false,140A-2,140A,39,153,107,117,false,false
94,Jazz,7,5,90,false,,false,,,,,,,false,false
94,Megatron,9,3,0,true,150,true,150-2,150,43,108,102,118,false,false
94,Megatron,13,5,90,false,,false,,,,,,,false,false
94,Optimus,9,6,270,false,,false,,,,,,,false,false
94,Optimus,13,13,90,false,,false,,,,,,,false,false
94,Ratchet,1,4,270,false,,false,,,,,,,false,false
94,Ratchet,8,12,0,false,,false,,,,,,,false,false
94,RedAlert,2,14,180,false,,false,,,,,,,false,false
94,RedAlert,6,4,0,false,,false,,,,,,,false,false
94,Sideswipe,13,9,270,false,,false,,,,,,,false,false
94,Sideswipe,17,5,90,false,,false,,,,,,,false,false
94,Smokescreen,3,5,0,false,,false,,,,,,,false,false
94,Wheeljack,1,6,90,true,140A-2,true,140A-2-2,140A-2,47,133,105,119,false,false
94,Wheeljack,8,8,0,false,,false,,,,,,,false,false
95,Bluestreak,3,3,0,true,200A,true,200A-3,200A,64,131,111,122,false,false
95,Bluestreak,15,5,90,false,,false,,,,,,,false,false
95,Bumblebee,4,7,0,true,200C-2,true,200C-2-2,200C-2,56,143,114,132,false,false
95,Bumblebee,19,9,90,false,,false,,,,,,,false,false
95,Hound,1,7,270,false,,false,,,,,,,false,false
95,Hound,6,12,0,false,,false,,,,,,,false,false
95,Ironhide,3,9,0,false,,false,,,,,,,false,false
95,Jazz,1,2,90,true,140A,false,140A-2,140A,39,153,107,117,false,false
95,Jazz,7,5,90,false,,false,,,,,,,false,false
95,Megatron,10,3,0,true,150,true,150-2,150,43,108,102,118,false,false
95,Megatron,13,5,90,false,,false,,,,,,,false,false
95,Optimus,9,5,270,false,,false,,,,,,,false,false
95,Optimus,13,13,90,false,,false,,,,,,,false,false
95,Ratchet,1,3,270,false,,false,,,,,,,false,false
95,Ratchet,8,12,0,false,,false,,,,,,,false,false
95,RedAlert,1,14,180,false,,false,,,,,,,false,false
95,RedAlert,6,4,0,false,,false,,,,,,,false,false
95,Sideswipe,13,8,270,false,,false,,,,,,,false,false
95,Sideswipe,17,5,90,false,,false,,,,,,,false,false
95,Smokescreen,3,5,0,false,,false,,,,,,,false,false
95,Wheeljack,1,7,90,true,140A-2,true,140A-2-2,140A-2,47,133,105,119,false,false
95,Wheeljack,8,8,0,false,,false,,,,,,,false,false
96,Bluestreak,4,3,0,true,200A,true,200A-3,200A,64,131,111,122,false,false
96,Bluestreak,15,5,90,false,,false,,,,,,,false,false
96,Bumblebee,5,7,0,true,200C-2,true,200C-2-2,200C-2,56,143,114,132,false,false
96,Bumblebee,19,9,90,false,,false,,,,,,,false,false
96,Hound,1,6,270,false,,false,,,,,,,false,false
96,Hound,6,12,0,false,,false,,,,,,,false,false
96,Ironhide,3,9,0,false,,false,,,,,,,false,false
96,Jazz,1,3,90,true,140A,false,140A-2,140A,39,153,107,117,false,false
96,Jazz,7,5,90,false,,false,,,,,,,false,false
96,Megatron,11,3,0,true,150,true,150-2,150,43,108,102,118,false,false
96,Megatron,13,5,90,false,,false,,,,,,,false,false
96,Optimus,9,4,270,false,,false,,,,,,,false,false
96,Optimus,13,13,90,false,,false,,,,,,,false,false
96,Ratchet,1,2,270,false,,false,,,,,,,false,false
96,Ratchet,8,12,0,false,,false,,,,,,,false,false
96,RedAlert,1,14,270,false,,false,,,,,,,false,false
96,RedAlert,6,4,0,false,,false,,,,,,,false,false
96,Sideswipe,13,7,270,false,,false,,,,,,,false,false
96,Sideswipe,17,5,90,false,,false,,,,,,,false,false
96,Smokescreen,3,5,0,false,,false,,,,,,,false,false
96,Wheeljack,1,8,90,true,140A-2,true,140A-2-2,140A-2,47,133,105,119,false,false
96,Wheeljack,8,8,0,false,,false,,,,,,,false,false
97,Bluestreak,5,3,0,true,200A,true,200A-3,200A,64,131,111,122,false,false
97,Bluestreak,15,5,90,false,,false,,,,,,,false,false
97,Bumblebee,6,7,0,true,200C-2,true,200C-2-2,200C-2,56,143,114,132,false,false
97,Bumblebee,19,9,90,false,,false,,,,,,,false,false
97,Hound,1,5,270,false,,false,,,,,,,false,false
97,Hound,6,12,0,false,,false,,,,,,,false,false
97,Ironhide,3,9,0,false,,false,,,,,,,false,false
97,Jazz,1,3,0,true,140A,false,140A-2,140A,39,153,107,117,false,false
97,Jazz,7,5,90,false,,false,,,,,,,false,false
97,Megatron,12,3,0,true,150,true,150-2,150,43,108,102,118,false,false
97,Megatron,13,5,90,false,,false,,,,,,,false,false
97,Optimus,9,3,270,false,,false,,,,,,,false,false
97,Optimus,13,13,90,false,,false,,,,,,,false,false
97,Ratchet,1,2,270,true,140A-3,true,140A-3-2,140A-3,48,132,117,126,false,false
97,Ratchet,8,12,0,false,,false,,,,,,,false,false
97,RedAlert,1,13,270,false,,false,,,,,,,false,false
97,RedAlert,6,4,0,false,,false,,,,,,,false,false
97,Sideswipe,13,6,270,false,,false,,,,,,,false,false
97,Sideswipe,17,5,90,false,,false,,,,,,,false,false
97,Smokescreen,3,5,0,false,,false,,,,,,,false,false
97,Wheeljack,1,8,0,true,140A-2,true,140A-2-2,140A-2,47,133,105,119,false,false
97,Wheeljack,8,8,0,false,,false,,,,,,,false,false
98,Bluestreak,6,3,0,true,200A,true,200A-3,200A,64,131,111,122,false,false
98,Bluestreak,15,5,90,false,,false,,,,,,,false,false
98,Bumblebee,7,7,0,true,200C-2,true,200C-2-2,200C-2,56,143,114,132,false,false
98,Bumblebee,19,9,90,false,,false,,,,,,,false,false
98,Hound,1,4,270,false,,false,,,,,,,false,false
98,Hound,6,12,0,false,,false,,,,,,,false,false
98,Ironhide,3,9,0,false,,false,,,,,,,false,false
98,Jazz,2,3,0,true,140A,false,140A-2,140A,39,153,107,117,false,false
98,Jazz,7,5,90,false,,false,,,,,,,false,false
98,Megatron,13,3,0,true,150,true,150-2,150,43,108,102,118,false,false
98,Megatron,13,5,90,false,,false,,,,,,,false,false
98,Optimus,9,2,270,false,,false,,,,,,,false,false
98,Optimus,13,13,90,false,,false,,,,,,,false,false
98,Ratchet,1,2,90,true,140A-3,true,140A-3-2,140A-3,48,132,117,126,false,false
98,Ratchet,8,12,0,false,,false,,,,,,,false,false
98,RedAlert,1,12,270,false,,false,,,,,,,false,false
98,RedAlert,6,4,0,false,,false,,,,,,,false,false
98,Sideswipe,13,6,180,false,,false,,,,,,,false,false
98,Sideswipe,17,5,90,false,,false,,,,,,,false,false
98,Smokescreen,3,5,0,false,,false,,,,,,,false,false
98,Wheeljack,2,8,0,true,140A-2,true,140A-2-2,140A-2,47,133,105,119,false,false
98,Wheeljack,8,8,0,false,,false,,,,,,,false,false
99,Bluestreak,7,3,0,true,200A,true,200A-3,200A,64,131,111,122,false,false
99,Bluestreak,15,5,90,false,,false,,,,,,,false,false
99,Bumblebee,8,7,0,true,200C-2,true,200C-2-2,200C-2,56,143,114,132,false,false
99,Bumblebee,19,9,90,false,,false,,,,,,,false,false
99,Hound,1,3,270,false,,false,,,,,,,false,false
99,Hound,6,12,0,false,,false,,,,,,,false,false
99,Ironhide,3,9,0,false,,false,,,,,,,false,false
99,Jazz,3,3,0,true,140A,false,140A-2,140A,39,153,107,117,false,false
99,Jazz,7,5,90,false,,false,,,,,,,false,false
99,Megatron,13,3,90,true,150,true,150-2,150,43,108,102,118,false,false
99,Megatron,13,5,90,false,,false,,,,,,,false,false
99,Optimus,9,2,180,false,,false,,,,,,,false,false
99,Optimus,13,13,90,false,,false,,,,,,,false,false
99,Ratchet,1,3,90,true,140A-3,true,140A-3-2,140A-3,48,132,117,126,false,false
99,Ratchet,8,12,0,false,,false,,,,,,,false,false
99,RedAlert,1,11,270,false,,false,,,,,,,false,false
99,RedAlert,6,4,0,false,,false,,,,,,,false,false
99,Sideswipe,12,6,180,false,,false,,,,,,,false,false
99,Sideswipe,17,5,90,false,,false,,,,,,,false,false
99,Smokescreen,3,5,0,false,,false,,,,,,,false,false
99,Wheeljack,3,8,0,true,140A-2,true,140A-2-2,140A-2,47,133,105,119,false,false
99,Wheeljack,8,8,0,false,,false,,,,,,,false,false
100,Bluestreak,8,3,0,true,200A,true,200A-3,200A,64,131,111,122,false,false
100,Bluestreak,15,5,90,false,,false,,,,,,,false,false
100,Bumblebee,9,7,0,true,200C-2,true,200C-2-2,200C-2,56,143,114,132,false,false
100,Bumblebee,19,9,90,false,,false,,,,,,,false,false
100,Hound,1,2,270,false,,false,,,,,,,false,false
100,Hound,6,12,0,false,,false,,,,,,,false,false
100,Ironhide,3,9,0,false,,false,,,,,,,false,false
100,Jazz,4,3,0,true,140A,false,140A-2,140A,39,153,107,117,false,false
100,Jazz,7,5,90,false,,false,,,,,,,false,false
100,Megatron,13,4,90,true,150,true,150-2,150,43,108,102,118,false,false
100,Megatron,13,5,90,false,,false,,,,,,,false,false
100,Optimus,8,2,180,false,,false,,,,,,,false,false
100,Optimus,13,13,90,false,,false,,,,,,,false,false
100,Ratchet,1,4,90,true,140A-3,true,140A-3-2,140A-3,48,132,117,126,false,false
100,Ratchet,8,12,0,false,,false,,,,,,,false,false
100,RedAlert,1,10,270,false,,false,,,,,,,false,false
100,RedAlert,6,4,0,false,,false,,,,,,,false,false
100,Sideswipe,11,6,180,false,,false,,,,,,,false,false
100,Sideswipe,17,5,90,false,,false,,,,,,,false,false
100,Smokescreen,3,5,0,false,,false,,,,,,,false,false
100,Wheeljack,4,8,0,true,140A-2,true,140A-2-2,140A-2,47,133,105,119,false,false
100,Wheeljack,8,8,0,false,,false,,,,,,,false,false
101,Bluestreak,9,3,0,true,200A,true,200A-3,200A,64,131,111,122,false,false
101,Bluestreak,15,5,90,false,,false,,,,,,,false,false
101,Bumblebee,10,7,0,true,200C-2,true,200C-2-2,200C-2,56,143,114,132,false,false
101,Bumblebee,19,9,90,false,,false,,,,,,,false,false
101,Hound,1,2,270,true,130B-3,true,130B-3-3,130B-3,65,129,119,136,false,false
101,Hound,6,12,0,false,,false,,,,,,,false,false
101,Ironhide,3,9,270,false,,false,,,,,,,false,false
101,Ironhide,4,4,0,false,,false,,,,,,,false,false
101,Jazz,5,3,0,true,140A,false,140A-2,140A,39,153,107,117,false,false
101,Jazz,7,5,90,false,,false,,,,,,,false,false
101,Megatron,13,5,90,true,150,true,150-2,150,43,108,102,118,false,true
101,Megatron,13,5,90,false,,false,,,,,,,false,false
101,Optimus,7,2,180,false,,false,,,,,,,false,false
101,Optimus,13,13,90,false,,false,,,,,,,false,false
101,Ratchet,1,5,90,true,140A-3,true,140A-3-2,140A-3,48,132,117,126,false,false
101,Ratchet,8,12,0,false,,false,,,,,,,false,false
101,RedAlert,1,9,270,false,,false,,,,,,,false,false
101,RedAlert,6,4,0,false,,false,,,,,,,false,false
101,Sideswipe,10,6,180,false,,false,,,,,,,false,false
101,Sideswipe,17,5,90,false,,false,,,,,,,false,false
101,Smokescreen,3,5,0,false,,false,,,,,,,false,false
101,Wheeljack,5,8,0,true,140A-2,true,140A-2-2,140A-2,47,133,105,119,false,false
101,Wheeljack,8,8,0,false,,false,,,,,,,false,false
102,Bluestreak,10,3,0,true,200A,true,200A-3,200A,64,131,111,122,false,false
102,Bluestreak,15,5,90,false,,false,,,,,,,false,false
102,Bumblebee,11,7,0,true,200C-2,true,200C-2-2,200C-2,56,143,114,132,false,false
102,Bumblebee,19,9,90,false,,false,,,,,,,false,false
102,Hound,1,2,90,true,130B-3,true,130B-3-3,130B-3,65,129,119,136,false,false
102,Hound,6,12,0,false,,false,,,,,,,false,false
102,Ironhide,3,8,270,false,,false,,,,,,,false,false
102,Ironhide,4,4,0,false,,false,,,,,,,false,false
102,Jazz,6,3,0,true,140A,false,140A-2,140A,39,153,107,117,false,false
102,Jazz,7,5,90,false,,false,,,,,,,false,false
102,Megatron,13,5,90,false,,false,,,,,,,false,false
102,Megatron,13,5,90,false,,false,,,,,,,false,false
102,Optimus,6,2,180,false,,false,,,,,,,false,false
102,Optimus,13,13,90,false,,false,,,,,,,false,false
102,Ratchet,1,6,90,true,140A-3,true,140A-3-2,140A-3,48,132,117,126,false,false
102,Ratchet,8,12,0,false,,false,,,,,,,false,false
102,RedAlert,1,8,270,false,,false,,,,,,,false,false
102,RedAlert,6,4,0,false,,false,,,,,,,false,false
102,Sideswipe,9,6,180,false,,false,,,,,,,false,false
102,Sideswipe,17,5,90,false,,false,,,,,,,false,false
102,Smokescreen,3,5,0,false,,false,,,,,,,false,false
102,Wheeljack,6,8,0,true,140A-2,true,140A-2-2,140A-2,47,133,105,119,false,false
102,Wheeljack,8,8,0,false,,false,,,,,,,false,false
103,Bluestreak,11,3,0,true,200A,true,200A-3,200A,64,131,111,122,false,false
103,Bluestreak,15,5,90,false,,false,,,,,,,false,false
103,Bumblebee,12,7,0,true,200C-2,true,200C-2-2,200C-2,56,143,114,132,false,false
103,Bumblebee,19,9,90,false,,false,,,,,,,false,false
103,Hound,1,3,90,true,130B-3,true,130B-3-3,130B-3,65,129,119,136,false,false
103,Hound,6,12,0,false,,false,,,,,,,false,false
103,Ironhide,3,7,270,false,,false,,,,,,,false,false
103,Ironhide,4,4,0,false,,false,,,,,,,false,false
103,Jazz,7,3,0,true,140A,false,140A-2,140A,39,153,107,117,false,false
103,Jazz,7,5,90,false,,false,,,,,,,false,false
103,Megatron,13,5,90,false,,false,,,,,,,false,false
103,Optimus,5,2,180,false,,false,,,,,,,false,false
103,Optimus,13,13,90,false,,false,,,,,,,false,false
103,Ratchet,1,7,90,true,140A-3,true,140A-3-2,140A-3,48,132,117,126,false,false
103,Ratchet,8,12,0,false,,false,,,,,,,false,false
103,RedAlert,1,7,270,false,,false,,,,,,,false,false
103,RedAlert,6,4,0,false,,false,,,,,,,false,false
103,Sideswipe,8,6,180,false,,false,,,,,,,false,false
103,Sideswipe,17,5,90,false,,false,,,,,,,false,false
103,Smokescreen,3,5,0,false,,false,,,,,,,false,false
103,Wheeljack,7,8,0,true,140A-2,true,140A-2-2,140A-2,47,133,105,119,false,false
103,Wheeljack,8,8,0,false,,false,,,,,,,false,false
104,Bluestreak,12,3,0,true,200A,true,200A-3,200A,64,131,111,122,false,false
104,Bluestreak,15,5,90,false,,false,,,,,,,false,false
104,Bumblebee,13,7,0,true,200C-2,true,200C-2-2,200C-2,56,143,114,132,false,false
104,Bumblebee,19,9,90,false,,false,,,,,,,false,false
104,Hound,1,4,90,true,130B-3,true,130B-3-3,130B-3,65,129,119,136,false,false
104,Hound,6,12,0,false,,false,,,,,,,false,false
104,Ironhide,3,6,270,false,,false,,,,,,,false,false
104,Ironhide,4,4,0,false,,false,,,,,,,false,false
104,Jazz,7,3,90,true,140A,false,140A-2,140A,39,153,107,117,false,false
104,Jazz,7,5,90,false,,false,,,,,,,false,false
104,Megatron,13,5,90,false,,false,,,,,,,false,false
104,Optimus,4,2,180,false,,false,,,,,,,false,false
104,Optimus,13,13,90,false,,false,,,,,,,false,false
104,Ratchet,1,8,90,true,140A-3,true,140A-3-2,140A-3,48,132,117,126,false,false
104,Ratchet,8,12,0,false,,false,,,,,,,false,false
104,RedAlert,1,6,270,false,,false,,,,,,,false,false
104,RedAlert,6,4,0,false,,false,,,,,,,false,false
104,Sideswipe,7,6,180,false,,false,,,,,,,false,false
104,Sideswipe,17,5,90,false,,false,,,,,,,false,false
104,Smokescreen,3,5,270,false,,false,,,,,,,false,false
104,Smokescreen,13,9,90,false,,false,,,,,,,false,false
104,Wheeljack,8,8,0,true,140A-2,true,140A-2-2,140A-2,47,133,105,119,false,true
104,Wheeljack,8,8,0,false,,false,,,,,,,false,false
105,Bluestreak,13,3,0,true,200A,true,200A-3,200A,64,131,111,122,false,false
105,Bluestreak,15,5,90,false,,false,,,,,,,false,false
105,Bumblebee,14,7,0,true,200C-2,true,200C-2-2,200C-2,56,143,114,132,false,false
105,Bumblebee,19,9,90,false,,false,,,,,,,false,false
105,Hound,1,5,90,true,130B-3,true,130B-3-3,130B-3,65,129,119,136,false,false
105,Hound,6,12,0,false,,false,,,,,,,false,false
105,Ironhide,3,6,180,false,,false,,,,,,,false,false
105,Ironhide,4,4,0,false,,false,,,,,,,false,false
105,Jazz,7,4,90,true,140A,false,140A-2,140A,39,153,107,117,false,false
105,Jazz,7,5,90,false,,false,,,,,,,false,false
105,Megatron,13,5,90,false,,false,,,,,,,false,false
105,Optimus,3,2,180,false,,false,,,,,,,false,false
105,Optimus,13,13,90,false,,false,,,,,,,false,false
105,Ratchet,1,9,90,true,140A-3,true,140A-3-2,140A-3,48,132,117,126,false,false
105,Ratchet,8,12,0,false,,false,,,,,,,false,false
105,RedAlert,1,5,270,false,,false,,,,,,,false,false
105,RedAlert,6,4,0,false,,false,,,,,,,false,false
105,Sideswipe,6,6,180,false,,false,,,,,,,false,false
105,Sideswipe,17,5,90,false,,false,,,,,,,false,false
105,Smokescreen,3,4,270,false,,false,,,,,,,false,false
105,Smokescreen,13,9,90,false,,false,,,,,,,false,false
105,Wheeljack,8,8,0,false,,false,,,,,,,false,false
105,Wheeljack,8,8,0,false,,false,,,,,,,false,false
106,Bluestreak,14,3,0,true,200A,true,200A-3,200A,64,131,111,122,false,false
106,Bluestreak,15,5,90,false,,false,,,,,,,false,false
106,Bumblebee,15,7,0,true,200C-2,true,200C-2-2,200C-2,56,143,114,132,false,false
106,Bumblebee,19,9,90,false,,false,,,,,,,false,false
106,Hound,1,6,90,true,130B-3,true,130B-3-3,130B-3,65,129,119,136,false,false
106,Hound,6,12,0,false,,false,,,,,,,false,false
106,Ironhide,2,6,180,false,,false,,,,,,,false,false
106,Ironhide,4,4,0,false,,false,,,,,,,false,false
106,Jazz,7,5,90,true,140A,false,140A-2,140A,39,153,107,117,false,true
106,Jazz,7,5,90,false,,false,,,,,,,false,false
106,Megatron,13,5,90,false,,false,,,,,,,false,false
106,Optimus,2,2,180,false,,false,,,,,,,false,false
106,Optimus,13,13,90,false,,false,,,,,,,false,false
106,Ratchet,1,10,90,true,140A-3,true,140A-3-2,140A-3,48,132,117,126,false,false
106,Ratchet,8,12,0,false,,false,,,,,,,false,false
106,RedAlert,1,4,270,false,,false,,,,,,,false,false
106,RedAlert,6,4,0,false,,false,,,,,,,false,false
106,Sideswipe,5,6,180,false,,false,,,,,,,false,false
106,Sideswipe,17,5,90,false,,false,,,,,,,false,false
106,Smokescreen,3,3,270,false,,false,,,,,,,false,false
106,Smokescreen,13,9,90,false,,false,,,,,,,false,false
106,Wheeljack,8,8,0,false,,false,,,,,,,false,false
107,Bluestreak,15,3,0,true,200A,true,200A-3,200A,64,131,111,122,false,false
107,Bluestreak,15,5,90,false,,false,,,,,,,false,false
107,Bumblebee,16,7,0,true,200C-2,true,200C-2-2,200C-2,56,143,114,132,false,false
107,Bumblebee,19,9,90,false,,false,,,,,,,false,false
107,Hound,1,7,90,true,130B-3,true,130B-3-3,130B-3,65,129,119,136,false,false
107,Hound,6,12,0,false,,false,,,,,,,false,false
107,Ironhide,1,6,180,false,,false,,,,,,,false,false
107,Ironhide,4,4,0,false,,false,,,,,,,false,false
107,Jazz,7,5,90,false,,false,,,,,,,false,false
107,Jazz,7,5,90,false,,false,,,,,,,false,false
107,Megatron,13,5,90,false,,false,,,,,,,false,false
107,Optimus,1,2,180,false,,false,,,,,,,false,false
107,Optimus,13,13,90,false,,false,,,,,,,false,false
107,Ratchet,1,11,90,true,140A-3,true,140A-3-2,140A-3,48,132,117,126,false,false
107,Ratchet,8,12,0,false,,false,,,,,,,false,false
107,RedAlert,1,3,270,false,,false,,,,,,,false,false
107,RedAlert,6,4,0,false,,false,,,,,,,false,false
107,Sideswipe,4,6,180,false,,false,,,,,,,false,false
107,Sideswipe,17,5,90,false,,false,,,,,,,false,false
107,Smokescreen,3,2,270,false,,false,,,,,,,false,false
107,Smokescreen,13,9,90,false,,false,,,,,,,false,false
107,Wheeljack,8,8,0,false,,false,,,,,,,false,false
108,Bluestreak,15,3,90,true,200A,true,200A-3,200A,64,131,111,122,false,false
108,Bluestreak,15,5,90,false,,false,,,,,,,false,false
108,Bumblebee,17,7,0,true,200C-2,true,200C-2-2,200C-2,56,143,114,132,false,false
108,Bumblebee,19,9,90,false,,false,,,,,,,false,false
108,Hound,1,8,90,true,130B-3,true,130B-3-3,130B-3,65,129,119,136,false,false
108,Hound,6,12,0,false,,false,,,,,,,false,false
108,Ironhide,1,6,270,false,,false,,,,,,,false,false
108,Ironhide,4,4,0,false,,false,,,,,,,false,false
108,Jazz,7,5,90,false,,false,,,,,,,false,false
108,Megatron,13,5,90,false,,false,,,,,,,false,false
108,Optimus,1,2,180,true,150-3,true,150-3-2,150-3,50,127,135,151,true,false
108,Optimus,13,13,90,false,,false,,,,,,,false,false
108,Ratchet,1,12,90,true,140A-3,true,140A-3-2,140A-3,48,132,117,126,false,false
108,Ratchet,8,12,0,false,,false,,,,,,,false,false
108,RedAlert,1,2,270,false,,false,,,,,,,false,false
108,RedAlert,6,4,0,false,,false,,,,,,,false,false
108,Sideswipe,3,6,180,false,,false,,,,,,,false,false
108,Sideswipe,17,5,90,false,,false,,,,,,,false,false
108,Smokescreen,3,2,180,false,,false,,,,,,,false,false
108,Smokescreen,13,9,90,false,,false,,,,,,,false,false
108,Wheeljack,8,8,0,false,,false,,,,,,,false,false
109,Bluestreak,15,4,90,true,200A,true,200A-3,200A,64,131,111,122,false,false
109,Bluestreak,15,5,90,false,,false,,,,,,,false,false
109,Bumblebee,18,7,0,true,200C-2,true,200C-2-2,200C-2,56,143,114,132,false,false
109,Bumblebee,19,9,90,false,,false,,,,,,,false,false
109,Hound,1,9,90,true,130B-3,true,130B-3-3,130B-3,65,129,119,136,false,false
109,Hound,6,12,0,false,,false,,,,,,,false,false
109,Ironhide,1,5,270,false,,false,,,,,,,false,false
109,Ironhide,4,4,0,false,,false,,,,,,,false,false
109,Jazz,7,5,90,false,,false,,,,,,,false,false
109,Megatron,13,5,90,false,,false,,,,,,,false,false
109,Optimus,1,2,90,true,150-3,true,150-3-2,150-3,50,127,135,151,true,false
109,Optimus,13,13,90,false,,false,,,,,,,false,false
109,Ratchet,1,12,0,true,140A-3,true,140A-3-2,140A-3,48,132,117,126,false,false
109,Ratchet,8,12,0,false,,false,,,,,,,false,false
109,RedAlert,1,2,270,true,130B,false,130B-1,130B,13,113,119,128,true,false
109,RedAlert,6,4,0,false,,false,,,,,,,false,false
109,Sideswipe,2,6,180,false,,false,,,,,,,false,false
109,Sideswipe,17,5,90,false,,false,,,,,,,false,false
109,Smokescreen,2,2,180,false,,false,,,,,,,false,false
109,Smokescreen,13,9,90,false,,false,,,,,,,false,false
109,Wheeljack,8,8,0,false,,false,,,,,,,false,false
110,Bluestreak,15,5,90,true,200A,true,200A-3,200A,64,131,111,122,false,true
110,Bluestreak,15,5,90,false,,false,,,,,,,false,false
110,Bumblebee,19,7,0,true,200C-2,true,200C-2-2,200C-2,56,143,114,132,false,false
110,Bumblebee,19,9,90,false,,false,,,,,,,false,false
110,Hound,1,10,90,true,130B-3,true,130B-3-3,130B-3,65,129,119,136,false,false
110,Hound,6,12,0,false,,false,,,,,,,false,false
110,Ironhide,1,4,270,false,,false,,,,,,,false,false
110,Ironhide,4,4,0,false,,false,,,,,,,false,false
110,Jazz,7,5,90,false,,false,,,,,,,false,false
110,Megatron,13,5,90,false,,false,,,,,,,false,false
110,Optimus,1,3,90,true,150-3,true,150-3-2,150-3,50,127,135,151,true,false
110,Optimus,13,13,90,false,,false,,,,,,,false,false
110,Ratchet,2,12,0,true,140A-3,true,140A-3-2,140A-3,48,132,117,126,false,false
110,Ratchet,8,12,0,false,,false,,,,,,,false,false
110,RedAlert,1,2,90,true,130B,false,130B-1,130B,13,113,119,128,true,false
110,RedAlert,6,4,0,false,,false,,,,,,,false,false
110,Sideswipe,1,6,180,false,,false,,,,,,,false,false
110,Sideswipe,17,5,90,false,,false,,,,,,,false,false
110,Smokescreen,1,2,180,false,,false,,,,,,,false,false
110,Smokescreen,13,9,90,false,,false,,,,,,,false,false
110,Wheeljack,8,8,0,false,,false,,,,,,,false,false
111,Bluestreak,15,5,90,false,,false,,,,,,,false,false
111,Bluestreak,15,5,90,false,,false,,,,,,,false,false
111,Bumblebee,19,7,90,true,200C-2,true,200C-2-2,200C-2,56,143,114,132,false,false
111,Bumblebee,19,9,90,false,,false,,,,,,,false,false
111,Hound,1,11,90,true,130B-3,true,130B-3-3,130B-3,65,129,119,136,false,false
111,Hound,6,12,0,false,,false,,,,,,,false,false
111,Ironhide,1,3,270,false,,false,,,,,,,false,false
111,Ironhide,4,4,0,false,,false,,,,,,,false,false
111,Jazz,7,5,90,false,,false,,,,,,,false,false
111,Megatron,13,5,90,false,,false,,,,,,,false,false
111,Optimus,1,4,90,true,150-3,true,150-3-2,150-3,50,127,135,151,true,false
111,Optimus,13,13,90,false,,false,,,,,,,false,false
111,Ratchet,3,12,0,true,140A-3,true,140A-3-2,140A-3,48,132,117,126,false,false
111,Ratchet,8,12,0,false,,false,,,,,,,false,false
111,RedAlert,1,3,90,true,130B,false,130B-1,130B,13,113,119,128,true,false
111,RedAlert,6,4,0,false,,false,,,,,,,false,false
111,Sideswipe,1,6,270,false,,false,,,,,,,false,false
111,Sideswipe,17,5,90,false,,false,,,,,,,false,false
111,Smokescreen,1,2,180,true,150-2,true,150-2-3,150-2,101,181,134,148,false,false
111,Smokescreen,13,9,90,false,,false,,,,,,,false,false
111,Wheeljack,8,8,0,false,,false,,,,,,,false,false
112,Bluestreak,15,5,90,false,,false,,,,,,,false,false
112,Bumblebee,19,8,90,true,200C-2,true,200C-2-2,200C-2,56,143,114,132,false,false
112,Bumblebee,19,9,90,false,,false,,,,,,,false,false
112,Hound,1,12,90,true,130B-3,true,130B-3-3,130B-3,65,129,119,136,false,false
112,Hound,6,12,0,false,,false,,,,,,,false,false
112,Ironhide,1,2,270,false,,false,,,,,,,false,false
112,Ironhide,4,4,0,false,,false,,,,,,,false,false
112,Jazz,7,5,90,false,,false,,,,,,,false,false
112,Megatron,13,5,90,false,,false,,,,,,,false,false
112,Optimus,1,5,90,true,150-3,true,150-3-2,150-3,50,127,135,151,true,false
112,Optimus,13,13,90,false,,false,,,,,,,false,false
112,Ratchet,4,12,0,true,140A-3,true,140A-3-2,140A-3,48,132,117,126,false,false
112,Ratchet,8,12,0,false,,false,,,,,,,false,false
112,RedAlert,1,4,90,true,130B,false,130B-1,130B,13,113,119,128,true,false
112,RedAlert,6,4,0,false,,false,,,,,,,false,false
112,Sideswipe,1,5,270,false,,false,,,,,,,false,false
112,Sideswipe,17,5,90,false,,false,,,,,,,false,false
112,Smokescreen,1,2,90,true,150-2,true,150-2-3,150-2,101,181,134,148,false,false
112,Smokescreen,13,9,90,false,,false,,,,,,,false,false
112,Wheeljack,8,8,0,false,,false,,,,,,,false,false
113,Bluestreak,15,5,90,false,,false,,,,,,,false,false
113,Bumblebee,19,9,90,true,200C-2,true,200C-2-2,200C-2,56,143,114,132,false,true
113,Bumblebee,19,9,90,false,,false,,,,,,,false,false
113,Hound,1,12,0,true,130B-3,true,130B-3-3,130B-3,65,129,119,136,false,false
113,Hound,6,12,0,false,,false,,,,,,,false,false
113,Ironhide,1,2,270,true,130A,false,130A-2,130A,52,150,121,130,false,false
113,Ironhide,4,4,0,false,,false,,,,,,,false,false
113,Jazz,7,5,90,false,,false,,,,,,,false,false
113,Megatron,13,5,90,false,,false,,,,,,,false,false
113,Optimus,1,6,90,true,150-3,true,150-3-2,150-3,50,127,135,151,true,false
113,Optimus,13,13,90,false,,false,,,,,,,false,false
113,Ratchet,5,12,0,true,140A-3,true,140A-3-2,140A-3,48,132,117,126,false,false
113,Ratchet,8,12,0,false,,false,,,,,,,false,false
113,RedAlert,1,4,0,true,130B,false,130B-1,130B,13,113,119,128,true,false
113,RedAlert,6,4,0,false,,false,,,,,,,false,false
113,Sideswipe,1,4,270,false,,false,,,,,,,false,false
113,Sideswipe,17,5,90,false,,false,,,,,,,false,false
113,Smokescreen,1,3,90,true,150-2,true,150-2-3,150-2,101,181,134,148,false,false
113,Smokescreen,13,9,90,false,,false,,,,,,,false,false
113,Wheeljack,8,8,0,false,,false,,,,,,,false,false
114,Bluestreak,15,5,90,false,,false,,,,,,,false,false
114,Bumblebee,19,9,90,false,,false,,,,,,,false,false
114,Bumblebee,19,9,90,false,,false,,,,,,,false,false
114,Hound,2,12,0,true,130B-3,true,130B-3-3,130B-3,65,129,119,136,false,false
114,Hound,6,12,0,false,,false,,,,,,,false,false
114,Ironhide,1,2,90,true,130A,false,130A-2,130A,52,150,121,130,false,false
114,Ironhide,4,4,0,false,,false,,,,,,,false,false
114,Jazz,7,5,90,false,,false,,,,,,,false,false
114,Megatron,13,5,90,false,,false,,,,,,,false,false
114,Optimus,1,7,90,true,150-3,true,150-3-2,150-3,50,127,135,151,true,false
114,Optimus,13,13,90,false,,false,,,,,,,false,false
114,Ratchet,6,12,0,true,140A-3,true,140A-3-2,140A-3,48,132,117,126,false,false
114,Ratchet,8,12,0,false,,false,,,,,,,false,false
114,RedAlert,2,4,0,true,130B,false,130B-1,130B,13,113,119,128,true,false
114,RedAlert,6,4,0,false,,false,,,,,,,false,false
114,Sideswipe,1,3,270,false,,false,,,,,,,false,false
114,Sideswipe,17,5,90,false,,false,,,,,,,false,false
114,Smokescreen,1,4,90,true,150-2,true,150-2-3,150-2,101,181,134,148,false,false
114,Smokescreen,13,9,90,false,,false,,,,,,,false,false
114,Wheeljack,8,8,0,false,,false,,,,,,,false,false
115,Bluestreak,15,5,90,false,,false,,,,,,,false,false
115,Bumblebee,19,9,90,false,,false,,,,,,,false,false
115,Hound,3,12,0,true,130B-3,true,130B-3-3,130B-3,65,129,119,136,false,false
115,Hound,6,12,0,false,,false,,,,,,,false,false
115,Ironhide,1,3,90,true,130A,false,130A-2,130A,52,150,121,130,false,false
115,Ironhide,4,4,0,false,,false,,,,,,,false,false
115,Jazz,7,5,90,false,,false,,,,,,,false,false
115,Megatron,13,5,90,false,,false,,,,,,,false,false
115,Optimus,1,8,90,true,150-3,true,150-3-2,150-3,50,127,135,151,true,false
115,Optimus,13,13,90,false,,false,,,,,,,false,false
115,Ratchet,7,12,0,true,140A-3,true,140A-3-2,140A-3,48,132,117,126,false,false
115,Ratchet,8,12,0,false,,false,,,,,,,false,false
115,RedAlert,3,4,0,true,130B,false,130B-1,130B,13,113,119,128,true,false
115,RedAlert,6,4,0,false,,false,,,,,,,false,false
115,Sideswipe,1,2,270,false,,false,,,,,,,false,false
115,Sideswipe,17,5,90,false,,false,,,,,,,false,false
115,Smokescreen,1,5,90,true,150-2,true,150-2-3,150-2,101,181,134,148,false,false
115,Smokescreen,13,9,90,false,,false,,,,,,,false,false
115,Wheeljack,8,8,0,false,,false,,,,,,,false,false
116,Bluestreak,15,5,90,false,,false,,,,,,,false,false
116,Bumblebee,19,9,90,false,,false,,,,,,,false,false
116,Hound,4,12,0,true,130B-3,true,130B-3-3,130B-3,65,129,119,136,false,false
116,Hound,6,12,0,false,,false,,,,,,,false,false
116,Ironhide,1,4,90,true,130A,false,130A-2,130A,52,150,121,130,false,false
116,Ironhide,4,4,0,false,,false,,,,,,,false,false
116,Jazz,7,5,90,false,,false,,,,,,,false,false
116,Megatron,13,5,90,false,,false,,,,,,,false,false
116,Optimus,1,9,90,true,150-3,true,150-3-2,150-3,50,127,135,151,true,false
116,Optimus,13,13,90,false,,false,,,,,,,false,false
116,Ratchet,8,12,0,true,140A-3,true,140A-3-2,140A-3,48,132,117,126,false,true
116,Ratchet,8,12,0,false,,false,,,,,,,false,false
116,RedAlert,4,4,0,true,130B,false,130B-1,130B,13,113,119,128,true,false
116,RedAlert,6,4,0,false,,false,,,,,,,false,false
116,Sideswipe,1,2,270,true,200B,true,200B-3,200B,84,150,139,150,false,false
116,Sideswipe,17,5,90,false,,false,,,,,,,false,false
116,Smokescreen,1,6,90,true,150-2,true,150-2-3,150-2,101,181,134,148,false,false
116,Smokescreen,13,9,90,false,,false,,,,,,,false,false
116,Wheeljack,8,8,0,false,,false,,,,,,,false,false
117,Bluestreak,15,5,90,false,,false,,,,,,,false,false
117,Bumblebee,19,9,90,false,,false,,,,,,,false,false
117,Hound,5,12,0,true,130B-3,true,130B-3-3,130B-3,65,129,119,136,false,false
117,Hound,6,12,0,false,,false,,,,,,,false,false
117,Ironhide,1,4,0,true,130A,false,130A-2,130A,52,150,121,130,false,false
117,Ironhide,4,4,0,false,,false,,,,,,,false,false
117,Jazz,7,5,90,false,,false,,,,,,,false,false
117,Megatron,13,5,90,false,,false,,,,,,,false,false
117,Optimus,1,10,90,true,150-3,true,150-3-2,150-3,50,127,135,151,true,false
117,Optimus,13,13,90,false,,false,,,,,,,false,false
117,Ratchet,8,12,0,false,,false,,,,,,,false,false
117,Ratchet,8,12,0,false,,false,,,,,,,false,false
117,RedAlert,5,4,0,true,130B,false,130B-1,130B,13,113,119,128,true,false
117,RedAlert,6,4,0,false,,false,,,,,,,false,false
117,Sideswipe,1,2,90,true,200B,true,200B-3,200B,84,150,139,150,false,false
117,Sideswipe,17,5,90,false,,false,,,,,,,false,false
117,Smokescreen,1,7,90,true,150-2,true,150-2-3,150-2,101,181,134,148,false,false
117,Smokescreen,13,9,90,false,,false,,,,,,,false,false
117,Wheeljack,8,8,0,false,,false,,,,,,,false,false
118,Bluestreak,15,5,90,false,,false,,,,,,,false,false
118,Bumblebee,19,9,90,false,,false,,,,,,,false,false
118,Hound,6,12,0,true,130B-3,true,130B-3-3,130B-3,65,129,119,136,false,true
118,Hound,6,12,0,false,,false,,,,,,,false,false
118,Ironhide,2,4,0,true,130A,false,130A-2,130A,52,150,121,130,false,false
118,Ironhide,4,4,0,false,,false,,,,,,,false,false
118,Jazz,7,5,270,false,,false,,,,,,,false,false
118,Jazz,9,5,90,false,,false,,,,,,,false,false
118,Megatron,13,5,90,false,,false,,,,,,,false,false
118,Optimus,1,11,90,true,150-3,true,150-3-2,150-3,50,127,135,151,true,false
118,Optimus,13,13,90,false,,false,,,,,,,false,false
118,Ratchet,8,12,0,false,,false,,,,,,,false,false
118,RedAlert,6,4,0,true,130B,false,130B-1,130B,13,113,119,128,true,true
118,RedAlert,6,4,0,false,,false,,,,,,,false,false
118,Sideswipe,1,3,90,true,200B,true,200B-3,200B,84,150,139,150,false,false
118,Sideswipe,17,5,90,false,,false,,,,,,,false,false
118,Smokescreen,1,7,0,true,150-2,true,150-2-3,150-2,101,181,134,148,false,false
118,Smokescreen,13,9,90,false,,false,,,,,,,false,false
118,Wheeljack,8,8,0,false,,false,,,,,,,false,false
119,Bluestreak,15,5,90,false,,false,,,,,,,false,false
119,Bumblebee,19,9,90,false,,false,,,,,,,false,false
119,Hound,6,12,0,false,,false,,,,,,,false,false
119,Hound,6,12,0,false,,false,,,,,,,false,false
119,Ironhide,3,4,0,true,130A,false,130A-2,130A,52,150,121,130,false,false
119,Ironhide,4,4,0,false,,false,,,,,,,false,false
119,Jazz,7,4,270,false,,false,,,,,,,false,false
119,Jazz,9,5,90,false,,false,,,,,,,false,false
119,Megatron,13,5,270,false,,false,,,,,,,false,false
119,Megatron,7,9,90,false,,false,,,,,,,false,false
119,Optimus,1,11,0,true,150-3,true,150-3-2,150-3,50,127,135,151,true,false
119,Optimus,13,13,90,false,,false,,,,,,,false,false
119,Ratchet,8,12,0,false,,false,,,,,,,false,false
119,RedAlert,6,4,0,false,,false,,,,,,,false,false
119,RedAlert,6,4,0,false,,false,,,,,,,false,false
119,Sideswipe,1,3,0,true,200B,true,200B-3,200B,84,150,139,150,false,false
119,Sideswipe,17,5,90,false,,false,,,,,,,false,false
119,Smokescreen,2,7,0,true,150-2,true,150-2-3,150-2,101,181,134,148,false,false
119,Smokescreen,13,9,90,false,,false,,,,,,,false,false
119,Wheeljack,8,8,0,false,,false,,,,,,,false,false
120,Bluestreak,15,5,90,false,,false,,,,,,,false,false
120,Bumblebee,19,9,90,false,,false,,,,,,,false,false
120,Hound,6,12,0,false,,false,,,,,,,false,false
120,Ironhide,4,4,0,true,130A,false,130A-2,130A,52,150,121,130,false,true
120,Ironhide,4,4,0,false,,false,,,,,,,false,false
120,Jazz,7,3,270,false,,false,,,,,,,false,false
120,Jazz,9,5,90,false,,false,,,,,,,false,false
120,Megatron,13,4,270,false,,false,,,,,,,false,false
120,Megatron,7,9,90,false,,false,,,,,,,false,false
120,Optimus,2,11,0,true,150-3,true,150-3-2,150-3,50,127,135,151,true,false
120,Optimus,13,13,90,false,,false,,,,,,,false,false
120,Ratchet,8,12,0,false,,false,,,,,,,false,false
120,RedAlert,6,4,0,false,,false,,,,,,,false,false
120,Sideswipe,2,3,0,true,200B,true,200B-3,200B,84,150,139,150,false,false
120,Sideswipe,17,5,90,false,,false,,,,,,,false,false
120,Smokescreen,3,7,0,true,150-2,true,150-2-3,150-2,101,181,134,148,false,false
120,Smokescreen,13,9,90,false,,false,,,,,,,false,false
120,Wheeljack,8,8,270,false,,false,,,,,,,false,false
120,Wheeljack,13,5,90,false,,false,,,,,,,false,false
121,Bluestreak,15,5,90,false,,false,,,,,,,false,false
121,Bumblebee,19,9,90,false,,false,,,,,,,false,false
121,Hound,6,12,0,false,,false,,,,,,,false,false
121,Ironhide,4,4,0,false,,false,,,,,,,false,false
121,Ironhide,4,4,0,false,,false,,,,,,,false,false
121,Jazz,7,2,270,false,,false,,,,,,,false,false
121,Jazz,9,5,90,false,,false,,,,,,,false,false
121,Megatron,13,3,270,false,,false,,,,,,,false,false
121,Megatron,7,9,90,false,,false,,,,,,,false,false
121,Optimus,3,11,0,true,150-3,true,150-3-2,150-3,50,127,135,151,true,false
121,Optimus,13,13,90,false,,false,,,,,,,false,false
121,Ratchet,8,12,0,false,,false,,,,,,,false,false
121,RedAlert,6,4,0,false,,false,,,,,,,false,false
121,Sideswipe,3,3,0,true,200B,true,200B-3,200B,84,150,139,150,false,false
121,Sideswipe,17,5,90,false,,false,,,,,,,false,false
121,Smokescreen,4,7,0,true,150-2,true,150-2-3,150-2,101,181,134,148,false,false
121,Smokescreen,13,9,90,false,,false,,,,,,,false,false
121,Wheeljack,8,7,270,false,,false,,,,,,,false,false
121,Wheeljack,13,5,90,false,,false,,,,,,,false,false
122,Bluestreak,15,5,90,false,,false,,,,,,,false,false
122,Bumblebee,19,9,90,false,,false,,,,,,,false,false
122,Hound,6,12,0,false,,false,,,,,,,false,false
122,Ironhide,4,4,0,false,,false,,,,,,,false,false
122,Jazz,7,2,180,false,,false,,,,,,,false,false
122,Jazz,9,5,90,false,,false,,,,,,,false,false
122,Megatron,13,2,270,false,,false,,,,,,,false,false
122,Megatron,7,9,90,false,,false,,,,,,,false,false
122,Optimus,4,11,0,true,150-3,true,150-3-2,150-3,50,127,135,151,true,false
122,Optimus,13,13,90,false,,false,,,,,,,false,false
122,Ratchet,8,12,0,false,,false,,,,,,,false,false
122,RedAlert,6,4,0,false,,false,,,,,,,false,false
122,Sideswipe,4,3,0,true,200B,true,200B-3,200B,84,150,139,150,false,false
122,Sideswipe,17,5,90,false,,false,,,,,,,false,false
122,Smokescreen,5,7,0,true,150-2,true,150-2-3,150-2,101,181,134,148,false,false
122,Smokescreen,13,9,90,false,,false,,,,,,,false,false
122,Wheeljack,8,6,270,false,,false,,,,,,,false,false
122,Wheeljack,13,5,90,false,,false,,,,,,,false,false
123,Bluestreak,15,5,270,false,,false,,,,,,,false,false
123,Bluestreak,19,13,90,false,,false,,,,,,,false,false
123,Bumblebee,19,9,90,false,,false,,,,,,,false,false
123,Hound,6,12,0,false,,false,,,,,,,false,false
123,Ironhide,4,4,0,false,,false,,,,,,,false,false
123,Jazz,6,2,180,false,,false,,,,,,,false,false
123,Jazz,9,5,90,false,,false,,,,,,,false,false
123,Megatron,13,2,180,false,,false,,,,,,,false,false
123,Megatron,7,9,90,false,,false,,,,,,,false,false
123,Optimus,5,11,0,true,150-3,true,150-3-2,150-3,50,127,135,151,true,false
123,Optimus,13,13,90,false,,false,,,,,,,false,false
123,Ratchet,8,12,0,false,,false,,,,,,,false,false
123,RedAlert,6,4,0,false,,false,,,,,,,false,false
123,Sideswipe,5,3,0,true,200B,true,200B-3,200B,84,150,139,150,false,false
123,Sideswipe,17,5,90,false,,false,,,,,,,false,false
123,Smokescreen,6,7,0,true,150-2,true,150-2-3,150-2,101,181,134,148,false,false
123,Smokescreen,13,9,90,false,,false,,,,,,,false,false
123,Wheeljack,8,6,180,false,,false,,,,,,,false,false
123,Wheeljack,13,5,90,false,,false,,,,,,,false,false
124,Bluestreak,15,4,270,false,,false,,,,,,,false,false
124,Bluestreak,19,13,90,false,,false,,,,,,,false,false
124,Bumblebee,19,9,90,false,,false,,,,,,,false,false
124,Hound,6,12,0,false,,false,,,,,,,false,false
124,Ironhide,4,4,0,false,,false,,,,,,,false,false
124,Jazz,5,2,180,false,,false,,,,,,,false,false
124,Jazz,9,5,90,false,,false,,,,,,,false,false
124,Megatron,12,2,180,false,,false,,,,,,,false,false
124,Megatron,7,9,90,false,,false,,,,,,,false,false
124,Optimus,6,11,0,true,150-3,true,150-3-2,150-3,50,127,135,151,true,false
124,Optimus,13,13,90,false,,false,,,,,,,false,false
124,Ratchet,8,12,0,false,,false,,,,,,,false,false
124,RedAlert,6,4,0,false,,false,,,,,,,false,false
124,Sideswipe,6,3,0,true,200B,true,200B-3,200B,84,150,139,150,false,false
124,Sideswipe,17,5,90,false,,false,,,,,,,false,false
124,Smokescreen,7,7,0,true,150-2,true,150-2-3,150-2,101,181,134,148,false,false
124,Smokescreen,13,9,90,false,,false,,,,,,,false,false
124,Wheeljack,7,6,180,false,,false,,,,,,,false,false
124,Wheeljack,13,5,90,false,,false,,,,,,,false,false
125,Bluestreak,15,3,270,false,,false,,,,,,,false,false
125,Bluestreak,19,13,90,false,,false,,,,,,,false,false
125,Bumblebee,19,9,90,false,,false,,,,,,,false,false
125,Hound,6,12,0,false,,false,,,,,,,false,false
125,Ironhide,4,4,0,false,,false,,,,,,,false,false
125,Jazz,4,2,180,false,,false,,,,,,,false,false
125,Jazz,9,5,90,false,,false,,,,,,,false,false
125,Megatron,11,2,180,false,,false,,,,,,,false,false
125,Megatron,7,9,90,false,,false,,,,,,,false,false
125,Optimus,7,11,0,true,150-3,true,150-3-2,150-3,50,127,135,151,true,false
125,Optimus,13,13,90,false,,false,,,,,,,false,false
125,Ratchet,8,12,0,false,,false,,,,,,,false,false
125,RedAlert,6,4,0,false,,false,,,,,,,false,false
125,Sideswipe,7,3,0,true,200B,true,200B-3,200B,84,150,139,150,false,false
125,Sideswipe,17,5,90,false,,false,,,,,,,false,false
125,Smokescreen,8,7,0,true,150-2,true,150-2-3,150-2,101,181,134,148,false,false
125,Smokescreen,13,9,90,false,,false,,,,,,,false,false
125,Wheeljack,6,6,180,false,,false,,,,,,,false,false
125,Wheeljack,13,5,90,false,,false,,,,,,,false,false
126,Bluestreak,15,2,270,false,,false,,,,,,,false,false
126,Bluestreak,19,13,90,false,,false,,,,,,,false,false
126,Bumblebee,19,9,90,false,,false,,,,,,,false,false
126,Hound,6,12,0,false,,false,,,,,,,false,false
126,Ironhide,4,4,0,false,,false,,,,,,,false,false
126,Jazz,3,2,180,false,,false,,,,,,,false,false
126,Jazz,9,5,90,false,,false,,,,,,,false,false
126,Megatron,10,2,180,false,,false,,,,,,,false,false
126,Megatron,7,9,90,false,,false,,,,,,,false,false
126,Optimus,8,11,0,true,150-3,true,150-3-2,150-3,50,127,135,151,true,false
126,Optimus,13,13,90,false,,false,,,,,,,false,false
126,Ratchet,8,12,0,false,,false,,,,,,,false,false
126,RedAlert,6,4,0,false,,false,,,,,,,false,false
126,Sideswipe,8,3,0,true,200B,true,200B-3,200B,84,150,139,150,false,false
126,Sideswipe,17,5,90,false,,false,,,,,,,false,false
126,Smokescreen,9,7,0,true,150-2,true,150-2-3,150-2,101,181,134,148,false,false
126,Smokescreen,13,9,90,false,,false,,,,,,,false,false
126,Wheeljack,5,6,180,false,,false,,,,,,,false,false
126,Wheeljack,13,5,90,false,,false,,,,,,,false,false
127,Bluestreak,15,2,180,false,,false,,,,,,,false,false
127,Bluestreak,19,13,90,false,,false,,,,,,,false,false
127,Bumblebee,19,9,90,false,,false,,,,,,,false,false
127,Hound,6,12,0,false,,false,,,,,,,false,false
127,Ironhide,4,4,0,false,,false,,,,,,,false,false
127,Jazz,2,2,180,false,,false,,,,,,,false,false
127,Jazz,9,5,90,false,,false,,,,,,,false,false
127,Megatron,9,2,180,false,,false,,,,,,,false,false
127,Megatron,7,9,90,false,,false,,,,,,,false,false
127,Optimus,9,11,0,true,150-3,true,150-3-2,150-3,50,127,135,151,true,false
127,Optimus,13,13,90,false,,false,,,,,,,false,false
127,Ratchet,8,12,270,false,,false,,,,,,,false,false
127,Ratchet,5,5,90,false,,false,,,,,,,false,false
127,RedAlert,6,4,0,false,,false,,,,,,,false,false
127,Sideswipe,9,3,0,true,200B,true,200B-3,200B,84,150,139,150,false,false
127,Sideswipe,17,5,90,false,,false,,,,,,,false,false
127,Smokescreen,10,7,0,true,150-2,true,150-2-3,150-2,101,181,134,148,false,false
127,Smokescreen,13,9,90,false,,false,,,,,,,false,false
127,Wheeljack,4,6,180,false,,false,,,,,,,false,false
127,Wheeljack,13,5,90,false,,false,,,,,,,false,false
128,Bluestreak,14,2,180,false,,false,,,,,,,false,false
128,Bluestreak,19,13,90,false,,false,,,,,,,false,false
128,Bumblebee,19,9,90,false,,false,,,,,,,false,false
128,Hound,6,12,0,false,,false,,,,,,,false,false
128,Ironhide,4,4,0,false,,false,,,,,,,false,false
128,Jazz,1,2,180,false,,false,,,,,,,false,false
128,Jazz,9,5,90,false,,false,,,,,,,false,false
128,Megatron,8,2,180,false,,false,,,,,,,false,false
128,Megatron,7,9,90,false,,false,,,,,,,false,false
128,Optimus,10,11,0,true,150-3,true,150-3-2,150-3,50,127,135,151,true,false
128,Optimus,13,13,90,false,,false,,,,,,,false,false
128,Ratchet,8,11,270,false,,false,,,,,,,false,false
128,Ratchet,5,5,90,false,,false,,,,,,,false,false
128,RedAlert,6,4,0,false,,false,,,,,,,false,false
128,Sideswipe,10,3,0,true,200B,true,200B-3,200B,84,150,139,150,false,false
128,Sideswipe,17,5,90,false,,false,,,,,,,false,false
128,Smokescreen,11,7,0,true,150-2,true,150-2-3,150-2,101,181,134,148,false,false
128,Smokescreen,13,9,90,false,,false,,,,,,,false,false
128,Wheeljack,3,6,180,false,,false,,,,,,,false,false
128,Wheeljack,13,5,90,false,,false,,,,,,,false,false
129,Bluestreak,13,2,180,false,,false,,,,,,,false,false
129,Bluestreak,19,13,90,false,,false,,,,,,,false,false
129,Bumblebee,19,9,90,false,,false,,,,,,,false,false
129,Hound,6,12,0,false,,false,,,,,,,false,false
129,Ironhide,4,4,0,false,,false,,,,,,,false,false
129,Jazz,1,2,180,true,140B,true,140B-3,140B,106,195,144,155,false,false
129,Jazz,9,5,90,false,,false,,,,,,,false,false
129,Megatron,7,2,180,false,,false,,,,,,,false,false
129,Megatron,7,9,90,false,,false,,,,,,,false,false
129,Optimus,11,11,0,true,150-3,true,150-3-2,150-3,50,127,135,151,true,false
129,Optimus,13,13,90,false,,false,,,,,,,false,false
129,Ratchet,8,10,270,false,,false,,,,,,,false,false
129,Ratchet,5,5,90,false,,false,,,,,,,false,false
129,RedAlert,6,4,270,false,,false,,,,,,,false,false
129,RedAlert,3,5,0,false,,false,,,,,,,false,false
129,Sideswipe,11,3,0,true,200B,true,200B-3,200B,84,150,139,150,false,false
129,Sideswipe,17,5,90,false,,false,,,,,,,false,false
129,Smokescreen,12,7,0,true,150-2,true,150-2-3,150-2,101,181,134,148,false,false
129,Smokescreen,13,9,90,false,,false,,,,,,,false,false
129,Wheeljack,2,6,180,false,,false,,,,,,,false,false
129,Wheeljack,13,5,90,false,,false,,,,,,,false,false
130,Bluestreak,12,2,180,false,,false,,,,,,,false,false
130,Bluestreak,19,13,90,false,,false,,,,,,,false,false
130,Bumblebee,19,9,90,false,,false,,,,,,,false,false
130,Hound,6,12,0,false,,false,,,,,,,false,false
130,Ironhide,4,4,0,false,,false,,,,,,,false,false
130,Jazz,1,2,90,true,140B,true,140B-3,140B,106,195,144,155,false,false
130,Jazz,9,5,90,false,,false,,,,,,,false,false
130,Megatron,6,2,180,false,,false,,,,,,,false,false
130,Megatron,7,9,90,false,,false,,,,,,,false,false
130,Optimus,12,11,0,true,150-3,true,150-3-2,150-3,50,127,135,151,true,false
130,Optimus,13,13,90,false,,false,,,,,,,false,false
130,Ratchet,8,10,180,false,,false,,,,,,,false,false
130,Ratchet,5,5,90,false,,false,,,,,,,false,false
130,RedAlert,6,3,270,false,,false,,,,,,,false,false
130,RedAlert,3,5,0,false,,false,,,,,,,false,false
130,Sideswipe,12,3,0,true,200B,true,200B-3,200B,84,150,139,150,false,false
130,Sideswipe,17,5,90,false,,false,,,,,,,false,false
130,Smokescreen,13,7,0,true,150-2,true,150-2-3,150-2,101,181,134,148,false,false
130,Smokescreen,13,9,90,false,,false,,,,,,,false,false
130,Wheeljack,1,6,180,false,,false,,,,,,,false,false
130,Wheeljack,13,5,90,false,,false,,,,,,,false,false
131,Bluestreak,11,2,180,false,,false,,,,,,,false,false
131,Bluestreak,19,13,90,false,,false,,,,,,,false,false
131,Bumblebee,19,9,90,false,,false,,,,,,,false,false
131,Hound,6,12,0,false,,false,,,,,,,false,false
131,Ironhide,4,4,270,false,,false,,,,,,,false,false
131,Ironhide,3,9,0,false,,false,,,,,,,false,false
131,Jazz,1,3,90,true,140B,true,140B-3,140B,106,195,144,155,false,false
131,Jazz,9,5,90,false,,false,,,,,,,false,false
131,Megatron,5,2,180,false,,false,,,,,,,false,false
131,Megatron,7,9,90,false,,false,,,,,,,false,false
131,Optimus,13,11,0,true,150-3,true,150-3-2,150-3,50,127,135,151,true,false
131,Optimus,13,13,90,false,,false,,,,,,,false,false
131,Ratchet,7,10,180,false,,false,,,,,,,false,false
131,Ratchet,5,5,90,false,,false,,,,,,,false,false
131,RedAlert,6,2,270,false,,false,,,,,,,false,false
131,RedAlert,3,5,0,false,,false,,,,,,,false,false
131,Sideswipe,13,3,0,true,200B,true,200B-3,200B,84,150,139,150,false,false
131,Sideswipe,17,5,90,false,,false,,,,,,,false,false
131,Smokescreen,13,7,90,true,150-2,true,150-2-3,150-2,101,181,134,148,false,false
131,Smokescreen,13,9,90,false,,false,,,,,,,false,false
131,Wheeljack,1,6,270,false,,false,,,,,,,false,false
131,Wheeljack,13,5,90,false,,false,,,,,,,false,false
132,Bluestreak,10,2,180,false,,false,,,,,,,false,false
132,Bluestreak,19,13,90,false,,false,,,,,,,false,false
132,Bumblebee,19,9,90,false,,false,,,,,,,false,false
132,Hound,6,12,0,false,,false,,,,,,,false,false
132,Ironhide,4,3,270,false,,false,,,,,,,false,false
132,Ironhide,3,9,0,false,,false,,,,,,,false,false
132,Jazz,1,3,0,true,140B,true,140B-3,140B,106,195,144,155,false,false
132,Jazz,9,5,90,false,,false,,,,,,,false,false
132,Megatron,4,2,180,false,,false,,,,,,,false,false
132,Megatron,7,9,90,false,,false,,,,,,,false,false
132,Optimus,13,11,90,true,150-3,true,150-3-2,150-3,50,127,135,151,true,false
132,Optimus,13,13,90,false,,false,,,,,,,false,false
132,Ratchet,6,10,180,false,,false,,,,,,,false,false
132,Ratchet,5,5,90,false,,false,,,,,,,false,false
132,RedAlert,6,2,180,false,,false,,,,,,,false,false
132,RedAlert,3,5,0,false,,false,,,,,,,false,false
132,Sideswipe,14,3,0,true,200B,true,200B-3,200B,84,150,139,150,false,false
132,Sideswipe,17,5,90,false,,false,,,,,,,false,false
132,Smokescreen,13,8,90,true,150-2,true,150-2-3,150-2,101,181,134,148,false,false
132,Smokescreen,13,9,90,false,,false,,,,,,,false,false
132,Wheeljack,1,5,270,false,,false,,,,,,,false,false
132,Wheeljack,13,5,90,false,,false,,,,,,,false,false
133,Bluestreak,9,2,180,false,,false,,,,,,,false,false
133,Bluestreak,19,13,90,false,,false,,,,,,,false,false
133,Bumblebee,19,9,270,false,,false,,,,,,,false,false
133,Bumblebee,8,4,0,false,,false,,,,,,,false,false
133,Hound,6,12,0,false,,false,,,,,,,false,false
133,Ironhide,4,2,270,false,,false,,,,,,,false,false
133,Ironhide,3,9,0,false,,false,,,,,,,false,false
133,Jazz,2,3,0,true,140B,true,140B-3,140B,106,195,144,155,false,false
133,Jazz,9,5,90,false,,false,,,,,,,false,false
133,Megatron,3,2,180,false,,false,,,,,,,false,false
133,Megatron,7,9,90,false,,false,,,,,,,false,false
133,Optimus,13,12,90,true,150-3,true,150-3-2,150-3,50,127,135,151,true,false
133,Optimus,13,13,90,false,,false,,,,,,,false,false
133,Ratchet,5,10,180,false,,false,,,,,,,false,false
133,Ratchet,5,5,90,false,,false,,,,,,,false,false
133,RedAlert,5,2,180,false,,false,,,,,,,false,false
133,RedAlert,3,5,0,false,,false,,,,,,,false,false
133,Sideswipe,15,3,0,true,200B,true,200B-3,200B,84,150,139,150,false,false
133,Sideswipe,17,5,90,false,,false,,,,,,,false,false
133,Smokescreen,13,9,90,true,150-2,true,150-2-3,150-2,101,181,134,148,false,true
133,Smokescreen,13,9,90,false,,false,,,,,,,false,false
133,Wheeljack,1,4,270,false,,false,,,,,,,false,false
133,Wheeljack,13,5,90,false,,false,,,,,,,false,false
134,Bluestreak,8,2,180,false,,false,,,,,,,false,false
134,Bluestreak,19,13,90,false,,false,,,,,,,false,false
134,Bumblebee,19,8,270,false,,false,,,,,,,false,false
134,Bumblebee,8,4,0,false,,false,,,,,,,false,false
134,Hound,6,12,0,false,,false,,,,,,,false,false
134,Ironhide,4,2,180,false,,false,,,,,,,false,false
134,Ironhide,3,9,0,false,,false,,,,,,,false,false
134,Jazz,3,3,0,true,140B,true,140B-3,140B,106,195,144,155,false,false
134,Jazz,9,5,90,false,,false,,,,,,,false,false
134,Megatron,2,2,180,false,,false,,,,,,,false,false
134,Megatron,7,9,90,false,,false,,,,,,,false,false
134,Optimus,13,13,90,true,150-3,true,150-3-2,150-3,50,127,135,151,true,true
134,Optimus,13,13,90,false,,false,,,,,,,false,false
134,Ratchet,4,10,180,false,,false,,,,,,,false,false
134,Ratchet,5,5,90,false,,false,,,,,,,false,false
134,RedAlert,4,2,180,false,,false,,,,,,,false,false
134,RedAlert,3,5,0,false,,false,,,,,,,false,false
134,Sideswipe,16,3,0,true,200B,true,200B-3,200B,84,150,139,150,false,false
134,Sideswipe,17,5,90,false,,false,,,,,,,false,false
134,Smokescreen,13,9,90,false,,false,,,,,,,false,false
134,Smokescreen,13,9,90,false,,false,,,,,,,false,false
134,Wheeljack,1,3,270,false,,false,,,,,,,false,false
134,Wheeljack,13,5,90,false,,false,,,,,,,false,false
135,Bluestreak,7,2,180,false,,false,,,,,,,false,false
135,Bluestreak,19,13,90,false,,false,,,,,,,false,false
135,Bumblebee,19,7,270,false,,false,,,,,,,false,false
135,Bumblebee,8,4,0,false,,false,,,,,,,false,false
135,Hound,6,12,0,false,,false,,,,,,,false,false
135,Ironhide,3,2,180,false,,false,,,,,,,false,false
135,Ironhide,3,9,0,false,,false,,,,,,,false,false
135,Jazz,4,3,0,true,140B,true,140B-3,140B,106,195,144,155,false,false
135,Jazz,9,5,90,false,,false,,,,,,,false,false
135,Megatron,1,2,180,false,,false,,,,,,,false,false
135,Megatron,7,9,90,false,,false,,,,,,,false,false
135,Optimus,13,13,90,false,,false,,,,,,,false,false
135,Optimus,13,13,90,false,,false,,,,,,,false,false
135,Ratchet,3,10,180,false,,false,,,,,,,false,false
135,Ratchet,5,5,90,false,,false,,,,,,,false,false
135,RedAlert,3,2,180,false,,false,,,,,,,false,false
135,RedAlert,3,5,0,false,,false,,,,,,,false,false
135,Sideswipe,17,3,0,true,200B,true,200B-3,200B,84,150,139,150,false,false
135,Sideswipe,17,5,90,false,,false,,,,,,,false,false
135,Smokescreen,13,9,90,false,,false,,,,,,,false,false
135,Wheeljack,1,2,270,false,,false,,,,,,,false,false
135,Wheeljack,13,5,90,false,,false,,,,,,,false,false
136,Bluestreak,6,2,180,false,,false,,,,,,,false,false
136,Bluestreak,19,13,90,false,,false,,,,,,,false,false
136,Bumblebee,19,6,270,false,,false,,,,,,,false,false
136,Bumblebee,8,4,0,false,,false,,,,,,,false,false
136,Hound,6,12,0,false,,false,,,,,,,false,false
136,Ironhide,2,2,180,false,,false,,,,,,,false,false
136,Ironhide,3,9,0,false,,false,,,,,,,false,false
136,Jazz,5,3,0,true,140B,true,140B-3,140B,106,195,144,155,false,false
136,Jazz,9,5,90,false,,false,,,,,,,false,false
136,Megatron,1,2,180,true,140A-2,true,140A-2-3,140A-2,69,149,153,163,true,false
136,Megatron,7,9,90,false,,false,,,,,,,false,false
136,Optimus,13,13,90,false,,false,,,,,,,false,false
136,Ratchet,2,10,180,false,,false,,,,,,,false,false
136,Ratchet,5,5,90,false,,false,,,,,,,false,false
136,RedAlert,2,2,180,false,,false,,,,,,,false,false
136,RedAlert,3,5,0,false,,false,,,,,,,false,false
136,Sideswipe,17,3,90,true,200B,true,200B-3,200B,84,150,139,150,false,false
136,Sideswipe,17,5,90,false,,false,,,,,,,false,false
136,Smokescreen,13,9,90,false,,false,,,,,,,false,false
136,Wheeljack,1,2,270,true,150,true,150-3,150,85,166,155,165,false,false
136,Wheeljack,13,5,90,false,,false,,,,,,,false,false
137,Bluestreak,5,2,180,false,,false,,,,,,,false,false
137,Bluestreak,19,13,90,false,,false,,,,,,,false,false
137,Bumblebee,19,5,270,false,,false,,,,,,,false,false
137,Bumblebee,8,4,0,false,,false,,,,,,,false,false
137,Hound,6,12,270,false,,false,,,,,,,false,false
137,Hound,6,8,0,false,,false,,,,,,,false,false
137,Ironhide,1,2,180,false,,false,,,,,,,false,false
137,Ironhide,3,9,0,false,,false,,,,,,,false,false
137,Jazz,6,3,0,true,140B,true,140B-3,140B,106,195,144,155,false,false
137,Jazz,9,5,90,false,,false,,,,,,,false,false
137,Megatron,1,2,90,true,140A-2,true,140A-2-3,140A-2,69,149,153,163,true,false
137,Megatron,7,9,90,false,,false,,,,,,,false,false
137,Optimus,13,13,90,false,,false,,,,,,,false,false
137,Ratchet,1,10,180,false,,false,,,,,,,false,false
137,Ratchet,5,5,90,false,,false,,,,,,,false,false
137,RedAlert,1,2,180,false,,false,,,,,,,false,false
137,RedAlert,3,5,0,false,,false,,,,,,,false,false
137,Sideswipe,17,4,90,true,200B,true,200B-3,200B,84,150,139,150,false,false
137,Sideswipe,17,5,90,false,,false,,,,,,,false,false
137,Smokescreen,13,9,90,false,,false,,,,,,,false,false
137,Wheeljack,1,2,90,true,150,true,150-3,150,85,166,155,165,false,false
137,Wheeljack,13,5,90,false,,false,,,,,,,false,false
138,Bluestreak,4,2,180,false,,false,,,,,,,false,false
138,Bluestreak,19,13,90,false,,false,,,,,,,false,false
138,Bumblebee,19,4,270,false,,false,,,,,,,false,false
138,Bumblebee,8,4,0,false,,false,,,,,,,false,false
138,Hound,6,11,270,false,,false,,,,,,,false,false
138,Hound,6,8,0,false,,false,,,,,,,false,false
138,Ironhide,1,2,180,true,130A-2,false,130A-2-3,130A-2,55,180,150,159,false,false
138,Ironhide,3,9,0,false,,false,,,,,,,false,false
138,Jazz,7,3,0,true,140B,true,140B-3,140B,106,195,144,155,false,false
138,Jazz,9,5,90,false,,false,,,,,,,false,false
138,Megatron,1,3,90,true,140A-2,true,140A-2-3,140A-2,69,149,153,163,true,false
138,Megatron,7,9,90,false,,false,,,,,,,false,false
138,Optimus,13,13,90,false,,false,,,,,,,false,false
138,Ratchet,1,10,270,false,,false,,,,,,,false,false
138,Ratchet,5,5,90,false,,false,,,,,,,false,false
138,RedAlert,1,2,180,true,130A,false,130A-3,130A,92,192,146,157,false,false
138,RedAlert,3,5,0,false,,false,,,,,,,false,false
138,Sideswipe,17,5,90,true,200B,true,200B-3,200B,84,150,139,150,false,true
138,Sideswipe,17,5,90,false,,false,,,,,,,false,false
138,Smokescreen,13,9,90,false,,false,,,,,,,false,false
138,Wheeljack,1,3,90,true,150,true,150-3,150,85,166,155,165,false,false
138,Wheeljack,13,5,90,false,,false,,,,,,,false,false
139,Bluestreak,3,2,180,false,,false,,,,,,,false,false
139,Bluestreak,19,13,90,false,,false,,,,,,,false,false
139,Bumblebee,19,3,270,false,,false,,,,,,,false,false
139,Bumblebee,8,4,0,false,,false,,,,,,,false,false
139,Hound,6,10,270,false,,false,,,,,,,false,false
139,Hound,6,8,0,false,,false,,,,,,,false,false
139,Ironhide,1,2,90,true,130A-2,false,130A-2-3,130A-2,55,180,150,159,false,false
139,Ironhide,3,9,0,false,,false,,,,,,,false,false
139,Jazz,8,3,0,true,140B,true,140B-3,140B,106,195,144,155,false,false
139,Jazz,9,5,90,false,,false,,,,,,,false,false
139,Megatron,1,4,90,true,140A-2,true,140A-2-3,140A-2,69,149,153,163,true,false
139,Megatron,7,9,90,false,,false,,,,,,,false,false
139,Optimus,13,13,90,false,,false,,,,,,,false,false
139,Ratchet,1,9,270,false,,false,,,,,,,false,false
139,Ratchet,5,5,90,false,,false,,,,,,,false,false
139,RedAlert,1,2,90,true,130A,false,130A-3,130A,92,192,146,157,false,false
139,RedAlert,3,5,0,false,,false,,,,,,,false,false
139,Sideswipe,17,5,90,false,,false,,,,,,,false,false
139,Sideswipe,17,5,90,false,,false,,,,,,,false,false
139,Smokescreen,13,9,90,false,,false,,,,,,,false,false
139,Wheeljack,1,3,0,true,150,true,150-3,150,85,166,155,165,false,false
139,Wheeljack,13,5,90,false,,false,,,,,,,false,false
140,Bluestreak,2,2,180,false,,false,,,,,,,false,false
140,Bluestreak,19,13,90,false,,false,,,,,,,false,false
140,Bumblebee,19,2,270,false,,false,,,,,,,false,false
140,Bumblebee,8,4,0,false,,false,,,,,,,false,false
140,Hound,6,10,180,false,,false,,,,,,,false,false
140,Hound,6,8,0,false,,false,,,,,,,false,false
140,Ironhide,1,3,90,true,130A-2,false,130A-2-3,130A-2,55,180,150,159,false,false
140,Ironhide,3,9,0,false,,false,,,,,,,false,false
140,Jazz,9,3,0,true,140B,true,140B-3,140B,106,195,144,155,false,false
140,Jazz,9,5,90,false,,false,,,,,,,false,false
140,Megatron,1,5,90,true,140A-2,true,140A-2-3,140A-2,69,149,153,163,true,false
140,Megatron,7,9,90,false,,false,,,,,,,false,false
140,Optimus,13,13,90,false,,false,,,,,,,false,false
140,Ratchet,1,8,270,false,,false,,,,,,,false,false
140,Ratchet,5,5,90,false,,false,,,,,,,false,false
140,RedAlert,1,3,90,true,130A,false,130A-3,130A,92,192,146,157,false,false
140,RedAlert,3,5,0,false,,false,,,,,,,false,false
140,Sideswipe,17,5,90,false,,false,,,,,,,false,false
140,Smokescreen,13,9,90,false,,false,,,,,,,false,false
140,Wheeljack,2,3,0,true,150,true,150-3,150,85,166,155,165,false,false
140,Wheeljack,13,5,90,false,,false,,,,,,,false,false
141,Bluestreak,1,2,180,false,,false,,,,,,,false,false
141,Bluestreak,19,13,90,false,,false,,,,,,,false,false
141,Bumblebee,19,2,180,false,,false,,,,,,,false,false
141,Bumblebee,8,4,0,false,,false,,,,,,,false,false
141,Hound,5,10,180,false,,false,,,,,,,false,false
141,Hound,6,8,0,false,,false,,,,,,,false,false
141,Ironhide,1,4,90,true,130A-2,false,130A-2-3,130A-2,55,180,150,159,false,false
141,Ironhide,3,9,0,false,,false,,,,,,,false,false
141,Jazz,9,3,90,true,140B,true,140B-3,140B,106,195,144,155,false,false
141,Jazz,9,5,90,false,,false,,,,,,,false,false
141,Megatron,1,6,90,true,140A-2,true,140A-2-3,140A-2,69,149,153,163,true,false
141,Megatron,7,9,90,false,,false,,,,,,,false,false
141,Optimus,13,13,90,false,,false,,,,,,,false,false
141,Ratchet,1,7,270,false,,false,,,,,,,false,false
141,Ratchet,5,5,90,false,,false,,,,,,,false,false
141,RedAlert,1,4,90,true,130A,false,130A-3,130A,92,192,146,157,false,false
141,RedAlert,3,5,0,false,,false,,,,,,,false,false
141,Sideswipe,17,5,90,false,,false,,,,,,,false,false
141,Smokescreen,13,9,90,false,,false,,,,,,,false,false
141,Wheeljack,3,3,0,true,150,true,150-3,150,85,166,155,165,false,false
141,Wheeljack,13,5,90,false,,false,,,,,,,false,false
142,Bluestreak,1,2,180,true,200C-3,true,200C-3-3,200C-3,92,179,175,191,false,false
142,Bluestreak,19,13,90,false,,false,,,,,,,false,false
142,Bumblebee,18,2,180,false,,false,,,,,,,false,false
142,Bumblebee,8,4,0,false,,false,,,,,,,false,false
142,Hound,4,10,180,false,,false,,,,,,,false,false
142,Hound,6,8,0,false,,false,,,,,,,false,false
142,Ironhide,1,5,90,true,130A-2,false,130A-2-3,130A-2,55,180,150,159,false,false
142,Ironhide,3,9,0,false,,false,,,,,,,false,false
142,Jazz,9,4,90,true,140B,true,140B-3,140B,106,195,144,155,false,false
142,Jazz,9,5,90,false,,false,,,,,,,false,false
142,Megatron,1,7,90,true,140A-2,true,140A-2-3,140A-2,69,149,153,163,true,false
142,Megatron,7,9,90,false,,false,,,,,,,false,false
142,Optimus,13,13,90,false,,false,,,,,,,false,false
142,Ratchet,1,6,270,false,,false,,,,,,,false,false
142,Ratchet,5,5,90,false,,false,,,,,,,false,false
142,RedAlert,1,5,90,true,130A,false,130A-3,130A,92,192,146,157,false,false
142,RedAlert,3,5,0,false,,false,,,,,,,false,false
142,Sideswipe,17,5,90,false,,false,,,,,,,false,false
142,Smokescreen,13,9,90,false,,false,,,,,,,false,false
142,Wheeljack,4,3,0,true,150,true,150-3,150,85,166,155,165,false,false
142,Wheeljack,13,5,90,false,,false,,,,,,,false,false
143,Bluestreak,1,2,90,true,200C-3,true,200C-3-3,200C-3,92,179,175,191,false,false
143,Bluestreak,19,13,90,false,,false,,,,,,,false,false
143,Bumblebee,17,2,180,false,,false,,,,,,,false,false
143,Bumblebee,8,4,0,false,,false,,,,,,,false,false
143,Hound,3,10,180,false,,false,,,,,,,false,false
143,Hound,6,8,0,false,,false,,,,,,,false,false
143,Ironhide,1,6,90,true,130A-2,false,130A-2-3,130A-2,55,180,150,159,false,false
143,Ironhide,3,9,0,false,,false,,,,,,,false,false
143,Jazz,9,5,90,true,140B,true,140B-3,140B,106,195,144,155,false,true
143,Jazz,9,5,90,false,,false,,,,,,,false,false
143,Megatron,1,8,90,true,140A-2,true,140A-2-3,140A-2,69,149,153,163,true,false
143,Megatron,7,9,90,false,,false,,,,,,,false,false
143,Optimus,13,13,90,false,,false,,,,,,,false,false
143,Ratchet,1,5,270,false,,false,,,,,,,false,false
143,Ratchet,5,5,90,false,,false,,,,,,,false,false
143,RedAlert,1,5,0,true,130A,false,130A-3,130A,92,192,146,157,false,false
143,RedAlert,3,5,0,false,,false,,,,,,,false,false
143,Sideswipe,17,5,90,false,,false,,,,,,,false,false
143,Smokescreen,13,9,90,false,,false,,,,,,,false,false
143,Wheeljack,5,3,0,true,150,true,150-3,150,85,166,155,165,false,false
143,Wheeljack,13,5,90,false,,false,,,,,,,false,false
144,Bluestreak,1,3,90,true,200C-3,true,200C-3-3,200C-3,92,179,175,191,false,false
144,Bluestreak,19,13,90,false,,false,,,,,,,false,false
144,Bumblebee,16,2,180,false,,false,,,,,,,false,false
144,Bumblebee,8,4,0,false,,false,,,,,,,false,false
144,Hound,2,10,180,false,,false,,,,,,,false,false
144,Hound,6,8,0,false,,false,,,,,,,false,false
144,Ironhide,1,7,90,true,130A-2,false,130A-2-3,130A-2,55,180,150,159,false,false
144,Ironhide,3,9,0,false,,false,,,,,,,false,false
144,Jazz,9,5,90,false,,false,,,,,,,false,false
144,Jazz,9,5,90,false,,false,,,,,,,false,false
144,Megatron,1,8,0,true,140A-2,true,140A-2-3,140A-2,69,149,153,163,true,false
144,Megatron,7,9,90,false,,false,,,,,,,false,false
144,Optimus,13,13,90,false,,false,,,,,,,false,false
144,Ratchet,1,4,270,false,,false,,,,,,,false,false
144,Ratchet,5,5,90,false,,false,,,,,,,false,false
144,RedAlert,2,5,0,true,130A,false,130A-3,130A,92,192,146,157,false,false
144,RedAlert,3,5,0,false,,false,,,,,,,false,false
144,Sideswipe,17,5,90,false,,false,,,,,,,false,false
144,Smokescreen,13,9,90,false,,false,,,,,,,false,false
144,Wheeljack,6,3,0,true,150,true,150-3,150,85,166,155,165,false,false
144,Wheeljack,13,5,90,false,,false,,,,,,,false,false
145,Bluestreak,1,4,90,true,200C-3,true,200C-3-3,200C-3,92,179,175,191,false,false
145,Bluestreak,19,13,90,false,,false,,,,,,,false,false
145,Bumblebee,15,2,180,false,,false,,,,,,,false,false
145,Bumblebee,8,4,0,false,,false,,,,,,,false,false
145,Hound,1,10,180,false,,false,,,,,,,false,false
145,Hound,6,8,0,false,,false,,,,,,,false,false
145,Ironhide,1,8,90,true,130A-2,false,130A-2-3,130A-2,55,180,150,159,false,false
145,Ironhide,3,9,0,false,,false,,,,,,,false,false
145,Jazz,9,5,90,false,,false,,,,,,,false,false
145,Megatron,2,8,0,true,140A-2,true,140A-2-3,140A-2,69,149,153,163,true,false
145,Megatron,7,9,90,false,,false,,,,,,,false,false
145,Optimus,13,13,90,false,,false,,,,,,,false,false
145,Ratchet,1,3,270,false,,false,,,,,,,false,false
145,Ratchet,5,5,90,false,,false,,,,,,,false,false
145,RedAlert,3,5,0,true,130A,false,130A-3,130A,92,192,146,157,false,true
145,RedAlert,3,5,0,false,,false,,,,,,,false,false
145,Sideswipe,17,5,90,false,,false,,,,,,,false,false
145,Smokescreen,13,9,90,false,,false,,,,,,,false,false
145,Wheeljack,7,3,0,true,150,true,150-3,150,85,166,155,165,false,false
145,Wheeljack,13,5,90,false,,false,,,,,,,false,false
146,Bluestreak,1,5,90,true,200C-3,true,200C-3-3,200C-3,92,179,175,191,false,false
146,Bluestreak,19,13,90,false,,false,,,,,,,false,false
146,Bumblebee,14,2,180,false,,false,,,,,,,false,false
146,Bumblebee,8,4,0,false,,false,,,,,,,false,false
146,Hound,1,10,270,false,,false,,,,,,,false,false
146,Hound,6,8,0,false,,false,,,,,,,false,false
146,Ironhide,1,9,90,true,130A-2,false,130A-2-3,130A-2,55,180,150,159,false,false
146,Ironhide,3,9,0,false,,false,,,,,,,false,false
146,Jazz,9,5,90,false,,false,,,,,,,false,false
146,Megatron,3,8,0,true,140A-2,true,140A-2-3,140A-2,69,149,153,163,true,false
146,Megatron,7,9,90,false,,false,,,,,,,false,false
146,Optimus,13,13,90,false,,false,,,,,,,false,false
146,Ratchet,1,2,270,false,,false,,,,,,,false,false
146,Ratchet,5,5,90,false,,false,,,,,,,false,false
146,RedAlert,3,5,0,false,,false,,,,,,,false,false
146,RedAlert,3,5,0,false,,false,,,,,,,false,false
146,Sideswipe,17,5,90,false,,false,,,,,,,false,false
146,Smokescreen,13,9,90,false,,false,,,,,,,false,false
146,Wheeljack,8,3,0,true,150,true,150-3,150,85,166,155,165,false,false
146,Wheeljack,13,5,90,false,,false,,,,,,,false,false
147,Bluestreak,1,6,90,true,200C-3,true,200C-3-3,200C-3,92,179,175,191,false,false
147,Bluestreak,19,13,90,false,,false,,,,,,,false,false
147,Bumblebee,13,2,180,false,,false,,,,,,,false,false
147,Bumblebee,8,4,0,false,,false,,,,,,,false,false
147,Hound,1,9,270,false,,false,,,,,,,false,false
147,Hound,6,8,0,false,,false,,,,,,,false,false
147,Ironhide,1,9,0,true,130A-2,false,130A-2-3,130A-2,55,180,150,159,false,false
147,Ironhide,3,9,0,false,,false,,,,,,,false,false
147,Jazz,9,5,90,false,,false,,,,,,,false,false
147,Megatron,4,8,0,true,140A-2,true,140A-2-3,140A-2,69,149,153,163,true,false
147,Megatron,7,9,90,false,,false,,,,,,,false,false
147,Optimus,13,13,90,false,,false,,,,,,,false,false
147,Ratchet,1,2,270,true,130B,false,130B-2,130B,55,157,158,172,true,false
147,Ratchet,5,5,90,false,,false,,,,,,,false,false
147,RedAlert,3,5,0,false,,false,,,,,,,false,false
147,Sideswipe,17,5,90,false,,false,,,,,,,false,false
147,Smokescreen,13,9,90,false,,false,,,,,,,false,false
147,Wheeljack,9,3,0,true,150,true,150-3,150,85,166,155,165,false,false
147,Wheeljack,13,5,90,false,,false,,,,,,,false,false
148,Bluestreak,1,7,90,true,200C-3,true,200C-3-3,200C-3,92,179,175,191,false,false
148,Bluestreak,19,13,90,false,,false,,,,,,,false,false
148,Bumblebee,12,2,180,false,,false,,,,,,,false,false
148,Bumblebee,8,4,0,false,,false,,,,,,,false,false
148,Hound,1,8,270,false,,false,,,,,,,false,false
148,Hound,6,8,0,false,,false,,,,,,,false,false
148,Ironhide,2,9,0,true,130A-2,false,130A-2-3,130A-2,55,180,150,159,false,false
148,Ironhide,3,9,0,false,,false,,,,,,,false,false
148,Jazz,9,5,90,false,,false,,,,,,,false,false
148,Megatron,5,8,0,true,140A-2,true,140A-2-3,140A-2,69,149,153,163,true,false
148,Megatron,7,9,90,false,,false,,,,,,,false,false
148,Optimus,13,13,90,false,,false,,,,,,,false,false
148,Ratchet,1,2,90,true,130B,false,130B-2,130B,55,157,158,172,true,false
148,Ratchet,5,5,90,false,,false,,,,,,,false,false
148,RedAlert,3,5,0,false,,false,,,,,,,false,false
148,Sideswipe,17,5,90,false,,false,,,,,,,false,false
148,Smokescreen,13,9,90,false,,false,,,,,,,false,false
148,Wheeljack,10,3,0,true,150,true,150-3,150,85,166,155,165,false,false
148,Wheeljack,13,5,90,false,,false,,,,,,,false,false
149,Bluestreak,1,8,90,true,200C-3,true,200C-3-3,200C-3,92,179,175,191,false,false
149,Bluestreak,19,13,90,false,,false,,,,,,,false,false
149,Bumblebee,11,2,180,false,,false,,,,,,,false,false
149,Bumblebee,8,4,0,false,,false,,,,,,,false,false
149,Hound,1,7,270,false,,false,,,,,,,false,false
149,Hound,6,8,0,false,,false,,,,,,,false,false
149,Ironhide,3,9,0,true,130A-2,false,130A-2-3,130A-2,55,180,150,159,false,true
149,Ironhide,3,9,0,false,,false,,,,,,,false,false
149,Jazz,9,5,90,false,,false,,,,,,,false,false
149,Megatron,6,8,0,true,140A-2,true,140A-2-3,140A-2,69,149,153,163,true,false
149,Megatron,7,9,90,false,,false,,,,,,,false,false
149,Optimus,13,13,90,false,,false,,,,,,,false,false
149,Ratchet,1,3,90,true,130B,false,130B-2,130B,55,157,158,172,true,false
149,Ratchet,5,5,90,false,,false,,,,,,,false,false
149,RedAlert,3,5,0,false,,false,,,,,,,false,false
149,Sideswipe,17,5,90,false,,false,,,,,,,false,false
149,Smokescreen,13,9,270,false,,false,,,,,,,false,false
149,Smokescreen,11,5,90,false,,false,,,,,,,false,false
149,Wheeljack,11,3,0,true,150,true,150-3,150,85,166,155,165,false,false
149,Wheeljack,13,5,90,false,,false,,,,,,,false,false
150,Bluestreak,1,9,90,true,200C-3,true,200C-3-3,200C-3,92,179,175,191,false,false
150,Bluestreak,19,13,90,false,,false,,,,,,,false,false
150,Bumblebee,10,2,180,false,,false,,,,,,,false,false
150,Bumblebee,8,4,0,false,,false,,,,,,,false,false
150,Hound,1,6,270,false,,false,,,,,,,false,false
150,Hound,6,8,0,false,,false,,,,,,,false,false
150,Ironhide,3,9,0,false,,false,,,,,,,false,false
150,Ironhide,3,9,0,false,,false,,,,,,,false,false
150,Jazz,9,5,90,false,,false,,,,,,,false,false
150,Megatron,7,8,0,true,140A-2,true,140A-2-3,140A-2,69,149,153,163,true,false
150,Megatron,7,9,90,false,,false,,,,,,,false,false
150,Optimus,13,13,90,false,,false,,,,,,,false,false
150,Ratchet,1,3,0,true,130B,false,130B-2,130B,55,157,158,172,true,false
150,Ratchet,5,5,90,false,,false,,,,,,,false,false
150,RedAlert,3,5,0,false,,false,,,,,,,false,false
150,Sideswipe,17,5,90,false,,false,,,,,,,false,false
150,Smokescreen,13,8,270,false,,false,,,,,,,false,false
150,Smokescreen,11,5,90,false,,false,,,,,,,false,false
150,Wheeljack,12,3,0,true,150,true,150-3,150,85,166,155,165,false,false
150,Wheeljack,13,5,90,false,,false,,,,,,,false,false
151,Bluestreak,1,10,90,true,200C-3,true,200C-3-3,200C-3,92,179,175,191,false,false
151,Bluestreak,19,13,90,false,,false,,,,,,,false,false
151,Bumblebee,9,2,180,false,,false,,,,,,,false,false
151,Bumblebee,8,4,0,false,,false,,,,,,,false,false
151,Hound,1,5,270,false,,false,,,,,,,false,false
151,Hound,6,8,0,false,,false,,,,,,,false,false
151,Ironhide,3,9,0,false,,false,,,,,,,false,false
151,Jazz,9,5,90,false,,false,,,,,,,false,false
151,Megatron,7,8,90,true,140A-2,true,140A-2-3,140A-2,69,149,153,163,true,false
151,Megatron,7,9,90,false,,false,,,,,,,false,false
151,Optimus,13,13,90,false,,false,,,,,,,false,false
151,Ratchet,2,3,0,true,130B,false,130B-2,130B,55,157,158,172,true,false
151,Ratchet,5,5,90,false,,false,,,,,,,false,false
151,RedAlert,3,5,0,false,,false,,,,,,,false,false
151,Sideswipe,17,5,270,false,,false,,,,,,,false,false
151,Sideswipe,9,9,90,false,,false,,,,,,,false,false
151,Smokescreen,13,7,270,false,,false,,,,,,,false,false
151,Smokescreen,11,5,90,false,,false,,,,,,,false,false
151,Wheeljack,13,3,0,true,150,true,150-3,150,85,166,155,165,false,false
151,Wheeljack,13,5,90,false,,false,,,,,,,false,false
152,Bluestreak,1,11,90,true,200C-3,true,200C-3-3,200C-3,92,179,175,191,false,false
152,Bluestreak,19,13,90,false,,false,,,,,,,false,false
152,Bumblebee,8,2,180,false,,false,,,,,,,false,false
152,Bumblebee,8,4,0,false,,false,,,,,,,false,false
152,Hound,1,4,270,false,,false,,,,,,,false,false
152,Hound,6,8,0,false,,false,,,,,,,false,false
152,Ironhide,3,9,0,false,,false,,,,,,,false,false
152,Jazz,9,5,90,false,,false,,,,,,,false,false
152,Megatron,7,9,90,true,140A-2,true,140A-2-3,140A-2,69,149,153,163,true,true
152,Megatron,7,9,90,false,,false,,,,,,,false,false
152,Optimus,13,13,270,false,,false,,,,,,,false,false
152,Optimus,11,9,90,false,,false,,,,,,,false,false
152,Ratchet,3,3,0,true,130B,false,130B-2,130B,55,157,158,172,true,false
152,Ratchet,5,5,90,false,,false,,,,,,,false,false
152,RedAlert,3,5,0,false,,false,,,,,,,false,false
152,Sideswipe,17,4,270,false,,false,,,,,,,false,false
152,Sideswipe,9,9,90,false,,false,,,,,,,false,false
152,Smokescreen,13,6,270,false,,false,,,,,,,false,false
152,Smokescreen,11,5,90,false,,false,,,,,,,false,false
152,Wheeljack,13,3,90,true,150,true,150-3,150,85,166,155,165,false,false
152,Wheeljack,13,5,90,false,,false,,,,,,,false,false
153,Bluestreak,1,11,0,true,200C-3,true,200C-3-3,200C-3,92,179,175,191,false,false
153,Bluestreak,19,13,90,false,,false,,,,,,,false,false
153,Bumblebee,7,2,180,false,,false,,,,,,,false,false
153,Bumblebee,8,4,0,false,,false,,,,,,,false,false
153,Hound,1,3,270,false,,false,,,,,,,false,false
153,Hound,6,8,0,false,,false,,,,,,,false,false
153,Ironhide,3,9,0,false,,false,,,,,,,false,false
153,Jazz,9,5,90,false,,false,,,,,,,false,false
153,Megatron,7,9,90,false,,false,,,,,,,false,false
153,Megatron,7,9,90,false,,false,,,,,,,false,false
153,Optimus,13,12,270,false,,false,,,,,,,false,false
153,Optimus,11,9,90,false,,false,,,,,,,false,false
153,Ratchet,4,3,0,true,130B,false,130B-2,130B,55,157,158,172,true,false
153,Ratchet,5,5,90,false,,false,,,,,,,false,false
153,RedAlert,3,5,0,false,,false,,,,,,,false,false
153,Sideswipe,17,3,270,false,,false,,,,,,,false,false
153,Sideswipe,9,9,90,false,,false,,,,,,,false,false
153,Smokescreen,13,6,180,false,,false,,,,,,,false,false
153,Smokescreen,11,5,90,false,,false,,,,,,,false,false
153,Wheeljack,13,4,90,true,150,true,150-3,150,85,166,155,165,false,false
153,Wheeljack,13,5,90,false,,false,,,,,,,false,false
154,Bluestreak,2,11,0,true,200C-3,true,200C-3-3,200C-3,92,179,175,191,false,false
154,Bluestreak,19,13,90,false,,false,,,,,,,false,false
154,Bumblebee,6,2,180,false,,false,,,,,,,false,false
154,Bumblebee,8,4,0,false,,false,,,,,,,false,false
154,Hound,1,2,270,false,,false,,,,,,,false,false
154,Hound,6,8,0,false,,false,,,,,,,false,false
154,Ironhide,3,9,0,false,,false,,,,,,,false,false
154,Jazz,9,5,90,false,,false,,,,,,,false,false
154,Megatron,7,9,90,false,,false,,,,,,,false,false
154,Optimus,13,11,270,false,,false,,,,,,,false,false
154,Optimus,11,9,90,false,,false,,,,,,,false,false
154,Ratchet,5,3,0,true,130B,false,130B-2,130B,55,157,158,172,true,false
154,Ratchet,5,5,90,false,,false,,,,,,,false,false
154,RedAlert,3,5,0,false,,false,,,,,,,false,false
154,Sideswipe,17,2,270,false,,false,,,,,,,false,false
154,Sideswipe,9,9,90,false,,false,,,,,,,false,false
154,Smokescreen,12,6,180,false,,false,,,,,,,false,false
154,Smokescreen,11,5,90,false,,false,,,,,,,false,false
154,Wheeljack,13,5,90,true,150,true,150-3,150,85,166,155,165,false,true
154,Wheeljack,13,5,90,false,,false,,,,,,,false,false
155,Bluestreak,3,11,0,true,200C-3,true,200C-3-3,200C-3,92,179,175,191,false,false
155,Bluestreak,19,13,90,false,,false,,,,,,,false,false
155,Bumblebee,5,2,180,false,,false,,,,,,,false,false
155,Bumblebee,8,4,0,false,,false,,,,,,,false,false
155,Hound,1,2,270,true,130B-2,false,130B-2-3,130B-2,80,182,169,182,false,false
155,Hound,6,8,0,false,,false,,,,,,,false,false
155,Ironhide,3,9,0,false,,false,,,,,,,false,false
155,Jazz,9,5,90,false,,false,,,,,,,false,false
155,Megatron,7,9,90,false,,false,,,,,,,false,false
155,Optimus,13,10,270,false,,false,,,,,,,false,false
155,Optimus,11,9,90,false,,false,,,,,,,false,false
155,Ratchet,5,3,90,true,130B,false,130B-2,130B,55,157,158,172,true,false
155,Ratchet,5,5,90,false,,false,,,,,,,false,false
155,RedAlert,3,5,0,false,,false,,,,,,,false,false
155,Sideswipe,17,2,180,false,,false,,,,,,,false,false
155,Sideswipe,9,9,90,false,,false,,,,,,,false,false
155,Smokescreen,11,6,180,false,,false,,,,,,,false,false
155,Smokescreen,11,5,90,false,,false,,,,,,,false,false
155,Wheeljack,13,5,90,false,,false,,,,,,,false,false
155,Wheeljack,13,5,90,false,,false,,,,,,,false,false
156,Bluestreak,4,11,0,true,200C-3,true,200C-3-3,200C-3,92,179,175,191,false,false
156,Bluestreak,19,13,90,false,,false,,,,,,,false,false
156,Bumblebee,4,2,180,false,,false,,,,,,,false,false
156,Bumblebee,8,4,0,false,,false,,,,,,,false,false
156,Hound,1,2,90,true,130B-2,false,130B-2-3,130B-2,80,182,169,182,false,false
156,Hound,6,8,0,false,,false,,,,,,,false,false
156,Ironhide,3,9,0,false,,false,,,,,,,false,false
156,Jazz,9,5,270,false,,false,,,,,,,false,false
156,Jazz,8,12,0,false,,false,,,,,,,false,false
156,Megatron,7,9,90,false,,false,,,,,,,false,false
156,Optimus,13,9,270,false,,false,,,,,,,false,false
156,Optimus,11,9,90,false,,false,,,,,,,false,false
156,Ratchet,5,4,90,true,130B,false,130B-2,130B,55,157,158,172,true,false
156,Ratchet,5,5,90,false,,false,,,,,,,false,false
156,RedAlert,3,5,0,false,,false,,,,,,,false,false
156,Sideswipe,16,2,180,false,,false,,,,,,,false,false
156,Sideswipe,9,9,90,false,,false,,,,,,,false,false
156,Smokescreen,10,6,180,false,,false,,,,,,,false,false
156,Smokescreen,11,5,90,false,,false,,,,,,,false,false
156,Wheeljack,13,5,90,false,,false,,,,,,,false,false
157,Bluestreak,5,11,0,true,200C-3,true,200C-3-3,200C-3,92,179,175,191,false,false
157,Bluestreak,19,13,90,false,,false,,,,,,,false,false
157,Bumblebee,3,2,180,false,,false,,,,,,,false,false
157,Bumblebee,8,4,0,false,,false,,,,,,,false,false
157,Hound,1,3,90,true,130B-2,false,130B-2-3,130B-2,80,182,169,182,false,false
157,Hound,6,8,0,false,,false,,,,,,,false,false
157,Ironhide,3,9,0,false,,false,,,,,,,false,false
157,Jazz,9,4,270,false,,false,,,,,,,false,false
157,Jazz,8,12,0,false,,false,,,,,,,false,false
157,Megatron,7,9,90,false,,false,,,,,,,false,false
157,Optimus,13,8,270,false,,false,,,,,,,false,false
157,Optimus,11,9,90,false,,false,,,,,,,false,false
157,Ratchet,5,5,90,true,130B,false,130B-2,130B,55,157,158,172,true,true
157,Ratchet,5,5,90,false,,false,,,,,,,false,false
157,RedAlert,3,5,0,false,,false,,,,,,,false,false
157,Sideswipe,15,2,180,false,,false,,,,,,,false,false
157,Sideswipe,9,9,90,false,,false,,,,,,,false,false
157,Smokescreen,9,6,180,false,,false,,,,,,,false,false
157,Smokescreen,11,5,90,false,,false,,,,,,,false,false
157,Wheeljack,13,5,90,false,,false,,,,,,,false,false
158,Bluestreak,6,11,0,true,200C-3,true,200C-3-3,200C-3,92,179,175,191,false,false
158,Bluestreak,19,13,90,false,,false,,,,,,,false,false
158,Bumblebee,2,2,180,false,,false,,,,,,,false,false
158,Bumblebee,8,4,0,false,,false,,,,,,,false,false
158,Hound,1,4,90,true,130B-2,false,130B-2-3,130B-2,80,182,169,182,false,false
158,Hound,6,8,0,false,,false,,,,,,,false,false
158,Ironhide,3,9,0,false,,false,,,,,,,false,false
158,Jazz,9,3,270,false,,false,,,,,,,false,false
158,Jazz,8,12,0,false,,false,,,,,,,false,false
158,Megatron,7,9,90,false,,false,,,,,,,false,false
158,Optimus,13,7,270,false,,false,,,,,,,false,false
158,Optimus,11,9,90,false,,false,,,,,,,false,false
158,Ratchet,5,5,90,false,,false,,,,,,,false,false
158,Ratchet,5,5,90,false,,false,,,,,,,false,false
158,RedAlert,3,5,270,false,,false,,,,,,,false,false
158,RedAlert,13,9,90,false,,false,,,,,,,false,false
158,Sideswipe,14,2,180,false,,false,,,,,,,false,false
158,Sideswipe,9,9,90,false,,false,,,,,,,false,false
158,Smokescreen,8,6,180,false,,false,,,,,,,false,false
158,Smokescreen,11,5,90,false,,false,,,,,,,false,false
158,Wheeljack,13,5,90,false,,false,,,,,,,false,false
159,Bluestreak,7,11,0,true,200C-3,true,200C-3-3,200C-3,92,179,175,191,false,false
159,Bluestreak,19,13,90,false,,false,,,,,,,false,false
159,Bumblebee,1,2,180,false,,false,,,,,,,false,false
159,Bumblebee,8,4,0,false,,false,,,,,,,false,false
159,Hound,1,5,90,true,130B-2,false,130B-2-3,130B-2,80,182,169,182,false,false
159,Hound,6,8,0,false,,false,,,,,,,false,false
159,Ironhide,3,9,0,false,,false,,,,,,,false,false
159,Jazz,9,2,270,false,,false,,,,,,,false,false
159,Jazz,8,12,0,false,,false,,,,,,,false,false
159,Megatron,7,9,90,false,,false,,,,,,,false,false
159,Optimus,13,6,270,false,,false,,,,,,,false,false
159,Optimus,11,9,90,false,,false,,,,,,,false,false
159,Ratchet,5,5,90,false,,false,,,,,,,false,false
159,RedAlert,3,4,270,false,,false,,,,,,,false,false
159,RedAlert,13,9,90,false,,false,,,,,,,false,false
159,Sideswipe,13,2,180,false,,false,,,,,,,false,false
159,Sideswipe,9,9,90,false,,false,,,,,,,false,false
159,Smokescreen,7,6,180,false,,false,,,,,,,false,false
159,Smokescreen,11,5,90,false,,false,,,,,,,false,false
159,Wheeljack,13,5,90,false,,false,,,,,,,false,false
160,Bluestreak,8,11,0,true,200C-3,true,200C-3-3,200C-3,92,179,175,191,false,false
160,Bluestreak,19,13,90,false,,false,,,,,,,false,false
160,Bumblebee,1,2,180,true,140A,false,140A-3,140A,85,186,172,190,false,false
160,Bumblebee,8,4,0,false,,false,,,,,,,false,false
160,Hound,1,6,90,true,130B-2,false,130B-2-3,130B-2,80,182,169,182,false,false
160,Hound,6,8,0,false,,false,,,,,,,false,false
160,Ironhide,3,9,270,false,,false,,,,,,,false,false
160,Ironhide,9,13,90,false,,false,,,,,,,false,false
160,Jazz,9,2,180,false,,false,,,,,,,false,false
160,Jazz,8,12,0,false,,false,,,,,,,false,false
160,Megatron,7,9,90,false,,false,,,,,,,false,false
160,Optimus,13,6,180,false,,false,,,,,,,false,false
160,Optimus,11,9,90,false,,false,,,,,,,false,false
160,Ratchet,5,5,90,false,,false,,,,,,,false,false
160,RedAlert,3,3,270,false,,false,,,,,,,false,false
160,RedAlert,13,9,90,false,,false,,,,,,,false,false
160,Sideswipe,12,2,180,false,,false,,,,,,,false,false
160,Sideswipe,9,9,90,false,,false,,,,,,,false,false
160,Smokescreen,6,6,180,false,,false,,,,,,,false,false
160,Smokescreen,11,5,90,false,,false,,,,,,,false,false
160,Wheeljack,13,5,90,false,,false,,,,,,,false,false
161,Bluestreak,9,11,0,true,200C-3,true,200C-3-3,200C-3,92,179,175,191,false,false
161,Bluestreak,19,13,90,false,,false,,,,,,,false,false
161,Bumblebee,1,2,90,true,140A,false,140A-3,140A,85,186,172,190,false,false
161,Bumblebee,8,4,0,false,,false,,,,,,,false,false
161,Hound,1,7,90,true,130B-2,false,130B-2-3,130B-2,80,182,169,182,false,false
161,Hound,6,8,0,false,,false,,,,,,,false,false
161,Ironhide,3,8,270,false,,false,,,,,,,false,false
161,Ironhide,9,13,90,false,,false,,,,,,,false,false
161,Jazz,8,2,180,false,,false,,,,,,,false,false
161,Jazz,8,12,0,false,,false,,,,,,,false,false
161,Megatron,7,9,90,false,,false,,,,,,,false,false
161,Optimus,12,6,180,false,,false,,,,,,,false,false
161,Optimus,11,9,90,false,,false,,,,,,,false,false
161,Ratchet,5,5,90,false,,false,,,,,,,false,false
161,RedAlert,3,2,270,false,,false,,,,,,,false,false
161,RedAlert,13,9,90,false,,false,,,,,,,false,false
161,Sideswipe,11,2,180,false,,false,,,,,,,false,false
161,Sideswipe,9,9,90,false,,false,,,,,,,false,false
161,Smokescreen,5,6,180,false,,false,,,,,,,false,false
161,Smokescreen,11,5,90,false,,false,,,,,,,false,false
161,Wheeljack,13,5,90,false,,false,,,,,,,false,false
162,Bluestreak,10,11,0,true,200C-3,true,200C-3-3,200C-3,92,179,175,191,false,false
162,Bluestreak,19,13,90,false,,false,,,,,,,false,false
162,Bumblebee,1,3,90,true,140A,false,140A-3,140A,85,186,172,190,false,false
162,Bumblebee,8,4,0,false,,false,,,,,,,false,false
162,Hound,1,8,90,true,130B-2,false,130B-2-3,130B-2,80,182,169,182,false,false
162,Hound,6,8,0,false,,false,,,,,,,false,false
162,Ironhide,3,7,270,false,,false,,,,,,,false,false
162,Ironhide,9,13,90,false,,false,,,,,,,false,false
162,Jazz,7,2,180,false,,false,,,,,,,false,false
162,Jazz,8,12,0,false,,false,,,,,,,false,false
162,Megatron,7,9,90,false,,false,,,,,,,false,false
162,Optimus,11,6,180,false,,false,,,,,,,false,false
162,Optimus,11,9,90,false,,false,,,,,,,false,false
162,Ratchet,5,5,90,false,,false,,,,,,,false,false
162,RedAlert,3,2,180,false,,false,,,,,,,false,false
162,RedAlert,13,9,90,false,,false,,,,,,,false,false
162,Sideswipe,10,2,180,false,,false,,,,,,,false,false
162,Sideswipe,9,9,90,false,,false,,,,,,,false,false
162,Smokescreen,4,6,180,false,,false,,,,,,,false,false
162,Smokescreen,11,5,90,false,,false,,,,,,,false,false
162,Wheeljack,13,5,90,false,,false,,,,,,,false,false
163,Bluestreak,11,11,0,true,200C-3,true,200C-3-3,200C-3,92,179,175,191,false,false
163,Bluestreak,19,13,90,false,,false,,,,,,,false,false
163,Bumblebee,1,4,90,true,140A,false,140A-3,140A,85,186,172,190,false,false
163,Bumblebee,8,4,0,false,,false,,,,,,,false,false
163,Hound,1,8,0,true,130B-2,false,130B-2-3,130B-2,80,182,169,182,false,false
163,Hound,6,8,0,false,,false,,,,,,,false,false
163,Ironhide,3,6,270,false,,false,,,,,,,false,false
163,Ironhide,9,13,90,false,,false,,,,,,,false,false
163,Jazz,6,2,180,false,,false,,,,,,,false,false
163,Jazz,8,12,0,false,,false,,,,,,,false,false
163,Megatron,7,9,90,false,,false,,,,,,,false,false
163,Optimus,10,6,180,false,,false,,,,,,,false,false
163,Optimus,11,9,90,false,,false,,,,,,,false,false
163,Ratchet,5,5,90,false,,false,,,,,,,false,false
163,RedAlert,2,2,180,false,,false,,,,,,,false,false
163,RedAlert,13,9,90,false,,false,,,,,,,false,false
163,Sideswipe,9,2,180,false,,false,,,,,,,false,false
163,Sideswipe,9,9,90,false,,false,,,,,,,false,false
163,Smokescreen,3,6,180,false,,false,,,,,,,false,false
163,Smokescreen,11,5,90,false,,false,,,,,,,false,false
163,Wheeljack,13,5,90,false,,false,,,,,,,false,false
164,Bluestreak,12,11,0,true,200C-3,true,200C-3-3,200C-3,92,179,175,191,false,false
164,Bluestreak,19,13,90,false,,false,,,,,,,false,false
164,Bumblebee,1,4,0,true,140A,false,140A-3,140A,85,186,172,190,false,false
164,Bumblebee,8,4,0,false,,false,,,,,,,false,false
164,Hound,2,8,0,true,130B-2,false,130B-2-3,130B-2,80,182,169,182,false,false
164,Hound,6,8,0,false,,false,,,,,,,false,false
164,Ironhide,3,5,270,false,,false,,,,,,,false,false
164,Ironhide,9,13,90,false,,false,,,,,,,false,false
164,Jazz,5,2,180,false,,false,,,,,,,false,false
164,Jazz,8,12,0,false,,false,,,,,,,false,false
164,Megatron,7,9,270,false,,false,,,,,,,false,false
164,Megatron,6,4,0,false,,false,,,,,,,false,false
164,Optimus,9,6,180,false,,false,,,,,,,false,false
164,Optimus,11,9,90,false,,false,,,,,,,false,false
164,Ratchet,5,5,90,false,,false,,,,,,,false,false
164,RedAlert,1,2,180,false,,false,,,,,,,false,false
164,RedAlert,13,9,90,false,,false,,,,,,,false,false
164,Sideswipe,8,2,180,false,,false,,,,,,,false,false
164,Sideswipe,9,9,90,false,,false,,,,,,,false,false
164,Smokescreen,2,6,180,false,,false,,,,,,,false,false
164,Smokescreen,11,5,90,false,,false,,,,,,,false,false
164,Wheeljack,13,5,90,false,,false,,,,,,,false,false
165,Bluestreak,13,11,0,true,200C-3,true,200C-3-3,200C-3,92,179,175,191,false,false
165,Bluestreak,19,13,90,false,,false,,,,,,,false,false
165,Bumblebee,2,4,0,true,140A,false,140A-3,140A,85,186,172,190,false,false
165,Bumblebee,8,4,0,false,,false,,,,,,,false,false
165,Hound,3,8,0,true,130B-2,false,130B-2-3,130B-2,80,182,169,182,false,false
165,Hound,6,8,0,false,,false,,,,,,,false,false
165,Ironhide,3,4,270,false,,false,,,,,,,false,false
165,Ironhide,9,13,90,false,,false,,,,,,,false,false
165,Jazz,4,2,180,false,,false,,,,,,,false,false
165,Jazz,8,12,0,false,,false,,,,,,,false,false
165,Megatron,7,8,270,false,,false,,,,,,,false,false
165,Megatron,6,4,0,false,,false,,,,,,,false,false
165,Optimus,8,6,180,false,,false,,,,,,,false,false
165,Optimus,11,9,90,false,,false,,,,,,,false,false
165,Ratchet,5,5,90,false,,false,,,,,,,false,false
165,RedAlert,1,2,180,true,150-2,false,150-2-2,150-2,58,182,188,205,true,false
165,RedAlert,13,9,90,false,,false,,,,,,,false,false
165,Sideswipe,7,2,180,false,,false,,,,,,,false,false
165,Sideswipe,9,9,90,false,,false,,,,,,,false,false
165,Smokescreen,1,6,180,false,,false,,,,,,,false,false
165,Smokescreen,11,5,90,false,,false,,,,,,,false,false
165,Wheeljack,13,5,90,false,,false,,,,,,,false,false
166,Bluestreak,14,11,0,true,200C-3,true,200C-3-3,200C-3,92,179,175,191,false,false
166,Bluestreak,19,13,90,false,,false,,,,,,,false,false
166,Bumblebee,3,4,0,true,140A,false,140A-3,140A,85,186,172,190,false,false
166,Bumblebee,8,4,0,false,,false,,,,,,,false,false
166,Hound,4,8,0,true,130B-2,false,130B-2-3,130B-2,80,182,169,182,false,false
166,Hound,6,8,0,false,,false,,,,,,,false,false
166,Ironhide,3,3,270,false,,false,,,,,,,false,false
166,Ironhide,9,13,90,false,,false,,,,,,,false,false
166,Jazz,3,2,180,false,,false,,,,,,,false,false
166,Jazz,8,12,0,false,,false,,,,,,,false,false
166,Megatron,7,7,270,false,,false,,,,,,,false,false
166,Megatron,6,4,0,false,,false,,,,,,,false,false
166,Optimus,7,6,180,false,,false,,,,,,,false,false
166,Optimus,11,9,90,false,,false,,,,,,,false,false
166,Ratchet,5,5,90,false,,false,,,,,,,false,false
166,RedAlert,1,2,90,true,150-2,false,150-2-2,150-2,58,182,188,205,true,false
166,RedAlert,13,9,90,false,,false,,,,,,,false,false
166,Sideswipe,6,2,180,false,,false,,,,,,,false,false
166,Sideswipe,9,9,90,false,,false,,,,,,,false,false
166,Smokescreen,1,6,270,false,,false,,,,,,,false,false
166,Smokescreen,11,5,90,false,,false,,,,,,,false,false
166,Wheeljack,13,5,270,false,,false,,,,,,,false,false
166,Wheeljack,15,13,90,false,,false,,,,,,,false,false
167,Bluestreak,15,11,0,true,200C-3,true,200C-3-3,200C-3,92,179,175,191,false,false
167,Bluestreak,19,13,90,false,,false,,,,,,,false,false
167,Bumblebee,4,4,0,true,140A,false,140A-3,140A,85,186,172,190,false,false
167,Bumblebee,8,4,0,false,,false,,,,,,,false,false
167,Hound,5,8,0,true,130B-2,false,130B-2-3,130B-2,80,182,169,182,false,false
167,Hound,6,8,0,false,,false,,,,,,,false,false
167,Ironhide,3,2,270,false,,false,,,,,,,false,false
167,Ironhide,9,13,90,false,,false,,,,,,,false,false
167,Jazz,2,2,180,false,,false,,,,,,,false,false
167,Jazz,8,12,0,false,,false,,,,,,,false,false
167,Megatron,7,6,270,false,,false,,,,,,,false,false
167,Megatron,6,4,0,false,,false,,,,,,,false,false
167,Optimus,6,6,180,false,,false,,,,,,,false,false
167,Optimus,11,9,90,false,,false,,,,,,,false,false
167,Ratchet,5,5,90,false,,false,,,,,,,false,false
167,RedAlert,1,3,90,true,150-2,false,150-2-2,150-2,58,182,188,205,true,false
167,RedAlert,13,9,90,false,,false,,,,,,,false,false
167,Sideswipe,5,2,180,false,,false,,,,,,,false,false
167,Sideswipe,9,9,90,false,,false,,,,,,,false,false
167,Smokescreen,1,5,270,false,,false,,,,,,,false,false
167,Smokescreen,11,5,90,false,,false,,,,,,,false,false
167,Wheeljack,13,4,270,false,,false,,,,,,,false,false
167,Wheeljack,15,13,90,false,,false,,,,,,,false,false
168,Bluestreak,16,11,0,true,200C-3,true,200C-3-3,200C-3,92,179,175,191,false,false
168,Bluestreak,19,13,90,false,,false,,,,,,,false,false
168,Bumblebee,5,4,0,true,140A,false,140A-3,140A,85,186,172,190,false,false
168,Bumblebee,8,4,0,false,,false,,,,,,,false,false
168,Hound,6,8,0,true,130B-2,false,130B-2-3,130B-2,80,182,169,182,false,true
168,Hound,6,8,0,false,,false,,,,,,,false,false
168,Ironhide,3,2,180,false,,false,,,,,,,false,false
168,Ironhide,9,13,90,false,,false,,,,,,,false,false
168,Jazz,1,2,180,false,,false,,,,,,,false,false
168,Jazz,8,12,0,false,,false,,,,,,,false,false
168,Megatron,7,5,270,false,,false,,,,,,,false,false
168,Megatron,6,4,0,false,,false,,,,,,,false,false
168,Optimus,5,6,180,false,,false,,,,,,,false,false
168,Optimus,11,9,90,false,,false,,,,,,,false,false
168,Ratchet,5,5,90,false,,false,,,,,,,false,false
168,RedAlert,1,4,90,true,150-2,false,150-2-2,150-2,58,182,188,205,true,false
168,RedAlert,13,9,90,false,,false,,,,,,,false,false
168,Sideswipe,4,2,180,false,,false,,,,,,,false,false
168,Sideswipe,9,9,90,false,,false,,,,,,,false,false
168,Smokescreen,1,4,270,false,,false,,,,,,,false,false
168,Smokescreen,11,5,90,false,,false,,,,,,,false,false
168,Wheeljack,13,3,270,false,,false,,,,,,,false,false
168,Wheeljack,15,13,90,false,,false,,,,,,,false,false
169,Bluestreak,17,11,0,true,200C-3,true,200C-3-3,200C-3,92,179,175,191,false,false
169,Bluestreak,19,13,90,false,,false,,,,,,,false,false
169,Bumblebee,6,4,0,true,140A,false,140A-3,140A,85,186,172,190,false,false
169,Bumblebee,8,4,0,false,,false,,,,,,,false,false
169,Hound,6,8,0,false,,false,,,,,,,false,false
169,Hound,6,8,0,false,,false,,,,,,,false,false
169,Ironhide,2,2,180,false,,false,,,,,,,false,false
169,Ironhide,9,13,90,false,,false,,,,,,,false,false
169,Jazz,1,2,180,true,140A-3,false,140A-3-3,140A-3,100,200,189,204,false,false
169,Jazz,8,12,0,false,,false,,,,,,,false,false
169,Megatron,7,4,270,false,,false,,,,,,,false,false
169,Megatron,6,4,0,false,,false,,,,,,,false,false
169,Optimus,4,6,180,false,,false,,,,,,,false,false
169,Optimus,11,9,90,false,,false,,,,,,,false,false
169,Ratchet,5,5,90,false,,false,,,,,,,false,false
169,RedAlert,1,5,90,true,150-2,false,150-2-2,150-2,58,182,188,205,true,false
169,RedAlert,13,9,90,false,,false,,,,,,,false,false
169,Sideswipe,3,2,180,false,,false,,,,,,,false,false
169,Sideswipe,9,9,90,false,,false,,,,,,,false,false
169,Smokescreen,1,3,270,false,,false,,,,,,,false,false
169,Smokescreen,11,5,90,false,,false,,,,,,,false,false
169,Wheeljack,13,2,270,false,,false,,,,,,,false,false
169,Wheeljack,15,13,90,false,,false,,,,,,,false,false
170,Bluestreak,18,11,0,true,200C-3,true,200C-3-3,200C-3,92,179,175,191,false,false
170,Bluestreak,19,13,90,false,,false,,,,,,,false,false
170,Bumblebee,7,4,0,true,140A,false,140A-3,140A,85,186,172,190,false,false
170,Bumblebee,8,4,0,false,,false,,,,,,,false,false
170,Hound,6,8,0,false,,false,,,,,,,false,false
170,Ironhide,1,2,180,false,,false,,,,,,,false,false
170,Ironhide,9,13,90,false,,false,,,,,,,false,false
170,Jazz,1,2,90,true,140A-3,false,140A-3-3,140A-3,100,200,189,204,false,false
170,Jazz,8,12,0,false,,false,,,,,,,false,false
170,Megatron,7,3,270,false,,false,,,,,,,false,false
170,Megatron,6,4,0,false,,false,,,,,,,false,false
170,Optimus,3,6,180,false,,false,,,,,,,false,false
170,Optimus,11,9,90,false,,false,,,,,,,false,false
170,Ratchet,5,5,90,false,,false,,,,,,,false,false
170,RedAlert,1,6,90,true,150-2,false,150-2-2,150-2,58,182,188,205,true,false
170,RedAlert,13,9,90,false,,false,,,,,,,false,false
170,Sideswipe,2,2,180,false,,false,,,,,,,false,false
170,Sideswipe,9,9,90,false,,false,,,,,,,false,false
170,Smokescreen,1,2,270,false,,false,,,,,,,false,false
170,Smokescreen,11,5,90,false,,false,,,,,,,false,false
170,Wheeljack,13,2,180,false,,false,,,,,,,false,false
170,Wheeljack,15,13,90,false,,false,,,,,,,false,false
171,Bluestreak,19,11,0,true,200C-3,true,200C-3-3,200C-3,92,179,175,191,false,false
171,Bluestreak,19,13,90,false,,false,,,,,,,false,false
171,Bumblebee,8,4,0,true,140A,false,140A-3,140A,85,186,172,190,false,true
171,Bumblebee,8,4,0,false,,false,,,,,,,false,false
171,Hound,6,8,0,false,,false,,,,,,,false,false
171,Ironhide,1,2,180,true,140B-3,false,140B-3-3,140B-3,86,215,194,207,false,false
171,Ironhide,9,13,90,false,,false,,,,,,,false,false
171,Jazz,1,3,90,true,140A-3,false,140A-3-3,140A-3,100,200,189,204,false,false
171,Jazz,8,12,0,false,,false,,,,,,,false,false
171,Megatron,7,2,270,false,,false,,,,,,,false,false
171,Megatron,6,4,0,false,,false,,,,,,,false,false
171,Optimus,2,6,180,false,,false,,,,,,,false,false
171,Optimus,11,9,90,false,,false,,,,,,,false,false
171,Ratchet,5,5,90,false,,false,,,,,,,false,false
171,RedAlert,1,7,90,true,150-2,false,150-2-2,150-2,58,182,188,205,true,false
171,RedAlert,13,9,90,false,,false,,,,,,,false,false
171,Sideswipe,1,2,180,false,,false,,,,,,,false,false
171,Sideswipe,9,9,90,false,,false,,,,,,,false,false
171,Smokescreen,1,2,270,true,140C,false,140C-3,140C,67,195,188,205,false,false
171,Smokescreen,11,5,90,false,,false,,,,,,,false,false
171,Wheeljack,12,2,180,false,,false,,,,,,,false,false
171,Wheeljack,15,13,90,false,,false,,,,,,,false,false
172,Bluestreak,19,11,90,true,200C-3,true,200C-3-3,200C-3,92,179,175,191,false,false
172,Bluestreak,19,13,90,false,,false,,,,,,,false,false
172,Bumblebee,8,4,0,false,,false,,,,,,,false,false
172,Bumblebee,8,4,0,false,,false,,,,,,,false,false
172,Hound,6,8,0,false,,false,,,,,,,false,false
172,Ironhide,1,2,90,true,140B-3,false,140B-3-3,140B-3,86,215,194,207,false,false
172,Ironhide,9,13,90,false,,false,,,,,,,false,false
172,Jazz,1,4,90,true,140A-3,false,140A-3-3,140A-3,100,200,189,204,false,false
172,Jazz,8,12,0,false,,false,,,,,,,false,false
172,Megatron,7,2,180,false,,false,,,,,,,false,false
172,Megatron,6,4,0,false,,false,,,,,,,false,false
172,Optimus,1,6,180,false,,false,,,,,,,false,false
172,Optimus,11,9,90,false,,false,,,,,,,false,false
172,Ratchet,5,5,90,false,,false,,,,,,,false,false
172,RedAlert,1,7,0,true,150-2,false,150-2-2,150-2,58,182,188,205,true,false
172,RedAlert,13,9,90,false,,false,,,,,,,false,false
172,Sideswipe,1,2,180,true,140B-2,false,140B-2-3,140B-2,81,187,191,201,true,false
172,Sideswipe,9,9,90,false,,false,,,,,,,false,false
172,Smokescreen,1,2,90,true,140C,false,140C-3,140C,67,195,188,205,false,false
172,Smokescreen,11,5,90,false,,false,,,,,,,false,false
172,Wheeljack,11,2,180,false,,false,,,,,,,false,false
172,Wheeljack,15,13,90,false,,false,,,,,,,false,false
173,Bluestreak,19,12,90,true,200C-3,true,200C-3-3,200C-3,92,179,175,191,false,false
173,Bluestreak,19,13,90,false,,false,,,,,,,false,false
173,Bumblebee,8,4,0,false,,false,,,,,,,false,false
173,Hound,6,8,0,false,,false,,,,,,,false,false
173,Ironhide,1,3,90,true,140B-3,false,140B-3-3,140B-3,86,215,194,207,false,false
173,Ironhide,9,13,90,false,,false,,,,,,,false,false
173,Jazz,1,5,90,true,140A-3,false,140A-3-3,140A-3,100,200,189,204,false,false
173,Jazz,8,12,0,false,,false,,,,,,,false,false
173,Megatron,6,2,180,false,,false,,,,,,,false,false
173,Megatron,6,4,0,false,,false,,,,,,,false,false
173,Optimus,1,6,270,false,,false,,,,,,,false,false
173,Optimus,11,9,90,false,,false,,,,,,,false,false
173,Ratchet,5,5,270,false,,false,,,,,,,false,false
173,Ratchet,17,13,90,false,,false,,,,,,,false,false
173,RedAlert,2,7,0,true,150-2,false,150-2-2,150-2,58,182,188,205,true,false
173,RedAlert,13,9,90,false,,false,,,,,,,false,false
173,Sideswipe,1,2,90,true,140B-2,false,140B-2-3,140B-2,81,187,191,201,true,false
173,Sideswipe,9,9,90,false,,false,,,,,,,false,false
173,Smokescreen,1,3,90,true,140C,false,140C-3,140C,67,195,188,205,false,false
173,Smokescreen,11,5,90,false,,false,,,,,,,false,false
173,Wheeljack,10,2,180,false,,false,,,,,,,false,false
173,Wheeljack,15,13,90,false,,false,,,,,,,false,false
174,Bluestreak,19,13,90,true,200C-3,true,200C-3-3,200C-3,92,179,175,191,false,true
174,Bluestreak,19,13,90,false,,false,,,,,,,false,false
174,Bumblebee,8,4,0,false,,false,,,,,,,false,false
174,Hound,6,8,0,false,,false,,,,,,,false,false
174,Ironhide,1,4,90,true,140B-3,false,140B-3-3,140B-3,86,215,194,207,false,false
174,Ironhide,9,13,90,false,,false,,,,,,,false,false
174,Jazz,1,6,90,true,140A-3,false,140A-3-3,140A-3,100,200,189,204,false,false
174,Jazz,8,12,0,false,,false,,,,,,,false,false
174,Megatron,5,2,180,false,,false,,,,,,,false,false
174,Megatron,6,4,0,false,,false,,,,,,,false,false
174,Optimus,1,5,270,false,,false,,,,,,,false,false
174,Optimus,11,9,90,false,,false,,,,,,,false,false
174,Ratchet,5,4,270,false,,false,,,,,,,false,false
174,Ratchet,17,13,90,false,,false,,,,,,,false,false
174,RedAlert,3,7,0,true,150-2,false,150-2-2,150-2,58,182,188,205,true,false
174,RedAlert,13,9,90,false,,false,,,,,,,false,false
174,Sideswipe,1,3,90,true,140B-2,false,140B-2-3,140B-2,81,187,191,201,true,false
174,Sideswipe,9,9,90,false,,false,,,,,,,false,false
174,Smokescreen,1,3,0,true,140C,false,140C-3,140C,67,195,188,205,false,false
174,Smokescreen,11,5,90,false,,false,,,,,,,false,false
174,Wheeljack,9,2,180,false,,false,,,,,,,false,false
174,Wheeljack,15,13,90,false,,false,,,,,,,false,false
175,Bluestreak,19,13,90,false,,false,,,,,,,false,false
175,Bluestreak,19,13,90,false,,false,,,,,,,false,false
175,Bumblebee,8,4,0,false,,false,,,,,,,false,false
175,Hound,6,8,0,false,,false,,,,,,,false,false
175,Ironhide,1,5,90,true,140B-3,false,140B-3-3,140B-3,86,215,194,207,false,false
175,Ironhide,9,13,90,false,,false,,,,,,,false,false
175,Jazz,1,7,90,true,140A-3,false,140A-3-3,140A-3,100,200,189,204,false,false
175,Jazz,8,12,0,false,,false,,,,,,,false,false
175,Megatron,4,2,180,false,,false,,,,,,,false,false
175,Megatron,6,4,0,false,,false,,,,,,,false,false
175,Optimus,1,4,270,false,,false,,,,,,,false,false
175,Optimus,11,9,90,false,,false,,,,,,,false,false
175,Ratchet,5,3,270,false,,false,,,,,,,false,false
175,Ratchet,17,13,90,false,,false,,,,,,,false,false
175,RedAlert,4,7,0,true,150-2,false,150-2-2,150-2,58,182,188,205,true,false
175,RedAlert,13,9,90,false,,false,,,,,,,false,false
175,Sideswipe,1,4,90,true,140B-2,false,140B-2-3,140B-2,81,187,191,201,true,false
175,Sideswipe,9,9,90,false,,false,,,,,,,false,false
175,Smokescreen,2,3,0,true,140C,false,140C-3,140C,67,195,188,205,false,false
175,Smokescreen,11,5,90,false,,false,,,,,,,false,false
175,Wheeljack,8,2,180,false,,false,,,,,,,false,false
175,Wheeljack,15,13,90,false,,false,,,,,,,false,false
176,Bluestreak,19,13,90,false,,false,,,,,,,false,false
176,Bumblebee,8,4,0,false,,false,,,,,,,false,false
176,Hound,6,8,0,false,,false,,,,,,,false,false
176,Ironhide,1,6,90,true,140B-3,false,140B-3-3,140B-3,86,215,194,207,false,false
176,Ironhide,9,13,90,false,,false,,,,,,,false,false
176,Jazz,1,8,90,true,140A-3,false,140A-3-3,140A-3,100,200,189,204,false,false
176,Jazz,8,12,0,false,,false,,,,,,,false,false
176,Megatron,3,2,180,false,,false,,,,,,,false,false
176,Megatron,6,4,0,false,,false,,,,,,,false,false
176,Optimus,1,3,270,false,,false,,,,,,,false,false
176,Optimus,11,9,90,false,,false,,,,,,,false,false
176,Ratchet,5,2,270,false,,false,,,,,,,false,false
176,Ratchet,17,13,90,false,,false,,,,,,,false,false
176,RedAlert,5,7,0,true,150-2,false,150-2-2,150-2,58,182,188,205,true,false
176,RedAlert,13,9,90,false,,false,,,,,,,false,false
176,Sideswipe,1,5,90,true,140B-2,false,140B-2-3,140B-2,81,187,191,201,true,false
176,Sideswipe,9,9,90,false,,false,,,,,,,false,false
176,Smokescreen,3,3,0,true,140C,false,140C-3,140C,67,195,188,205,false,false
176,Smokescreen,11,5,90,false,,false,,,,,,,false,false
176,Wheeljack,7,2,180,false,,false,,,,,,,false,false
176,Wheeljack,15,13,90,false,,false,,,,,,,false,false
177,Bluestreak,19,13,90,false,,false,,,,,,,false,false
177,Bumblebee,8,4,0,false,,false,,,,,,,false,false
177,Hound,6,8,0,false,,false,,,,,,,false,false
177,Ironhide,1,7,90,true,140B-3,false,140B-3-3,140B-3,86,215,194,207,false,false
177,Ironhide,9,13,90,false,,false,,,,,,,false,false
177,Jazz,1,9,90,true,140A-3,false,140A-3-3,140A-3,100,200,189,204,false,false
177,Jazz,8,12,0,false,,false,,,,,,,false,false
177,Megatron,2,2,180,false,,false,,,,,,,false,false
177,Megatron,6,4,0,false,,false,,,,,,,false,false
177,Optimus,1,2,270,false,,false,,,,,,,false,false
177,Optimus,11,9,90,false,,false,,,,,,,false,false
177,Ratchet,5,2,180,false,,false,,,,,,,false,false
177,Ratchet,17,13,90,false,,false,,,,,,,false,false
177,RedAlert,6,7,0,true,150-2,false,150-2-2,150-2,58,182,188,205,true,false
177,RedAlert,13,9,90,false,,false,,,,,,,false,false
177,Sideswipe,1,6,90,true,140B-2,false,140B-2-3,140B-2,81,187,191,201,true,false
177,Sideswipe,9,9,90,false,,false,,,,,,,false,false
177,Smokescreen,4,3,0,true,140C,false,140C-3,140C,67,195,188,205,false,false
177,Smokescreen,11,5,90,false,,false,,,,,,,false,false
177,Wheeljack,6,2,180,false,,false,,,,,,,false,false
177,Wheeljack,15,13,90,false,,false,,,,,,,false,false
178,Bluestreak,19,13,90,false,,false,,,,,,,false,false
178,Bumblebee,8,4,0,false,,false,,,,,,,false,false
178,Hound,6,8,0,false,,false,,,,,,,false,false
178,Ironhide,1,8,90,true,140B-3,false,140B-3-3,140B-3,86,215,194,207,false,false
178,Ironhide,9,13,90,false,,false,,,,,,,false,false
178,Jazz,1,10,90,true,140A-3,false,140A-3-3,140A-3,100,200,189,204,false,false
178,Jazz,8,12,0,false,,false,,,,,,,false,false
178,Megatron,1,2,180,false,,false,,,,,,,false,false
178,Megatron,6,4,0,false,,false,,,,,,,false,false
178,Optimus,1,2,270,true,140C-2,false,140C-2-3,140C-2,72,193,199,207,true,false
178,Optimus,11,9,90,false,,false,,,,,,,false,false
178,Ratchet,4,2,180,false,,false,,,,,,,false,false
178,Ratchet,17,13,90,false,,false,,,,,,,false,false
178,RedAlert,7,7,0,true,150-2,false,150-2-2,150-2,58,182,188,205,true,false
178,RedAlert,13,9,90,false,,false,,,,,,,false,false
178,Sideswipe,1,7,90,true,140B-2,false,140B-2-3,140B-2,81,187,191,201,true,false
178,Sideswipe,9,9,90,false,,false,,,,,,,false,false
178,Smokescreen,5,3,0,true,140C,false,140C-3,140C,67,195,188,205,false,false
178,Smokescreen,11,5,90,false,,false,,,,,,,false,false
178,Wheeljack,5,2,180,false,,false,,,,,,,false,false
178,Wheeljack,15,13,90,false,,false,,,,,,,false,false
179,Bluestreak,19,13,90,false,,false,,,,,,,false,false
179,Bumblebee,8,4,0,false,,false,,,,,,,false,false
179,Hound,6,8,0,false,,false,,,,,,,false,false
179,Ironhide,1,9,90,true,140B-3,false,140B-3-3,140B-3,86,215,194,207,false,false
179,Ironhide,9,13,90,false,,false,,,,,,,false,false
179,Jazz,1,11,90,true,140A-3,false,140A-3-3,140A-3,100,200,189,204,false,false
179,Jazz,8,12,0,false,,false,,,,,,,false,false
179,Megatron,1,2,180,true,130B,false,130B-3,130B,77,197,189,207,false,false
179,Megatron,6,4,0,false,,false,,,,,,,false,false
179,Optimus,1,2,90,true,140C-2,false,140C-2-3,140C-2,72,193,199,207,true,false
179,Optimus,11,9,90,false,,false,,,,,,,false,false
179,Ratchet,3,2,180,false,,false,,,,,,,false,false
179,Ratchet,17,13,90,false,,false,,,,,,,false,false
179,RedAlert,8,7,0,true,150-2,false,150-2-2,150-2,58,182,188,205,true,false
179,RedAlert,13,9,90,false,,false,,,,,,,false,false
179,Sideswipe,1,7,0,true,140B-2,false,140B-2-3,140B-2,81,187,191,201,true,false
179,Sideswipe,9,9,90,false,,false,,,,,,,false,false
179,Smokescreen,6,3,0,true,140C,false,140C-3,140C,67,195,188,205,false,false
179,Smokescreen,11,5,90,false,,false,,,,,,,false,false
179,Wheeljack,4,2,180,false,,false,,,,,,,false,false
179,Wheeljack,15,13,90,false,,false,,,,,,,false,false
180,Bluestreak,19,13,90,false,,false,,,,,,,false,false
180,Bumblebee,8,4,0,false,,false,,,,,,,false,false
180,Hound,6,8,0,false,,false,,,,,,,false,false
180,Ironhide,1,10,90,true,140B-3,false,140B-3-3,140B-3,86,215,194,207,false,false
180,Ironhide,9,13,90,false,,false,,,,,,,false,false
180,Jazz,1,12,90,true,140A-3,false,140A-3-3,140A-3,100,200,189,204,false,false
180,Jazz,8,12,0,false,,false,,,,,,,false,false
180,Megatron,1,2,90,true,130B,false,130B-3,130B,77,197,189,207,false,false
180,Megatron,6,4,0,false,,false,,,,,,,false,false
180,Optimus,1,3,90,true,140C-2,false,140C-2-3,140C-2,72,193,199,207,true,false
180,Optimus,11,9,90,false,,false,,,,,,,false,false
180,Ratchet,2,2,180,false,,false,,,,,,,false,false
180,Ratchet,17,13,90,false,,false,,,,,,,false,false
180,RedAlert,9,7,0,true,150-2,false,150-2-2,150-2,58,182,188,205,true,false
180,RedAlert,13,9,90,false,,false,,,,,,,false,false
180,Sideswipe,2,7,0,true,140B-2,false,140B-2-3,140B-2,81,187,191,201,true,false
180,Sideswipe,9,9,90,false,,false,,,,,,,false,false
180,Smokescreen,7,3,0,true,140C,false,140C-3,140C,67,195,188,205,false,false
180,Smokescreen,11,5,90,false,,false,,,,,,,false,false
180,Wheeljack,3,2,180,false,,false,,,,,,,false,false
180,Wheeljack,15,13,90,false,,false,,,,,,,false,false
181,Bluestreak,19,13,90,false,,false,,,,,,,false,false
181,Bumblebee,8,4,0,false,,false,,,,,,,false,false
181,Hound,6,8,0,false,,false,,,,,,,false,false
181,Ironhide,1,11,90,true,140B-3,false,140B-3-3,140B-3,86,215,194,207,false,false
181,Ironhide,9,13,90,false,,false,,,,,,,false,false
181,Jazz,1,12,0,true,140A-3,false,140A-3-3,140A-3,100,200,189,204,false,false
181,Jazz,8,12,0,false,,false,,,,,,,false,false
181,Megatron,1,3,90,true,130B,false,130B-3,130B,77,197,189,207,false,false
181,Megatron,6,4,0,false,,false,,,,,,,false,false
181,Optimus,1,4,90,true,140C-2,false,140C-2-3,140C-2,72,193,199,207,true,false
181,Optimus,11,9,90,false,,false,,,,,,,false,false
181,Ratchet,1,2,180,false,,false,,,,,,,false,false
181,Ratchet,17,13,90,false,,false,,,,,,,false,false
181,RedAlert,10,7,0,true,150-2,false,150-2-2,150-2,58,182,188,205,true,false
181,RedAlert,13,9,90,false,,false,,,,,,,false,false
181,Sideswipe,3,7,0,true,140B-2,false,140B-2-3,140B-2,81,187,191,201,true,false
181,Sideswipe,9,9,90,false,,false,,,,,,,false,false
181,Smokescreen,8,3,0,true,140C,false,140C-3,140C,67,195,188,205,false,false
181,Smokescreen,11,5,90,false,,false,,,,,,,false,false
181,Wheeljack,2,2,180,false,,false,,,,,,,false,false
181,Wheeljack,15,13,90,false,,false,,,,,,,false,false
182,Bluestreak,19,13,90,false,,false,,,,,,,false,false
182,Bumblebee,8,4,0,false,,false,,,,,,,false,false
182,Hound,6,8,0,false,,false,,,,,,,false,false
182,Ironhide,1,11,0,true,140B-3,false,140B-3-3,140B-3,86,215,194,207,false,false
182,Ironhide,9,13,90,false,,false,,,,,,,false,false
182,Jazz,2,12,0,true,140A-3,false,140A-3-3,140A-3,100,200,189,204,false,false
182,Jazz,8,12,0,false,,false,,,,,,,false,false
182,Megatron,1,4,90,true,130B,false,130B-3,130B,77,197,189,207,false,false
182,Megatron,6,4,0,false,,false,,,,,,,false,false
182,Optimus,1,5,90,true,140C-2,false,140C-2-3,140C-2,72,193,199,207,true,false
182,Optimus,11,9,90,false,,false,,,,,,,false,false
182,Ratchet,1,2,180,true,200B-3,false,200B-3-3,200B-3,82,209,213,221,true,false
182,Ratchet,17,13,90,false,,false,,,,,,,false,false
182,RedAlert,11,7,0,true,150-2,false,150-2-2,150-2,58,182,188,205,true,false
182,RedAlert,13,9,90,false,,false,,,,,,,false,false
182,Sideswipe,4,7,0,true,140B-2,false,140B-2-3,140B-2,81,187,191,201,true,false
182,Sideswipe,9,9,90,false,,false,,,,,,,false,false
182,Smokescreen,9,3,0,true,140C,false,140C-3,140C,67,195,188,205,false,false
182,Smokescreen,11,5,90,false,,false,,,,,,,false,false
182,Wheeljack,1,2,180,false,,false,,,,,,,false,false
182,Wheeljack,15,13,90,false,,false,,,,,,,false,false
183,Bluestreak,19,13,90,false,,false,,,,,,,false,false
183,Bumblebee,8,4,0,false,,false,,,,,,,false,false
183,Hound,6,8,270,false,,false,,,,,,,false,false
183,Hound,20,8,0,false,,false,,,,,,,false,false
183,Ironhide,2,11,0,true,140B-3,false,140B-3-3,140B-3,86,215,194,207,false,false
183,Ironhide,9,13,90,false,,false,,,,,,,false,false
183,Jazz,3,12,0,true,140A-3,false,140A-3-3,140A-3,100,200,189,204,false,false
183,Jazz,8,12,0,false,,false,,,,,,,false,false
183,Megatron,1,4,0,true,130B,false,130B-3,130B,77,197,189,207,false,false
183,Megatron,6,4,0,false,,false,,,,,,,false,false
183,Optimus,1,6,90,true,140C-2,false,140C-2-3,140C-2,72,193,199,207,true,false
183,Optimus,11,9,90,false,,false,,,,,,,false,false
183,Ratchet,1,2,90,true,200B-3,false,200B-3-3,200B-3,82,209,213,221,true,false
183,Ratchet,17,13,90,false,,false,,,,,,,false,false
183,RedAlert,12,7,0,true,150-2,false,150-2-2,150-2,58,182,188,205,true,false
183,RedAlert,13,9,90,false,,false,,,,,,,false,false
183,Sideswipe,5,7,0,true,140B-2,false,140B-2-3,140B-2,81,187,191,201,true,false
183,Sideswipe,9,9,90,false,,false,,,,,,,false,false
183,Smokescreen,10,3,0,true,140C,false,140C-3,140C,67,195,188,205,false,false
183,Smokescreen,11,5,90,false,,false,,,,,,,false,false
183,Wheeljack,1,2,180,true,200A-3,false,200A-3-3,200A-3,104,219,212,221,false,false
183,Wheeljack,15,13,90,false,,false,,,,,,,false,false
184,Bluestreak,19,13,90,false,,false,,,,,,,false,false
184,Bumblebee,8,4,0,false,,false,,,,,,,false,false
184,Hound,6,7,270,false,,false,,,,,,,false,false
184,Hound,20,8,0,false,,false,,,,,,,false,false
184,Ironhide,3,11,0,true,140B-3,false,140B-3-3,140B-3,86,215,194,207,false,false
184,Ironhide,9,13,90,false,,false,,,,,,,false,false
184,Jazz,4,12,0,true,140A-3,false,140A-3-3,140A-3,100,200,189,204,false,false
184,Jazz,8,12,0,false,,false,,,,,,,false,false
184,Megatron,2,4,0,true,130B,false,130B-3,130B,77,197,189,207,false,false
184,Megatron,6,4,0,false,,false,,,,,,,false,false
184,Optimus,1,7,90,true,140C-2,false,140C-2-3,140C-2,72,193,199,207,true,false
184,Optimus,11,9,90,false,,false,,,,,,,false,false
184,Ratchet,1,3,90,true,200B-3,false,200B-3-3,200B-3,82,209,213,221,true,false
184,Ratchet,17,13,90,false,,false,,,,,,,false,false
184,RedAlert,13,7,0,true,150-2,false,150-2-2,150-2,58,182,188,205,true,false
184,RedAlert,13,9,90,false,,false,,,,,,,false,false
184,Sideswipe,6,7,0,true,140B-2,false,140B-2-3,140B-2,81,187,191,201,true,false
184,Sideswipe,9,9,90,false,,false,,,,,,,false,false
184,Smokescreen,11,3,0,true,140C,false,140C-3,140C,67,195,188,205,false,false
184,Smokescreen,11,5,90,false,,false,,,,,,,false,false
184,Wheeljack,1,2,90,true,200A-3,false,200A-3-3,200A-3,104,219,212,221,false,false
184,Wheeljack,15,13,90,false,,false,,,,,,,false,false
185,Bluestreak,19,13,90,false,,false,,,,,,,false,false
185,Bumblebee,8,4,0,false,,false,,,,,,,false,false
185,Hound,6,6,270,false,,false,,,,,,,false,false
185,Hound,20,8,0,false,,false,,,,,,,false,false
185,Ironhide,4,11,0,true,140B-3,false,140B-3-3,140B-3,86,215,194,207,false,false
185,Ironhide,9,13,90,false,,false,,,,,,,false,false
185,Jazz,5,12,0,true,140A-3,false,140A-3-3,140A-3,100,200,189,204,false,false
185,Jazz,8,12,0,false,,false,,,,,,,false,false
185,Megatron,3,4,0,true,130B,false,130B-3,130B,77,197,189,207,false,false
185,Megatron,6,4,0,false,,false,,,,,,,false,false
185,Optimus,1,7,0,true,140C-2,false,140C-2-3,140C-2,72,193,199,207,true,false
185,Optimus,11,9,90,false,,false,,,,,,,false,false
185,Ratchet,1,4,90,true,200B-3,false,200B-3-3,200B-3,82,209,213,221,true,false
185,Ratchet,17,13,90,false,,false,,,,,,,false,false
185,RedAlert,13,7,90,true,150-2,false,150-2-2,150-2,58,182,188,205,true,false
185,RedAlert,13,9,90,false,,false,,,,,,,false,false
185,Sideswipe,7,7,0,true,140B-2,false,140B-2-3,140B-2,81,187,191,201,true,false
185,Sideswipe,9,9,90,false,,false,,,,,,,false,false
185,Smokescreen,11,3,90,true,140C,false,140C-3,140C,67,195,188,205,false,false
185,Smokescreen,11,5,90,false,,false,,,,,,,false,false
185,Wheeljack,1,3,90,true,200A-3,false,200A-3-3,200A-3,104,219,212,221,false,false
185,Wheeljack,15,13,90,false,,false,,,,,,,false,false
186,Bluestreak,19,13,90,false,,false,,,,,,,false,false
186,Bumblebee,8,4,0,false,,false,,,,,,,false,false
186,Hound,6,6,180,false,,false,,,,,,,false,false
186,Hound,20,8,0,false,,false,,,,,,,false,false
186,Ironhide,5,11,0,true,140B-3,false,140B-3-3,140B-3,86,215,194,207,false,false
186,Ironhide,9,13,90,false,,false,,,,,,,false,false
186,Jazz,6,12,0,true,140A-3,false,140A-3-3,140A-3,100,200,189,204,false,false
186,Jazz,8,12,0,false,,false,,,,,,,false,false
186,Megatron,4,4,0,true,130B,false,130B-3,130B,77,197,189,207,false,false
186,Megatron,6,4,0,false,,false,,,,,,,false,false
186,Optimus,2,7,0,true,140C-2,false,140C-2-3,140C-2,72,193,199,207,true,false
186,Optimus,11,9,90,false,,false,,,,,,,false,false
186,Ratchet,1,5,90,true,200B-3,false,200B-3-3,200B-3,82,209,213,221,true,false
186,Ratchet,17,13,90,false,,false,,,,,,,false,false
186,RedAlert,13,8,90,true,150-2,false,150-2-2,150-2,58,182,188,205,true,false
186,RedAlert,13,9,90,false,,false,,,,,,,false,false
186,Sideswipe,8,7,0,true,140B-2,false,140B-2-3,140B-2,81,187,191,201,true,false
186,Sideswipe,9,9,90,false,,false,,,,,,,false,false
186,Smokescreen,11,4,90,true,140C,false,140C-3,140C,67,195,188,205,false,false
186,Smokescreen,11,5,90,false,,false,,,,,,,false,false
186,Wheeljack,1,4,90,true,200A-3,false,200A-3-3,200A-3,104,219,212,221,false,false
186,Wheeljack,15,13,90,false,,false,,,,,,,false,false
187,Bluestreak,19,13,90,false,,false,,,,,,,false,false
187,Bumblebee,8,4,0,false,,false,,,,,,,false,false
187,Hound,5,6,180,false,,false,,,,,,,false,false
187,Hound,20,8,0,false,,false,,,,,,,false,false
187,Ironhide,6,11,0,true,140B-3,false,140B-3-3,140B-3,86,215,194,207,false,false
187,Ironhide,9,13,90,false,,false,,,,,,,false,false
187,Jazz,7,12,0,true,140A-3,false,140A-3-3,140A-3,100,200,189,204,false,false
187,Jazz,8,12,0,false,,false,,,,,,,false,false
187,Megatron,5,4,0,true,130B,false,130B-3,130B,77,197,189,207,false,false
187,Megatron,6,4,0,false,,false,,,,,,,false,false
187,Optimus,3,7,0,true,140C-2,false,140C-2-3,140C-2,72,193,199,207,true,false
187,Optimus,11,9,90,false,,false,,,,,,,false,false
187,Ratchet,1,6,90,true,200B-3,false,200B-3-3,200B-3,82,209,213,221,true,false
187,Ratchet,17,13,90,false,,false,,,,,,,false,false
187,RedAlert,13,9,90,true,150-2,false,150-2-2,150-2,58,182,188,205,true,true
187,RedAlert,13,9,90,false,,false,,,,,,,false,false
187,Sideswipe,9,7,0,true,140B-2,false,140B-2-3,140B-2,81,187,191,201,true,false
187,Sideswipe,9,9,90,false,,false,,,,,,,false,false
187,Smokescreen,11,5,90,true,140C,false,140C-3,140C,67,195,188,205,false,true
187,Smokescreen,11,5,90,false,,false,,,,,,,false,false
187,Wheeljack,1,5,90,true,200A-3,false,200A-3-3,200A-3,104,219,212,221,false,false
187,Wheeljack,15,13,90,false,,false,,,,,,,false,false
188,Bluestreak,19,13,90,false,,false,,,,,,,false,false
188,Bumblebee,8,4,0,false,,false,,,,,,,false,false
188,Hound,4,6,180,false,,false,,,,,,,false,false
188,Hound,20,8,0,false,,false,,,,,,,false,false
188,Ironhide,7,11,0,true,140B-3,false,140B-3-3,140B-3,86,215,194,207,false,false
188,Ironhide,9,13,90,false,,false,,,,,,,false,false
188,Jazz,8,12,0,true,140A-3,false,140A-3-3,140A-3,100,200,189,204,false,true
188,Jazz,8,12,0,false,,false,,,,,,,false,false
188,Megatron,6,4,0,true,130B,false,130B-3,130B,77,197,189,207,false,true
188,Megatron,6,4,0,false,,false,,,,,,,false,false
188,Optimus,4,7,0,true,140C-2,false,140C-2-3,140C-2,72,193,199,207,true,false
188,Optimus,11,9,90,false,,false,,,,,,,false,false
188,Ratchet,1,7,90,true,200B-3,false,200B-3-3,200B-3,82,209,213,221,true,false
188,Ratchet,17,13,90,false,,false,,,,,,,false,false
188,RedAlert,13,9,90,false,,false,,,,,,,false,false
188,RedAlert,13,9,90,false,,false,,,,,,,false,false
188,Sideswipe,9,7,90,true,140B-2,false,140B-2-3,140B-2,81,187,191,201,true,false
188,Sideswipe,9,9,90,false,,false,,,,,,,false,false
188,Smokescreen,11,5,90,false,,false,,,,,,,false,false
188,Smokescreen,11,5,90,false,,false,,,,,,,false,false
188,Wheeljack,1,6,90,true,200A-3,false,200A-3-3,200A-3,104,219,212,221,false,false
188,Wheeljack,15,13,90,false,,false,,,,,,,false,false
189,Bluestreak,19,13,90,false,,false,,,,,,,false,false
189,Bumblebee,8,4,0,false,,false,,,,,,,false,false
189,Hound,3,6,180,false,,false,,,,,,,false,false
189,Hound,20,8,0,false,,false,,,,,,,false,false
189,Ironhide,8,11,0,true,140B-3,false,140B-3-3,140B-3,86,215,194,207,false,false
189,Ironhide,9,13,90,false,,false,,,,,,,false,false
189,Jazz,8,12,0,false,,false,,,,,,,false,false
189,Jazz,8,12,0,false,,false,,,,,,,false,false
189,Megatron,6,4,0,false,,false,,,,,,,false,false
189,Megatron,6,4,0,false,,false,,,,,,,false,false
189,Optimus,5,7,0,true,140C-2,false,140C-2-3,140C-2,72,193,199,207,true,false
189,Optimus,11,9,90,false,,false,,,,,,,false,false
189,Ratchet,1,8,90,true,200B-3,false,200B-3-3,200B-3,82,209,213,221,true,false
189,Ratchet,17,13,90,false,,false,,,,,,,false,false
189,RedAlert,13,9,90,false,,false,,,,,,,false,false
189,Sideswipe,9,8,90,true,140B-2,false,140B-2-3,140B-2,81,187,191,201,true,false
189,Sideswipe,9,9,90,false,,false,,,,,,,false,false
189,Smokescreen,11,5,90,false,,false,,,,,,,false,false
189,Wheeljack,1,7,90,true,200A-3,false,200A-3-3,200A-3,104,219,212,221,false,false
189,Wheeljack,15,13,90,false,,false,,,,,,,false,false
190,Bluestreak,19,13,90,false,,false,,,,,,,false,false
190,Bumblebee,8,4,0,false,,false,,,,,,,false,false
190,Hound,2,6,180,false,,false,,,,,,,false,false
190,Hound,20,8,0,false,,false,,,,,,,false,false
190,Ironhide,9,11,0,true,140B-3,false,140B-3-3,140B-3,86,215,194,207,false,false
190,Ironhide,9,13,90,false,,false,,,,,,,false,false
190,Jazz,8,12,0,false,,false,,,,,,,false,false
190,Megatron,6,4,0,false,,false,,,,,,,false,false
190,Optimus,6,7,0,true,140C-2,false,140C-2-3,140C-2,72,193,199,207,true,false
190,Optimus,11,9,90,false,,false,,,,,,,false,false
190,Ratchet,1,9,90,true,200B-3,false,200B-3-3,200B-3,82,209,213,221,true,false
190,Ratchet,17,13,90,false,,false,,,,,,,false,false
190,RedAlert,13,9,90,false,,false,,,,,,,false,false
190,Sideswipe,9,9,90,true,140B-2,false,140B-2-3,140B-2,81,187,191,201,true,true
190,Sideswipe,9,9,90,false,,false,,,,,,,false,false
190,Smokescreen,11,5,90,false,,false,,,,,,,false,false
190,Wheeljack,1,8,90,true,200A-3,false,200A-3-3,200A-3,104,219,212,221,false,false
190,Wheeljack,15,13,90,false,,false,,,,,,,false,false
191,Bluestreak,19,13,90,false,,false,,,,,,,false,false
191,Bumblebee,8,4,270,false,,false,,,,,,,false,false
191,Bumblebee,16,8,0,false,,false,,,,,,,false,false
191,Hound,1,6,180,false,,false,,,,,,,false,false
191,Hound,20,8,0,false,,false,,,,,,,false,false
191,Ironhide,9,11,90,true,140B-3,false,140B-3-3,140B-3,86,215,194,207,false,false
191,Ironhide,9,13,90,false,,false,,,,,,,false,false
191,Jazz,8,12,0,false,,false,,,,,,,false,false
191,Megatron,6,4,0,false,,false,,,,,,,false,false
191,Optimus,7,7,0,true,140C-2,false,140C-2-3,140C-2,72,193,199,207,true,false
191,Optimus,11,9,90,false,,false,,,,,,,false,false
191,Ratchet,1,10,90,true,200B-3,false,200B-3-3,200B-3,82,209,213,221,true,false
191,Ratchet,17,13,90,false,,false,,,,,,,false,false
191,RedAlert,13,9,90,false,,false,,,,,,,false,false
191,Sideswipe,9,9,90,false,,false,,,,,,,false,false
191,Sideswipe,9,9,90,false,,false,,,,,,,false,false
191,Smokescreen,11,5,90,false,,false,,,,,,,false,false
191,Wheeljack,1,9,90,true,200A-3,false,200A-3-3,200A-3,104,219,212,221,false,false
191,Wheeljack,15,13,90,false,,false,,,,,,,false,false
192,Bluestreak,19,13,270,false,,false,,,,,,,false,false
192,Bluestreak,13,13,90,false,,false,,,,,,,false,false
192,Bumblebee,8,3,270,false,,false,,,,,,,false,false
192,Bumblebee,16,8,0,false,,false,,,,,,,false,false
192,Hound,1,6,270,false,,false,,,,,,,false,false
192,Hound,20,8,0,false,,false,,,,,,,false,false
192,Ironhide,9,12,90,true,140B-3,false,140B-3-3,140B-3,86,215,194,207,false,false
192,Ironhide,9,13,90,false,,false,,,,,,,false,false
192,Jazz,8,12,0,false,,false,,,,,,,false,false
192,Megatron,6,4,0,false,,false,,,,,,,false,false
192,Optimus,8,7,0,true,140C-2,false,140C-2-3,140C-2,72,193,199,207,true,false
192,Optimus,11,9,90,false,,false,,,,,,,false,false
192,Ratchet,1,11,90,true,200B-3,false,200B-3-3,200B-3,82,209,213,221,true,false
192,Ratchet,17,13,90,false,,false,,,,,,,false,false
192,RedAlert,13,9,90,false,,false,,,,,,,false,false
192,Sideswipe,9,9,90,false,,false,,,,,,,false,false
192,Smokescreen,11,5,90,false,,false,,,,,,,false,false
192,Wheeljack,1,10,90,true,200A-3,false,200A-3-3,200A-3,104,219,212,221,false,false
192,Wheeljack,15,13,90,false,,false,,,,,,,false,false
193,Bluestreak,19,12,270,false,,false,,,,,,,false,false
193,Bluestreak,13,13,90,false,,false,,,,,,,false,false
193,Bumblebee,8,2,270,false,,false,,,,,,,false,false
193,Bumblebee,16,8,0,false,,false,,,,,,,false,false
193,Hound,1,5,270,false,,false,,,,,,,false,false
193,Hound,20,8,0,false,,false,,,,,,,false,false
193,Ironhide,9,13,90,true,140B-3,false,140B-3-3,140B-3,86,215,194,207,false,true
193,Ironhide,9,13,90,false,,false,,,,,,,false,false
193,Jazz,8,12,0,false,,false,,,,,,,false,false
193,Megatron,6,4,0,false,,false,,,,,,,false,false
193,Optimus,9,7,0,true,140C-2,false,140C-2-3,140C-2,72,193,199,207,true,false
193,Optimus,11,9,90,false,,false,,,,,,,false,false
193,Ratchet,1,11,0,true,200B-3,false,200B-3-3,200B-3,82,209,213,221,true,false
193,Ratchet,17,13,90,false,,false,,,,,,,false,false
193,RedAlert,13,9,90,false,,false,,,,,,,false,false
193,Sideswipe,9,9,90,false,,false,,,,,,,false,false
193,Smokescreen,11,5,90,false,,false,,,,,,,false,false
193,Wheeljack,1,11,90,true,200A-3,false,200A-3-3,200A-3,104,219,212,221,false,false
193,Wheeljack,15,13,90,false,,false,,,,,,,false,false
194,Bluestreak,19,11,270,false,,false,,,,,,,false,false
194,Bluestreak,13,13,90,false,,false,,,,,,,false,false
194,Bumblebee,8,2,180,false,,false,,,,,,,false,false
194,Bumblebee,16,8,0,false,,false,,,,,,,false,false
194,Hound,1,4,270,false,,false,,,,,,,false,false
194,Hound,20,8,0,false,,false,,,,,,,false,false
194,Ironhide,9,13,90,false,,false,,,,,,,false,false
194,Ironhide,9,13,90,false,,false,,,,,,,false,false
194,Jazz,8,12,0,false,,false,,,,,,,false,false
194,Megatron,6,4,0,false,,false,,,,,,,false,false
194,Optimus,10,7,0,true,140C-2,false,140C-2-3,140C-2,72,193,199,207,true,false
194,Optimus,11,9,90,false,,false,,,,,,,false,false
194,Ratchet,2,11,0,true,200B-3,false,200B-3-3,200B-3,82,209,213,221,true,false
194,Ratchet,17,13,90,false,,false,,,,,,,false,false
194,RedAlert,13,9,90,false,,false,,,,,,,false,false
194,Sideswipe,9,9,90,false,,false,,,,,,,false,false
194,Smokescreen,11,5,90,false,,false,,,,,,,false,false
194,Wheeljack,1,11,0,true,200A-3,false,200A-3-3,200A-3,104,219,212,221,false,false
194,Wheeljack,15,13,90,false,,false,,,,,,,false,false
195,Bluestreak,19,10,270,false,,false,,,,,,,false,false
195,Bluestreak,13,13,90,false,,false,,,,,,,false,false
195,Bumblebee,7,2,180,false,,false,,,,,,,false,false
195,Bumblebee,16,8,0,false,,false,,,,,,,false,false
195,Hound,1,3,270,false,,false,,,,,,,false,false
195,Hound,20,8,0,false,,false,,,,,,,false,false
195,Ironhide,9,13,90,false,,false,,,,,,,false,false
195,Jazz,8,12,0,false,,false,,,,,,,false,false
195,Megatron,6,4,0,false,,false,,,,,,,false,false
195,Optimus,11,7,0,true,140C-2,false,140C-2-3,140C-2,72,193,199,207,true,false
195,Optimus,11,9,90,false,,false,,,,,,,false,false
195,Ratchet,3,11,0,true,200B-3,false,200B-3-3,200B-3,82,209,213,221,true,false
195,Ratchet,17,13,90,false,,false,,,,,,,false,false
195,RedAlert,13,9,90,false,,false,,,,,,,false,false
195,Sideswipe,9,9,90,false,,false,,,,,,,false,false
195,Smokescreen,11,5,90,false,,false,,,,,,,false,false
195,Wheeljack,2,11,0,true,200A-3,false,200A-3-3,200A-3,104,219,212,221,false,false
195,Wheeljack,15,13,90,false,,false,,,,,,,false,false
196,Bluestreak,19,9,270,false,,false,,,,,,,false,false
196,Bluestreak,13,13,90,false,,false,,,,,,,false,false
196,Bumblebee,6,2,180,false,,false,,,,,,,false,false
196,Bumblebee,16,8,0,false,,false,,,,,,,false,false
196,Hound,1,2,270,false,,false,,,,,,,false,false
196,Hound,20,8,0,false,,false,,,,,,,false,false
196,Ironhide,9,13,90,false,,false,,,,,,,false,false
196,Jazz,8,12,0,false,,false,,,,,,,false,false
196,Megatron,6,4,0,false,,false,,,,,,,false,false
196,Optimus,11,7,90,true,140C-2,false,140C-2-3,140C-2,72,193,199,207,true,false
196,Optimus,11,9,90,false,,false,,,,,,,false,false
196,Ratchet,4,11,0,true,200B-3,false,200B-3-3,200B-3,82,209,213,221,true,false
196,Ratchet,17,13,90,false,,false,,,,,,,false,false
196,RedAlert,13,9,90,false,,false,,,,,,,false,false
196,Sideswipe,9,9,90,false,,false,,,,,,,false,false
196,Smokescreen,11,5,90,false,,false,,,,,,,false,false
196,Wheeljack,3,11,0,true,200A-3,false,200A-3-3,200A-3,104,219,212,221,false,false
196,Wheeljack,15,13,90,false,,false,,,,,,,false,false
197,Bluestreak,19,8,270,false,,false,,,,,,,false,false
197,Bluestreak,13,13,90,false,,false,,,,,,,false,false
197,Bumblebee,5,2,180,false,,false,,,,,,,false,false
197,Bumblebee,16,8,0,false,,false,,,,,,,false,false
197,Hound,1,2,270,true,200C-2,false,200C-2-3,200C-2,75,203,225,241,true,false
197,Hound,20,8,0,false,,false,,,,,,,false,false
197,Ironhide,9,13,90,false,,false,,,,,,,false,false
197,Jazz,8,12,0,false,,false,,,,,,,false,false
197,Megatron,6,4,0,false,,false,,,,,,,false,false
197,Optimus,11,8,90,true,140C-2,false,140C-2-3,140C-2,72,193,199,207,true,false
197,Optimus,11,9,90,false,,false,,,,,,,false,false
197,Ratchet,5,11,0,true,200B-3,false,200B-3-3,200B-3,82,209,213,221,true,false
197,Ratchet,17,13,90,false,,false,,,,,,,false,false
197,RedAlert,13,9,90,false,,false,,,,,,,false,false
197,Sideswipe,9,9,90,false,,false,,,,,,,false,false
197,Smokescreen,11,5,90,false,,false,,,,,,,false,false
197,Wheeljack,4,11,0,true,200A-3,false,200A-3-3,200A-3,104,219,212,221,false,false
197,Wheeljack,15,13,90,false,,false,,,,,,,false,false
198,Bluestreak,19,7,270,false,,false,,,,,,,false,false
198,Bluestreak,13,13,90,false,,false,,,,,,,false,false
198,Bumblebee,4,2,180,false,,false,,,,,,,false,false
198,Bumblebee,16,8,0,false,,false,,,,,,,false,false
198,Hound,1,2,90,true,200C-2,false,200C-2-3,200C-2,75,203,225,241,true,false
198,Hound,20,8,0,false,,false,,,,,,,false,false
198,Ironhide,9,13,90,false,,false,,,,,,,false,false
198,Jazz,8,12,0,false,,false,,,,,,,false,false
198,Megatron,6,4,0,false,,false,,,,,,,false,false
198,Optimus,11,9,90,true,140C-2,false,140C-2-3,140C-2,72,193,199,207,true,true
198,Optimus,11,9,90,false,,false,,,,,,,false,false
198,Ratchet,6,11,0,true,200B-3,false,200B-3-3,200B-3,82,209,213,221,true,false
198,Ratchet,17,13,90,false,,false,,,,,,,false,false
198,RedAlert,13,9,90,false,,false,,,,,,,false,false
198,Sideswipe,9,9,90,false,,false,,,,,,,false,false
198,Smokescreen,11,5,90,false,,false,,,,,,,false,false
198,Wheeljack,5,11,0,true,200A-3,false,200A-3-3,200A-3,104,219,212,221,false,false
198,Wheeljack,15,13,90,false,,false,,,,,,,false,false
199,Bluestreak,19,6,270,false,,false,,,,,,,false,false
199,Bluestreak,13,13,90,false,,false,,,,,,,false,false
199,Bumblebee,3,2,180,false,,false,,,,,,,false,false
199,Bumblebee,16,8,0,false,,false,,,,,,,false,false
199,Hound,1,3,90,true,200C-2,false,200C-2-3,200C-2,75,203,225,241,true,false
199,Hound,20,8,0,false,,false,,,,,,,false,false
199,Ironhide,9,13,90,false,,false,,,,,,,false,false
199,Jazz,8,12,0,false,,false,,,,,,,false,false
199,Megatron,6,4,0,false,,false,,,,,,,false,false
199,Optimus,11,9,90,false,,false,,,,,,,false,false
199,Optimus,11,9,90,false,,false,,,,,,,false,false
199,Ratchet,7,11,0,true,200B-3,false,200B-3-3,200B-3,82,209,213,221,true,false
199,Ratchet,17,13,90,false,,false,,,,,,,false,false
199,RedAlert,13,9,90,false,,false,,,,,,,false,false
199,Sideswipe,9,9,90,false,,false,,,,,,,false,false
199,Smokescreen,11,5,90,false,,false,,,,,,,false,false
199,Wheeljack,6,11,0,true,200A-3,false,200A-3-3,200A-3,104,219,212,221,false,false
199,Wheeljack,15,13,90,false,,false,,,,,,,false,false
200,Bluestreak,19,5,270,false,,false,,,,,,,false,false
200,Bluestreak,13,13,90,false,,false,,,,,,,false,false
200,Bumblebee,2,2,180,false,,false,,,,,,,false,false
200,Bumblebee,16,8,0,false,,false,,,,,,,false,false
200,Hound,1,4,90,true,200C-2,false,200C-2-3,200C-2,75,203,225,241,true,false
200,Hound,20,8,0,false,,false,,,,,,,false,false
200,Ironhide,9,13,90,false,,false,,,,,,,false,false
200,Jazz,8,12,0,false,,false,,,,,,,false,false
200,Megatron,6,4,0,false,,false,,,,,,,false,false
200,Optimus,11,9,90,false,,false,,,,,,,false,false
200,Ratchet,8,11,0,true,200B-3,false,200B-3-3,200B-3,82,209,213,221,true,false
200,Ratchet,17,13,90,false,,false,,,,,,,false,false
200,RedAlert,13,9,90,false,,false,,,,,,,false,false
200,Sideswipe,9,9,90,false,,false,,,,,,,false,false
200,Smokescreen,11,5,90,false,,false,,,,,,,false,false
200,Wheeljack,7,11,0,true,200A-3,false,200A-3-3,200A-3,104,219,212,221,false,false
200,Wheeljack,15,13,90,false,,false,,,,,,,false,false
201,Bluestreak,19,4,270,false,,false,,,,,,,false,false
201,Bluestreak,13,13,90,false,,false,,,,,,,false,false
201,Bumblebee,1,2,180,false,,false,,,,,,,false,false
201,Bumblebee,16,8,0,false,,false,,,,,,,false,false
201,Hound,1,5,90,true,200C-2,false,200C-2-3,200C-2,75,203,225,241,true,false
201,Hound,20,8,0,false,,false,,,,,,,false,false
201,Ironhide,9,13,90,false,,false,,,,,,,false,false
201,Jazz,8,12,0,false,,false,,,,,,,false,false
201,Megatron,6,4,0,false,,false,,,,,,,false,false
201,Optimus,11,9,90,false,,false,,,,,,,false,false
201,Ratchet,9,11,0,true,200B-3,false,200B-3-3,200B-3,82,209,213,221,true,false
201,Ratchet,17,13,90,false,,false,,,,,,,false,false
201,RedAlert,13,9,90,false,,false,,,,,,,false,false
201,Sideswipe,9,9,90,false,,false,,,,,,,false,false
201,Smokescreen,11,5,90,false,,false,,,,,,,false,false
201,Wheeljack,8,11,0,true,200A-3,false,200A-3-3,200A-3,104,219,212,221,false,false
201,Wheeljack,15,13,90,false,,false,,,,,,,false,false
202,Bluestreak,19,3,270,false,,false,,,,,,,false,false
202,Bluestreak,13,13,90,false,,false,,,,,,,false,false
202,Bumblebee,1,2,180,true,200A-2,false,200A-2-3,200A-2,68,196,226,244,true,false
202,Bumblebee,16,8,0,false,,false,,,,,,,false,false
202,Hound,1,6,90,true,200C-2,false,200C-2-3,200C-2,75,203,225,241,true,false
202,Hound,20,8,0,false,,false,,,,,,,false,false
202,Ironhide,9,13,90,false,,false,,,,,,,false,false
202,Jazz,8,12,0,false,,false,,,,,,,false,false
202,Megatron,6,4,0,false,,false,,,,,,,false,false
202,Optimus,11,9,90,false,,false,,,,,,,false,false
202,Ratchet,10,11,0,true,200B-3,false,200B-3-3,200B-3,82,209,213,221,true,false
202,Ratchet,17,13,90,false,,false,,,,,,,false,false
202,RedAlert,13,9,90,false,,false,,,,,,,false,false
202,Sideswipe,9,9,270,false,,false,,,,,,,false,false
202,Sideswipe,13,18,0,false,,false,,,,,,,false,false
202,Smokescreen,11,5,90,false,,false,,,,,,,false,false
202,Wheeljack,9,11,0,true,200A-3,false,200A-3-3,200A-3,104,219,212,221,false,false
202,Wheeljack,15,13,90,false,,false,,,,,,,false,false
203,Bluestreak,19,2,270,false,,false,,,,,,,false,false
203,Bluestreak,13,13,90,false,,false,,,,,,,false,false
203,Bumblebee,1,2,90,true,200A-2,false,200A-2-3,200A-2,68,196,226,244,true,false
203,Bumblebee,16,8,0,false,,false,,,,,,,false,false
203,Hound,1,7,90,true,200C-2,false,200C-2-3,200C-2,75,203,225,241,true,false
203,Hound,20,8,0,false,,false,,,,,,,false,false
203,Ironhide,9,13,90,false,,false,,,,,,,false,false
203,Jazz,8,12,0,false,,false,,,,,,,false,false
203,Megatron,6,4,0,false,,false,,,,,,,false,false
203,Optimus,11,9,90,false,,false,,,,,,,false,false
203,Ratchet,11,11,0,true,200B-3,false,200B-3-3,200B-3,82,209,213,221,true,false
203,Ratchet,17,13,90,false,,false,,,,,,,false,false
203,RedAlert,13,9,90,false,,false,,,,,,,false,false
203,Sideswipe,9,8,270,false,,false,,,,,,,false,false
203,Sideswipe,13,18,0,false,,false,,,,,,,false,false
203,Smokescreen,11,5,90,false,,false,,,,,,,false,false
203,Wheeljack,10,11,0,true,200A-3,false,200A-3-3,200A-3,104,219,212,221,false,false
203,Wheeljack,15,13,90,false,,false,,,,,,,false,false
204,Bluestreak,19,2,180,false,,false,,,,,,,false,false
204,Bluestreak,13,13,90,false,,false,,,,,,,false,false
204,Bumblebee,1,3,90,true,200A-2,false,200A-2-3,200A-2,68,196,226,244,true,false
204,Bumblebee,16,8,0,false,,false,,,,,,,false,false
204,Hound,1,8,90,true,200C-2,false,200C-2-3,200C-2,75,203,225,241,true,false
204,Hound,20,8,0,false,,false,,,,,,,false,false
204,Ironhide,9,13,90,false,,false,,,,,,,false,false
204,Jazz,8,12,0,false,,false,,,,,,,false,false
204,Megatron,6,4,0,false,,false,,,,,,,false,false
204,Optimus,11,9,90,false,,false,,,,,,,false,false
204,Ratchet,12,11,0,true,200B-3,false,200B-3-3,200B-3,82,209,213,221,true,false
204,Ratchet,17,13,90,false,,false,,,,,,,false,false
204,RedAlert,13,9,90,false,,false,,,,,,,false,false
204,Sideswipe,9,7,270,false,,false,,,,,,,false,false
204,Sideswipe,13,18,0,false,,false,,,,,,,false,false
204,Smokescreen,11,5,90,false,,false,,,,,,,false,false
204,Wheeljack,11,11,0,true,200A-3,false,200A-3-3,200A-3,104,219,212,221,false,false
204,Wheeljack,15,13,90,false,,false,,,,,,,false,false
205,Bluestreak,18,2,180,false,,false,,,,,,,false,false
205,Bluestreak,13,13,90,false,,false,,,,,,,false,false
205,Bumblebee,1,4,90,true,200A-2,false,200A-2-3,200A-2,68,196,226,244,true,false
205,Bumblebee,16,8,0,false,,false,,,,,,,false,false
205,Hound,1,8,0,true,200C-2,false,200C-2-3,200C-2,75,203,225,241,true,false
205,Hound,20,8,0,false,,false,,,,,,,false,false
205,Ironhide,9,13,90,false,,false,,,,,,,false,false
205,Jazz,8,12,270,false,,false,,,,,,,false,false
205,Jazz,17,17,0,false,,false,,,,,,,false,false
205,Megatron,6,4,0,false,,false,,,,,,,false,false
205,Optimus,11,9,90,false,,false,,,,,,,false,false
205,Ratchet,13,11,0,true,200B-3,false,200B-3-3,200B-3,82,209,213,221,true,false
205,Ratchet,17,13,90,false,,false,,,,,,,false,false
205,RedAlert,13,9,90,false,,false,,,,,,,false,false
205,Sideswipe,9,6,270,false,,false,,,,,,,false,false
205,Sideswipe,13,18,0,false,,false,,,,,,,false,false
205,Smokescreen,11,5,90,false,,false,,,,,,,false,false
205,Wheeljack,12,11,0,true,200A-3,false,200A-3-3,200A-3,104,219,212,221,false,false
205,Wheeljack,15,13,90,false,,false,,,,,,,false,false
206,Bluestreak,17,2,180,false,,false,,,,,,,false,false
206,Bluestreak,13,13,90,false,,false,,,,,,,false,false
206,Bumblebee,1,5,90,true,200A-2,false,200A-2-3,200A-2,68,196,226,244,true,false
206,Bumblebee,16,8,0,false,,false,,,,,,,false,false
206,Hound,2,8,0,true,200C-2,false,200C-2-3,200C-2,75,203,225,241,true,false
206,Hound,20,8,0,false,,false,,,,,,,false,false
206,Ironhide,9,13,90,false,,false,,,,,,,false,false
206,Jazz,8,11,270,false,,false,,,,,,,false,false
206,Jazz,17,17,0,false,,false,,,,,,,false,false
206,Megatron,6,4,0,false,,false,,,,,,,false,false
206,Optimus,11,9,90,false,,false,,,,,,,false,false
206,Ratchet,14,11,0,true,200B-3,false,200B-3-3,200B-3,82,209,213,221,true,false
206,Ratchet,17,13,90,false,,false,,,,,,,false,false
206,RedAlert,13,9,270,false,,false,,,,,,,false,false
206,RedAlert,3,13,0,false,,false,,,,,,,false,false
206,Sideswipe,9,5,270,false,,false,,,,,,,false,false
206,Sideswipe,13,18,0,false,,false,,,,,,,false,false
206,Smokescreen,11,5,270,false,,false,,,,,,,false,false
206,Smokescreen,16,17,0,false,,false,,,,,,,false,false
206,Wheeljack,13,11,0,true,200A-3,false,200A-3-3,200A-3,104,219,212,221,false,false
206,Wheeljack,15,13,90,false,,false,,,,,,,false,false
207,Bluestreak,16,2,180,false,,false,,,,,,,false,false
207,Bluestreak,13,13,90,false,,false,,,,,,,false,false
207,Bumblebee,1,6,90,true,200A-2,false,200A-2-3,200A-2,68,196,226,244,true,false
207,Bumblebee,16,8,0,false,,false,,,,,,,false,false
207,Hound,3,8,0,true,200C-2,false,200C-2-3,200C-2,75,203,225,241,true,false
207,Hound,20,8,0,false,,false,,,,,,,false,false
207,Ironhide,9,13,90,false,,false,,,,,,,false,false
207,Jazz,8,10,270,false,,false,,,,,,,false,false
207,Jazz,17,17,0,false,,false,,,,,,,false,false
207,Megatron,6,4,0,false,,false,,,,,,,false,false
207,Optimus,11,9,90,false,,false,,,,,,,false,false
207,Ratchet,15,11,0,true,200B-3,false,200B-3-3,200B-3,82,209,213,221,true,false
207,Ratchet,17,13,90,false,,false,,,,,,,false,false
207,RedAlert,13,8,270,false,,false,,,,,,,false,false
207,RedAlert,3,13,0,false,,false,,,,,,,false,false
207,Sideswipe,9,4,270,false,,false,,,,,,,false,false
207,Sideswipe,13,18,0,false,,false,,,,,,,false,false
207,Smokescreen,11,4,270,false,,false,,,,,,,false,false
207,Smokescreen,16,17,0,false,,false,,,,,,,false,false
207,Wheeljack,14,11,0,true,200A-3,false,200A-3-3,200A-3,104,219,212,221,false,false
207,Wheeljack,15,13,90,false,,false,,,,,,,false,false
208,Bluestreak,15,2,180,false,,false,,,,,,,false,false
208,Bluestreak,13,13,90,false,,false,,,,,,,false,false
208,Bumblebee,1,7,90,true,200A-2,false,200A-2-3,200A-2,68,196,226,244,true,false
208,Bumblebee,16,8,0,false,,false,,,,,,,false,false
208,Hound,4,8,0,true,200C-2,false,200C-2-3,200C-2,75,203,225,241,true,false
208,Hound,20,8,0,false,,false,,,,,,,false,false
208,Ironhide,9,13,270,false,,false,,,,,,,false,false
208,Ironhide,19,5,90,false,,false,,,,,,,false,false
208,Jazz,8,10,180,false,,false,,,,,,,false,false
208,Jazz,17,17,0,false,,false,,,,,,,false,false
208,Megatron,6,4,270,false,,false,,,,,,,false,false
208,Megatron,17,9,90,false,,false,,,,,,,false,false
208,Optimus,11,9,270,false,,false,,,,,,,false,false
208,Optimus,10,8,0,false,,false,,,,,,,false,false
208,Ratchet,16,11,0,true,200B-3,false,200B-3-3,200B-3,82,209,213,221,true,false
208,Ratchet,17,13,90,false,,false,,,,,,,false,false
208,RedAlert,13,7,270,false,,false,,,,,,,false,false
208,RedAlert,3,13,0,false,,false,,,,,,,false,false
208,Sideswipe,9,3,270,false,,false,,,,,,,false,false
208,Sideswipe,13,18,0,false,,false,,,,,,,false,false
208,Smokescreen,11,3,270,false,,false,,,,,,,false,false
208,Smokescreen,16,17,0,false,,false,,,,,,,false,false
208,Wheeljack,15,11,0,true,200A-3,false,200A-3-3,200A-3,104,219,212,221,false,false
208,Wheeljack,15,13,90,false,,false,,,,,,,false,false
209,Bluestreak,14,2,180,false,,false,,,,,,,false,false
209,Bluestreak,13,13,90,false,,false,,,,,,,false,false
209,Bumblebee,1,8,90,true,200A-2,false,200A-2-3,200A-2,68,196,226,244,true,false
209,Bumblebee,16,8,0,false,,false,,,,,,,false,false
209,Hound,5,8,0,true,200C-2,false,200C-2-3,200C-2,75,203,225,241,true,false
209,Hound,20,8,0,false,,false,,,,,,,false,false
209,Ironhide,9,12,270,false,,false,,,,,,,false,false
209,Ironhide,19,5,90,false,,false,,,,,,,false,false
209,Jazz,7,10,180,false,,false,,,,,,,false,false
209,Jazz,17,17,0,false,,false,,,,,,,false,false
209,Megatron,6,3,270,false,,false,,,,,,,false,false
209,Megatron,17,9,90,false,,false,,,,,,,false,false
209,Optimus,11,8,270,false,,false,,,,,,,false,false
209,Optimus,10,8,0,false,,false,,,,,,,false,false
209,Ratchet,17,11,0,true,200B-3,false,200B-3-3,200B-3,82,209,213,221,true,false
209,Ratchet,17,13,90,false,,false,,,,,,,false,false
209,RedAlert,13,6,270,false,,false,,,,,,,false,false
209,RedAlert,3,13,0,false,,false,,,,,,,false,false
209,Sideswipe,9,2,270,false,,false,,,,,,,false,false
209,Sideswipe,13,18,0,false,,false,,,,,,,false,false
209,Smokescreen,11,2,270,false,,false,,,,,,,false,false
209,Smokescreen,16,17,0,false,,false,,,,,,,false,false
209,Wheeljack,15,11,90,true,200A-3,false,200A-3-3,200A-3,104,219,212,221,false,false
209,Wheeljack,15,13,90,false,,false,,,,,,,false,false
210,Bluestreak,13,2,180,false,,false,,,,,,,false,false
210,Bluestreak,13,13,90,false,,false,,,,,,,false,false
210,Bumblebee,1,8,0,true,200A-2,false,200A-2-3,200A-2,68,196,226,244,true,false
210,Bumblebee,16,8,0,false,,false,,,,,,,false,false
210,Hound,6,8,0,true,200C-2,false,200C-2-3,200C-2,75,203,225,241,true,false
210,Hound,20,8,0,false,,false,,,,,,,false,false
210,Ironhide,9,11,270,false,,false,,,,,,,false,false
210,Ironhide,19,5,90,false,,false,,,,,,,false,false
210,Jazz,6,10,180,false,,false,,,,,,,false,false
210,Jazz,17,17,0,false,,false,,,,,,,false,false
210,Megatron,6,2,270,false,,false,,,,,,,false,false
210,Megatron,17,9,90,false,,false,,,,,,,false,false
210,Optimus,11,7,270,false,,false,,,,,,,false,false
210,Optimus,10,8,0,false,,false,,,,,,,false,false
210,Ratchet,17,11,90,true,200B-3,false,200B-3-3,200B-3,82,209,213,221,true,false
210,Ratchet,17,13,90,false,,false,,,,,,,false,false
210,RedAlert,13,5,270,false,,false,,,,,,,false,false
210,RedAlert,3,13,0,false,,false,,,,,,,false,false
210,Sideswipe,9,2,180,false,,false,,,,,,,false,false
210,Sideswipe,13,18,0,false,,false,,,,,,,false,false
210,Smokescreen,11,2,180,false,,false,,,,,,,false,false
210,Smokescreen,16,17,0,false,,false,,,,,,,false,false
210,Wheeljack,15,12,90,true,200A-3,false,200A-3-3,200A-3,104,219,212,221,false,false
210,Wheeljack,15,13,90,false,,false,,,,,,,false,false
211,Bluestreak,12,2,180,false,,false,,,,,,,false,false
211,Bluestreak,13,13,90,false,,false,,,,,,,false,false
211,Bumblebee,2,8,0,true,200A-2,false,200A-2-3,200A-2,68,196,226,244,true,false
211,Bumblebee,16,8,0,false,,false,,,,,,,false,false
211,Hound,7,8,0,true,200C-2,false,200C-2-3,200C-2,75,203,225,241,true,false
211,Hound,20,8,0,false,,false,,,,,,,false,false
211,Ironhide,9,10,270,false,,false,,,,,,,false,false
211,Ironhide,19,5,90,false,,false,,,,,,,false,false
211,Jazz,5,10,180,false,,false,,,,,,,false,false
211,Jazz,17,17,0,false,,false,,,,,,,false,false
211,Megatron,6,2,180,false,,false,,,,,,,false,false
211,Megatron,17,9,90,false,,false,,,,,,,false,false
211,Optimus,11,6,270,false,,false,,,,,,,false,false
211,Optimus,10,8,0,false,,false,,,,,,,false,false
211,Ratchet,17,12,90,true,200B-3,false,200B-3-3,200B-3,82,209,213,221,true,false
211,Ratchet,17,13,90,false,,false,,,,,,,false,false
211,RedAlert,13,4,270,false,,false,,,,,,,false,false
211,RedAlert,3,13,0,false,,false,,,,,,,false,false
211,Sideswipe,8,2,180,false,,false,,,,,,,false,false
211,Sideswipe,13,18,0,false,,false,,,,,,,false,false
211,Smokescreen,10,2,180,false,,false,,,,,,,false,false
211,Smokescreen,16,17,0,false,,false,,,,,,,false,false
211,Wheeljack,15,13,90,true,200A-3,false,200A-3-3,200A-3,104,219,212,221,false,true
211,Wheeljack,15,13,90,false,,false,,,,,,,false,false
212,Bluestreak,11,2,180,false,,false,,,,,,,false,false
212,Bluestreak,13,13,90,false,,false,,,,,,,false,false
212,Bumblebee,3,8,0,true,200A-2,false,200A-2-3,200A-2,68,196,226,244,true,false
212,Bumblebee,16,8,0,false,,false,,,,,,,false,false
212,Hound,8,8,0,true,200C-2,false,200C-2-3,200C-2,75,203,225,241,true,false
212,Hound,20,8,0,false,,false,,,,,,,false,false
212,Ironhide,9,9,270,false,,false,,,,,,,false,false
212,Ironhide,19,5,90,false,,false,,,,,,,false,false
212,Jazz,4,10,180,false,,false,,,,,,,false,false
212,Jazz,17,17,0,false,,false,,,,,,,false,false
212,Megatron,5,2,180,false,,false,,,,,,,false,false
212,Megatron,17,9,90,false,,false,,,,,,,false,false
212,Optimus,11,5,270,false,,false,,,,,,,false,false
212,Optimus,10,8,0,false,,false,,,,,,,false,false
212,Ratchet,17,13,90,true,200B-3,false,200B-3-3,200B-3,82,209,213,221,true,true
212,Ratchet,17,13,90,false,,false,,,,,,,false,false
212,RedAlert,13,3,270,false,,false,,,,,,,false,false
212,RedAlert,3,13,0,false,,false,,,,,,,false,false
212,Sideswipe,7,2,180,false,,false,,,,,,,false,false
212,Sideswipe,13,18,0,false,,false,,,,,,,false,false
212,Smokescreen,9,2,180,false,,false,,,,,,,false,false
212,Smokescreen,16,17,0,false,,false,,,,,,,false,false
212,Wheeljack,15,13,90,false,,false,,,,,,,false,false
212,Wheeljack,15,13,90,false,,false,,,,,,,false,false
213,Bluestreak,10,2,180,false,,false,,,,,,,false,false
213,Bluestreak,13,13,90,false,,false,,,,,,,false,false
213,Bumblebee,4,8,0,true,200A-2,false,200A-2-3,200A-2,68,196,226,244,true,false
213,Bumblebee,16,8,0,false,,false,,,,,,,false,false
213,Hound,9,8,0,true,200C-2,false,200C-2-3,200C-2,75,203,225,241,true,false
213,Hound,20,8,0,false,,false,,,,,,,false,false
213,Ironhide,9,8,270,false,,false,,,,,,,false,false
213,Ironhide,19,5,90,false,,false,,,,,,,false,false
213,Jazz,3,10,180,false,,false,,,,,,,false,false
213,Jazz,17,17,0,false,,false,,,,,,,false,false
213,Megatron,4,2,180,false,,false,,,,,,,false,false
213,Megatron,17,9,90,false,,false,,,,,,,false,false
213,Optimus,11,4,270,false,,false,,,,,,,false,false
213,Optimus,10,8,0,false,,false,,,,,,,false,false
213,Ratchet,17,13,90,false,,false,,,,,,,false,false
213,Ratchet,17,13,90,false,,false,,,,,,,false,false
213,RedAlert,13,2,270,false,,false,,,,,,,false,false
213,RedAlert,3,13,0,false,,false,,,,,,,false,false
213,Sideswipe,6,2,180,false,,false,,,,,,,false,false
213,Sideswipe,13,18,0,false,,false,,,,,,,false,false
213,Smokescreen,8,2,180,false,,false,,,,,,,false,false
213,Smokescreen,16,17,0,false,,false,,,,,,,false,false
213,Wheeljack,15,13,90,false,,false,,,,,,,false,false
214,Bluestreak,9,2,180,false,,false,,,,,,,false,false
214,Bluestreak,13,13,90,false,,false,,,,,,,false,false
214,Bumblebee,5,8,0,true,200A-2,false,200A-2-3,200A-2,68,196,226,244,true,false
214,Bumblebee,16,8,0,false,,false,,,,,,,false,false
214,Hound,10,8,0,true,200C-2,false,200C-2-3,200C-2,75,203,225,241,true,false
214,Hound,20,8,0,false,,false,,,,,,,false,false
214,Ironhide,9,7,270,false,,false,,,,,,,false,false
214,Ironhide,19,5,90,false,,false,,,,,,,false,false
214,Jazz,2,10,180,false,,false,,,,,,,false,false
214,Jazz,17,17,0,false,,false,,,,,,,false,false
214,Megatron,3,2,180,false,,false,,,,,,,false,false
214,Megatron,17,9,90,false,,false,,,,,,,false,false
214,Optimus,11,3,270,false,,false,,,,,,,false,false
214,Optimus,10,8,0,false,,false,,,,,,,false,false
214,Ratchet,17,13,90,false,,false,,,,,,,false,false
214,RedAlert,13,2,180,false,,false,,,,,,,false,false
214,RedAlert,3,13,0,false,,false,,,,,,,false,false
214,Sideswipe,5,2,180,false,,false,,,,,,,false,false
214,Sideswipe,13,18,0,false,,false,,,,,,,false,false
214,Smokescreen,7,2,180,false,,false,,,,,,,false,false
214,Smokescreen,16,17,0,false,,false,,,,,,,false,false
214,Wheeljack,15,13,90,false,,false,,,,,,,false,false
215,Bluestreak,8,2,180,false,,false,,,,,,,false,false
215,Bluestreak,13,13,90,false,,false,,,,,,,false,false
215,Bumblebee,6,8,0,true,200A-2,false,200A-2-3,200A-2,68,196,226,244,true,false
215,Bumblebee,16,8,0,false,,false,,,,,,,false,false
215,Hound,11,8,0,true,200C-2,false,200C-2-3,200C-2,75,203,225,241,true,false
215,Hound,20,8,0,false,,false,,,,,,,false,false
215,Ironhide,9,6,270,false,,false,,,,,,,false,false
215,Ironhide,19,5,90,false,,false,,,,,,,false,false
215,Jazz,1,10,180,false,,false,,,,,,,false,false
215,Jazz,17,17,0,false,,false,,,,,,,false,false
215,Megatron,2,2,180,false,,false,,,,,,,false,false
215,Megatron,17,9,90,false,,false,,,,,,,false,false
215,Optimus,11,2,270,false,,false,,,,,,,false,false
215,Optimus,10,8,0,false,,false,,,,,,,false,false
215,Ratchet,17,13,90,false,,false,,,,,,,false,false
215,RedAlert,12,2,180,false,,false,,,,,,,false,false
215,RedAlert,3,13,0,false,,false,,,,,,,false,false
215,Sideswipe,4,2,180,false,,false,,,,,,,false,false
215,Sideswipe,13,18,0,false,,false,,,,,,,false,false
215,Smokescreen,6,2,180,false,,false,,,,,,,false,false
215,Smokescreen,16,17,0,false,,false,,,,,,,false,false
215,Wheeljack,15,13,90,false,,false,,,,,,,false,false
216,Bluestreak,7,2,180,false,,false,,,,,,,false,false
216,Bluestreak,13,13,90,false,,false,,,,,,,false,false
216,Bumblebee,7,8,0,true,200A-2,false,200A-2-3,200A-2,68,196,226,244,true,false
216,Bumblebee,16,8,0,false,,false,,,,,,,false,false
216,Hound,12,8,0,true,200C-2,false,200C-2-3,200C-2,75,203,225,241,true,false
216,Hound,20,8,0,false,,false,,,,,,,false,false
216,Ironhide,9,5,270,false,,false,,,,,,,false,false
216,Ironhide,19,5,90,false,,false,,,,,,,false,false
216,Jazz,1,10,270,false,,false,,,,,,,false,false
216,Jazz,17,17,0,false,,false,,,,,,,false,false
216,Megatron,1,2,180,false,,false,,,,,,,false,false
216,Megatron,17,9,90,false,,false,,,,,,,false,false
216,Optimus,11,2,180,false,,false,,,,,,,false,false
216,Optimus,10,8,0,false,,false,,,,,,,false,false
216,Ratchet,17,13,90,false,,false,,,,,,,false,false
216,RedAlert,11,2,180,false,,false,,,,,,,false,false
216,RedAlert,3,13,0,false,,false,,,,,,,false,false
216,Sideswipe,3,2,180,false,,false,,,,,,,false,false
216,Sideswipe,13,18,0,false,,false,,,,,,,false,false
216,Smokescreen,5,2,180,false,,false,,,,,,,false,false
216,Smokescreen,16,17,0,false,,false,,,,,,,false,false
216,Wheeljack,15,13,90,false,,false,,,,,,,false,false
217,Bluestreak,6,2,180,false,,false,,,,,,,false,false
217,Bluestreak,13,13,90,false,,false,,,,,,,false,false
217,Bumblebee,8,8,0,true,200A-2,false,200A-2-3,200A-2,68,196,226,244,true,false
217,Bumblebee,16,8,0,false,,false,,,,,,,false,false
217,Hound,13,8,0,true,200C-2,false,200C-2-3,200C-2,75,203,225,241,true,false
217,Hound,20,8,0,false,,false,,,,,,,false,false
217,Ironhide,9,4,270,false,,false,,,,,,,false,false
217,Ironhide,19,5,90,false,,false,,,,,,,false,false
217,Jazz,1,9,270,false,,false,,,,,,,false,false
217,Jazz,17,17,0,false,,false,,,,,,,false,false
217,Megatron,1,2,180,true,200B-2,false,200B-2-3,200B-2,68,179,244,261,true,false
217,Megatron,17,9,90,false,,false,,,,,,,false,false
217,Optimus,10,2,180,false,,false,,,,,,,false,false
217,Optimus,10,8,0,false,,false,,,,,,,false,false
217,Ratchet,17,13,90,false,,false,,,,,,,false,false
217,RedAlert,10,2,180,false,,false,,,,,,,false,false
217,RedAlert,3,13,0,false,,false,,,,,,,false,false
217,Sideswipe,2,2,180,false,,false,,,,,,,false,false
217,Sideswipe,13,18,0,false,,false,,,,,,,false,false
217,Smokescreen,4,2,180,false,,false,,,,,,,false,false
217,Smokescreen,16,17,0,false,,false,,,,,,,false,false
217,Wheeljack,15,13,90,false,,false,,,,,,,false,false
218,Bluestreak,5,2,180,false,,false,,,,,,,false,false
218,Bluestreak,13,13,90,false,,false,,,,,,,false,false
218,Bumblebee,9,8,0,true,200A-2,false,200A-2-3,200A-2,68,196,226,244,true,false
218,Bumblebee,16,8,0,false,,false,,,,,,,false,false
218,Hound,14,8,0,true,200C-2,false,200C-2-3,200C-2,75,203,225,241,true,false
218,Hound,20,8,0,false,,false,,,,,,,false,false
218,Ironhide,9,3,270,false,,false,,,,,,,false,false
218,Ironhide,19,5,90,false,,false,,,,,,,false,false
218,Jazz,1,8,270,false,,false,,,,,,,false,false
218,Jazz,17,17,0,false,,false,,,,,,,false,false
218,Megatron,1,2,90,true,200B-2,false,200B-2-3,200B-2,68,179,244,261,true,false
218,Megatron,17,9,90,false,,false,,,,,,,false,false
218,Optimus,9,2,180,false,,false,,,,,,,false,false
218,Optimus,10,8,0,false,,false,,,,,,,false,false
218,Ratchet,17,13,90,false,,false,,,,,,,false,false
218,RedAlert,9,2,180,false,,false,,,,,,,false,false
218,RedAlert,3,13,0,false,,false,,,,,,,false,false
218,Sideswipe,1,2,180,false,,false,,,,,,,false,false
218,Sideswipe,13,18,0,false,,false,,,,,,,false,false
218,Smokescreen,3,2,180,false,,false,,,,,,,false,false
218,Smokescreen,16,17,0,false,,false,,,,,,,false,false
218,Wheeljack,15,13,90,false,,false,,,,,,,false,false
219,Bluestreak,4,2,180,false,,false,,,,,,,false,false
219,Bluestreak,13,13,90,false,,false,,,,,,,false,false
219,Bumblebee,10,8,0,true,200A-2,false,200A-2-3,200A-2,68,196,226,244,true,false
219,Bumblebee,16,8,0,false,,false,,,,,,,false,false
219,Hound,15,8,0,true,200C-2,false,200C-2-3,200C-2,75,203,225,241,true,false
219,Hound,20,8,0,false,,false,,,,,,,false,false
219,Ironhide,9,2,270,false,,false,,,,,,,false,false
219,Ironhide,19,5,90,false,,false,,,,,,,false,false
219,Jazz,1,7,270,false,,false,,,,,,,false,false
219,Jazz,17,17,0,false,,false,,,,,,,false,false
219,Megatron,1,3,90,true,200B-2,false,200B-2-3,200B-2,68,179,244,261,true,false
219,Megatron,17,9,90,false,,false,,,,,,,false,false
219,Optimus,8,2,180,false,,false,,,,,,,false,false
219,Optimus,10,8,0,false,,false,,,,,,,false,false
219,Ratchet,17,13,90,false,,false,,,,,,,false,false
219,RedAlert,8,2,180,false,,false,,,,,,,false,false
219,RedAlert,3,13,0,false,,false,,,,,,,false,false
219,Sideswipe,1,2,180,true,209F,false,209F-3,209F,85,195,250,263,true,false
219,Sideswipe,13,18,0,false,,false,,,,,,,false,false
219,Smokescreen,2,2,180,false,,false,,,,,,,false,false
219,Smokescreen,16,17,0,false,,false,,,,,,,false,false
219,Wheeljack,15,13,90,false,,false,,,,,,,false,false
220,Bluestreak,3,2,180,false,,false,,,,,,,false,false
220,Bluestreak,13,13,90,false,,false,,,,,,,false,false
220,Bumblebee,11,8,0,true,200A-2,false,200A-2-3,200A-2,68,196,226,244,true,false
220,Bumblebee,16,8,0,false,,false,,,,,,,false,false
220,Hound,16,8,0,true,200C-2,false,200C-2-3,200C-2,75,203,225,241,true,false
220,Hound,20,8,0,false,,false,,,,,,,false,false
220,Ironhide,9,2,180,false,,false,,,,,,,false,false
220,Ironhide,19,5,90,false,,false,,,,,,,false,false
220,Jazz,1,6,270,false,,false,,,,,,,false,false
220,Jazz,17,17,0,false,,false,,,,,,,false,false
220,Megatron,1,4,90,true,200B-2,false,200B-2-3,200B-2,68,179,244,261,true,false
220,Megatron,17,9,90,false,,false,,,,,,,false,false
220,Optimus,7,2,180,false,,false,,,,,,,false,false
220,Optimus,10,8,0,false,,false,,,,,,,false,false
220,Ratchet,17,13,90,false,,false,,,,,,,false,false
220,RedAlert,7,2,180,false,,false,,,,,,,false,false
220,RedAlert,3,13,0,false,,false,,,,,,,false,false
220,Sideswipe,1,2,90,true,209F,false,209F-3,209F,85,195,250,263,true,false
220,Sideswipe,13,18,0,false,,false,,,,,,,false,false
220,Smokescreen,1,2,180,false,,false,,,,,,,false,false
220,Smokescreen,16,17,0,false,,false,,,,,,,false,false
220,Wheeljack,15,13,90,false,,false,,,,,,,false,false
221,Bluestreak,2,2,180,false,,false,,,,,,,false,false
221,Bluestreak,13,13,90,false,,false,,,,,,,false,false
221,Bumblebee,12,8,0,true,200A-2,false,200A-2-3,200A-2,68,196,226,244,true,false
221,Bumblebee,16,8,0,false,,false,,,,,,,false,false
221,Hound,17,8,0,true,200C-2,false,200C-2-3,200C-2,75,203,225,241,true,false
221,Hound,20,8,0,false,,false,,,,,,,false,false
221,Ironhide,8,2,180,false,,false,,,,,,,false,false
221,Ironhide,19,5,90,false,,false,,,,,,,false,false
221,Jazz,1,5,270,false,,false,,,,,,,false,false
221,Jazz,17,17,0,false,,false,,,,,,,false,false
221,Megatron,1,5,90,true,200B-2,false,200B-2-3,200B-2,68,179,244,261,true,false
221,Megatron,17,9,90,false,,false,,,,,,,false,false
221,Optimus,6,2,180,false,,false,,,,,,,false,false
221,Optimus,10,8,0,false,,false,,,,,,,false,false
221,Ratchet,17,13,90,false,,false,,,,,,,false,false
221,RedAlert,6,2,180,false,,false,,,,,,,false,false
221,RedAlert,3,13,0,false,,false,,,,,,,false,false
221,Sideswipe,1,3,90,true,209F,false,209F-3,209F,85,195,250,263,true,false
221,Sideswipe,13,18,0,false,,false,,,,,,,false,false
221,Smokescreen,1,2,180,true,209D,false,209D-3,209D,79,194,254,265,true,false
221,Smokescreen,16,17,0,false,,false,,,,,,,false,false
221,Wheeljack,15,13,90,false,,false,,,,,,,false,false
222,Bluestreak,1,2,180,false,,false,,,,,,,false,false
222,Bluestreak,13,13,90,false,,false,,,,,,,false,false
222,Bumblebee,13,8,0,true,200A-2,false,200A-2-3,200A-2,68,196,226,244,true,false
222,Bumblebee,16,8,0,false,,false,,,,,,,false,false
222,Hound,18,8,0,true,200C-2,false,200C-2-3,200C-2,75,203,225,241,true,false
222,Hound,20,8,0,false,,false,,,,,,,false,false
222,Ironhide,7,2,180,false,,false,,,,,,,false,false
222,Ironhide,19,5,90,false,,false,,,,,,,false,false
222,Jazz,1,4,270,false,,false,,,,,,,false,false
222,Jazz,17,17,0,false,,false,,,,,,,false,false
222,Megatron,1,6,90,true,200B-2,false,200B-2-3,200B-2,68,179,244,261,true,false
222,Megatron,17,9,90,false,,false,,,,,,,false,false
222,Optimus,5,2,180,false,,false,,,,,,,false,false
222,Optimus,10,8,0,false,,false,,,,,,,false,false
222,Ratchet,17,13,270,false,,false,,,,,,,false,false
222,Ratchet,19,17,90,false,,false,,,,,,,false,false
222,RedAlert,5,2,180,false,,false,,,,,,,false,false
222,RedAlert,3,13,0,false,,false,,,,,,,false,false
222,Sideswipe,1,4,90,true,209F,false,209F-3,209F,85,195,250,263,true,false
222,Sideswipe,13,18,0,false,,false,,,,,,,false,false
222,Smokescreen,1,2,90,true,209D,false,209D-3,209D,79,194,254,265,true,false
222,Smokescreen,16,17,0,false,,false,,,,,,,false,false
222,Wheeljack,15,13,270,false,,false,,,,,,,false,false
222,Wheeljack,12,12,0,false,,false,,,,,,,false,false
223,Bluestreak,1,2,180,true,150-3,false,150-3-3,150-3,69,194,250,258,true,false
223,Bluestreak,13,13,90,false,,false,,,,,,,false,false
223,Bumblebee,14,8,0,true,200A-2,false,200A-2-3,200A-2,68,196,226,244,true,false
223,Bumblebee,16,8,0,false,,false,,,,,,,false,false
223,Hound,19,8,0,true,200C-2,false,200C-2-3,200C-2,75,203,225,241,true,false
223,Hound,20,8,0,false,,false,,,,,,,false,false
223,Ironhide,6,2,180,false,,false,,,,,,,false,false
223,Ironhide,19,5,90,false,,false,,,,,,,false,false
223,Jazz,1,3,270,false,,false,,,,,,,false,false
223,Jazz,17,17,0,false,,false,,,,,,,false,false
223,Megatron,1,7,90,true,200B-2,false,200B-2-3,200B-2,68,179,244,261,true,false
223,Megatron,17,9,90,false,,false,,,,,,,false,false
223,Optimus,4,2,180,false,,false,,,,,,,false,false
223,Optimus,10,8,0,false,,false,,,,,,,false,false
223,Ratchet,17,12,270,false,,false,,,,,,,false,false
223,Ratchet,19,17,90,false,,false,,,,,,,false,false
223,RedAlert,4,2,180,false,,false,,,,,,,false,false
223,RedAlert,3,13,0,false,,false,,,,,,,false,false
223,Sideswipe,1,5,90,true,209F,false,209F-3,209F,85,195,250,263,true,false
223,Sideswipe,13,18,0,false,,false,,,,,,,false,false
223,Smokescreen,1,3,90,true,209D,false,209D-3,209D,79,194,254,265,true,false
223,Smokescreen,16,17,0,false,,false,,,,,,,false,false
223,Wheeljack,15,12,270,false,,false,,,,,,,false,false
223,Wheeljack,12,12,0,false,,false,,,,,,,false,false
224,Bluestreak,1,2,90,true,150-3,false,150-3-3,150-3,69,194,250,258,true,false
224,Bluestreak,13,13,90,false,,false,,,,,,,false,false
224,Bumblebee,15,8,0,true,200A-2,false,200A-2-3,200A-2,68,196,226,244,true,false
224,Bumblebee,16,8,0,false,,false,,,,,,,false,false
224,Hound,20,8,0,true,200C-2,false,200C-2-3,200C-2,75,203,225,241,true,true
224,Hound,20,8,0,false,,false,,,,,,,false,false
224,Ironhide,5,2,180,false,,false,,,,,,,false,false
224,Ironhide,19,5,90,false,,false,,,,,,,false,false
224,Jazz,1,2,270,false,,false,,,,,,,false,false
224,Jazz,17,17,0,false,,false,,,,,,,false,false
224,Megatron,1,7,0,true,200B-2,false,200B-2-3,200B-2,68,179,244,261,true,false
224,Megatron,17,9,90,false,,false,,,,,,,false,false
224,Optimus,3,2,180,false,,false,,,,,,,false,false
224,Optimus,10,8,0,false,,false,,,,,,,false,false
224,Ratchet,17,11,270,false,,false,,,,,,,false,false
224,Ratchet,19,17,90,false,,false,,,,,,,false,false
224,RedAlert,3,2,180,false,,false,,,,,,,false,false
224,RedAlert,3,13,0,false,,false,,,,,,,false,false
224,Sideswipe,1,6,90,true,209F,false,209F-3,209F,85,195,250,263,true,false
224,Sideswipe,13,18,0,false,,false,,,,,,,false,false
224,Smokescreen,1,4,90,true,209D,false,209D-3,209D,79,194,254,265,true,false
224,Smokescreen,16,17,0,false,,false,,,,,,,false,false
224,Wheeljack,15,11,270,false,,false,,,,,,,false,false
224,Wheeljack,12,12,0,false,,false,,,,,,,false,false
225,Bluestreak,1,3,90,true,150-3,false,150-3-3,150-3,69,194,250,258,true,false
225,Bluestreak,13,13,90,false,,false,,,,,,,false,false
225,Bumblebee,16,8,0,true,200A-2,false,200A-2-3,200A-2,68,196,226,244,true,true
225,Bumblebee,16,8,0,false,,false,,,,,,,false,false
225,Hound,20,8,0,false,,false,,,,,,,false,false
225,Hound,20,8,0,false,,false,,,,,,,false,false
225,Ironhide,4,2,180,false,,false,,,,,,,false,false
225,Ironhide,19,5,90,false,,false,,,,,,,false,false
225,Jazz,1,2,270,true,209C,false,209C-3,209C,72,199,259,275,true,false
225,Jazz,17,17,0,false,,false,,,,,,,false,false
225,Megatron,2,7,0,true,200B-2,false,200B-2-3,200B-2,68,179,244,261,true,false
225,Megatron,17,9,90,false,,false,,,,,,,false,false
225,Optimus,2,2,180,false,,false,,,,,,,false,false
225,Optimus,10,8,0,false,,false,,,,,,,false,false
225,Ratchet,17,10,270,false,,false,,,,,,,false,false
225,Ratchet,19,17,90,false,,false,,,,,,,false,false
225,RedAlert,2,2,180,false,,false,,,,,,,false,false
225,RedAlert,3,13,0,false,,false,,,,,,,false,false
225,Sideswipe,1,7,90,true,209F,false,209F-3,209F,85,195,250,263,true,false
225,Sideswipe,13,18,0,false,,false,,,,,,,false,false
225,Smokescreen,1,5,90,true,209D,false,209D-3,209D,79,194,254,265,true,false
225,Smokescreen,16,17,0,false,,false,,,,,,,false,false
225,Wheeljack,15,10,270,false,,false,,,,,,,false,false
225,Wheeljack,12,12,0,false,,false,,,,,,,false,false
226,Bluestreak,1,4,90,true,150-3,false,150-3-3,150-3,69,194,250,258,true,false
226,Bluestreak,13,13,90,false,,false,,,,,,,false,false
226,Bumblebee,16,8,0,false,,false,,,,,,,false,false
226,Bumblebee,16,8,0,false,,false,,,,,,,false,false
226,Hound,20,8,0,false,,false,,,,,,,false,false
226,Ironhide,3,2,180,false,,false,,,,,,,false,false
226,Ironhide,19,5,90,false,,false,,,,,,,false,false
226,Jazz,1,2,90,true,209C,false,209C-3,209C,72,199,259,275,true,false
226,Jazz,17,17,0,false,,false,,,,,,,false,false
226,Megatron,3,7,0,true,200B-2,false,200B-2-3,200B-2,68,179,244,261,true,false
226,Megatron,17,9,90,false,,false,,,,,,,false,false
226,Optimus,1,2,180,false,,false,,,,,,,false,false
226,Optimus,10,8,0,false,,false,,,,,,,false,false
226,Ratchet,17,10,180,false,,false,,,,,,,false,false
226,Ratchet,19,17,90,false,,false,,,,,,,false,false
226,RedAlert,1,2,180,false,,false,,,,,,,false,false
226,RedAlert,3,13,0,false,,false,,,,,,,false,false
226,Sideswipe,1,8,90,true,209F,false,209F-3,209F,85,195,250,263,true,false
226,Sideswipe,13,18,0,false,,false,,,,,,,false,false
226,Smokescreen,1,6,90,true,209D,false,209D-3,209D,79,194,254,265,true,false
226,Smokescreen,16,17,0,false,,false,,,,,,,false,false
226,Wheeljack,15,9,270,false,,false,,,,,,,false,false
226,Wheeljack,12,12,0,false,,false,,,,,,,false,false
227,Bluestreak,1,5,90,true,150-3,false,150-3-3,150-3,69,194,250,258,true,false
227,Bluestreak,13,13,90,false,,false,,,,,,,false,false
227,Bumblebee,16,8,0,false,,false,,,,,,,false,false
227,Hound,20,8,0,false,,false,,,,,,,false,false
227,Ironhide,2,2,180,false,,false,,,,,,,false,false
227,Ironhide,19,5,90,false,,false,,,,,,,false,false
227,Jazz,1,3,90,true,209C,false,209C-3,209C,72,199,259,275,true,false
227,Jazz,17,17,0,false,,false,,,,,,,false,false
227,Megatron,4,7,0,true,200B-2,false,200B-2-3,200B-2,68,179,244,261,true,false
227,Megatron,17,9,90,false,,false,,,,,,,false,false
227,Optimus,1,2,180,true,140B-2,false,140B-2-2,140B-2,50,169,245,259,true,false
227,Optimus,10,8,0,false,,false,,,,,,,false,false
227,Ratchet,16,10,180,false,,false,,,,,,,false,false
227,Ratchet,19,17,90,false,,false,,,,,,,false,false
227,RedAlert,1,2,180,true,130A-3,false,130A-3-3,130A-3,72,170,243,252,true,false
227,RedAlert,3,13,0,false,,false,,,,,,,false,false
227,Sideswipe,1,9,90,true,209F,false,209F-3,209F,85,195,250,263,true,false
227,Sideswipe,13,18,0,false,,false,,,,,,,false,false
227,Smokescreen,1,7,90,true,209D,false,209D-3,209D,79,194,254,265,true,false
227,Smokescreen,16,17,0,false,,false,,,,,,,false,false
227,Wheeljack,15,8,270,false,,false,,,,,,,false,false
227,Wheeljack,12,12,0,false,,false,,,,,,,false,false
228,Bluestreak,1,6,90,true,150-3,false,150-3-3,150-3,69,194,250,258,true,false
228,Bluestreak,13,13,90,false,,false,,,,,,,false,false
228,Bumblebee,16,8,0,false,,false,,,,,,,false,false
228,Hound,20,8,0,false,,false,,,,,,,false,false
228,Ironhide,1,2,180,false,,false,,,,,,,false,false
228,Ironhide,19,5,90,false,,false,,,,,,,false,false
228,Jazz,1,4,90,true,209C,false,209C-3,209C,72,199,259,275,true,false
228,Jazz,17,17,0,false,,false,,,,,,,false,false
228,Megatron,5,7,0,true,200B-2,false,200B-2-3,200B-2,68,179,244,261,true,false
228,Megatron,17,9,90,false,,false,,,,,,,false,false
228,Optimus,1,2,90,true,140B-2,false,140B-2-2,140B-2,50,169,245,259,true,false
228,Optimus,10,8,0,false,,false,,,,,,,false,false
228,Ratchet,15,10,180,false,,false,,,,,,,false,false
228,Ratchet,19,17,90,false,,false,,,,,,,false,false
228,RedAlert,1,2,90,true,130A-3,false,130A-3-3,130A-3,72,170,243,252,true,false
228,RedAlert,3,13,0,false,,false,,,,,,,false,false
228,Sideswipe,1,10,90,true,209F,false,209F-3,209F,85,195,250,263,true,false
228,Sideswipe,13,18,0,false,,false,,,,,,,false,false
228,Smokescreen,1,8,90,true,209D,false,209D-3,209D,79,194,254,265,true,false
228,Smokescreen,16,17,0,false,,false,,,,,,,false,false
228,Wheeljack,15,7,270,false,,false,,,,,,,false,false
228,Wheeljack,12,12,0,false,,false,,,,,,,false,false
229,Bluestreak,1,7,90,true,150-3,false,150-3-3,150-3,69,194,250,258,true,false
229,Bluestreak,13,13,90,false,,false,,,,,,,false,false
229,Bumblebee,16,8,0,false,,false,,,,,,,false,false
229,Hound,20,8,0,false,,false,,,,,,,false,false
229,Ironhide,1,2,180,true,200C,false,200C-3,200C,73,177,254,264,true,false
229,Ironhide,19,5,90,false,,false,,,,,,,false,false
229,Jazz,1,5,90,true,209C,false,209C-3,209C,72,199,259,275,true,false
229,Jazz,17,17,0,false,,false,,,,,,,false,false
229,Megatron,6,7,0,true,200B-2,false,200B-2-3,200B-2,68,179,244,261,true,false
229,Megatron,17,9,90,false,,false,,,,,,,false,false
229,Optimus,1,3,90,true,140B-2,false,140B-2-2,140B-2,50,169,245,259,true,false
229,Optimus,10,8,0,false,,false,,,,,,,false,false
229,Ratchet,14,10,180,false,,false,,,,,,,false,false
229,Ratchet,19,17,90,false,,false,,,,,,,false,false
229,RedAlert,1,3,90,true,130A-3,false,130A-3-3,130A-3,72,170,243,252,true,false
229,RedAlert,3,13,0,false,,false,,,,,,,false,false
229,Sideswipe,1,11,90,true,209F,false,209F-3,209F,85,195,250,263,true,false
229,Sideswipe,13,18,0,false,,false,,,,,,,false,false
229,Smokescreen,1,9,90,true,209D,false,209D-3,209D,79,194,254,265,true,false
229,Smokescreen,16,17,0,false,,false,,,,,,,false,false
229,Wheeljack,15,6,270,false,,false,,,,,,,false,false
229,Wheeljack,12,12,0,false,,false,,,,,,,false,false
230,Bluestreak,1,8,90,true,150-3,false,150-3-3,150-3,69,194,250,258,true,false
230,Bluestreak,13,13,90,false,,false,,,,,,,false,false
230,Bumblebee,16,8,0,false,,false,,,,,,,false,false
230,Hound,20,8,0,false,,false,,,,,,,false,false
230,Ironhide,1,2,90,true,200C,false,200C-3,200C,73,177,254,264,true,false
230,Ironhide,19,5,90,false,,false,,,,,,,false,false
230,Jazz,1,6,90,true,209C,false,209C-3,209C,72,199,259,275,true,false
230,Jazz,17,17,0,false,,false,,,,,,,false,false
230,Megatron,7,7,0,true,200B-2,false,200B-2-3,200B-2,68,179,244,261,true,false
230,Megatron,17,9,90,false,,false,,,,,,,false,false
230,Optimus,1,4,90,true,140B-2,false,140B-2-2,140B-2,50,169,245,259,true,false
230,Optimus,10,8,0,false,,false,,,,,,,false,false
230,Ratchet,13,10,180,false,,false,,,,,,,false,false
230,Ratchet,19,17,90,false,,false,,,,,,,false,false
230,RedAlert,1,4,90,true,130A-3,false,130A-3-3,130A-3,72,170,243,252,true,false
230,RedAlert,3,13,0,false,,false,,,,,,,false,false
230,Sideswipe,1,12,90,true,209F,false,209F-3,209F,85,195,250,263,true,false
230,Sideswipe,13,18,0,false,,false,,,,,,,false,false
230,Smokescreen,1,10,90,true,209D,false,209D-3,209D,79,194,254,265,true,false
230,Smokescreen,16,17,0,false,,false,,,,,,,false,false
230,Wheeljack,15,5,270,false,,false,,,,,,,false,false
230,Wheeljack,12,12,0,false,,false,,,,,,,false,false
231,Bluestreak,1,9,90,true,150-3,false,150-3-3,150-3,69,194,250,258,true,false
231,Bluestreak,13,13,90,false,,false,,,,,,,false,false
231,Bumblebee,16,8,0,false,,false,,,,,,,false,false
231,Hound,20,8,0,false,,false,,,,,,,false,false
231,Ironhide,1,3,90,true,200C,false,200C-3,200C,73,177,254,264,true,false
231,Ironhide,19,5,90,false,,false,,,,,,,false,false
231,Jazz,1,7,90,true,209C,false,209C-3,209C,72,199,259,275,true,false
231,Jazz,17,17,0,false,,false,,,,,,,false,false
231,Megatron,8,7,0,true,200B-2,false,200B-2-3,200B-2,68,179,244,261,true,false
231,Megatron,17,9,90,false,,false,,,,,,,false,false
231,Optimus,1,5,90,true,140B-2,false,140B-2-2,140B-2,50,169,245,259,true,false
231,Optimus,10,8,0,false,,false,,,,,,,false,false
231,Ratchet,12,10,180,false,,false,,,,,,,false,false
231,Ratchet,19,17,90,false,,false,,,,,,,false,false
231,RedAlert,1,5,90,true,130A-3,false,130A-3-3,130A-3,72,170,243,252,true,false
231,RedAlert,3,13,0,false,,false,,,,,,,false,false
231,Sideswipe,1,13,90,true,209F,false,209F-3,209F,85,195,250,263,true,false
231,Sideswipe,13,18,0,false,,false,,,,,,,false,false
231,Smokescreen,1,11,90,true,209D,false,209D-3,209D,79,194,254,265,true,false
231,Smokescreen,16,17,0,false,,false,,,,,,,false,false
231,Wheeljack,15,4,270,false,,false,,,,,,,false,false
231,Wheeljack,12,12,0,false,,false,,,,,,,false,false
232,Bluestreak,1,10,90,true,150-3,false,150-3-3,150-3,69,194,250,258,true,false
232,Bluestreak,13,13,90,false,,false,,,,,,,false,false
232,Bumblebee,16,8,0,false,,false,,,,,,,false,false
232,Hound,20,8,0,false,,false,,,,,,,false,false
232,Ironhide,1,3,0,true,200C,false,200C-3,200C,73,177,254,264,true,false
232,Ironhide,19,5,90,false,,false,,,,,,,false,false
232,Jazz,1,8,90,true,209C,false,209C-3,209C,72,199,259,275,true,false
232,Jazz,17,17,0,false,,false,,,,,,,false,false
232,Megatron,9,7,0,true,200B-2,false,200B-2-3,200B-2,68,179,244,261,true,false
232,Megatron,17,9,90,false,,false,,,,,,,false,false
232,Optimus,1,6,90,true,140B-2,false,140B-2-2,140B-2,50,169,245,259,true,false
232,Optimus,10,8,0,false,,false,,,,,,,false,false
232,Ratchet,11,10,180,false,,false,,,,,,,false,false
232,Ratchet,19,17,90,false,,false,,,,,,,false,false
232,RedAlert,1,6,90,true,130A-3,false,130A-3-3,130A-3,72,170,243,252,true,false
232,RedAlert,3,13,0,false,,false,,,,,,,false,false
232,Sideswipe,1,14,90,true,209F,false,209F-3,209F,85,195,250,263,true,false
232,Sideswipe,13,18,0,false,,false,,,,,,,false,false
232,Smokescreen,1,12,90,true,209D,false,209D-3,209D,79,194,254,265,true,false
232,Smokescreen,16,17,0,false,,false,,,,,,,false,false
232,Wheeljack,15,3,270,false,,false,,,,,,,false,false
232,Wheeljack,12,12,0,false,,false,,,,,,,false,false
233,Bluestreak,1,11,90,true,150-3,false,150-3-3,150-3,69,194,250,258,true,false
233,Bluestreak,13,13,90,false,,false,,,,,,,false,false
233,Bumblebee,16,8,0,false,,false,,,,,,,false,false
233,Hound,20,8,0,false,,false,,,,,,,false,false
233,Ironhide,2,3,0,true,200C,false,200C-3,200C,73,177,254,264,true,false
233,Ironhide,19,5,90,false,,false,,,,,,,false,false
233,Jazz,1,9,90,true,209C,false,209C-3,209C,72,199,259,275,true,false
233,Jazz,17,17,0,false,,false,,,,,,,false,false
233,Megatron,10,7,0,true,200B-2,false,200B-2-3,200B-2,68,179,244,261,true,false
233,Megatron,17,9,90,false,,false,,,,,,,false,false
233,Optimus,1,7,90,true,140B-2,false,140B-2-2,140B-2,50,169,245,259,true,false
233,Optimus,10,8,0,false,,false,,,,,,,false,false
233,Ratchet,10,10,180,false,,false,,,,,,,false,false
233,Ratchet,19,17,90,false,,false,,,,,,,false,false
233,RedAlert,1,7,90,true,130A-3,false,130A-3-3,130A-3,72,170,243,252,true,false
233,RedAlert,3,13,0,false,,false,,,,,,,false,false
233,Sideswipe,1,15,90,true,209F,false,209F-3,209F,85,195,250,263,true,false
233,Sideswipe,13,18,0,false,,false,,,,,,,false,false
233,Smokescreen,1,13,90,true,209D,false,209D-3,209D,79,194,254,265,true,false
233,Smokescreen,16,17,0,false,,false,,,,,,,false,false
233,Wheeljack,15,2,270,false,,false,,,,,,,false,false
233,Wheeljack,12,12,0,false,,false,,,,,,,false,false
234,Bluestreak,1,11,0,true,150-3,false,150-3-3,150-3,69,194,250,258,true,false
234,Bluestreak,13,13,90,false,,false,,,,,,,false,false
234,Bumblebee,16,8,0,false,,false,,,,,,,false,false
234,Hound,20,8,0,false,,false,,,,,,,false,false
234,Ironhide,3,3,0,true,200C,false,200C-3,200C,73,177,254,264,true,false
234,Ironhide,19,5,90,false,,false,,,,,,,false,false
234,Jazz,1,10,90,true,209C,false,209C-3,209C,72,199,259,275,true,false
234,Jazz,17,17,0,false,,false,,,,,,,false,false
234,Megatron,11,7,0,true,200B-2,false,200B-2-3,200B-2,68,179,244,261,true,false
234,Megatron,17,9,90,false,,false,,,,,,,false,false
234,Optimus,1,8,90,true,140B-2,false,140B-2-2,140B-2,50,169,245,259,true,false
234,Optimus,10,8,0,false,,false,,,,,,,false,false
234,Ratchet,9,10,180,false,,false,,,,,,,false,false
234,Ratchet,19,17,90,false,,false,,,,,,,false,false
234,RedAlert,1,8,90,true,130A-3,false,130A-3-3,130A-3,72,170,243,252,true,false
234,RedAlert,3,13,0,false,,false,,,,,,,false,false
234,Sideswipe,1,16,90,true,209F,false,209F-3,209F,85,195,250,263,true,false
234,Sideswipe,13,18,0,false,,false,,,,,,,false,false
234,Smokescreen,1,14,90,true,209D,false,209D-3,209D,79,194,254,265,true,false
234,Smokescreen,16,17,0,false,,false,,,,,,,false,false
234,Wheeljack,15,2,180,false,,false,,,,,,,false,false
234,Wheeljack,12,12,0,false,,false,,,,,,,false,false
235,Bluestreak,2,11,0,true,150-3,false,150-3-3,150-3,69,194,250,258,true,false
235,Bluestreak,13,13,90,false,,false,,,,,,,false,false
235,Bumblebee,16,8,0,false,,false,,,,,,,false,false
235,Hound,20,8,0,false,,false,,,,,,,false,false
235,Ironhide,4,3,0,true,200C,false,200C-3,200C,73,177,254,264,true,false
235,Ironhide,19,5,90,false,,false,,,,,,,false,false
235,Jazz,1,11,90,true,209C,false,209C-3,209C,72,199,259,275,true,false
235,Jazz,17,17,0,false,,false,,,,,,,false,false
235,Megatron,12,7,0,true,200B-2,false,200B-2-3,200B-2,68,179,244,261,true,false
235,Megatron,17,9,90,false,,false,,,,,,,false,false
235,Optimus,1,8,0,true,140B-2,false,140B-2-2,140B-2,50,169,245,259,true,false
235,Optimus,10,8,0,false,,false,,,,,,,false,false
235,Ratchet,8,10,180,false,,false,,,,,,,false,false
235,Ratchet,19,17,90,false,,false,,,,,,,false,false
235,RedAlert,1,9,90,true,130A-3,false,130A-3-3,130A-3,72,170,243,252,true,false
235,RedAlert,3,13,0,false,,false,,,,,,,false,false
235,Sideswipe,1,17,90,true,209F,false,209F-3,209F,85,195,250,263,true,false
235,Sideswipe,13,18,0,false,,false,,,,,,,false,false
235,Smokescreen,1,15,90,true,209D,false,209D-3,209D,79,194,254,265,true,false
235,Smokescreen,16,17,0,false,,false,,,,,,,false,false
235,Wheeljack,14,2,180,false,,false,,,,,,,false,false
235,Wheeljack,12,12,0,false,,false,,,,,,,false,false
236,Bluestreak,3,11,0,true,150-3,false,150-3-3,150-3,69,194,250,258,true,false
236,Bluestreak,13,13,90,false,,false,,,,,,,false,false
236,Bumblebee,16,8,0,false,,false,,,,,,,false,false
236,Hound,20,8,0,false,,false,,,,,,,false,false
236,Ironhide,5,3,0,true,200C,false,200C-3,200C,73,177,254,264,true,false
236,Ironhide,19,5,90,false,,false,,,,,,,false,false
236,Jazz,1,12,90,true,209C,false,209C-3,209C,72,199,259,275,true,false
236,Jazz,17,17,0,false,,false,,,,,,,false,false
236,Megatron,13,7,0,true,200B-2,false,200B-2-3,200B-2,68,179,244,261,true,false
236,Megatron,17,9,90,false,,false,,,,,,,false,false
236,Optimus,2,8,0,true,140B-2,false,140B-2-2,140B-2,50,169,245,259,true,false
236,Optimus,10,8,0,false,,false,,,,,,,false,false
236,Ratchet,7,10,180,false,,false,,,,,,,false,false
236,Ratchet,19,17,90,false,,false,,,,,,,false,false
236,RedAlert,1,10,90,true,130A-3,false,130A-3-3,130A-3,72,170,243,252,true,false
236,RedAlert,3,13,0,false,,false,,,,,,,false,false
236,Sideswipe,1,18,90,true,209F,false,209F-3,209F,85,195,250,263,true,false
236,Sideswipe,13,18,0,false,,false,,,,,,,false,false
236,Smokescreen,1,16,90,true,209D,false,209D-3,209D,79,194,254,265,true,false
236,Smokescreen,16,17,0,false,,false,,,,,,,false,false
236,Wheeljack,13,2,180,false,,false,,,,,,,false,false
236,Wheeljack,12,12,0,false,,false,,,,,,,false,false
237,Bluestreak,4,11,0,true,150-3,false,150-3-3,150-3,69,194,250,258,true,false
237,Bluestreak,13,13,90,false,,false,,,,,,,false,false
237,Bumblebee,16,8,0,false,,false,,,,,,,false,false
237,Hound,20,8,0,false,,false,,,,,,,false,false
237,Ironhide,6,3,0,true,200C,false,200C-3,200C,73,177,254,264,true,false
237,Ironhide,19,5,90,false,,false,,,,,,,false,false
237,Jazz,1,13,90,true,209C,false,209C-3,209C,72,199,259,275,true,false
237,Jazz,17,17,0,false,,false,,,,,,,false,false
237,Megatron,14,7,0,true,200B-2,false,200B-2-3,200B-2,68,179,244,261,true,false
237,Megatron,17,9,90,false,,false,,,,,,,false,false
237,Optimus,3,8,0,true,140B-2,false,140B-2-2,140B-2,50,169,245,259,true,false
237,Optimus,10,8,0,false,,false,,,,,,,false,false
237,Ratchet,6,10,180,false,,false,,,,,,,false,false
237,Ratchet,19,17,90,false,,false,,,,,,,false,false
237,RedAlert,1,11,90,true,130A-3,false,130A-3-3,130A-3,72,170,243,252,true,false
237,RedAlert,3,13,0,false,,false,,,,,,,false,false
237,Sideswipe,1,18,0,true,209F,false,209F-3,209F,85,195,250,263,true,false
237,Sideswipe,13,18,0,false,,false,,,,,,,false,false
237,Smokescreen,1,17,90,true,209D,false,209D-3,209D,79,194,254,265,true,false
237,Smokescreen,16,17,0,false,,false,,,,,,,false,false
237,Wheeljack,12,2,180,false,,false,,,,,,,false,false
237,Wheeljack,12,12,0,false,,false,,,,,,,false,false
238,Bluestreak,5,11,0,true,150-3,false,150-3-3,150-3,69,194,250,258,true,false
238,Bluestreak,13,13,90,false,,false,,,,,,,false,false
238,Bumblebee,16,8,0,false,,false,,,,,,,false,false
238,Hound,20,8,0,false,,false,,,,,,,false,false
238,Ironhide,7,3,0,true,200C,false,200C-3,200C,73,177,254,264,true,false
238,Ironhide,19,5,90,false,,false,,,,,,,false,false
238,Jazz,1,14,90,true,209C,false,209C-3,209C,72,199,259,275,true,false
238,Jazz,17,17,0,false,,false,,,,,,,false,false
238,Megatron,15,7,0,true,200B-2,false,200B-2-3,200B-2,68,179,244,261,true,false
238,Megatron,17,9,90,false,,false,,,,,,,false,false
238,Optimus,4,8,0,true,140B-2,false,140B-2-2,140B-2,50,169,245,259,true,false
238,Optimus,10,8,0,false,,false,,,,,,,false,false
238,Ratchet,5,10,180,false,,false,,,,,,,false,false
238,Ratchet,19,17,90,false,,false,,,,,,,false,false
238,RedAlert,1,12,90,true,130A-3,false,130A-3-3,130A-3,72,170,243,252,true,false
238,RedAlert,3,13,0,false,,false,,,,,,,false,false
238,Sideswipe,2,18,0,true,209F,false,209F-3,209F,85,195,250,263,true,false
238,Sideswipe,13,18,0,false,,false,,,,,,,false,false
238,Smokescreen,1,17,0,true,209D,false,209D-3,209D,79,194,254,265,true,false
238,Smokescreen,16,17,0,false,,false,,,,,,,false,false
238,Wheeljack,11,2,180,false,,false,,,,,,,false,false
238,Wheeljack,12,12,0,false,,false,,,,,,,false,false
239,Bluestreak,6,11,0,true,150-3,false,150-3-3,150-3,69,194,250,258,true,false
239,Bluestreak,13,13,90,false,,false,,,,,,,false,false
239,Bumblebee,16,8,0,false,,false,,,,,,,false,false
239,Hound,20,8,0,false,,false,,,,,,,false,false
239,Ironhide,8,3,0,true,200C,false,200C-3,200C,73,177,254,264,true,false
239,Ironhide,19,5,90,false,,false,,,,,,,false,false
239,Jazz,1,15,90,true,209C,false,209C-3,209C,72,199,259,275,true,false
239,Jazz,17,17,0,false,,false,,,,,,,false,false
239,Megatron,16,7,0,true,200B-2,false,200B-2-3,200B-2,68,179,244,261,true,false
239,Megatron,17,9,90,false,,false,,,,,,,false,false
239,Optimus,5,8,0,true,140B-2,false,140B-2-2,140B-2,50,169,245,259,true,false
239,Optimus,10,8,0,false,,false,,,,,,,false,false
239,Ratchet,4,10,180,false,,false,,,,,,,false,false
239,Ratchet,19,17,90,false,,false,,,,,,,false,false
239,RedAlert,1,13,90,true,130A-3,false,130A-3-3,130A-3,72,170,243,252,true,false
239,RedAlert,3,13,0,false,,false,,,,,,,false,false
239,Sideswipe,3,18,0,true,209F,false,209F-3,209F,85,195,250,263,true,false
239,Sideswipe,13,18,0,false,,false,,,,,,,false,false
239,Smokescreen,2,17,0,true,209D,false,209D-3,209D,79,194,254,265,true,false
239,Smokescreen,16,17,0,false,,false,,,,,,,false,false
239,Wheeljack,10,2,180,false,,false,,,,,,,false,false
239,Wheeljack,12,12,0,false,,false,,,,,,,false,false
240,Bluestreak,7,11,0,true,150-3,false,150-3-3,150-3,69,194,250,258,true,false
240,Bluestreak,13,13,90,false,,false,,,,,,,false,false
240,Bumblebee,16,8,0,false,,false,,,,,,,false,false
240,Hound,20,8,0,false,,false,,,,,,,false,false
240,Ironhide,9,3,0,true,200C,false,200C-3,200C,73,177,254,264,true,false
240,Ironhide,19,5,90,false,,false,,,,,,,false,false
240,Jazz,1,16,90,true,209C,false,209C-3,209C,72,199,259,275,true,false
240,Jazz,17,17,0,false,,false,,,,,,,false,false
240,Megatron,17,7,0,true,200B-2,false,200B-2-3,200B-2,68,179,244,261,true,false
240,Megatron,17,9,90,false,,false,,,,,,,false,false
240,Optimus,6,8,0,true,140B-2,false,140B-2-2,140B-2,50,169,245,259,true,false
240,Optimus,10,8,0,false,,false,,,,,,,false,false
240,Ratchet,3,10,180,false,,false,,,,,,,false,false
240,Ratchet,19,17,90,false,,false,,,,,,,false,false
240,RedAlert,1,13,0,true,130A-3,false,130A-3-3,130A-3,72,170,243,252,true,false
240,RedAlert,3,13,0,false,,false,,,,,,,false,false
240,Sideswipe,4,18,0,true,209F,false,209F-3,209F,85,195,250,263,true,false
240,Sideswipe,13,18,0,false,,false,,,,,,,false,false
240,Smokescreen,3,17,0,true,209D,false,209D-3,209D,79,194,254,265,true,false
240,Smokescreen,16,17,0,false,,false,,,,,,,false,false
240,Wheeljack,9,2,180,false,,false,,,,,,,false,false
240,Wheeljack,12,12,0,false,,false,,,,,,,false,false
241,Bluestreak,8,11,0,true,150-3,false,150-3-3,150-3,69,194,250,258,true,false
241,Bluestreak,13,13,90,false,,false,,,,,,,false,false
241,Bumblebee,16,8,0,false,,false,,,,,,,false,false
241,Hound,20,8,0,false,,false,,,,,,,false,false
241,Ironhide,10,3,0,true,200C,false,200C-3,200C,73,177,254,264,true,false
241,Ironhide,19,5,90,false,,false,,,,,,,false,false
241,Jazz,1,17,90,true,209C,false,209C-3,209C,72,199,259,275,true,false
241,Jazz,17,17,0,false,,false,,,,,,,false,false
241,Megatron,17,7,90,true,200B-2,false,200B-2-3,200B-2,68,179,244,261,true,false
241,Megatron,17,9,90,false,,false,,,,,,,false,false
241,Optimus,7,8,0,true,140B-2,false,140B-2-2,140B-2,50,169,245,259,true,false
241,Optimus,10,8,0,false,,false,,,,,,,false,false
241,Ratchet,2,10,180,false,,false,,,,,,,false,false
241,Ratchet,19,17,90,false,,false,,,,,,,false,false
241,RedAlert,2,13,0,true,130A-3,false,130A-3-3,130A-3,72,170,243,252,true,false
241,RedAlert,3,13,0,false,,false,,,,,,,false,false
241,Sideswipe,5,18,0,true,209F,false,209F-3,209F,85,195,250,263,true,false
241,Sideswipe,13,18,0,false,,false,,,,,,,false,false
241,Smokescreen,4,17,0,true,209D,false,209D-3,209D,79,194,254,265,true,false
241,Smokescreen,16,17,0,false,,false,,,,,,,false,false
241,Wheeljack,8,2,180,false,,false,,,,,,,false,false
241,Wheeljack,12,12,0,false,,false,,,,,,,false,false
242,Bluestreak,9,11,0,true,150-3,false,150-3-3,150-3,69,194,250,258,true,false
242,Bluestreak,13,13,90,false,,false,,,,,,,false,false
242,Bumblebee,16,8,0,false,,false,,,,,,,false,false
242,Hound,20,8,270,false,,false,,,,,,,false,false
242,Hound,4,12,0,false,,false,,,,,,,false,false
242,Ironhide,11,3,0,true,200C,false,200C-3,200C,73,177,254,264,true,false
242,Ironhide,19,5,90,false,,false,,,,,,,false,false
242,Jazz,1,17,0,true,209C,false,209C-3,209C,72,199,259,275,true,false
242,Jazz,17,17,0,false,,false,,,,,,,false,false
242,Megatron,17,8,90,true,200B-2,false,200B-2-3,200B-2,68,179,244,261,true,false
242,Megatron,17,9,90,false,,false,,,,,,,false,false
242,Optimus,8,8,0,true,140B-2,false,140B-2-2,140B-2,50,169,245,259,true,false
242,Optimus,10,8,0,false,,false,,,,,,,false,false
242,Ratchet,1,10,180,false,,false,,,,,,,false,false
242,Ratchet,19,17,90,false,,false,,,,,,,false,false
242,RedAlert,3,13,0,true,130A-3,false,130A-3-3,130A-3,72,170,243,252,true,true
242,RedAlert,3,13,0,false,,false,,,,,,,false,false
242,Sideswipe,6,18,0,true,209F,false,209F-3,209F,85,195,250,263,true,false
242,Sideswipe,13,18,0,false,,false,,,,,,,false,false
242,Smokescreen,5,17,0,true,209D,false,209D-3,209D,79,194,254,265,true,false
242,Smokescreen,16,17,0,false,,false,,,,,,,false,false
242,Wheeljack,7,2,180,false,,false,,,,,,,false,false
242,Wheeljack,12,12,0,false,,false,,,,,,,false,false
243,Bluestreak,10,11,0,true,150-3,false,150-3-3,150-3,69,194,250,258,true,false
243,Bluestreak,13,13,90,false,,false,,,,,,,false,false
243,Bumblebee,16,8,0,false,,false,,,,,,,false,false
243,Hound,20,7,270,false,,false,,,,,,,false,false
243,Hound,4,12,0,false,,false,,,,,,,false,false
243,Ironhide,12,3,0,true,200C,false,200C-3,200C,73,177,254,264,true,false
243,Ironhide,19,5,90,false,,false,,,,,,,false,false
243,Jazz,2,17,0,true,209C,false,209C-3,209C,72,199,259,275,true,false
243,Jazz,17,17,0,false,,false,,,,,,,false,false
243,Megatron,17,9,90,true,200B-2,false,200B-2-3,200B-2,68,179,244,261,true,true
243,Megatron,17,9,90,false,,false,,,,,,,false,false
243,Optimus,9,8,0,true,140B-2,false,140B-2-2,140B-2,50,169,245,259,true,false
243,Optimus,10,8,0,false,,false,,,,,,,false,false
243,Ratchet,1,10,270,false,,false,,,,,,,false,false
243,Ratchet,19,17,90,false,,false,,,,,,,false,false
243,RedAlert,3,13,0,false,,false,,,,,,,false,false
243,RedAlert,3,13,0,false,,false,,,,,,,false,false
243,Sideswipe,7,18,0,true,209F,false,209F-3,209F,85,195,250,263,true,false
243,Sideswipe,13,18,0,false,,false,,,,,,,false,false
243,Smokescreen,6,17,0,true,209D,false,209D-3,209D,79,194,254,265,true,false
243,Smokescreen,16,17,0,false,,false,,,,,,,false,false
243,Wheeljack,6,2,180,false,,false,,,,,,,false,false
243,Wheeljack,12,12,0,false,,false,,,,,,,false,false
244,Bluestreak,11,11,0,true,150-3,false,150-3-3,150-3,69,194,250,258,true,false
244,Bluestreak,13,13,90,false,,false,,,,,,,false,false
244,Bumblebee,16,8,0,false,,false,,,,,,,false,false
244,Hound,20,6,270,false,,false,,,,,,,false,false
244,Hound,4,12,0,false,,false,,,,,,,false,false
244,Ironhide,13,3,0,true,200C,false,200C-3,200C,73,177,254,264,true,false
244,Ironhide,19,5,90,false,,false,,,,,,,false,false
244,Jazz,3,17,0,true,209C,false,209C-3,209C,72,199,259,275,true,false
244,Jazz,17,17,0,false,,false,,,,,,,false,false
244,Megatron,17,9,90,false,,false,,,,,,,false,false
244,Megatron,17,9,90,false,,false,,,,,,,false,false
244,Optimus,10,8,0,true,140B-2,false,140B-2-2,140B-2,50,169,245,259,true,true
244,Optimus,10,8,0,false,,false,,,,,,,false,false
244,Ratchet,1,9,270,false,,false,,,,,,,false,false
244,Ratchet,19,17,90,false,,false,,,,,,,false,false
244,RedAlert,3,13,0,false,,false,,,,,,,false,false
244,Sideswipe,8,18,0,true,209F,false,209F-3,209F,85,195,250,263,true,false
244,Sideswipe,13,18,0,false,,false,,,,,,,false,false
244,Smokescreen,7,17,0,true,209D,false,209D-3,209D,79,194,254,265,true,false
244,Smokescreen,16,17,0,false,,false,,,,,,,false,false
244,Wheeljack,5,2,180,false,,false,,,,,,,false,false
244,Wheeljack,12,12,0,false,,false,,,,,,,false,false
245,Bluestreak,12,11,0,true,150-3,false,150-3-3,150-3,69,194,250,258,true,false
245,Bluestreak,13,13,90,false,,false,,,,,,,false,false
245,Bumblebee,16,8,270,false,,false,,,,,,,false,false
245,Bumblebee,12,4,0,false,,false,,,,,,,false,false
245,Hound,20,6,180,false,,false,,,,,,,false,false
245,Hound,4,12,0,false,,false,,,,,,,false,false
245,Ironhide,14,3,0,true,200C,false,200C-3,200C,73,177,254,264,true,false
245,Ironhide,19,5,90,false,,false,,,,,,,false,false
245,Jazz,4,17,0,true,209C,false,209C-3,209C,72,199,259,275,true,false
245,Jazz,17,17,0,false,,false,,,,,,,false,false
245,Megatron,17,9,90,false,,false,,,,,,,false,false
245,Optimus,10,8,0,false,,false,,,,,,,false,false
245,Optimus,10,8,0,false,,false,,,,,,,false,false
245,Ratchet,1,8,270,false,,false,,,,,,,false,false
245,Ratchet,19,17,90,false,,false,,,,,,,false,false
245,RedAlert,3,13,0,false,,false,,,,,,,false,false
245,Sideswipe,9,18,0,true,209F,false,209F-3,209F,85,195,250,263,true,false
245,Sideswipe,13,18,0,false,,false,,,,,,,false,false
245,Smokescreen,8,17,0,true,209D,false,209D-3,209D,79,194,254,265,true,false
245,Smokescreen,16,17,0,false,,false,,,,,,,false,false
245,Wheeljack,4,2,180,false,,false,,,,,,,false,false
245,Wheeljack,12,12,0,false,,false,,,,,,,false,false
246,Bluestreak,13,11,0,true,150-3,false,150-3-3,150-3,69,194,250,258,true,false
246,Bluestreak,13,13,90,false,,false,,,,,,,false,false
246,Bumblebee,16,7,270,false,,false,,,,,,,false,false
246,Bumblebee,12,4,0,false,,false,,,,,,,false,false
246,Hound,19,6,180,false,,false,,,,,,,false,false
246,Hound,4,12,0,false,,false,,,,,,,false,false
246,Ironhide,15,3,0,true,200C,false,200C-3,200C,73,177,254,264,true,false
246,Ironhide,19,5,90,false,,false,,,,,,,false,false
246,Jazz,5,17,0,true,209C,false,209C-3,209C,72,199,259,275,true,false
246,Jazz,17,17,0,false,,false,,,,,,,false,false
246,Megatron,17,9,90,false,,false,,,,,,,false,false
246,Optimus,10,8,0,false,,false,,,,,,,false,false
246,Ratchet,1,7,270,false,,false,,,,,,,false,false
246,Ratchet,19,17,90,false,,false,,,,,,,false,false
246,RedAlert,3,13,0,false,,false,,,,,,,false,false
246,Sideswipe,10,18,0,true,209F,false,209F-3,209F,85,195,250,263,true,false
246,Sideswipe,13,18,0,false,,false,,,,,,,false,false
246,Smokescreen,9,17,0,true,209D,false,209D-3,209D,79,194,254,265,true,false
246,Smokescreen,16,17,0,false,,false,,,,,,,false,false
246,Wheeljack,3,2,180,false,,false,,,,,,,false,false
246,Wheeljack,12,12,0,false,,false,,,,,,,false,false
247,Bluestreak,13,11,90,true,150-3,false,150-3-3,150-3,69,194,250,258,true,false
247,Bluestreak,13,13,90,false,,false,,,,,,,false,false
247,Bumblebee,16,6,270,false,,false,,,,,,,false,false
247,Bumblebee,12,4,0,false,,false,,,,,,,false,false
247,Hound,18,6,180,false,,false,,,,,,,false,false
247,Hound,4,12,0,false,,false,,,,,,,false,false
247,Ironhide,16,3,0,true,200C,false,200C-3,200C,73,177,254,264,true,false
247,Ironhide,19,5,90,false,,false,,,,,,,false,false
247,Jazz,6,17,0,true,209C,false,209C-3,209C,72,199,259,275,true,false
247,Jazz,17,17,0,false,,false,,,,,,,false,false
247,Megatron,17,9,90,false,,false,,,,,,,false,false
247,Optimus,10,8,0,false,,false,,,,,,,false,false
247,Ratchet,1,6,270,false,,false,,,,,,,false,false
247,Ratchet,19,17,90,false,,false,,,,,,,false,false
247,RedAlert,3,13,0,false,,false,,,,,,,false,false
247,Sideswipe,11,18,0,true,209F,false,209F-3,209F,85,195,250,263,true,false
247,Sideswipe,13,18,0,false,,false,,,,,,,false,false
247,Smokescreen,10,17,0,true,209D,false,209D-3,209D,79,194,254,265,true,false
247,Smokescreen,16,17,0,false,,false,,,,,,,false,false
247,Wheeljack,2,2,180,false,,false,,,,,,,false,false
247,Wheeljack,12,12,0,false,,false,,,,,,,false,false
248,Bluestreak,13,12,90,true,150-3,false,150-3-3,150-3,69,194,250,258,true,false
248,Bluestreak,13,13,90,false,,false,,,,,,,false,false
248,Bumblebee,16,6,180,false,,false,,,,,,,false,false
248,Bumblebee,12,4,0,false,,false,,,,,,,false,false
248,Hound,17,6,180,false,,false,,,,,,,false,false
248,Hound,4,12,0,false,,false,,,,,,,false,false
248,Ironhide,17,3,0,true,200C,false,200C-3,200C,73,177,254,264,true,false
248,Ironhide,19,5,90,false,,false,,,,,,,false,false
248,Jazz,7,17,0,true,209C,false,209C-3,209C,72,199,259,275,true,false
248,Jazz,17,17,0,false,,false,,,,,,,false,false
248,Megatron,17,9,90,false,,false,,,,,,,false,false
248,Optimus,10,8,0,false,,false,,,,,,,false,false
248,Ratchet,1,5,270,false,,false,,,,,,,false,false
248,Ratchet,19,17,90,false,,false,,,,,,,false,false
248,RedAlert,3,13,0,false,,false,,,,,,,false,false
248,Sideswipe,12,18,0,true,209F,false,209F-3,209F,85,195,250,263,true,false
248,Sideswipe,13,18,0,false,,false,,,,,,,false,false
248,Smokescreen,11,17,0,true,209D,false,209D-3,209D,79,194,254,265,true,false
248,Smokescreen,16,17,0,false,,false,,,,,,,false,false
248,Wheeljack,1,2,180,false,,false,,,,,,,false,false
248,Wheeljack,12,12,0,false,,false,,,,,,,false,false
249,Bluestreak,13,13,90,true,150-3,false,150-3-3,150-3,69,194,250,258,true,true
249,Bluestreak,13,13,90,false,,false,,,,,,,false,false
249,Bumblebee,15,6,180,false,,false,,,,,,,false,false
249,Bumblebee,12,4,0,false,,false,,,,,,,false,false
249,Hound,16,6,180,false,,false,,,,,,,false,false
249,Hound,4,12,0,false,,false,,,,,,,false,false
249,Ironhide,18,3,0,true,200C,false,200C-3,200C,73,177,254,264,true,false
249,Ironhide,19,5,90,false,,false,,,,,,,false,false
249,Jazz,8,17,0,true,209C,false,209C-3,209C,72,199,259,275,true,false
249,Jazz,17,17,0,false,,false,,,,,,,false,false
249,Megatron,17,9,90,false,,false,,,,,,,false,false
249,Optimus,10,8,0,false,,false,,,,,,,false,false
249,Ratchet,1,4,270,false,,false,,,,,,,false,false
249,Ratchet,19,17,90,false,,false,,,,,,,false,false
249,RedAlert,3,13,0,false,,false,,,,,,,false,false
249,Sideswipe,13,18,0,true,209F,false,209F-3,209F,85,195,250,263,true,true
249,Sideswipe,13,18,0,false,,false,,,,,,,false,false
249,Smokescreen,12,17,0,true,209D,false,209D-3,209D,79,194,254,265,true,false
249,Smokescreen,16,17,0,false,,false,,,,,,,false,false
249,Wheeljack,1,2,180,true,140C-3,false,140C-3-3,140C-3,64,173,273,289,true,false
249,Wheeljack,12,12,0,false,,false,,,,,,,false,false
250,Bluestreak,13,13,90,false,,false,,,,,,,false,false
250,Bluestreak,13,13,90,false,,false,,,,,,,false,false
250,Bumblebee,14,6,180,false,,false,,,,,,,false,false
250,Bumblebee,12,4,0,false,,false,,,,,,,false,false
250,Hound,15,6,180,false,,false,,,,,,,false,false
250,Hound,4,12,0,false,,false,,,,,,,false,false
250,Ironhide,19,3,0,true,200C,false,200C-3,200C,73,177,254,264,true,false
250,Ironhide,19,5,90,false,,false,,,,,,,false,false
250,Jazz,9,17,0,true,209C,false,209C-3,209C,72,199,259,275,true,false
250,Jazz,17,17,0,false,,false,,,,,,,false,false
250,Megatron,17,9,90,false,,false,,,,,,,false,false
250,Optimus,10,8,0,false,,false,,,,,,,false,false
250,Ratchet,1,3,270,false,,false,,,,,,,false,false
250,Ratchet,19,17,90,false,,false,,,,,,,false,false
250,RedAlert,3,13,0,false,,false,,,,,,,false,false
250,Sideswipe,13,18,0,false,,false,,,,,,,false,false
250,Sideswipe,13,18,0,false,,false,,,,,,,false,false
250,Smokescreen,13,17,0,true,209D,false,209D-3,209D,79,194,254,265,true,false
250,Smokescreen,16,17,0,false,,false,,,,,,,false,false
250,Wheeljack,1,2,90,true,140C-3,false,140C-3-3,140C-3,64,173,273,289,true,false
250,Wheeljack,12,12,0,false,,false,,,,,,,false,false
251,Bluestreak,13,13,90,false,,false,,,,,,,false,false
251,Bumblebee,13,6,180,false,,false,,,,,,,false,false
251,Bumblebee,12,4,0,false,,false,,,,,,,false,false
251,Hound,14,6,180,false,,false,,,,,,,false,false
251,Hound,4,12,0,false,,false,,,,,,,false,false
251,Ironhide,19,3,90,true,200C,false,200C-3,200C,73,177,254,264,true,false
251,Ironhide,19,5,90,false,,false,,,,,,,false,false
251,Jazz,10,17,0,true,209C,false,209C-3,209C,72,199,259,275,true,false
251,Jazz,17,17,0,false,,false,,,,,,,false,false
251,Megatron,17,9,90,false,,false,,,,,,,false,false
251,Optimus,10,8,0,false,,false,,,,,,,false,false
251,Ratchet,1,2,270,false,,false,,,,,,,false,false
251,Ratchet,19,17,90,false,,false,,,,,,,false,false
251,RedAlert,3,13,0,false,,false,,,,,,,false,false
251,Sideswipe,13,18,0,false,,false,,,,,,,false,false
251,Smokescreen,14,17,0,true,209D,false,209D-3,209D,79,194,254,265,true,false
251,Smokescreen,16,17,0,false,,false,,,,,,,false,false
251,Wheeljack,1,3,90,true,140C-3,false,140C-3-3,140C-3,64,173,273,289,true,false
251,Wheeljack,12,12,0,false,,false,,,,,,,false,false
252,Bluestreak,13,13,90,false,,false,,,,,,,false,false
252,Bumblebee,12,6,180,false,,false,,,,,,,false,false
252,Bumblebee,12,4,0,false,,false,,,,,,,false,false
252,Hound,13,6,180,false,,false,,,,,,,false,false
252,Hound,4,12,0,false,,false,,,,,,,false,false
252,Ironhide,19,4,90,true,200C,false,200C-3,200C,73,177,254,264,true,false
252,Ironhide,19,5,90,false,,false,,,,,,,false,false
252,Jazz,11,17,0,true,209C,false,209C-3,209C,72,199,259,275,true,false
252,Jazz,17,17,0,false,,false,,,,,,,false,false
252,Megatron,17,9,90,false,,false,,,,,,,false,false
252,Optimus,10,8,0,false,,false,,,,,,,false,false
252,Ratchet,1,2,270,true,209A,false,209A-3,209A,88,184,289,298,true,false
252,Ratchet,19,17,90,false,,false,,,,,,,false,false
252,RedAlert,3,13,0,false,,false,,,,,,,false,false
252,Sideswipe,13,18,0,false,,false,,,,,,,false,false
252,Smokescreen,15,17,0,true,209D,false,209D-3,209D,79,194,254,265,true,false
252,Smokescreen,16,17,0,false,,false,,,,,,,false,false
252,Wheeljack,1,4,90,true,140C-3,false,140C-3-3,140C-3,64,173,273,289,true,false
252,Wheeljack,12,12,0,false,,false,,,,,,,false,false
253,Bluestreak,13,13,90,false,,false,,,,,,,false,false
253,Bumblebee,11,6,180,false,,false,,,,,,,false,false
253,Bumblebee,12,4,0,false,,false,,,,,,,false,false
253,Hound,12,6,180,false,,false,,,,,,,false,false
253,Hound,4,12,0,false,,false,,,,,,,false,false
253,Ironhide,19,5,90,true,200C,false,200C-3,200C,73,177,254,264,true,true
253,Ironhide,19,5,90,false,,false,,,,,,,false,false
253,Jazz,12,17,0,true,209C,false,209C-3,209C,72,199,259,275,true,false
253,Jazz,17,17,0,false,,false,,,,,,,false,false
253,Megatron,17,9,90,false,,false,,,,,,,false,false
253,Optimus,10,8,0,false,,false,,,,,,,false,false
253,Ratchet,1,2,90,true,209A,false,209A-3,209A,88,184,289,298,true,false
253,Ratchet,19,17,90,false,,false,,,,,,,false,false
253,RedAlert,3,13,270,false,,false,,,,,,,false,false
253,RedAlert,15,13,90,false,,false,,,,,,,false,false
253,Sideswipe,13,18,0,false,,false,,,,,,,false,false
253,Smokescreen,16,17,0,true,209D,false,209D-3,209D,79,194,254,265,true,true
253,Smokescreen,16,17,0,false,,false,,,,,,,false,false
253,Wheeljack,1,5,90,true,140C-3,false,140C-3-3,140C-3,64,173,273,289,true,false
253,Wheeljack,12,12,0,false,,false,,,,,,,false,false
254,Bluestreak,13,13,90,false,,false,,,,,,,false,false
254,Bumblebee,10,6,180,false,,false,,,,,,,false,false
254,Bumblebee,12,4,0,false,,false,,,,,,,false,false
254,Hound,11,6,180,false,,false,,,,,,,false,false
254,Hound,4,12,0,false,,false,,,,,,,false,false
254,Ironhide,19,5,90,false,,false,,,,,,,false,false
254,Ironhide,19,5,90,false,,false,,,,,,,false,false
254,Jazz,13,17,0,true,209C,false,209C-3,209C,72,199,259,275,true,false
254,Jazz,17,17,0,false,,false,,,,,,,false,false
254,Megatron,17,9,90,false,,false,,,,,,,false,false
254,Optimus,10,8,0,false,,false,,,,,,,false,false
254,Ratchet,1,3,90,true,209A,false,209A-3,209A,88,184,289,298,true,false
254,Ratchet,19,17,90,false,,false,,,,,,,false,false
254,RedAlert,3,12,270,false,,false,,,,,,,false,false
254,RedAlert,15,13,90,false,,false,,,,,,,false,false
254,Sideswipe,13,18,0,false,,false,,,,,,,false,false
254,Smokescreen,16,17,0,false,,false,,,,,,,false,false
254,Smokescreen,16,17,0,false,,false,,,,,,,false,false
254,Wheeljack,1,6,90,true,140C-3,false,140C-3-3,140C-3,64,173,273,289,true,false
254,Wheeljack,12,12,0,false,,false,,,,,,,false,false
255,Bluestreak,13,13,90,false,,false,,,,,,,false,false
255,Bumblebee,9,6,180,false,,false,,,,,,,false,false
255,Bumblebee,12,4,0,false,,false,,,,,,,false,false
255,Hound,10,6,180,false,,false,,,,,,,false,false
255,Hound,4,12,0,false,,false,,,,,,,false,false
255,Ironhide,19,5,90,false,,false,,,,,,,false,false
255,Jazz,14,17,0,true,209C,false,209C-3,209C,72,199,259,275,true,false
255,Jazz,17,17,0,false,,false,,,,,,,false,false
255,Megatron,17,9,90,false,,false,,,,,,,false,false
255,Optimus,10,8,0,false,,false,,,,,,,false,false
255,Ratchet,1,4,90,true,209A,false,209A-3,209A,88,184,289,298,true,false
255,Ratchet,19,17,90,false,,false,,,,,,,false,false
255,RedAlert,3,11,270,false,,false,,,,,,,false,false
255,RedAlert,15,13,90,false,,false,,,,,,,false,false
255,Sideswipe,13,18,0,false,,false,,,,,,,false,false
255,Smokescreen,16,17,0,false,,false,,,,,,,false,false
255,Wheeljack,1,7,90,true,140C-3,false,140C-3-3,140C-3,64,173,273,289,true,false
255,Wheeljack,12,12,0,false,,false,,,,,,,false,false
256,Bluestreak,13,13,90,false,,false,,,,,,,false,false
256,Bumblebee,8,6,180,false,,false,,,,,,,false,false
256,Bumblebee,12,4,0,false,,false,,,,,,,false,false
256,Hound,9,6,180,false,,false,,,,,,,false,false
256,Hound,4,12,0,false,,false,,,,,,,false,false
256,Ironhide,19,5,90,false,,false,,,,,,,false,false
256,Jazz,15,17,0,true,209C,false,209C-3,209C,72,199,259,275,true,false
256,Jazz,17,17,0,false,,false,,,,,,,false,false
256,Megatron,17,9,90,false,,false,,,,,,,false,false
256,Optimus,10,8,0,false,,false,,,,,,,false,false
256,Ratchet,1,5,90,true,209A,false,209A-3,209A,88,184,289,298,true,false
256,Ratchet,19,17,90,false,,false,,,,,,,false,false
256,RedAlert,3,10,270,false,,false,,,,,,,false,false
256,RedAlert,15,13,90,false,,false,,,,,,,false,false
256,Sideswipe,13,18,0,false,,false,,,,,,,false,false
256,Smokescreen,16,17,0,false,,false,,,,,,,false,false
256,Wheeljack,1,8,90,true,140C-3,false,140C-3-3,140C-3,64,173,273,289,true,false
256,Wheeljack,12,12,0,false,,false,,,,,,,false,false
257,Bluestreak,13,13,90,false,,false,,,,,,,false,false
257,Bumblebee,7,6,180,false,,false,,,,,,,false,false
257,Bumblebee,12,4,0,false,,false,,,,,,,false,false
257,Hound,8,6,180,false,,false,,,,,,,false,false
257,Hound,4,12,0,false,,false,,,,,,,false,false
257,Ironhide,19,5,90,false,,false,,,,,,,false,false
257,Jazz,16,17,0,true,209C,false,209C-3,209C,72,199,259,275,true,false
257,Jazz,17,17,0,false,,false,,,,,,,false,false
257,Megatron,17,9,90,false,,false,,,,,,,false,false
257,Optimus,10,8,0,false,,false,,,,,,,false,false
257,Ratchet,1,6,90,true,209A,false,209A-3,209A,88,184,289,298,true,false
257,Ratchet,19,17,90,false,,false,,,,,,,false,false
257,RedAlert,3,9,270,false,,false,,,,,,,false,false
257,RedAlert,15,13,90,false,,false,,,,,,,false,false
257,Sideswipe,13,18,0,false,,false,,,,,,,false,false
257,Smokescreen,16,17,0,false,,false,,,,,,,false,false
257,Wheeljack,1,9,90,true,140C-3,false,140C-3-3,140C-3,64,173,273,289,true,false
257,Wheeljack,12,12,0,false,,false,,,,,,,false,false
258,Bluestreak,13,13,90,false,,false,,,,,,,false,false
258,Bumblebee,6,6,180,false,,false,,,,,,,false,false
258,Bumblebee,12,4,0,false,,false,,,,,,,false,false
258,Hound,7,6,180,false,,false,,,,,,,false,false
258,Hound,4,12,0,false,,false,,,,,,,false,false
258,Ironhide,19,5,90,false,,false,,,,,,,false,false
258,Jazz,17,17,0,true,209C,false,209C-3,209C,72,199,259,275,true,true
258,Jazz,17,17,0,false,,false,,,,,,,false,false
258,Megatron,17,9,90,false,,false,,,,,,,false,false
258,Optimus,10,8,0,false,,false,,,,,,,false,false
258,Ratchet,1,7,90,true,209A,false,209A-3,209A,88,184,289,298,true,false
258,Ratchet,19,17,90,false,,false,,,,,,,false,false
258,RedAlert,3,8,270,false,,false,,,,,,,false,false
258,RedAlert,15,13,90,false,,false,,,,,,,false,false
258,Sideswipe,13,18,0,false,,false,,,,,,,false,false
258,Smokescreen,16,17,0,false,,false,,,,,,,false,false
258,Wheeljack,1,10,90,true,140C-3,false,140C-3-3,140C-3,64,173,273,289,true,false
258,Wheeljack,12,12,0,false,,false,,,,,,,false,false
259,Bluestreak,13,13,270,false,,false,,,,,,,false,false
259,Bluestreak,11,9,90,false,,false,,,,,,,false,false
259,Bumblebee,5,6,180,false,,false,,,,,,,false,false
259,Bumblebee,12,4,0,false,,false,,,,,,,false,false
259,Hound,6,6,180,false,,false,,,,,,,false,false
259,Hound,4,12,0,false,,false,,,,,,,false,false
259,Ironhide,19,5,90,false,,false,,,,,,,false,false
259,Jazz,17,17,0,false,,false,,,,,,,false,false
259,Jazz,17,17,0,false,,false,,,,,,,false,false
259,Megatron,17,9,90,false,,false,,,,,,,false,false
259,Optimus,10,8,0,false,,false,,,,,,,false,false
259,Ratchet,1,8,90,true,209A,false,209A-3,209A,88,184,289,298,true,false
259,Ratchet,19,17,90,false,,false,,,,,,,false,false
259,RedAlert,3,7,270,false,,false,,,,,,,false,false
259,RedAlert,15,13,90,false,,false,,,,,,,false,false
259,Sideswipe,13,18,0,false,,false,,,,,,,false,false
259,Smokescreen,16,17,0,false,,false,,,,,,,false,false
259,Wheeljack,1,11,90,true,140C-3,false,140C-3-3,140C-3,64,173,273,289,true,false
259,Wheeljack,12,12,0,false,,false,,,,,,,false,false
260,Bluestreak,13,12,270,false,,false,,,,,,,false,false
260,Bluestreak,11,9,90,false,,false,,,,,,,false,false
260,Bumblebee,4,6,180,false,,false,,,,,,,false,false
260,Bumblebee,12,4,0,false,,false,,,,,,,false,false
260,Hound,5,6,180,false,,false,,,,,,,false,false
260,Hound,4,12,0,false,,false,,,,,,,false,false
260,Ironhide,19,5,90,false,,false,,,,,,,false,false
260,Jazz,17,17,0,false,,false,,,,,,,false,false
260,Megatron,17,9,90,false,,false,,,,,,,false,false
260,Optimus,10,8,270,false,,false,,,,,,,false,false
260,Optimus,18,8,0,false,,false,,,,,,,false,false
260,Ratchet,1,9,90,true,209A,false,209A-3,209A,88,184,289,298,true,false
260,Ratchet,19,17,90,false,,false,,,,,,,false,false
260,RedAlert,3,6,270,false,,false,,,,,,,false,false
260,RedAlert,15,13,90,false,,false,,,,,,,false,false
260,Sideswipe,13,18,0,false,,false,,,,,,,false,false
260,Smokescreen,16,17,0,false,,false,,,,,,,false,false
260,Wheeljack,1,12,90,true,140C-3,false,140C-3-3,140C-3,64,173,273,289,true,false
260,Wheeljack,12,12,0,false,,false,,,,,,,false,false
261,Bluestreak,13,11,270,false,,false,,,,,,,false,false
261,Bluestreak,11,9,90,false,,false,,,,,,,false,false
261,Bumblebee,3,6,180,false,,false,,,,,,,false,false
261,Bumblebee,12,4,0,false,,false,,,,,,,false,false
261,Hound,4,6,180,false,,false,,,,,,,false,false
261,Hound,4,12,0,false,,false,,,,,,,false,false
261,Ironhide,19,5,90,false,,false,,,,,,,false,false
261,Jazz,17,17,0,false,,false,,,,,,,false,false
261,Megatron,17,9,90,false,,false,,,,,,,false,false
261,Optimus,10,7,270,false,,false,,,,,,,false,false
261,Optimus,18,8,0,false,,false,,,,,,,false,false
261,Ratchet,1,10,90,true,209A,false,209A-3,209A,88,184,289,298,true,false
261,Ratchet,19,17,90,false,,false,,,,,,,false,false
261,RedAlert,3,5,270,false,,false,,,,,,,false,false
261,RedAlert,15,13,90,false,,false,,,,,,,false,false
261,Sideswipe,13,18,0,false,,false,,,,,,,false,false
261,Smokescreen,16,17,0,false,,false,,,,,,,false,false
261,Wheeljack,1,12,0,true,140C-3,false,140C-3-3,140C-3,64,173,273,289,true,false
261,Wheeljack,12,12,0,false,,false,,,,,,,false,false
262,Bluestreak,13,10,270,false,,false,,,,,,,false,false
262,Bluestreak,11,9,90,false,,false,,,,,,,false,false
262,Bumblebee,2,6,180,false,,false,,,,,,,false,false
262,Bumblebee,12,4,0,false,,false,,,,,,,false,false
262,Hound,3,6,180,false,,false,,,,,,,false,false
262,Hound,4,12,0,false,,false,,,,,,,false,false
262,Ironhide,19,5,90,false,,false,,,,,,,false,false
262,Jazz,17,17,0,false,,false,,,,,,,false,false
262,Megatron,17,9,270,false,,false,,,,,,,false,false
262,Megatron,17,5,90,false,,false,,,,,,,false,false
262,Optimus,10,6,270,false,,false,,,,,,,false,false
262,Optimus,18,8,0,false,,false,,,,,,,false,false
262,Ratchet,1,11,90,true,209A,false,209A-3,209A,88,184,289,298,true,false
262,Ratchet,19,17,90,false,,false,,,,,,,false,false
262,RedAlert,3,4,270,false,,false,,,,,,,false,false
262,RedAlert,15,13,90,false,,false,,,,,,,false,false
262,Sideswipe,13,18,0,false,,false,,,,,,,false,false
262,Smokescreen,16,17,0,false,,false,,,,,,,false,false
262,Wheeljack,2,12,0,true,140C-3,false,140C-3-3,140C-3,64,173,273,289,true,false
262,Wheeljack,12,12,0,false,,false,,,,,,,false,false
263,Bluestreak,13,9,270,false,,false,,,,,,,false,false
263,Bluestreak,11,9,90,false,,false,,,,,,,false,false
263,Bumblebee,1,6,180,false,,false,,,,,,,false,false
263,Bumblebee,12,4,0,false,,false,,,,,,,false,false
263,Hound,2,6,180,false,,false,,,,,,,false,false
263,Hound,4,12,0,false,,false,,,,,,,false,false
263,Ironhide,19,5,90,false,,false,,,,,,,false,false
263,Jazz,17,17,0,false,,false,,,,,,,false,false
263,Megatron,17,8,270,false,,false,,,,,,,false,false
263,Megatron,17,5,90,false,,false,,,,,,,false,false
263,Optimus,10,6,180,false,,false,,,,,,,false,false
263,Optimus,18,8,0,false,,false,,,,,,,false,false
263,Ratchet,1,12,90,true,209A,false,209A-3,209A,88,184,289,298,true,false
263,Ratchet,19,17,90,false,,false,,,,,,,false,false
263,RedAlert,3,3,270,false,,false,,,,,,,false,false
263,RedAlert,15,13,90,false,,false,,,,,,,false,false
263,Sideswipe,13,18,0,false,,false,,,,,,,false,false
263,Smokescreen,16,17,0,false,,false,,,,,,,false,false
263,Wheeljack,3,12,0,true,140C-3,false,140C-3-3,140C-3,64,173,273,289,true,false
263,Wheeljack,12,12,0,false,,false,,,,,,,false,false
264,Bluestreak,13,8,270,false,,false,,,,,,,false,false
264,Bluestreak,11,9,90,false,,false,,,,,,,false,false
264,Bumblebee,1,6,270,false,,false,,,,,,,false,false
264,Bumblebee,12,4,0,false,,false,,,,,,,false,false
264,Hound,1,6,180,false,,false,,,,,,,false,false
264,Hound,4,12,0,false,,false,,,,,,,false,false
264,Ironhide,19,5,90,false,,false,,,,,,,false,false
264,Jazz,17,17,0,false,,false,,,,,,,false,false
264,Megatron,17,7,270,false,,false,,,,,,,false,false
264,Megatron,17,5,90,false,,false,,,,,,,false,false
264,Optimus,9,6,180,false,,false,,,,,,,false,false
264,Optimus,18,8,0,false,,false,,,,,,,false,false
264,Ratchet,1,13,90,true,209A,false,209A-3,209A,88,184,289,298,true,false
264,Ratchet,19,17,90,false,,false,,,,,,,false,false
264,RedAlert,3,2,270,false,,false,,,,,,,false,false
264,RedAlert,15,13,90,false,,false,,,,,,,false,false
264,Sideswipe,13,18,270,false,,false,,,,,,,false,false
264,Sideswipe,15,5,90,false,,false,,,,,,,false,false
264,Smokescreen,16,17,0,false,,false,,,,,,,false,false
264,Wheeljack,4,12,0,true,140C-3,false,140C-3-3,140C-3,64,173,273,289,true,false
264,Wheeljack,12,12,0,false,,false,,,,,,,false,false
265,Bluestreak,13,7,270,false,,false,,,,,,,false,false
265,Bluestreak,11,9,90,false,,false,,,,,,,false,false
265,Bumblebee,1,5,270,false,,false,,,,,,,false,false
265,Bumblebee,12,4,0,false,,false,,,,,,,false,false
265,Hound,1,6,270,false,,false,,,,,,,false,false
265,Hound,4,12,0,false,,false,,,,,,,false,false
265,Ironhide,19,5,270,false,,false,,,,,,,false,false
265,Ironhide,10,4,0,false,,false,,,,,,,false,false
265,Jazz,17,17,0,false,,false,,,,,,,false,false
265,Megatron,17,6,270,false,,false,,,,,,,false,false
265,Megatron,17,5,90,false,,false,,,,,,,false,false
265,Optimus,8,6,180,false,,false,,,,,,,false,false
265,Optimus,18,8,0,false,,false,,,,,,,false,false
265,Ratchet,1,14,90,true,209A,false,209A-3,209A,88,184,289,298,true,false
265,Ratchet,19,17,90,false,,false,,,,,,,false,false
265,RedAlert,3,2,180,false,,false,,,,,,,false,false
265,RedAlert,15,13,90,false,,false,,,,,,,false,false
265,Sideswipe,13,17,270,false,,false,,,,,,,false,false
265,Sideswipe,15,5,90,false,,false,,,,,,,false,false
265,Smokescreen,16,17,0,false,,false,,,,,,,false,false
265,Wheeljack,5,12,0,true,140C-3,false,140C-3-3,140C-3,64,173,273,289,true,false
265,Wheeljack,12,12,0,false,,false,,,,,,,false,false
266,Bluestreak,13,6,270,false,,false,,,,,,,false,false
266,Bluestreak,11,9,90,false,,false,,,,,,,false,false
266,Bumblebee,1,4,270,false,,false,,,,,,,false,false
266,Bumblebee,12,4,0,false,,false,,,,,,,false,false
266,Hound,1,5,270,false,,false,,,,,,,false,false
266,Hound,4,12,0,false,,false,,,,,,,false,false
266,Ironhide,19,4,270,false,,false,,,,,,,false,false
266,Ironhide,10,4,0,false,,false,,,,,,,false,false
266,Jazz,17,17,0,false,,false,,,,,,,false,false
266,Megatron,17,5,270,false,,false,,,,,,,false,false
266,Megatron,17,5,90,false,,false,,,,,,,false,false
266,Optimus,7,6,180,false,,false,,,,,,,false,false
266,Optimus,18,8,0,false,,false,,,,,,,false,false
266,Ratchet,1,15,90,true,209A,false,209A-3,209A,88,184,289,298,true,false
266,Ratchet,19,17,90,false,,false,,,,,,,false,false
266,RedAlert,2,2,180,false,,false,,,,,,,false,false
266,RedAlert,15,13,90,false,,false,,,,,,,false,false
266,Sideswipe,13,16,270,false,,false,,,,,,,false,false
266,Sideswipe,15,5,90,false,,false,,,,,,,false,false
266,Smokescreen,16,17,270,false,,false,,,,,,,false,false
266,Smokescreen,19,5,90,false,,false,,,,,,,false,false
266,Wheeljack,6,12,0,true,140C-3,false,140C-3-3,140C-3,64,173,273,289,true,false
266,Wheeljack,12,12,0,false,,false,,,,,,,false,false
267,Bluestreak,13,5,270,false,,false,,,,,,,false,false
267,Bluestreak,11,9,90,false,,false,,,,,,,false,false
267,Bumblebee,1,3,270,false,,false,,,,,,,false,false
267,Bumblebee,12,4,0,false,,false,,,,,,,false,false
267,Hound,1,4,270,false,,false,,,,,,,false,false
267,Hound,4,12,0,false,,false,,,,,,,false,false
267,Ironhide,19,3,270,false,,false,,,,,,,false,false
267,Ironhide,10,4,0,false,,false,,,,,,,false,false
267,Jazz,17,17,0,false,,false,,,,,,,false,false
267,Megatron,17,4,270,false,,false,,,,,,,false,false
267,Megatron,17,5,90,false,,false,,,,,,,false,false
267,Optimus,6,6,180,false,,false,,,,,,,false,false
267,Optimus,18,8,0,false,,false,,,,,,,false,false
267,Ratchet,1,16,90,true,209A,false,209A-3,209A,88,184,289,298,true,false
267,Ratchet,19,17,90,false,,false,,,,,,,false,false
267,RedAlert,1,2,180,false,,false,,,,,,,false,false
267,RedAlert,15,13,90,false,,false,,,,,,,false,false
267,Sideswipe,13,15,270,false,,false,,,,,,,false,false
267,Sideswipe,15,5,90,false,,false,,,,,,,false,false
267,Smokescreen,16,16,270,false,,false,,,,,,,false,false
267,Smokescreen,19,5,90,false,,false,,,,,,,false,false
267,Wheeljack,7,12,0,true,140C-3,false,140C-3-3,140C-3,64,173,273,289,true,false
267,Wheeljack,12,12,0,false,,false,,,,,,,false,false
268,Bluestreak,13,4,270,false,,false,,,,,,,false,false
268,Bluestreak,11,9,90,false,,false,,,,,,,false,false
268,Bumblebee,1,2,270,false,,false,,,,,,,false,false
268,Bumblebee,12,4,0,false,,false,,,,,,,false,false
268,Hound,1,3,270,false,,false,,,,,,,false,false
268,Hound,4,12,0,false,,false,,,,,,,false,false
268,Ironhide,19,2,270,false,,false,,,,,,,false,false
268,Ironhide,10,4,0,false,,false,,,,,,,false,false
268,Jazz,17,17,0,false,,false,,,,,,,false,false
268,Megatron,17,3,270,false,,false,,,,,,,false,false
268,Megatron,17,5,90,false,,false,,,,,,,false,false
268,Optimus,5,6,180,false,,false,,,,,,,false,false
268,Optimus,18,8,0,false,,false,,,,,,,false,false
268,Ratchet,1,16,0,true,209A,false,209A-3,209A,88,184,289,298,true,false
268,Ratchet,19,17,90,false,,false,,,,,,,false,false
268,RedAlert,1,2,180,true,200A-3,false,200A-3-2,200A-3,45,170,297,307,true,false
268,RedAlert,15,13,90,false,,false,,,,,,,false,false
268,Sideswipe,13,14,270,false,,false,,,,,,,false,false
268,Sideswipe,15,5,90,false,,false,,,,,,,false,false
268,Smokescreen,16,15,270,false,,false,,,,,,,false,false
268,Smokescreen,19,5,90,false,,false,,,,,,,false,false
268,Wheeljack,8,12,0,true,140C-3,false,140C-3-3,140C-3,64,173,273,289,true,false
268,Wheeljack,12,12,0,false,,false,,,,,,,false,false
269,Bluestreak,13,3,270,false,,false,,,,,,,false,false
269,Bluestreak,11,9,90,false,,false,,,,,,,false,false
269,Bumblebee,1,2,270,true,140C,false,140C-2,140C,47,157,285,296,true,false
269,Bumblebee,12,4,0,false,,false,,,,,,,false,false
269,Hound,1,2,270,false,,false,,,,,,,false,false
269,Hound,4,12,0,false,,false,,,,,,,false,false
269,Ironhide,19,2,180,false,,false,,,,,,,false,false
269,Ironhide,10,4,0,false,,false,,,,,,,false,false
269,Jazz,17,17,0,false,,false,,,,,,,false,false
269,Megatron,17,2,270,false,,false,,,,,,,false,false
269,Megatron,17,5,90,false,,false,,,,,,,false,false
269,Optimus,4,6,180,false,,false,,,,,,,false,false
269,Optimus,18,8,0,false,,false,,,,,,,false,false
269,Ratchet,2,16,0,true,209A,false,209A-3,209A,88,184,289,298,true,false
269,Ratchet,19,17,90,false,,false,,,,,,,false,false
269,RedAlert,1,2,90,true,200A-3,false,200A-3-2,200A-3,45,170,297,307,true,false
269,RedAlert,15,13,90,false,,false,,,,,,,false,false
269,Sideswipe,13,13,270,false,,false,,,,,,,false,false
269,Sideswipe,15,5,90,false,,false,,,,,,,false,false
269,Smokescreen,16,14,270,false,,false,,,,,,,false,false
269,Smokescreen,19,5,90,false,,false,,,,,,,false,false
269,Wheeljack,9,12,0,true,140C-3,false,140C-3-3,140C-3,64,173,273,289,true,false
269,Wheeljack,12,12,0,false,,false,,,,,,,false,false
270,Bluestreak,13,2,270,false,,false,,,,,,,false,false
270,Bluestreak,11,9,90,false,,false,,,,,,,false,false
270,Bumblebee,1,2,90,true,140C,false,140C-2,140C,47,157,285,296,true,false
270,Bumblebee,12,4,0,false,,false,,,,,,,false,false
270,Hound,1,2,270,true,130A-3,false,130A-3-2,130A-3,43,166,286,295,true,false
270,Hound,4,12,0,false,,false,,,,,,,false,false
270,Ironhide,18,2,180,false,,false,,,,,,,false,false
270,Ironhide,10,4,0,false,,false,,,,,,,false,false
270,Jazz,17,17,0,false,,false,,,,,,,false,false
270,Megatron,17,2,180,false,,false,,,,,,,false,false
270,Megatron,17,5,90,false,,false,,,,,,,false,false
270,Optimus,3,6,180,false,,false,,,,,,,false,false
270,Optimus,18,8,0,false,,false,,,,,,,false,false
270,Ratchet,3,16,0,true,209A,false,209A-3,209A,88,184,289,298,true,false
270,Ratchet,19,17,90,false,,false,,,,,,,false,false
270,RedAlert,1,3,90,true,200A-3,false,200A-3-2,200A-3,45,170,297,307,true,false
270,RedAlert,15,13,90,false,,false,,,,,,,false,false
270,Sideswipe,13,12,270,false,,false,,,,,,,false,false
270,Sideswipe,15,5,90,false,,false,,,,,,,false,false
270,Smokescreen,16,14,180,false,,false,,,,,,,false,false
270,Smokescreen,19,5,90,false,,false,,,,,,,false,false
270,Wheeljack,10,12,0,true,140C-3,false,140C-3-3,140C-3,64,173,273,289,true,false
270,Wheeljack,12,12,0,false,,false,,,,,,,false,false
271,Bluestreak,13,2,180,false,,false,,,,,,,false,false
271,Bluestreak,11,9,90,false,,false,,,,,,,false,false
271,Bumblebee,1,3,90,true,140C,false,140C-2,140C,47,157,285,296,true,false
271,Bumblebee,12,4,0,false,,false,,,,,,,false,false
271,Hound,1,2,90,true,130A-3,false,130A-3-2,130A-3,43,166,286,295,true,false
271,Hound,4,12,0,false,,false,,,,,,,false,false
271,Ironhide,17,2,180,false,,false,,,,,,,false,false
271,Ironhide,10,4,0,false,,false,,,,,,,false,false
271,Jazz,17,17,0,false,,false,,,,,,,false,false
271,Megatron,16,2,180,false,,false,,,,,,,false,false
271,Megatron,17,5,90,false,,false,,,,,,,false,false
271,Optimus,2,6,180,false,,false,,,,,,,false,false
271,Optimus,18,8,0,false,,false,,,,,,,false,false
271,Ratchet,4,16,0,true,209A,false,209A-3,209A,88,184,289,298,true,false
271,Ratchet,19,17,90,false,,false,,,,,,,false,false
271,RedAlert,1,4,90,true,200A-3,false,200A-3-2,200A-3,45,170,297,307,true,false
271,RedAlert,15,13,90,false,,false,,,,,,,false,false
271,Sideswipe,13,11,270,false,,false,,,,,,,false,false
271,Sideswipe,15,5,90,false,,false,,,,,,,false,false
271,Smokescreen,15,14,180,false,,false,,,,,,,false,false
271,Smokescreen,19,5,90,false,,false,,,,,,,false,false
271,Wheeljack,11,12,0,true,140C-3,false,140C-3-3,140C-3,64,173,273,289,true,false
271,Wheeljack,12,12,0,false,,false,,,,,,,false,false
272,Bluestreak,12,2,180,false,,false,,,,,,,false,false
272,Bluestreak,11,9,90,false,,false,,,,,,,false,false
272,Bumblebee,1,4,90,true,140C,false,140C-2,140C,47,157,285,296,true,false
272,Bumblebee,12,4,0,false,,false,,,,,,,false,false
272,Hound,1,3,90,true,130A-3,false,130A-3-2,130A-3,43,166,286,295,true,false
272,Hound,4,12,0,false,,false,,,,,,,false,false
272,Ironhide,16,2,180,false,,false,,,,,,,false,false
272,Ironhide,10,4,0,false,,false,,,,,,,false,false
272,Jazz,17,17,0,false,,false,,,,,,,false,false
272,Megatron,15,2,180,false,,false,,,,,,,false,false
272,Megatron,17,5,90,false,,false,,,,,,,false,false
272,Optimus,1,6,180,false,,false,,,,,,,false,false
272,Optimus,18,8,0,false,,false,,,,,,,false,false
272,Ratchet,5,16,0,true,209A,false,209A-3,209A,88,184,289,298,true,false
272,Ratchet,19,17,90,false,,false,,,,,,,false,false
272,RedAlert,1,5,90,true,200A-3,false,200A-3-2,200A-3,45,170,297,307,true,false
272,RedAlert,15,13,90,false,,false,,,,,,,false,false
272,Sideswipe,13,10,270,false,,false,,,,,,,false,false
272,Sideswipe,15,5,90,false,,false,,,,,,,false,false
272,Smokescreen,14,14,180,false,,false,,,,,,,false,false
272,Smokescreen,19,5,90,false,,false,,,,,,,false,false
272,Wheeljack,12,12,0,true,140C-3,false,140C-3-3,140C-3,64,173,273,289,true,true
272,Wheeljack,12,12,0,false,,false,,,,,,,false,false
273,Bluestreak,11,2,180,false,,false,,,,,,,false,false
273,Bluestreak,11,9,90,false,,false,,,,,,,false,false
273,Bumblebee,1,4,0,true,140C,false,140C-2,140C,47,157,285,296,true,false
273,Bumblebee,12,4,0,false,,false,,,,,,,false,false
273,Hound,1,4,90,true,130A-3,false,130A-3-2,130A-3,43,166,286,295,true,false
273,Hound,4,12,0,false,,false,,,,,,,false,false
273,Ironhide,15,2,180,false,,false,,,,,,,false,false
273,Ironhide,10,4,0,false,,false,,,,,,,false,false
273,Jazz,17,17,0,false,,false,,,,,,,false,false
273,Megatron,14,2,180,false,,false,,,,,,,false,false
273,Megatron,17,5,90,false,,false,,,,,,,false,false
273,Optimus,1,6,270,false,,false,,,,,,,false,false
273,Optimus,18,8,0,false,,false,,,,,,,false,false
273,Ratchet,6,16,0,true,209A,false,209A-3,209A,88,184,289,298,true,false
273,Ratchet,19,17,90,false,,false,,,,,,,false,false
273,RedAlert,1,6,90,true,200A-3,false,200A-3-2,200A-3,45,170,297,307,true,false
273,RedAlert,15,13,90,false,,false,,,,,,,false,false
273,Sideswipe,13,9,270,false,,false,,,,,,,false,false
273,Sideswipe,15,5,90,false,,false,,,,,,,false,false
273,Smokescreen,13,14,180,false,,false,,,,,,,false,false
273,Smokescreen,19,5,90,false,,false,,,,,,,false,false
273,Wheeljack,12,12,0,false,,false,,,,,,,false,false
273,Wheeljack,12,12,0,false,,false,,,,,,,false,false
274,Bluestreak,10,2,180,false,,false,,,,,,,false,false
274,Bluestreak,11,9,90,false,,false,,,,,,,false,false
274,Bumblebee,2,4,0,true,140C,false,140C-2,140C,47,157,285,296,true,false
274,Bumblebee,12,4,0,false,,false,,,,,,,false,false
274,Hound,1,5,90,true,130A-3,false,130A-3-2,130A-3,43,166,286,295,true,false
274,Hound,4,12,0,false,,false,,,,,,,false,false
274,Ironhide,14,2,180,false,,false,,,,,,,false,false
274,Ironhide,10,4,0,false,,false,,,,,,,false,false
274,Jazz,17,17,0,false,,false,,,,,,,false,false
274,Megatron,13,2,180,false,,false,,,,,,,false,false
274,Megatron,17,5,90,false,,false,,,,,,,false,false
274,Optimus,1,5,270,false,,false,,,,,,,false,false
274,Optimus,18,8,0,false,,false,,,,,,,false,false
274,Ratchet,7,16,0,true,209A,false,209A-3,209A,88,184,289,298,true,false
274,Ratchet,19,17,90,false,,false,,,,,,,false,false
274,RedAlert,1,7,90,true,200A-3,false,200A-3-2,200A-3,45,170,297,307,true,false
274,RedAlert,15,13,90,false,,false,,,,,,,false,false
274,Sideswipe,13,8,270,false,,false,,,,,,,false,false
274,Sideswipe,15,5,90,false,,false,,,,,,,false,false
274,Smokescreen,12,14,180,false,,false,,,,,,,false,false
274,Smokescreen,19,5,90,false,,false,,,,,,,false,false
274,Wheeljack,12,12,0,false,,false,,,,,,,false,false
275,Bluestreak,9,2,180,false,,false,,,,,,,false,false
275,Bluestreak,11,9,90,false,,false,,,,,,,false,false
275,Bumblebee,3,4,0,true,140C,false,140C-2,140C,47,157,285,296,true,false
275,Bumblebee,12,4,0,false,,false,,,,,,,false,false
275,Hound,1,6,90,true,130A-3,false,130A-3-2,130A-3,43,166,286,295,true,false
275,Hound,4,12,0,false,,false,,,,,,,false,false
275,Ironhide,13,2,180,false,,false,,,,,,,false,false
275,Ironhide,10,4,0,false,,false,,,,,,,false,false
275,Jazz,17,17,0,false,,false,,,,,,,false,false
275,Megatron,12,2,180,false,,false,,,,,,,false,false
275,Megatron,17,5,90,false,,false,,,,,,,false,false
275,Optimus,1,4,270,false,,false,,,,,,,false,false
275,Optimus,18,8,0,false,,false,,,,,,,false,false
275,Ratchet,8,16,0,true,209A,false,209A-3,209A,88,184,289,298,true,false
275,Ratchet,19,17,90,false,,false,,,,,,,false,false
275,RedAlert,1,8,90,true,200A-3,false,200A-3-2,200A-3,45,170,297,307,true,false
275,RedAlert,15,13,90,false,,false,,,,,,,false,false
275,Sideswipe,13,7,270,false,,false,,,,,,,false,false
275,Sideswipe,15,5,90,false,,false,,,,,,,false,false
275,Smokescreen,11,14,180,false,,false,,,,,,,false,false
275,Smokescreen,19,5,90,false,,false,,,,,,,false,false
275,Wheeljack,12,12,0,false,,false,,,,,,,false,false
276,Bluestreak,8,2,180,false,,false,,,,,,,false,false
276,Bluestreak,11,9,90,false,,false,,,,,,,false,false
276,Bumblebee,4,4,0,true,140C,false,140C-2,140C,47,157,285,296,true,false
276,Bumblebee,12,4,0,false,,false,,,,,,,false,false
276,Hound,1,7,90,true,130A-3,false,130A-3-2,130A-3,43,166,286,295,true,false
276,Hound,4,12,0,false,,false,,,,,,,false,false
276,Ironhide,12,2,180,false,,false,,,,,,,false,false
276,Ironhide,10,4,0,false,,false,,,,,,,false,false
276,Jazz,17,17,270,false,,false,,,,,,,false,false
276,Jazz,17,13,90,false,,false,,,,,,,false,false
276,Megatron,11,2,180,false,,false,,,,,,,false,false
276,Megatron,17,5,90,false,,false,,,,,,,false,false
276,Optimus,1,3,270,false,,false,,,,,,,false,false
276,Optimus,18,8,0,false,,false,,,,,,,false,false
276,Ratchet,9,16,0,true,209A,false,209A-3,209A,88,184,289,298,true,false
276,Ratchet,19,17,90,false,,false,,,,,,,false,false
276,RedAlert,1,9,90,true,200A-3,false,200A-3-2,200A-3,45,170,297,307,true,false
276,RedAlert,15,13,90,false,,false,,,,,,,false,false
276,Sideswipe,13,6,270,false,,false,,,,,,,false,false
276,Sideswipe,15,5,90,false,,false,,,,,,,false,false
276,Smokescreen,10,14,180,false,,false,,,,,,,false,false
276,Smokescreen,19,5,90,false,,false,,,,,,,false,false
276,Wheeljack,12,12,0,false,,false,,,,,,,false,false
277,Bluestreak,7,2,180,false,,false,,,,,,,false,false
277,Bluestreak,11,9,90,false,,false,,,,,,,false,false
277,Bumblebee,5,4,0,true,140C,false,140C-2,140C,47,157,285,296,true,false
277,Bumblebee,12,4,0,false,,false,,,,,,,false,false
277,Hound,1,8,90,true,130A-3,false,130A-3-2,130A-3,43,166,286,295,true,false
277,Hound,4,12,0,false,,false,,,,,,,false,false
277,Ironhide,11,2,180,false,,false,,,,,,,false,false
277,Ironhide,10,4,0,false,,false,,,,,,,false,false
277,Jazz,17,16,270,false,,false,,,,,,,false,false
277,Jazz,17,13,90,false,,false,,,,,,,false,false
277,Megatron,10,2,180,false,,false,,,,,,,false,false
277,Megatron,17,5,90,false,,false,,,,,,,false,false
277,Optimus,1,2,270,false,,false,,,,,,,false,false
277,Optimus,18,8,0,false,,false,,,,,,,false,false
277,Ratchet,10,16,0,true,209A,false,209A-3,209A,88,184,289,298,true,false
277,Ratchet,19,17,90,false,,false,,,,,,,false,false
277,RedAlert,1,10,90,true,200A-3,false,200A-3-2,200A-3,45,170,297,307,true,false
277,RedAlert,15,13,90,false,,false,,,,,,,false,false
277,Sideswipe,13,5,270,false,,false,,,,,,,false,false
277,Sideswipe,15,5,90,false,,false,,,,,,,false,false
277,Smokescreen,9,14,180,false,,false,,,,,,,false,false
277,Smokescreen,19,5,90,false,,false,,,,,,,false,false
277,Wheeljack,12,12,0,false,,false,,,,,,,false,false
278,Bluestreak,6,2,180,false,,false,,,,,,,false,false
278,Bluestreak,11,9,90,false,,false,,,,,,,false,false
278,Bumblebee,6,4,0,true,140C,false,140C-2,140C,47,157,285,296,true,false
278,Bumblebee,12,4,0,false,,false,,,,,,,false,false
278,Hound,1,9,90,true,130A-3,false,130A-3-2,130A-3,43,166,286,295,true,false
278,Hound,4,12,0,false,,false,,,,,,,false,false
278,Ironhide,10,2,180,false,,false,,,,,,,false,false
278,Ironhide,10,4,0,false,,false,,,,,,,false,false
278,Jazz,17,15,270,false,,false,,,,,,,false,false
278,Jazz,17,13,90,false,,false,,,,,,,false,false
278,Megatron,9,2,180,false,,false,,,,,,,false,false
278,Megatron,17,5,90,false,,false,,,,,,,false,false
278,Optimus,1,2,270,true,200B-2,false,200B-2-2,200B-2,37,164,304,315,true,false
278,Optimus,18,8,0,false,,false,,,,,,,false,false
278,Ratchet,11,16,0,true,209A,false,209A-3,209A,88,184,289,298,true,false
278,Ratchet,19,17,90,false,,false,,,,,,,false,false
278,RedAlert,1,11,90,true,200A-3,false,200A-3-2,200A-3,45,170,297,307,true,false
278,RedAlert,15,13,90,false,,false,,,,,,,false,false
278,Sideswipe,13,4,270,false,,false,,,,,,,false,false
278,Sideswipe,15,5,90,false,,false,,,,,,,false,false
278,Smokescreen,8,14,180,false,,false,,,,,,,false,false
278,Smokescreen,19,5,90,false,,false,,,,,,,false,false
278,Wheeljack,12,12,0,false,,false,,,,,,,false,false
279,Bluestreak,5,2,180,false,,false,,,,,,,false,false
279,Bluestreak,11,9,90,false,,false,,,,,,,false,false
279,Bumblebee,7,4,0,true,140C,false,140C-2,140C,47,157,285,296,true,false
279,Bumblebee,12,4,0,false,,false,,,,,,,false,false
279,Hound,1,10,90,true,130A-3,false,130A-3-2,130A-3,43,166,286,295,true,false
279,Hound,4,12,0,false,,false,,,,,,,false,false
279,Ironhide,9,2,180,false,,false,,,,,,,false,false
279,Ironhide,10,4,0,false,,false,,,,,,,false,false
279,Jazz,17,14,270,false,,false,,,,,,,false,false
279,Jazz,17,13,90,false,,false,,,,,,,false,false
279,Megatron,8,2,180,false,,false,,,,,,,false,false
279,Megatron,17,5,90,false,,false,,,,,,,false,false
279,Optimus,1,2,90,true,200B-2,false,200B-2-2,200B-2,37,164,304,315,true,false
279,Optimus,18,8,0,false,,false,,,,,,,false,false
279,Ratchet,12,16,0,true,209A,false,209A-3,209A,88,184,289,298,true,false
279,Ratchet,19,17,90,false,,false,,,,,,,false,false
279,RedAlert,1,11,0,true,200A-3,false,200A-3-2,200A-3,45,170,297,307,true,false
279,RedAlert,15,13,90,false,,false,,,,,,,false,false
279,Sideswipe,13,3,270,false,,false,,,,,,,false,false
279,Sideswipe,15,5,90,false,,false,,,,,,,false,false
279,Smokescreen,7,14,180,false,,false,,,,,,,false,false
279,Smokescreen,19,5,90,false,,false,,,,,,,false,false
279,Wheeljack,12,12,0,false,,false,,,,,,,false,false
280,Bluestreak,4,2,180,false,,false,,,,,,,false,false
280,Bluestreak,11,9,90,false,,false,,,,,,,false,false
280,Bumblebee,8,4,0,true,140C,false,140C-2,140C,47,157,285,296,true,false
280,Bumblebee,12,4,0,false,,false,,,,,,,false,false
280,Hound,1,11,90,true,130A-3,false,130A-3-2,130A-3,43,166,286,295,true,false
280,Hound,4,12,0,false,,false,,,,,,,false,false
280,Ironhide,8,2,180,false,,false,,,,,,,false,false
280,Ironhide,10,4,0,false,,false,,,,,,,false,false
280,Jazz,17,13,270,false,,false,,,,,,,false,false
280,Jazz,17,13,90,false,,false,,,,,,,false,false
280,Megatron,7,2,180,false,,false,,,,,,,false,false
280,Megatron,17,5,90,false,,false,,,,,,,false,false
280,Optimus,1,3,90,true,200B-2,false,200B-2-2,200B-2,37,164,304,315,true,false
280,Optimus,18,8,0,false,,false,,,,,,,false,false
280,Ratchet,13,16,0,true,209A,false,209A-3,209A,88,184,289,298,true,false
280,Ratchet,19,17,90,false,,false,,,,,,,false,false
280,RedAlert,2,11,0,true,200A-3,false,200A-3-2,200A-3,45,170,297,307,true,false
280,RedAlert,15,13,90,false,,false,,,,,,,false,false
280,Sideswipe,13,2,270,false,,false,,,,,,,false,false
280,Sideswipe,15,5,90,false,,false,,,,,,,false,false
280,Smokescreen,6,14,180,false,,false,,,,,,,false,false
280,Smokescreen,19,5,90,false,,false,,,,,,,false,false
280,Wheeljack,12,12,0,false,,false,,,,,,,false,false
281,Bluestreak,3,2,180,false,,false,,,,,,,false,false
281,Bluestreak,11,9,90,false,,false,,,,,,,false,false
281,Bumblebee,9,4,0,true,140C,false,140C-2,140C,47,157,285,296,true,false
281,Bumblebee,12,4,0,false,,false,,,,,,,false,false
281,Hound,1,12,90,true,130A-3,false,130A-3-2,130A-3,43,166,286,295,true,false
281,Hound,4,12,0,false,,false,,,,,,,false,false
281,Ironhide,7,2,180,false,,false,,,,,,,false,false
281,Ironhide,10,4,0,false,,false,,,,,,,false,false
281,Jazz,17,12,270,false,,false,,,,,,,false,false
281,Jazz,17,13,90,false,,false,,,,,,,false,false
281,Megatron,6,2,180,false,,false,,,,,,,false,false
281,Megatron,17,5,90,false,,false,,,,,,,false,false
281,Optimus,1,4,90,true,200B-2,false,200B-2-2,200B-2,37,164,304,315,true,false
281,Optimus,18,8,0,false,,false,,,,,,,false,false
281,Ratchet,14,16,0,true,209A,false,209A-3,209A,88,184,289,298,true,false
281,Ratchet,19,17,90,false,,false,,,,,,,false,false
281,RedAlert,3,11,0,true,200A-3,false,200A-3-2,200A-3,45,170,297,307,true,false
281,RedAlert,15,13,90,false,,false,,,,,,,false,false
281,Sideswipe,13,2,180,false,,false,,,,,,,false,false
281,Sideswipe,15,5,90,false,,false,,,,,,,false,false
281,Smokescreen,5,14,180,false,,false,,,,,,,false,false
281,Smokescreen,19,5,90,false,,false,,,,,,,false,false
281,Wheeljack,12,12,0,false,,false,,,,,,,false,false
282,Bluestreak,2,2,180,false,,false,,,,,,,false,false
282,Bluestreak,11,9,90,false,,false,,,,,,,false,false
282,Bumblebee,10,4,0,true,140C,false,140C-2,140C,47,157,285,296,true,false
282,Bumblebee,12,4,0,false,,false,,,,,,,false,false
282,Hound,1,12,0,true,130A-3,false,130A-3-2,130A-3,43,166,286,295,true,false
282,Hound,4,12,0,false,,false,,,,,,,false,false
282,Ironhide,6,2,180,false,,false,,,,,,,false,false
282,Ironhide,10,4,0,false,,false,,,,,,,false,false
282,Jazz,17,11,270,false,,false,,,,,,,false,false
282,Jazz,17,13,90,false,,false,,,,,,,false,false
282,Megatron,5,2,180,false,,false,,,,,,,false,false
282,Megatron,17,5,90,false,,false,,,,,,,false,false
282,Optimus,1,5,90,true,200B-2,false,200B-2-2,200B-2,37,164,304,315,true,false
282,Optimus,18,8,0,false,,false,,,,,,,false,false
282,Ratchet,15,16,0,true,209A,false,209A-3,209A,88,184,289,298,true,false
282,Ratchet,19,17,90,false,,false,,,,,,,false,false
282,RedAlert,4,11,0,true,200A-3,false,200A-3-2,200A-3,45,170,297,307,true,false
282,RedAlert,15,13,90,false,,false,,,,,,,false,false
282,Sideswipe,12,2,180,false,,false,,,,,,,false,false
282,Sideswipe,15,5,90,false,,false,,,,,,,false,false
282,Smokescreen,4,14,180,false,,false,,,,,,,false,false
282,Smokescreen,19,5,90,false,,false,,,,,,,false,false
282,Wheeljack,12,12,0,false,,false,,,,,,,false,false
283,Bluestreak,1,2,180,false,,false,,,,,,,false,false
283,Bluestreak,11,9,90,false,,false,,,,,,,false,false
283,Bumblebee,11,4,0,true,140C,false,140C-2,140C,47,157,285,296,true,false
283,Bumblebee,12,4,0,false,,false,,,,,,,false,false
283,Hound,2,12,0,true,130A-3,false,130A-3-2,130A-3,43,166,286,295,true,false
283,Hound,4,12,0,false,,false,,,,,,,false,false
283,Ironhide,5,2,180,false,,false,,,,,,,false,false
283,Ironhide,10,4,0,false,,false,,,,,,,false,false
283,Jazz,17,10,270,false,,false,,,,,,,false,false
283,Jazz,17,13,90,false,,false,,,,,,,false,false
283,Megatron,4,2,180,false,,false,,,,,,,false,false
283,Megatron,17,5,90,false,,false,,,,,,,false,false
283,Optimus,1,6,90,true,200B-2,false,200B-2-2,200B-2,37,164,304,315,true,false
283,Optimus,18,8,0,false,,false,,,,,,,false,false
283,Ratchet,16,16,0,true,209A,false,209A-3,209A,88,184,289,298,true,false
283,Ratchet,19,17,90,false,,false,,,,,,,false,false
283,RedAlert,5,11,0,true,200A-3,false,200A-3-2,200A-3,45,170,297,307,true,false
283,RedAlert,15,13,90,false,,false,,,,,,,false,false
283,Sideswipe,11,2,180,false,,false,,,,,,,false,false
283,Sideswipe,15,5,90,false,,false,,,,,,,false,false
283,Smokescreen,3,14,180,false,,false,,,,,,,false,false
283,Smokescreen,19,5,90,false,,false,,,,,,,false,false
283,Wheeljack,12,12,0,false,,false,,,,,,,false,false
284,Bluestreak,1,2,180,true,140C-2,false,140C-2-2,140C-2,44,155,305,322,true,false
284,Bluestreak,11,9,90,false,,false,,,,,,,false,false
284,Bumblebee,12,4,0,true,140C,false,140C-2,140C,47,157,285,296,true,true
284,Bumblebee,12,4,0,false,,false,,,,,,,false,false
284,Hound,3,12,0,true,130A-3,false,130A-3-2,130A-3,43,166,286,295,true,false
284,Hound,4,12,0,false,,false,,,,,,,false,false
284,Ironhide,4,2,180,false,,false,,,,,,,false,false
284,Ironhide,10,4,0,false,,false,,,,,,,false,false
284,Jazz,17,9,270,false,,false,,,,,,,false,false
284,Jazz,17,13,90,false,,false,,,,,,,false,false
284,Megatron,3,2,180,false,,false,,,,,,,false,false
284,Megatron,17,5,90,false,,false,,,,,,,false,false
284,Optimus,1,7,90,true,200B-2,false,200B-2-2,200B-2,37,164,304,315,true,false
284,Optimus,18,8,0,false,,false,,,,,,,false,false
284,Ratchet,17,16,0,true,209A,false,209A-3,209A,88,184,289,298,true,false
284,Ratchet,19,17,90,false,,false,,,,,,,false,false
284,RedAlert,6,11,0,true,200A-3,false,200A-3-2,200A-3,45,170,297,307,true,false
284,RedAlert,15,13,90,false,,false,,,,,,,false,false
284,Sideswipe,10,2,180,false,,false,,,,,,,false,false
284,Sideswipe,15,5,90,false,,false,,,,,,,false,false
284,Smokescreen,2,14,180,false,,false,,,,,,,false,false
284,Smokescreen,19,5,90,false,,false,,,,,,,false,false
284,Wheeljack,12,12,0,false,,false,,,,,,,false,false
285,Bluestreak,1,2,90,true,140C-2,false,140C-2-2,140C-2,44,155,305,322,true,false
285,Bluestreak,11,9,90,false,,false,,,,,,,false,false
285,Bumblebee,12,4,0,false,,false,,,,,,,false,false
285,Bumblebee,12,4,0,false,,false,,,,,,,false,false
285,Hound,4,12,0,true,130A-3,false,130A-3-2,130A-3,43,166,286,295,true,true
285,Hound,4,12,0,false,,false,,,,,,,false,false
285,Ironhide,3,2,180,false,,false,,,,,,,false,false
285,Ironhide,10,4,0,false,,false,,,,,,,false,false
285,Jazz,17,8,270,false,,false,,,,,,,false,false
285,Jazz,17,13,90,false,,false,,,,,,,false,false
285,Megatron,2,2,180,false,,false,,,,,,,false,false
285,Megatron,17,5,90,false,,false,,,,,,,false,false
285,Optimus,1,8,90,true,200B-2,false,200B-2-2,200B-2,37,164,304,315,true,false
285,Optimus,18,8,0,false,,false,,,,,,,false,false
285,Ratchet,18,16,0,true,209A,false,209A-3,209A,88,184,289,298,true,false
285,Ratchet,19,17,90,false,,false,,,,,,,false,false
285,RedAlert,7,11,0,true,200A-3,false,200A-3-2,200A-3,45,170,297,307,true,false
285,RedAlert,15,13,90,false,,false,,,,,,,false,false
285,Sideswipe,9,2,180,false,,false,,,,,,,false,false
285,Sideswipe,15,5,90,false,,false,,,,,,,false,false
285,Smokescreen,1,14,180,false,,false,,,,,,,false,false
285,Smokescreen,19,5,90,false,,false,,,,,,,false,false
285,Wheeljack,12,12,0,false,,false,,,,,,,false,false
286,Bluestreak,1,3,90,true,140C-2,false,140C-2-2,140C-2,44,155,305,322,true,false
286,Bluestreak,11,9,90,false,,false,,,,,,,false,false
286,Bumblebee,12,4,0,false,,false,,,,,,,false,false
286,Hound,4,12,0,false,,false,,,,,,,false,false
286,Hound,4,12,0,false,,false,,,,,,,false,false
286,Ironhide,2,2,180,false,,false,,,,,,,false,false
286,Ironhide,10,4,0,false,,false,,,,,,,false,false
286,Jazz,17,7,270,false,,false,,,,,,,false,false
286,Jazz,17,13,90,false,,false,,,,,,,false,false
286,Megatron,1,2,180,false,,false,,,,,,,false,false
286,Megatron,17,5,90,false,,false,,,,,,,false,false
286,Optimus,1,8,0,true,200B-2,false,200B-2-2,200B-2,37,164,304,315,true,false
286,Optimus,18,8,0,false,,false,,,,,,,false,false
286,Ratchet,19,16,0,true,209A,false,209A-3,209A,88,184,289,298,true,false
286,Ratchet,19,17,90,false,,false,,,,,,,false,false
286,RedAlert,8,11,0,true,200A-3,false,200A-3-2,200A-3,45,170,297,307,true,false
286,RedAlert,15,13,90,false,,false,,,,,,,false,false
286,Sideswipe,8,2,180,false,,false,,,,,,,false,false
286,Sideswipe,15,5,90,false,,false,,,,,,,false,false
286,Smokescreen,1,14,270,false,,false,,,,,,,false,false
286,Smokescreen,19,5,90,false,,false,,,,,,,false,false
286,Wheeljack,12,12,0,false,,false,,,,,,,false,false
287,Bluestreak,1,4,90,true,140C-2,false,140C-2-2,140C-2,44,155,305,322,true,false
287,Bluestreak,11,9,90,false,,false,,,,,,,false,false
287,Bumblebee,12,4,0,false,,false,,,,,,,false,false
287,Hound,4,12,0,false,,false,,,,,,,false,false
287,Ironhide,1,2,180,false,,false,,,,,,,false,false
287,Ironhide,10,4,0,false,,false,,,,,,,false,false
287,Jazz,17,6,270,false,,false,,,,,,,false,false
287,Jazz,17,13,90,false,,false,,,,,,,false,false
287,Megatron,1,2,180,true,200B,false,200B-2,200B,55,157,310,323,true,false
287,Megatron,17,5,90,false,,false,,,,,,,false,false
287,Optimus,2,8,0,true,200B-2,false,200B-2-2,200B-2,37,164,304,315,true,false
287,Optimus,18,8,0,false,,false,,,,,,,false,false
287,Ratchet,19,16,90,true,209A,false,209A-3,209A,88,184,289,298,true,false
287,Ratchet,19,17,90,false,,false,,,,,,,false,false
287,RedAlert,9,11,0,true,200A-3,false,200A-3-2,200A-3,45,170,297,307,true,false
287,RedAlert,15,13,90,false,,false,,,,,,,false,false
287,Sideswipe,7,2,180,false,,false,,,,,,,false,false
287,Sideswipe,15,5,90,false,,false,,,,,,,false,false
287,Smokescreen,1,13,270,false,,false,,,,,,,false,false
287,Smokescreen,19,5,90,false,,false,,,,,,,false,false
287,Wheeljack,12,12,0,false,,false,,,,,,,false,false
288,Bluestreak,1,5,90,true,140C-2,false,140C-2-2,140C-2,44,155,305,322,true,false
288,Bluestreak,11,9,90,false,,false,,,,,,,false,false
288,Bumblebee,12,4,0,false,,false,,,,,,,false,false
288,Hound,4,12,0,false,,false,,,,,,,false,false
288,Ironhide,1,2,180,true,140B,false,140B-2,140B,46,144,302,318,true,false
288,Ironhide,10,4,0,false,,false,,,,,,,false,false
288,Jazz,17,6,180,false,,false,,,,,,,false,false
288,Jazz,17,13,90,false,,false,,,,,,,false,false
288,Megatron,1,2,90,true,200B,false,200B-2,200B,55,157,310,323,true,false
288,Megatron,17,5,90,false,,false,,,,,,,false,false
288,Optimus,3,8,0,true,200B-2,false,200B-2-2,200B-2,37,164,304,315,true,false
288,Optimus,18,8,0,false,,false,,,,,,,false,false
288,Ratchet,19,17,90,true,209A,false,209A-3,209A,88,184,289,298,true,true
288,Ratchet,19,17,90,false,,false,,,,,,,false,false
288,RedAlert,10,11,0,true,200A-3,false,200A-3-2,200A-3,45,170,297,307,true,false
288,RedAlert,15,13,90,false,,false,,,,,,,false,false
288,Sideswipe,6,2,180,false,,false,,,,,,,false,false
288,Sideswipe,15,5,90,false,,false,,,,,,,false,false
288,Smokescreen,1,12,270,false,,false,,,,,,,false,false
288,Smokescreen,19,5,90,false,,false,,,,,,,false,false
288,Wheeljack,12,12,0,false,,false,,,,,,,false,false
289,Bluestreak,1,6,90,true,140C-2,false,140C-2-2,140C-2,44,155,305,322,true,false
289,Bluestreak,11,9,90,false,,false,,,,,,,false,false
289,Bumblebee,12,4,0,false,,false,,,,,,,false,false
289,Hound,4,12,0,false,,false,,,,,,,false,false
289,Ironhide,1,2,90,true,140B,false,140B-2,140B,46,144,302,318,true,false
289,Ironhide,10,4,0,false,,false,,,,,,,false,false
289,Jazz,16,6,180,false,,false,,,,,,,false,false
289,Jazz,17,13,90,false,,false,,,,,,,false,false
289,Megatron,1,3,90,true,200B,false,200B-2,200B,55,157,310,323,true,false
289,Megatron,17,5,90,false,,false,,,,,,,false,false
289,Optimus,4,8,0,true,200B-2,false,200B-2-2,200B-2,37,164,304,315,true,false
289,Optimus,18,8,0,false,,false,,,,,,,false,false
289,Ratchet,19,17,90,false,,false,,,,,,,false,false
289,Ratchet,19,17,90,false,,false,,,,,,,false,false
289,RedAlert,11,11,0,true,200A-3,false,200A-3-2,200A-3,45,170,297,307,true,false
289,RedAlert,15,13,90,false,,false,,,,,,,false,false
289,Sideswipe,5,2,180,false,,false,,,,,,,false,false
289,Sideswipe,15,5,90,false,,false,,,,,,,false,false
289,Smokescreen,1,11,270,false,,false,,,,,,,false,false
289,Smokescreen,19,5,90,false,,false,,,,,,,false,false
289,Wheeljack,12,12,0,false,,false,,,,,,,false,false
290,Bluestreak,1,7,90,true,140C-2,false,140C-2-2,140C-2,44,155,305,322,true,false
290,Bluestreak,11,9,90,false,,false,,,,,,,false,false
290,Bumblebee,12,4,0,false,,false,,,,,,,false,false
290,Hound,4,12,0,false,,false,,,,,,,false,false
290,Ironhide,1,3,90,true,140B,false,140B-2,140B,46,144,302,318,true,false
290,Ironhide,10,4,0,false,,false,,,,,,,false,false
290,Jazz,15,6,180,false,,false,,,,,,,false,false
290,Jazz,17,13,90,false,,false,,,,,,,false,false
290,Megatron,1,3,0,true,200B,false,200B-2,200B,55,157,310,323,true,false
290,Megatron,17,5,90,false,,false,,,,,,,false,false
290,Optimus,5,8,0,true,200B-2,false,200B-2-2,200B-2,37,164,304,315,true,false
290,Optimus,18,8,0,false,,false,,,,,,,false,false
290,Ratchet,19,17,90,false,,false,,,,,,,false,false
290,RedAlert,12,11,0,true,200A-3,false,200A-3-2,200A-3,45,170,297,307,true,false
290,RedAlert,15,13,90,false,,false,,,,,,,false,false
290,Sideswipe,4,2,180,false,,false,,,,,,,false,false
290,Sideswipe,15,5,90,false,,false,,,,,,,false,false
290,Smokescreen,1,10,270,false,,false,,,,,,,false,false
290,Smokescreen,19,5,90,false,,false,,,,,,,false,false
290,Wheeljack,12,12,270,false,,false,,,,,,,false,false
290,Wheeljack,11,13,90,false,,false,,,,,,,false,false
291,Bluestreak,1,7,0,true,140C-2,false,140C-2-2,140C-2,44,155,305,322,true,false
291,Bluestreak,11,9,90,false,,false,,,,,,,false,false
291,Bumblebee,12,4,0,false,,false,,,,,,,false,false
291,Hound,4,12,0,false,,false,,,,,,,false,false
291,Ironhide,1,4,90,true,140B,false,140B-2,140B,46,144,302,318,true,false
291,Ironhide,10,4,0,false,,false,,,,,,,false,false
291,Jazz,14,6,180,false,,false,,,,,,,false,false
291,Jazz,17,13,90,false,,false,,,,,,,false,false
291,Megatron,2,3,0,true,200B,false,200B-2,200B,55,157,310,323,true,false
291,Megatron,17,5,90,false,,false,,,,,,,false,false
291,Optimus,6,8,0,true,200B-2,false,200B-2-2,200B-2,37,164,304,315,true,false
291,Optimus,18,8,0,false,,false,,,,,,,false,false
291,Ratchet,19,17,90,false,,false,,,,,,,false,false
291,RedAlert,13,11,0,true,200A-3,false,200A-3-2,200A-3,45,170,297,307,true,false
291,RedAlert,15,13,90,false,,false,,,,,,,false,false
291,Sideswipe,3,2,180,false,,false,,,,,,,false,false
291,Sideswipe,15,5,90,false,,false,,,,,,,false,false
291,Smokescreen,1,9,270,false,,false,,,,,,,false,false
291,Smokescreen,19,5,90,false,,false,,,,,,,false,false
291,Wheeljack,12,11,270,false,,false,,,,,,,false,false
291,Wheeljack,11,13,90,false,,false,,,,,,,false,false
292,Bluestreak,2,7,0,true,140C-2,false,140C-2-2,140C-2,44,155,305,322,true,false
292,Bluestreak,11,9,90,false,,false,,,,,,,false,false
292,Bumblebee,12,4,0,false,,false,,,,,,,false,false
292,Hound,4,12,0,false,,false,,,,,,,false,false
292,Ironhide,1,4,0,true,140B,false,140B-2,140B,46,144,302,318,true,false
292,Ironhide,10,4,0,false,,false,,,,,,,false,false
292,Jazz,13,6,180,false,,false,,,,,,,false,false
292,Jazz,17,13,90,false,,false,,,,,,,false,false
292,Megatron,3,3,0,true,200B,false,200B-2,200B,55,157,310,323,true,false
292,Megatron,17,5,90,false,,false,,,,,,,false,false
292,Optimus,7,8,0,true,200B-2,false,200B-2-2,200B-2,37,164,304,315,true,false
292,Optimus,18,8,0,false,,false,,,,,,,false,false
292,Ratchet,19,17,90,false,,false,,,,,,,false,false
292,RedAlert,14,11,0,true,200A-3,false,200A-3-2,200A-3,45,170,297,307,true,false
292,RedAlert,15,13,90,false,,false,,,,,,,false,false
292,Sideswipe,2,2,180,false,,false,,,,,,,false,false
292,Sideswipe,15,5,90,false,,false,,,,,,,false,false
292,Smokescreen,1,8,270,false,,false,,,,,,,false,false
292,Smokescreen,19,5,90,false,,false,,,,,,,false,false
292,Wheeljack,12,10,270,false,,false,,,,,,,false,false
292,Wheeljack,11,13,90,false,,false,,,,,,,false,false
293,Bluestreak,3,7,0,true,140C-2,false,140C-2-2,140C-2,44,155,305,322,true,false
293,Bluestreak,11,9,90,false,,false,,,,,,,false,false
293,Bumblebee,12,4,0,false,,false,,,,,,,false,false
293,Hound,4,12,0,false,,false,,,,,,,false,false
293,Ironhide,2,4,0,true,140B,false,140B-2,140B,46,144,302,318,true,false
293,Ironhide,10,4,0,false,,false,,,,,,,false,false
293,Jazz,12,6,180,false,,false,,,,,,,false,false
293,Jazz,17,13,90,false,,false,,,,,,,false,false
293,Megatron,4,3,0,true,200B,false,200B-2,200B,55,157,310,323,true,false
293,Megatron,17,5,90,false,,false,,,,,,,false,false
293,Optimus,8,8,0,true,200B-2,false,200B-2-2,200B-2,37,164,304,315,true,false
293,Optimus,18,8,0,false,,false,,,,,,,false,false
293,Ratchet,19,17,90,false,,false,,,,,,,false,false
293,RedAlert,15,11,0,true,200A-3,false,200A-3-2,200A-3,45,170,297,307,true,false
293,RedAlert,15,13,90,false,,false,,,,,,,false,false
293,Sideswipe,1,2,180,false,,false,,,,,,,false,false
293,Sideswipe,15,5,90,false,,false,,,,,,,false,false
293,Smokescreen,1,7,270,false,,false,,,,,,,false,false
293,Smokescreen,19,5,90,false,,false,,,,,,,false,false
293,Wheeljack,12,10,180,false,,false,,,,,,,false,false
293,Wheeljack,11,13,90,false,,false,,,,,,,false,false
294,Bluestreak,4,7,0,true,140C-2,false,140C-2-2,140C-2,44,155,305,322,true,false
294,Bluestreak,11,9,90,false,,false,,,,,,,false,false
294,Bumblebee,12,4,0,false,,false,,,,,,,false,false
294,Hound,4,12,0,false,,false,,,,,,,false,false
294,Ironhide,3,4,0,true,140B,false,140B-2,140B,46,144,302,318,true,false
294,Ironhide,10,4,0,false,,false,,,,,,,false,false
294,Jazz,11,6,180,false,,false,,,,,,,false,false
294,Jazz,17,13,90,false,,false,,,,,,,false,false
294,Megatron,5,3,0,true,200B,false,200B-2,200B,55,157,310,323,true,false
294,Megatron,17,5,90,false,,false,,,,,,,false,false
294,Optimus,9,8,0,true,200B-2,false,200B-2-2,200B-2,37,164,304,315,true,false
294,Optimus,18,8,0,false,,false,,,,,,,false,false
294,Ratchet,19,17,90,false,,false,,,,,,,false,false
294,RedAlert,15,11,90,true,200A-3,false,200A-3-2,200A-3,45,170,297,307,true,false
294,RedAlert,15,13,90,false,,false,,,,,,,false,false
294,Sideswipe,1,2,180,true,200A,false,200A-2,200A,44,153,315,328,true,false
294,Sideswipe,15,5,90,false,,false,,,,,,,false,false
294,Smokescreen,1,6,270,false,,false,,,,,,,false,false
294,Smokescreen,19,5,90,false,,false,,,,,,,false,false
294,Wheeljack,11,10,180,false,,false,,,,,,,false,false
294,Wheeljack,11,13,90,false,,false,,,,,,,false,false
295,Bluestreak,5,7,0,true,140C-2,false,140C-2-2,140C-2,44,155,305,322,true,false
295,Bluestreak,11,9,90,false,,false,,,,,,,false,false
295,Bumblebee,12,4,0,false,,false,,,,,,,false,false
295,Hound,4,12,0,false,,false,,,,,,,false,false
295,Ironhide,4,4,0,true,140B,false,140B-2,140B,46,144,302,318,true,false
295,Ironhide,10,4,0,false,,false,,,,,,,false,false
295,Jazz,10,6,180,false,,false,,,,,,,false,false
295,Jazz,17,13,90,false,,false,,,,,,,false,false
295,Megatron,6,3,0,true,200B,false,200B-2,200B,55,157,310,323,true,false
295,Megatron,17,5,90,false,,false,,,,,,,false,false
295,Optimus,10,8,0,true,200B-2,false,200B-2-2,200B-2,37,164,304,315,true,false
295,Optimus,18,8,0,false,,false,,,,,,,false,false
295,Ratchet,19,17,90,false,,false,,,,,,,false,false
295,RedAlert,15,12,90,true,200A-3,false,200A-3-2,200A-3,45,170,297,307,true,false
295,RedAlert,15,13,90,false,,false,,,,,,,false,false
295,Sideswipe,1,2,90,true,200A,false,200A-2,200A,44,153,315,328,true,false
295,Sideswipe,15,5,90,false,,false,,,,,,,false,false
295,Smokescreen,1,5,270,false,,false,,,,,,,false,false
295,Smokescreen,19,5,90,false,,false,,,,,,,false,false
295,Wheeljack,10,10,180,false,,false,,,,,,,false,false
295,Wheeljack,11,13,90,false,,false,,,,,,,false,false
296,Bluestreak,6,7,0,true,140C-2,false,140C-2-2,140C-2,44,155,305,322,true,false
296,Bluestreak,11,9,90,false,,false,,,,,,,false,false
296,Bumblebee,12,4,0,false,,false,,,,,,,false,false
296,Hound,4,12,270,false,,false,,,,,,,false,false
296,Hound,8,12,0,false,,false,,,,,,,false,false
296,Ironhide,5,4,0,true,140B,false,140B-2,140B,46,144,302,318,true,false
296,Ironhide,10,4,0,false,,false,,,,,,,false,false
296,Jazz,9,6,180,false,,false,,,,,,,false,false
296,Jazz,17,13,90,false,,false,,,,,,,false,false
296,Megatron,7,3,0,true,200B,false,200B-2,200B,55,157,310,323,true,false
296,Megatron,17,5,90,false,,false,,,,,,,false,false
296,Optimus,11,8,0,true,200B-2,false,200B-2-2,200B-2,37,164,304,315,true,false
296,Optimus,18,8,0,false,,false,,,,,,,false,false
296,Ratchet,19,17,90,false,,false,,,,,,,false,false
296,RedAlert,15,13,90,true,200A-3,false,200A-3-2,200A-3,45,170,297,307,true,true
296,RedAlert,15,13,90,false,,false,,,,,,,false,false
296,Sideswipe,1,3,90,true,200A,false,200A-2,200A,44,153,315,328,true,false
296,Sideswipe,15,5,90,false,,false,,,,,,,false,false
296,Smokescreen,1,4,270,false,,false,,,,,,,false,false
296,Smokescreen,19,5,90,false,,false,,,,,,,false,false
296,Wheeljack,9,10,180,false,,false,,,,,,,false,false
296,Wheeljack,11,13,90,false,,false,,,,,,,false,false
297,Bluestreak,7,7,0,true,140C-2,false,140C-2-2,140C-2,44,155,305,322,true,false
297,Bluestreak,11,9,90,false,,false,,,,,,,false,false
297,Bumblebee,12,4,270,false,,false,,,,,,,false,false
297,Bumblebee,19,13,90,false,,false,,,,,,,false,false
297,Hound,4,11,270,false,,false,,,,,,,false,false
297,Hound,8,12,0,false,,false,,,,,,,false,false
297,Ironhide,6,4,0,true,140B,false,140B-2,140B,46,144,302,318,true,false
297,Ironhide,10,4,0,false,,false,,,,,,,false,false
297,Jazz,8,6,180,false,,false,,,,,,,false,false
297,Jazz,17,13,90,false,,false,,,,,,,false,false
297,Megatron,8,3,0,true,200B,false,200B-2,200B,55,157,310,323,true,false
297,Megatron,17,5,90,false,,false,,,,,,,false,false
297,Optimus,12,8,0,true,200B-2,false,200B-2-2,200B-2,37,164,304,315,true,false
297,Optimus,18,8,0,false,,false,,,,,,,false,false
297,Ratchet,19,17,90,false,,false,,,,,,,false,false
297,RedAlert,15,13,90,false,,false,,,,,,,false,false
297,RedAlert,15,13,90,false,,false,,,,,,,false,false
297,Sideswipe,1,3,0,true,200A,false,200A-2,200A,44,153,315,328,true,false
297,Sideswipe,15,5,90,false,,false,,,,,,,false,false
297,Smokescreen,1,3,270,false,,false,,,,,,,false,false
297,Smokescreen,19,5,90,false,,false,,,,,,,false,false
297,Wheeljack,8,10,180,false,,false,,,,,,,false,false
297,Wheeljack,11,13,90,false,,false,,,,,,,false,false
298,Bluestreak,8,7,0,true,140C-2,false,140C-2-2,140C-2,44,155,305,322,true,false
298,Bluestreak,11,9,90,false,,false,,,,,,,false,false
298,Bumblebee,12,3,270,false,,false,,,,,,,false,false
298,Bumblebee,19,13,90,false,,false,,,,,,,false,false
298,Hound,4,10,270,false,,false,,,,,,,false,false
298,Hound,8,12,0,false,,false,,,,,,,false,false
298,Ironhide,7,4,0,true,140B,false,140B-2,140B,46,144,302,318,true,false
298,Ironhide,10,4,0,false,,false,,,,,,,false,false
298,Jazz,7,6,180,false,,false,,,,,,,false,false
298,Jazz,17,13,90,false,,false,,,,,,,false,false
298,Megatron,9,3,0,true,200B,false,200B-2,200B,55,157,310,323,true,false
298,Megatron,17,5,90,false,,false,,,,,,,false,false
298,Optimus,13,8,0,true,200B-2,false,200B-2-2,200B-2,37,164,304,315,true,false
298,Optimus,18,8,0,false,,false,,,,,,,false,false
298,Ratchet,19,17,90,false,,false,,,,,,,false,false
298,RedAlert,15,13,90,false,,false,,,,,,,false,false
298,Sideswipe,2,3,0,true,200A,false,200A-2,200A,44,153,315,328,true,false
298,Sideswipe,15,5,90,false,,false,,,,,,,false,false
298,Smokescreen,1,2,270,false,,false,,,,,,,false,false
298,Smokescreen,19,5,90,false,,false,,,,,,,false,false
298,Wheeljack,7,10,180,false,,false,,,,,,,false,false
298,Wheeljack,11,13,90,false,,false,,,,,,,false,false
299,Bluestreak,9,7,0,true,140C-2,false,140C-2-2,140C-2,44,155,305,322,true,false
299,Bluestreak,11,9,90,false,,false,,,,,,,false,false
299,Bumblebee,12,2,270,false,,false,,,,,,,false,false
299,Bumblebee,19,13,90,false,,false,,,,,,,false,false
299,Hound,4,10,180,false,,false,,,,,,,false,false
299,Hound,8,12,0,false,,false,,,,,,,false,false
299,Ironhide,8,4,0,true,140B,false,140B-2,140B,46,144,302,318,true,false
299,Ironhide,10,4,0,false,,false,,,,,,,false,false
299,Jazz,6,6,180,false,,false,,,,,,,false,false
299,Jazz,17,13,90,false,,false,,,,,,,false,false
299,Megatron,10,3,0,true,200B,false,200B-2,200B,55,157,310,323,true,false
299,Megatron,17,5,90,false,,false,,,,,,,false,false
299,Optimus,14,8,0,true,200B-2,false,200B-2-2,200B-2,37,164,304,315,true,false
299,Optimus,18,8,0,false,,false,,,,,,,false,false
299,Ratchet,19,17,270,false,,false,,,,,,,false,false
299,Ratchet,16,8,0,false,,false,,,,,,,false,false
299,RedAlert,15,13,90,false,,false,,,,,,,false,false
299,Sideswipe,3,3,0,true,200A,false,200A-2,200A,44,153,315,328,true,false
299,Sideswipe,15,5,90,false,,false,,,,,,,false,false
299,Smokescreen,1,2,270,true,200C,false,200C-2,200C,52,157,324,338,true,false
299,Smokescreen,19,5,90,false,,false,,,,,,,false,false
299,Wheeljack,6,10,180,false,,false,,,,,,,false,false
299,Wheeljack,11,13,90,false,,false,,,,,,,false,false
300,Bluestreak,10,7,0,true,140C-2,false,140C-2-2,140C-2,44,155,305,322,true,false
300,Bluestreak,11,9,90,false,,false,,,,,,,false,false
300,Bumblebee,12,2,180,false,,false,,,,,,,false,false
300,Bumblebee,19,13,90,false,,false,,,,,,,false,false
300,Hound,3,10,180,false,,false,,,,,,,false,false
300,Hound,8,12,0,false,,false,,,,,,,false,false
300,Ironhide,9,4,0,true,140B,false,140B-2,140B,46,144,302,318,true,false
300,Ironhide,10,4,0,false,,false,,,,,,,false,false
300,Jazz,5,6,180,false,,false,,,,,,,false,false
300,Jazz,17,13,90,false,,false,,,,,,,false,false
300,Megatron,11,3,0,true,200B,false,200B-2,200B,55,157,310,323,true,false
300,Megatron,17,5,90,false,,false,,,,,,,false,false
300,Optimus,15,8,0,true,200B-2,false,200B-2-2,200B-2,37,164,304,315,true,false
300,Optimus,18,8,0,false,,false,,,,,,,false,false
300,Ratchet,19,16,270,false,,false,,,,,,,false,false
300,Ratchet,16,8,0,false,,false,,,,,,,false,false
300,RedAlert,15,13,90,false,,false,,,,,,,false,false
300,Sideswipe,4,3,0,true,200A,false,200A-2,200A,44,153,315,328,true,false
300,Sideswipe,15,5,90,false,,false,,,,,,,false,false
300,Smokescreen,1,2,90,true,200C,false,200C-2,200C,52,157,324,338,true,false
300,Smokescreen,19,5,90,false,,false,,,,,,,false,false
300,Wheeljack,5,10,180,false,,false,,,,,,,false,false
300,Wheeljack,11,13,90,false,,false,,,,,,,false,false
301,Bluestreak,11,7,0,true,140C-2,false,140C-2-2,140C-2,44,155,305,322,true,false
301,Bluestreak,11,9,90,false,,false,,,,,,,false,false
301,Bumblebee,11,2,180,false,,false,,,,,,,false,false
301,Bumblebee,19,13,90,false,,false,,,,,,,false,false
301,Hound,2,10,180,false,,false,,,,,,,false,false
301,Hound,8,12,0,false,,false,,,,,,,false,false
301,Ironhide,10,4,0,true,140B,false,140B-2,140B,46,144,302,318,true,true
301,Ironhide,10,4,0,false,,false,,,,,,,false,false
301,Jazz,4,6,180,false,,false,,,,,,,false,false
301,Jazz,17,13,90,false,,false,,,,,,,false,false
301,Megatron,12,3,0,true,200B,false,200B-2,200B,55,157,310,323,true,false
301,Megatron,17,5,90,false,,false,,,,,,,false,false
301,Optimus,16,8,0,true,200B-2,false,200B-2-2,200B-2,37,164,304,315,true,false
301,Optimus,18,8,0,false,,false,,,,,,,false,false
301,Ratchet,19,15,270,false,,false,,,,,,,false,false
301,Ratchet,16,8,0,false,,false,,,,,,,false,false
301,RedAlert,15,13,90,false,,false,,,,,,,false,false
301,Sideswipe,5,3,0,true,200A,false,200A-2,200A,44,153,315,328,true,false
301,Sideswipe,15,5,90,false,,false,,,,,,,false,false
301,Smokescreen,1,3,90,true,200C,false,200C-2,200C,52,157,324,338,true,false
301,Smokescreen,19,5,90,false,,false,,,,,,,false,false
301,Wheeljack,4,10,180,false,,false,,,,,,,false,false
301,Wheeljack,11,13,90,false,,false,,,,,,,false,false
302,Bluestreak,11,7,90,true,140C-2,false,140C-2-2,140C-2,44,155,305,322,true,false
302,Bluestreak,11,9,90,false,,false,,,,,,,false,false
302,Bumblebee,10,2,180,false,,false,,,,,,,false,false
302,Bumblebee,19,13,90,false,,false,,,,,,,false,false
302,Hound,1,10,180,false,,false,,,,,,,false,false
302,Hound,8,12,0,false,,false,,,,,,,false,false
302,Ironhide,10,4,0,false,,false,,,,,,,false,false
302,Ironhide,10,4,0,false,,false,,,,,,,false,false
302,Jazz,3,6,180,false,,false,,,,,,,false,false
302,Jazz,17,13,90,false,,false,,,,,,,false,false
302,Megatron,13,3,0,true,200B,false,200B-2,200B,55,157,310,323,true,false
302,Megatron,17,5,90,false,,false,,,,,,,false,false
302,Optimus,17,8,0,true,200B-2,false,200B-2-2,200B-2,37,164,304,315,true,false
302,Optimus,18,8,0,false,,false,,,,,,,false,false
302,Ratchet,19,14,270,false,,false,,,,,,,false,false
302,Ratchet,16,8,0,false,,false,,,,,,,false,false
302,RedAlert,15,13,90,false,,false,,,,,,,false,false
302,Sideswipe,6,3,0,true,200A,false,200A-2,200A,44,153,315,328,true,false
302,Sideswipe,15,5,90,false,,false,,,,,,,false,false
302,Smokescreen,1,3,0,true,200C,false,200C-2,200C,52,157,324,338,true,false
302,Smokescreen,19,5,90,false,,false,,,,,,,false,false
302,Wheeljack,3,10,180,false,,false,,,,,,,false,false
302,Wheeljack,11,13,90,false,,false,,,,,,,false,false
303,Bluestreak,11,8,90,true,140C-2,false,140C-2-2,140C-2,44,155,305,322,true,false
303,Bluestreak,11,9,90,false,,false,,,,,,,false,false
303,Bumblebee,9,2,180,false,,false,,,,,,,false,false
303,Bumblebee,19,13,90,false,,false,,,,,,,false,false
303,Hound,1,10,270,false,,false,,,,,,,false,false
303,Hound,8,12,0,false,,false,,,,,,,false,false
303,Ironhide,10,4,0,false,,false,,,,,,,false,false
303,Jazz,2,6,180,false,,false,,,,,,,false,false
303,Jazz,17,13,90,false,,false,,,,,,,false,false
303,Megatron,14,3,0,true,200B,false,200B-2,200B,55,157,310,323,true,false
303,Megatron,17,5,90,false,,false,,,,,,,false,false
303,Optimus,18,8,0,true,200B-2,false,200B-2-2,200B-2,37,164,304,315,true,true
303,Optimus,18,8,0,false,,false,,,,,,,false,false
303,Ratchet,19,14,180,false,,false,,,,,,,false,false
303,Ratchet,16,8,0,false,,false,,,,,,,false,false
303,RedAlert,15,13,90,false,,false,,,,,,,false,false
303,Sideswipe,7,3,0,true,200A,false,200A-2,200A,44,153,315,328,true,false
303,Sideswipe,15,5,90,false,,false,,,,,,,false,false
303,Smokescreen,2,3,0,true,200C,false,200C-2,200C,52,157,324,338,true,false
303,Smokescreen,19,5,90,false,,false,,,,,,,false,false
303,Wheeljack,2,10,180,false,,false,,,,,,,false,false
303,Wheeljack,11,13,90,false,,false,,,,,,,false,false
304,Bluestreak,11,9,90,true,140C-2,false,140C-2-2,140C-2,44,155,305,322,true,true
304,Bluestreak,11,9,90,false,,false,,,,,,,false,false
304,Bumblebee,8,2,180,false,,false,,,,,,,false,false
304,Bumblebee,19,13,90,false,,false,,,,,,,false,false
304,Hound,1,9,270,false,,false,,,,,,,false,false
304,Hound,8,12,0,false,,false,,,,,,,false,false
304,Ironhide,10,4,0,false,,false,,,,,,,false,false
304,Jazz,1,6,180,false,,false,,,,,,,false,false
304,Jazz,17,13,90,false,,false,,,,,,,false,false
304,Megatron,15,3,0,true,200B,false,200B-2,200B,55,157,310,323,true,false
304,Megatron,17,5,90,false,,false,,,,,,,false,false
304,Optimus,18,8,0,false,,false,,,,,,,false,false
304,Optimus,18,8,0,false,,false,,,,,,,false,false
304,Ratchet,18,14,180,false,,false,,,,,,,false,false
304,Ratchet,16,8,0,false,,false,,,,,,,false,false
304,RedAlert,15,13,90,false,,false,,,,,,,false,false
304,Sideswipe,8,3,0,true,200A,false,200A-2,200A,44,153,315,328,true,false
304,Sideswipe,15,5,90,false,,false,,,,,,,false,false
304,Smokescreen,3,3,0,true,200C,false,200C-2,200C,52,157,324,338,true,false
304,Smokescreen,19,5,90,false,,false,,,,,,,false,false
304,Wheeljack,1,10,180,false,,false,,,,,,,false,false
304,Wheeljack,11,13,90,false,,false,,,,,,,false,false
305,Bluestreak,11,9,90,false,,false,,,,,,,false,false
305,Bluestreak,11,9,90,false,,false,,,,,,,false,false
305,Bumblebee,7,2,180,false,,false,,,,,,,false,false
305,Bumblebee,19,13,90,false,,false,,,,,,,false,false
305,Hound,1,8,270,false,,false,,,,,,,false,false
305,Hound,8,12,0,false,,false,,,,,,,false,false
305,Ironhide,10,4,0,false,,false,,,,,,,false,false
305,Jazz,1,6,270,false,,false,,,,,,,false,false
305,Jazz,17,13,90,false,,false,,,,,,,false,false
305,Megatron,16,3,0,true,200B,false,200B-2,200B,55,157,310,323,true,false
305,Megatron,17,5,90,false,,false,,,,,,,false,false
305,Optimus,18,8,0,false,,false,,,,,,,false,false
305,Ratchet,17,14,180,false,,false,,,,,,,false,false
305,Ratchet,16,8,0,false,,false,,,,,,,false,false
305,RedAlert,15,13,90,false,,false,,,,,,,false,false
305,Sideswipe,9,3,0,true,200A,false,200A-2,200A,44,153,315,328,true,false
305,Sideswipe,15,5,90,false,,false,,,,,,,false,false
305,Smokescreen,4,3,0,true,200C,false,200C-2,200C,52,157,324,338,true,false
305,Smokescreen,19,5,90,false,,false,,,,,,,false,false
305,Wheeljack,1,10,270,false,,false,,,,,,,false,false
305,Wheeljack,11,13,90,false,,false,,,,,,,false,false
306,Bluestreak,11,9,90,false,,false,,,,,,,false,false
306,Bumblebee,6,2,180,false,,false,,,,,,,false,false
306,Bumblebee,19,13,90,false,,false,,,,,,,false,false
306,Hound,1,7,270,false,,false,,,,,,,false,false
306,Hound,8,12,0,false,,false,,,,,,,false,false
306,Ironhide,10,4,0,false,,false,,,,,,,false,false
306,Jazz,1,5,270,false,,false,,,,,,,false,false
306,Jazz,17,13,90,false,,false,,,,,,,false,false
306,Megatron,17,3,0,true,200B,false,200B-2,200B,55,157,310,323,true,false
306,Megatron,17,5,90,false,,false,,,,,,,false,false
306,Optimus,18,8,0,false,,false,,,,,,,false,false
306,Ratchet,16,14,180,false,,false,,,,,,,false,false
306,Ratchet,16,8,0,false,,false,,,,,,,false,false
306,RedAlert,15,13,90,false,,false,,,,,,,false,false
306,Sideswipe,10,3,0,true,200A,false,200A-2,200A,44,153,315,328,true,false
306,Sideswipe,15,5,90,false,,false,,,,,,,false,false
306,Smokescreen,5,3,0,true,200C,false,200C-2,200C,52,157,324,338,true,false
306,Smokescreen,19,5,90,false,,false,,,,,,,false,false
306,Wheeljack,1,9,270,false,,false,,,,,,,false,false
306,Wheeljack,11,13,90,false,,false,,,,,,,false,false
307,Bluestreak,11,9,90,false,,false,,,,,,,false,false
307,Bumblebee,5,2,180,false,,false,,,,,,,false,false
307,Bumblebee,19,13,90,false,,false,,,,,,,false,false
307,Hound,1,6,270,false,,false,,,,,,,false,false
307,Hound,8,12,0,false,,false,,,,,,,false,false
307,Ironhide,10,4,0,false,,false,,,,,,,false,false
307,Jazz,1,4,270,false,,false,,,,,,,false,false
307,Jazz,17,13,90,false,,false,,,,,,,false,false
307,Megatron,17,3,90,true,200B,false,200B-2,200B,55,157,310,323,true,false
307,Megatron,17,5,90,false,,false,,,,,,,false,false
307,Optimus,18,8,0,false,,false,,,,,,,false,false
307,Ratchet,15,14,180,false,,false,,,,,,,false,false
307,Ratchet,16,8,0,false,,false,,,,,,,false,false
307,RedAlert,15,13,90,false,,false,,,,,,,false,false
307,Sideswipe,11,3,0,true,200A,false,200A-2,200A,44,153,315,328,true,false
307,Sideswipe,15,5,90,false,,false,,,,,,,false,false
307,Smokescreen,6,3,0,true,200C,false,200C-2,200C,52,157,324,338,true,false
307,Smokescreen,19,5,90,false,,false,,,,,,,false,false
307,Wheeljack,1,8,270,false,,false,,,,,,,false,false
307,Wheeljack,11,13,90,false,,false,,,,,,,false,false
308,Bluestreak,11,9,90,false,,false,,,,,,,false,false
308,Bumblebee,4,2,180,false,,false,,,,,,,false,false
308,Bumblebee,19,13,90,false,,false,,,,,,,false,false
308,Hound,1,5,270,false,,false,,,,,,,false,false
308,Hound,8,12,0,false,,false,,,,,,,false,false
308,Ironhide,10,4,0,false,,false,,,,,,,false,false
308,Jazz,1,3,270,false,,false,,,,,,,false,false
308,Jazz,17,13,90,false,,false,,,,,,,false,false
308,Megatron,17,4,90,true,200B,false,200B-2,200B,55,157,310,323,true,false
308,Megatron,17,5,90,false,,false,,,,,,,false,false
308,Optimus,18,8,0,false,,false,,,,,,,false,false
308,Ratchet,14,14,180,false,,false,,,,,,,false,false
308,Ratchet,16,8,0,false,,false,,,,,,,false,false
308,RedAlert,15,13,270,false,,false,,,,,,,false,false
308,RedAlert,6,8,0,false,,false,,,,,,,false,false
308,Sideswipe,12,3,0,true,200A,false,200A-2,200A,44,153,315,328,true,false
308,Sideswipe,15,5,90,false,,false,,,,,,,false,false
308,Smokescreen,7,3,0,true,200C,false,200C-2,200C,52,157,324,338,true,false
308,Smokescreen,19,5,90,false,,false,,,,,,,false,false
308,Wheeljack,1,7,270,false,,false,,,,,,,false,false
308,Wheeljack,11,13,90,false,,false,,,,,,,false,false
309,Bluestreak,11,9,90,false,,false,,,,,,,false,false
309,Bumblebee,3,2,180,false,,false,,,,,,,false,false
309,Bumblebee,19,13,90,false,,false,,,,,,,false,false
309,Hound,1,4,270,false,,false,,,,,,,false,false
309,Hound,8,12,0,false,,false,,,,,,,false,false
309,Ironhide,10,4,0,false,,false,,,,,,,false,false
309,Jazz,1,2,270,false,,false,,,,,,,false,false
309,Jazz,17,13,90,false,,false,,,,,,,false,false
309,Megatron,17,5,90,true,200B,false,200B-2,200B,55,157,310,323,true,true
309,Megatron,17,5,90,false,,false,,,,,,,false,false
309,Optimus,18,8,0,false,,false,,,,,,,false,false
309,Ratchet,13,14,180,false,,false,,,,,,,false,false
309,Ratchet,16,8,0,false,,false,,,,,,,false,false
309,RedAlert,15,12,270,false,,false,,,,,,,false,false
309,RedAlert,6,8,0,false,,false,,,,,,,false,false
309,Sideswipe,13,3,0,true,200A,false,200A-2,200A,44,153,315,328,true,false
309,Sideswipe,15,5,90,false,,false,,,,,,,false,false
309,Smokescreen,8,3,0,true,200C,false,200C-2,200C,52,157,324,338,true,false
309,Smokescreen,19,5,90,false,,false,,,,,,,false,false
309,Wheeljack,1,6,270,false,,false,,,,,,,false,false
309,Wheeljack,11,13,90,false,,false,,,,,,,false,false
310,Bluestreak,11,9,90,false,,false,,,,,,,false,false
310,Bumblebee,2,2,180,false,,false,,,,,,,false,false
310,Bumblebee,19,13,90,false,,false,,,,,,,false,false
310,Hound,1,3,270,false,,false,,,,,,,false,false
310,Hound,8,12,0,false,,false,,,,,,,false,false
310,Ironhide,10,4,0,false,,false,,,,,,,false,false
310,Jazz,1,2,270,true,200B-3,false,200B-3-2,200B-3,58,165,341,349,true,false
310,Jazz,17,13,90,false,,false,,,,,,,false,false
310,Megatron,17,5,90,false,,false,,,,,,,false,false
310,Megatron,17,5,90,false,,false,,,,,,,false,false
310,Optimus,18,8,0,false,,false,,,,,,,false,false
310,Ratchet,12,14,180,false,,false,,,,,,,false,false
310,Ratchet,16,8,0,false,,false,,,,,,,false,false
310,RedAlert,15,11,270,false,,false,,,,,,,false,false
310,RedAlert,6,8,0,false,,false,,,,,,,false,false
310,Sideswipe,14,3,0,true,200A,false,200A-2,200A,44,153,315,328,true,false
310,Sideswipe,15,5,90,false,,false,,,,,,,false,false
310,Smokescreen,9,3,0,true,200C,false,200C-2,200C,52,157,324,338,true,false
310,Smokescreen,19,5,90,false,,false,,,,,,,false,false
310,Wheeljack,1,5,270,false,,false,,,,,,,false,false
310,Wheeljack,11,13,90,false,,false,,,,,,,false,false
311,Bluestreak,11,9,90,false,,false,,,,,,,false,false
311,Bumblebee,1,2,180,false,,false,,,,,,,false,false
311,Bumblebee,19,13,90,false,,false,,,,,,,false,false
311,Hound,1,2,270,false,,false,,,,,,,false,false
311,Hound,8,12,0,false,,false,,,,,,,false,false
311,Ironhide,10,4,0,false,,false,,,,,,,false,false
311,Jazz,1,2,90,true,200B-3,false,200B-3-2,200B-3,58,165,341,349,true,false
311,Jazz,17,13,90,false,,false,,,,,,,false,false
311,Megatron,17,5,90,false,,false,,,,,,,false,false
311,Optimus,18,8,0,false,,false,,,,,,,false,false
311,Ratchet,11,14,180,false,,false,,,,,,,false,false
311,Ratchet,16,8,0,false,,false,,,,,,,false,false
311,RedAlert,15,10,270,false,,false,,,,,,,false,false
311,RedAlert,6,8,0,false,,false,,,,,,,false,false
311,Sideswipe,15,3,0,true,200A,false,200A-2,200A,44,153,315,328,true,false
311,Sideswipe,15,5,90,false,,false,,,,,,,false,false
311,Smokescreen,10,3,0,true,200C,false,200C-2,200C,52,157,324,338,true,false
311,Smokescreen,19,5,90,false,,false,,,,,,,false,false
311,Wheeljack,1,4,270,false,,false,,,,,,,false,false
311,Wheeljack,11,13,90,false,,false,,,,,,,false,false
312,Bluestreak,11,9,90,false,,false,,,,,,,false,false
312,Bumblebee,1,2,180,true,200C-3,false,200C-3-2,200C-3,49,161,345,362,true,false
312,Bumblebee,19,13,90,false,,false,,,,,,,false,false
312,Hound,1,2,270,true,140A-3,false,140A-3-1,140A-3,20,145,332,345,true,false
312,Hound,8,12,0,false,,false,,,,,,,false,false
312,Ironhide,10,4,0,false,,false,,,,,,,false,false
312,Jazz,1,3,90,true,200B-3,false,200B-3-2,200B-3,58,165,341,349,true,false
312,Jazz,17,13,90,false,,false,,,,,,,false,false
312,Megatron,17,5,90,false,,false,,,,,,,false,false
312,Optimus,18,8,0,false,,false,,,,,,,false,false
312,Ratchet,10,14,180,false,,false,,,,,,,false,false
312,Ratchet,16,8,0,false,,false,,,,,,,false,false
312,RedAlert,15,9,270,false,,false,,,,,,,false,false
312,RedAlert,6,8,0,false,,false,,,,,,,false,false
312,Sideswipe,15,3,90,true,200A,false,200A-2,200A,44,153,315,328,true,false
312,Sideswipe,15,5,90,false,,false,,,,,,,false,false
312,Smokescreen,11,3,0,true,200C,false,200C-2,200C,52,157,324,338,true,false
312,Smokescreen,19,5,90,false,,false,,,,,,,false,false
312,Wheeljack,1,3,270,false,,false,,,,,,,false,false
312,Wheeljack,11,13,90,false,,false,,,,,,,false,false
313,Bluestreak,11,9,90,false,,false,,,,,,,false,false
313,Bumblebee,1,2,90,true,200C-3,false,200C-3-2,200C-3,49,161,345,362,true,false
313,Bumblebee,19,13,90,false,,false,,,,,,,false,false
313,Hound,1,2,90,true,140A-3,false,140A-3-1,140A-3,20,145,332,345,true,false
313,Hound,8,12,0,false,,false,,,,,,,false,false
313,Ironhide,10,4,0,false,,false,,,,,,,false,false
313,Jazz,1,4,90,true,200B-3,false,200B-3-2,200B-3,58,165,341,349,true,false
313,Jazz,17,13,90,false,,false,,,,,,,false,false
313,Megatron,17,5,90,false,,false,,,,,,,false,false
313,Optimus,18,8,0,false,,false,,,,,,,false,false
313,Ratchet,9,14,180,false,,false,,,,,,,false,false
313,Ratchet,16,8,0,false,,false,,,,,,,false,false
313,RedAlert,15,8,270,false,,false,,,,,,,false,false
313,RedAlert,6,8,0,false,,false,,,,,,,false,false
313,Sideswipe,15,4,90,true,200A,false,200A-2,200A,44,153,315,328,true,false
313,Sideswipe,15,5,90,false,,false,,,,,,,false,false
313,Smokescreen,12,3,0,true,200C,false,200C-2,200C,52,157,324,338,true,false
313,Smokescreen,19,5,90,false,,false,,,,,,,false,false
313,Wheeljack,1,2,270,false,,false,,,,,,,false,false
313,Wheeljack,11,13,90,false,,false,,,,,,,false,false
314,Bluestreak,11,9,90,false,,false,,,,,,,false,false
314,Bumblebee,1,3,90,true,200C-3,false,200C-3-2,200C-3,49,161,345,362,true,false
314,Bumblebee,19,13,90,false,,false,,,,,,,false,false
314,Hound,1,3,90,true,140A-3,false,140A-3-1,140A-3,20,145,332,345,true,false
314,Hound,8,12,0,false,,false,,,,,,,false,false
314,Ironhide,10,4,0,false,,false,,,,,,,false,false
314,Jazz,1,5,90,true,200B-3,false,200B-3-2,200B-3,58,165,341,349,true,false
314,Jazz,17,13,90,false,,false,,,,,,,false,false
314,Megatron,17,5,90,false,,false,,,,,,,false,false
314,Optimus,18,8,0,false,,false,,,,,,,false,false
314,Ratchet,8,14,180,false,,false,,,,,,,false,false
314,Ratchet,16,8,0,false,,false,,,,,,,false,false
314,RedAlert,15,7,270,false,,false,,,,,,,false,false
314,RedAlert,6,8,0,false,,false,,,,,,,false,false
314,Sideswipe,15,5,90,true,200A,false,200A-2,200A,44,153,315,328,true,true
314,Sideswipe,15,5,90,false,,false,,,,,,,false,false
314,Smokescreen,13,3,0,true,200C,false,200C-2,200C,52,157,324,338,true,false
314,Smokescreen,19,5,90,false,,false,,,,,,,false,false
314,Wheeljack,1,2,270,true,140C-3,false,140C-3-2,140C-3,41,158,339,352,true,false
314,Wheeljack,11,13,90,false,,false,,,,,,,false,false
315,Bluestreak,11,9,90,false,,false,,,,,,,false,false
315,Bumblebee,1,4,90,true,200C-3,false,200C-3-2,200C-3,49,161,345,362,true,false
315,Bumblebee,19,13,90,false,,false,,,,,,,false,false
315,Hound,1,4,90,true,140A-3,false,140A-3-1,140A-3,20,145,332,345,true,false
315,Hound,8,12,0,false,,false,,,,,,,false,false
315,Ironhide,10,4,0,false,,false,,,,,,,false,false
315,Jazz,1,6,90,true,200B-3,false,200B-3-2,200B-3,58,165,341,349,true,false
315,Jazz,17,13,90,false,,false,,,,,,,false,false
315,Megatron,17,5,90,false,,false,,,,,,,false,false
315,Optimus,18,8,0,false,,false,,,,,,,false,false
315,Ratchet,7,14,180,false,,false,,,,,,,false,false
315,Ratchet,16,8,0,false,,false,,,,,,,false,false
315,RedAlert,15,6,270,false,,false,,,,,,,false,false
315,RedAlert,6,8,0,false,,false,,,,,,,false,false
315,Sideswipe,15,5,90,false,,false,,,,,,,false,false
315,Sideswipe,15,5,90,false,,false,,,,,,,false,false
315,Smokescreen,14,3,0,true,200C,false,200C-2,200C,52,157,324,338,true,false
315,Smokescreen,19,5,90,false,,false,,,,,,,false,false
315,Wheeljack,1,2,90,true,140C-3,false,140C-3-2,140C-3,41,158,339,352,true,false
315,Wheeljack,11,13,90,false,,false,,,,,,,false,false
316,Bluestreak,11,9,90,false,,false,,,,,,,false,false
316,Bumblebee,1,5,90,true,200C-3,false,200C-3-2,200C-3,49,161,345,362,true,false
316,Bumblebee,19,13,90,false,,false,,,,,,,false,false
316,Hound,1,5,90,true,140A-3,false,140A-3-1,140A-3,20,145,332,345,true,false
316,Hound,8,12,0,false,,false,,,,,,,false,false
316,Ironhide,10,4,0,false,,false,,,,,,,false,false
316,Jazz,1,7,90,true,200B-3,false,200B-3-2,200B-3,58,165,341,349,true,false
316,Jazz,17,13,90,false,,false,,,,,,,false,false
316,Megatron,17,5,90,false,,false,,,,,,,false,false
316,Optimus,18,8,270,false,,false,,,,,,,false,false
316,Optimus,9,5,90,false,,false,,,,,,,false,false
316,Ratchet,6,14,180,false,,false,,,,,,,false,false
316,Ratchet,16,8,0,false,,false,,,,,,,false,false
316,RedAlert,15,6,180,false,,false,,,,,,,false,false
316,RedAlert,6,8,0,false,,false,,,,,,,false,false
316,Sideswipe,15,5,90,false,,false,,,,,,,false,false
316,Smokescreen,15,3,0,true,200C,false,200C-2,200C,52,157,324,338,true,false
316,Smokescreen,19,5,90,false,,false,,,,,,,false,false
316,Wheeljack,1,3,90,true,140C-3,false,140C-3-2,140C-3,41,158,339,352,true,false
316,Wheeljack,11,13,90,false,,false,,,,,,,false,false
317,Bluestreak,11,9,90,false,,false,,,,,,,false,false
317,Bumblebee,1,6,90,true,200C-3,false,200C-3-2,200C-3,49,161,345,362,true,false
317,Bumblebee,19,13,90,false,,false,,,,,,,false,false
317,Hound,1,6,90,true,140A-3,false,140A-3-1,140A-3,20,145,332,345,true,false
317,Hound,8,12,0,false,,false,,,,,,,false,false
317,Ironhide,10,4,0,false,,false,,,,,,,false,false
317,Jazz,1,8,90,true,200B-3,false,200B-3-2,200B-3,58,165,341,349,true,false
317,Jazz,17,13,90,false,,false,,,,,,,false,false
317,Megatron,17,5,90,false,,false,,,,,,,false,false
317,Optimus,18,7,270,false,,false,,,,,,,false,false
317,Optimus,9,5,90,false,,false,,,,,,,false,false
317,Ratchet,5,14,180,false,,false,,,,,,,false,false
317,Ratchet,16,8,0,false,,false,,,,,,,false,false
317,RedAlert,14,6,180,false,,false,,,,,,,false,false
317,RedAlert,6,8,0,false,,false,,,,,,,false,false
317,Sideswipe,15,5,90,false,,false,,,,,,,false,false
317,Smokescreen,16,3,0,true,200C,false,200C-2,200C,52,157,324,338,true,false
317,Smokescreen,19,5,90,false,,false,,,,,,,false,false
317,Wheeljack,1,4,90,true,140C-3,false,140C-3-2,140C-3,41,158,339,352,true,false
317,Wheeljack,11,13,90,false,,false,,,,,,,false,false
318,Bluestreak,11,9,90,false,,false,,,,,,,false,false
318,Bumblebee,1,7,90,true,200C-3,false,200C-3-2,200C-3,49,161,345,362,true,false
318,Bumblebee,19,13,90,false,,false,,,,,,,false,false
318,Hound,1,7,90,true,140A-3,false,140A-3-1,140A-3,20,145,332,345,true,false
318,Hound,8,12,0,false,,false,,,,,,,false,false
318,Ironhide,10,4,0,false,,false,,,,,,,false,false
318,Jazz,1,9,90,true,200B-3,false,200B-3-2,200B-3,58,165,341,349,true,false
318,Jazz,17,13,90,false,,false,,,,,,,false,false
318,Megatron,17,5,90,false,,false,,,,,,,false,false
318,Optimus,18,6,270,false,,false,,,,,,,false,false
318,Optimus,9,5,90,false,,false,,,,,,,false,false
318,Ratchet,4,14,180,false,,false,,,,,,,false,false
318,Ratchet,16,8,0,false,,false,,,,,,,false,false
318,RedAlert,13,6,180,false,,false,,,,,,,false,false
318,RedAlert,6,8,0,false,,false,,,,,,,false,false
318,Sideswipe,15,5,90,false,,false,,,,,,,false,false
318,Smokescreen,17,3,0,true,200C,false,200C-2,200C,52,157,324,338,true,false
318,Smokescreen,19,5,90,false,,false,,,,,,,false,false
318,Wheeljack,1,5,90,true,140C-3,false,140C-3-2,140C-3,41,158,339,352,true,false
318,Wheeljack,11,13,90,false,,false,,,,,,,false,false
319,Bluestreak,11,9,90,false,,false,,,,,,,false,false
319,Bumblebee,1,8,90,true,200C-3,false,200C-3-2,200C-3,49,161,345,362,true,false
319,Bumblebee,19,13,90,false,,false,,,,,,,false,false
319,Hound,1,8,90,true,140A-3,false,140A-3-1,140A-3,20,145,332,345,true,false
319,Hound,8,12,0,false,,false,,,,,,,false,false
319,Ironhide,10,4,270,false,,false,,,,,,,false,false
319,Ironhide,13,18,0,false,,false,,,,,,,false,false
319,Jazz,1,10,90,true,200B-3,false,200B-3-2,200B-3,58,165,341,349,true,false
319,Jazz,17,13,90,false,,false,,,,,,,false,false
319,Megatron,17,5,90,false,,false,,,,,,,false,false
319,Optimus,18,6,180,false,,false,,,,,,,false,false
319,Optimus,9,5,90,false,,false,,,,,,,false,false
319,Ratchet,3,14,180,false,,false,,,,,,,false,false
319,Ratchet,16,8,0,false,,false,,,,,,,false,false
319,RedAlert,12,6,180,false,,false,,,,,,,false,false
319,RedAlert,6,8,0,false,,false,,,,,,,false,false
319,Sideswipe,15,5,90,false,,false,,,,,,,false,false
319,Smokescreen,18,3,0,true,200C,false,200C-2,200C,52,157,324,338,true,false
319,Smokescreen,19,5,90,false,,false,,,,,,,false,false
319,Wheeljack,1,6,90,true,140C-3,false,140C-3-2,140C-3,41,158,339,352,true,false
319,Wheeljack,11,13,90,false,,false,,,,,,,false,false
320,Bluestreak,11,9,90,false,,false,,,,,,,false,false
320,Bumblebee,1,9,90,true,200C-3,false,200C-3-2,200C-3,49,161,345,362,true,false
320,Bumblebee,19,13,90,false,,false,,,,,,,false,false
320,Hound,1,9,90,true,140A-3,false,140A-3-1,140A-3,20,145,332,345,true,false
320,Hound,8,12,0,false,,false,,,,,,,false,false
320,Ironhide,10,3,270,false,,false,,,,,,,false,false
320,Ironhide,13,18,0,false,,false,,,,,,,false,false
320,Jazz,1,11,90,true,200B-3,false,200B-3-2,200B-3,58,165,341,349,true,false
320,Jazz,17,13,90,false,,false,,,,,,,false,false
320,Megatron,17,5,90,false,,false,,,,,,,false,false
320,Optimus,17,6,180,false,,false,,,,,,,false,false
320,Optimus,9,5,90,false,,false,,,,,,,false,false
320,Ratchet,2,14,180,false,,false,,,,,,,false,false
320,Ratchet,16,8,0,false,,false,,,,,,,false,false
320,RedAlert,11,6,180,false,,false,,,,,,,false,false
320,RedAlert,6,8,0,false,,false,,,,,,,false,false
320,Sideswipe,15,5,90,false,,false,,,,,,,false,false
320,Smokescreen,19,3,0,true,200C,false,200C-2,200C,52,157,324,338,true,false
320,Smokescreen,19,5,90,false,,false,,,,,,,false,false
320,Wheeljack,1,7,90,true,140C-3,false,140C-3-2,140C-3,41,158,339,352,true,false
320,Wheeljack,11,13,90,false,,false,,,,,,,false,false
321,Bluestreak,11,9,90,false,,false,,,,,,,false,false
321,Bumblebee,1,10,90,true,200C-3,false,200C-3-2,200C-3,49,161,345,362,true,false
321,Bumblebee,19,13,90,false,,false,,,,,,,false,false
321,Hound,1,10,90,true,140A-3,false,140A-3-1,140A-3,20,145,332,345,true,false
321,Hound,8,12,0,false,,false,,,,,,,false,false
321,Ironhide,10,2,270,false,,false,,,,,,,false,false
321,Ironhide,13,18,0,false,,false,,,,,,,false,false
321,Jazz,1,11,0,true,200B-3,false,200B-3-2,200B-3,58,165,341,349,true,false
321,Jazz,17,13,90,false,,false,,,,,,,false,false
321,Megatron,17,5,90,false,,false,,,,,,,false,false
321,Optimus,16,6,180,false,,false,,,,,,,false,false
321,Optimus,9,5,90,false,,false,,,,,,,false,false
321,Ratchet,1,14,180,false,,false,,,,,,,false,false
321,Ratchet,16,8,0,false,,false,,,,,,,false,false
321,RedAlert,10,6,180,false,,false,,,,,,,false,false
321,RedAlert,6,8,0,false,,false,,,,,,,false,false
321,Sideswipe,15,5,90,false,,false,,,,,,,false,false
321,Smokescreen,19,3,90,true,200C,false,200C-2,200C,52,157,324,338,true,false
321,Smokescreen,19,5,90,false,,false,,,,,,,false,false
321,Wheeljack,1,8,90,true,140C-3,false,140C-3-2,140C-3,41,158,339,352,true,false
321,Wheeljack,11,13,90,false,,false,,,,,,,false,false
322,Bluestreak,11,9,90,false,,false,,,,,,,false,false
322,Bumblebee,1,11,90,true,200C-3,false,200C-3-2,200C-3,49,161,345,362,true,false
322,Bumblebee,19,13,90,false,,false,,,,,,,false,false
322,Hound,1,11,90,true,140A-3,false,140A-3-1,140A-3,20,145,332,345,true,false
322,Hound,8,12,0,false,,false,,,,,,,false,false
322,Ironhide,10,2,180,false,,false,,,,,,,false,false
322,Ironhide,13,18,0,false,,false,,,,,,,false,false
322,Jazz,2,11,0,true,200B-3,false,200B-3-2,200B-3,58,165,341,349,true,false
322,Jazz,17,13,90,false,,false,,,,,,,false,false
322,Megatron,17,5,90,false,,false,,,,,,,false,false
322,Optimus,15,6,180,false,,false,,,,,,,false,false
322,Optimus,9,5,90,false,,false,,,,,,,false,false
322,Ratchet,1,14,270,false,,false,,,,,,,false,false
322,Ratchet,16,8,0,false,,false,,,,,,,false,false
322,RedAlert,9,6,180,false,,false,,,,,,,false,false
322,RedAlert,6,8,0,false,,false,,,,,,,false,false
322,Sideswipe,15,5,90,false,,false,,,,,,,false,false
322,Smokescreen,19,4,90,true,200C,false,200C-2,200C,52,157,324,338,true,false
322,Smokescreen,19,5,90,false,,false,,,,,,,false,false
322,Wheeljack,1,9,90,true,140C-3,false,140C-3-2,140C-3,41,158,339,352,true,false
322,Wheeljack,11,13,90,false,,false,,,,,,,false,false
323,Bluestreak,11,9,270,false,,false,,,,,,,false,false
323,Bluestreak,17,17,0,false,,false,,,,,,,false,false
323,Bumblebee,1,11,0,true,200C-3,false,200C-3-2,200C-3,49,161,345,362,true,false
323,Bumblebee,19,13,90,false,,false,,,,,,,false,false
323,Hound,1,12,90,true,140A-3,false,140A-3-1,140A-3,20,145,332,345,true,false
323,Hound,8,12,0,false,,false,,,,,,,false,false
323,Ironhide,9,2,180,false,,false,,,,,,,false,false
323,Ironhide,13,18,0,false,,false,,,,,,,false,false
323,Jazz,3,11,0,true,200B-3,false,200B-3-2,200B-3,58,165,341,349,true,false
323,Jazz,17,13,90,false,,false,,,,,,,false,false
323,Megatron,17,5,90,false,,false,,,,,,,false,false
323,Optimus,14,6,180,false,,false,,,,,,,false,false
323,Optimus,9,5,90,false,,false,,,,,,,false,false
323,Ratchet,1,13,270,false,,false,,,,,,,false,false
323,Ratchet,16,8,0,false,,false,,,,,,,false,false
323,RedAlert,8,6,180,false,,false,,,,,,,false,false
323,RedAlert,6,8,0,false,,false,,,,,,,false,false
323,Sideswipe,15,5,90,false,,false,,,,,,,false,false
323,Smokescreen,19,5,90,true,200C,false,200C-2,200C,52,157,324,338,true,true
323,Smokescreen,19,5,90,false,,false,,,,,,,false,false
323,Wheeljack,1,10,90,true,140C-3,false,140C-3-2,140C-3,41,158,339,352,true,false
323,Wheeljack,11,13,90,false,,false,,,,,,,false,false
324,Bluestreak,11,8,270,false,,false,,,,,,,false,false
324,Bluestreak,17,17,0,false,,false,,,,,,,false,false
324,Bumblebee,2,11,0,true,200C-3,false,200C-3-2,200C-3,49,161,345,362,true,false
324,Bumblebee,19,13,90,false,,false,,,,,,,false,false
324,Hound,1,12,0,true,140A-3,false,140A-3-1,140A-3,20,145,332,345,true,false
324,Hound,8,12,0,false,,false,,,,,,,false,false
324,Ironhide,8,2,180,false,,false,,,,,,,false,false
324,Ironhide,13,18,0,false,,false,,,,,,,false,false
324,Jazz,4,11,0,true,200B-3,false,200B-3-2,200B-3,58,165,341,349,true,false
324,Jazz,17,13,90,false,,false,,,,,,,false,false
324,Megatron,17,5,270,false,,false,,,,,,,false,false
324,Megatron,9,13,90,false,,false,,,,,,,false,false
324,Optimus,13,6,180,false,,false,,,,,,,false,false
324,Optimus,9,5,90,false,,false,,,,,,,false,false
324,Ratchet,1,12,270,false,,false,,,,,,,false,false
324,Ratchet,16,8,0,false,,false,,,,,,,false,false
324,RedAlert,7,6,180,false,,false,,,,,,,false,false
324,RedAlert,6,8,0,false,,false,,,,,,,false,false
324,Sideswipe,15,5,90,false,,false,,,,,,,false,false
324,Smokescreen,19,5,90,false,,false,,,,,,,false,false
324,Smokescreen,19,5,90,false,,false,,,,,,,false,false
324,Wheeljack,1,11,90,true,140C-3,false,140C-3-2,140C-3,41,158,339,352,true,false
324,Wheeljack,11,13,90,false,,false,,,,,,,false,false
325,Bluestreak,11,7,270,false,,false,,,,,,,false,false
325,Bluestreak,17,17,0,false,,false,,,,,,,false,false
325,Bumblebee,3,11,0,true,200C-3,false,200C-3-2,200C-3,49,161,345,362,true,false
325,Bumblebee,19,13,90,false,,false,,,,,,,false,false
325,Hound,2,12,0,true,140A-3,false,140A-3-1,140A-3,20,145,332,345,true,false
325,Hound,8,12,0,false,,false,,,,,,,false,false
325,Ironhide,7,2,180,false,,false,,,,,,,false,false
325,Ironhide,13,18,0,false,,false,,,,,,,false,false
325,Jazz,5,11,0,true,200B-3,false,200B-3-2,200B-3,58,165,341,349,true,false
325,Jazz,17,13,90,false,,false,,,,,,,false,false
325,Megatron,17,4,270,false,,false,,,,,,,false,false
325,Megatron,9,13,90,false,,false,,,,,,,false,false
325,Optimus,12,6,180,false,,false,,,,,,,false,false
325,Optimus,9,5,90,false,,false,,,,,,,false,false
325,Ratchet,1,11,270,false,,false,,,,,,,false,false
325,Ratchet,16,8,0,false,,false,,,,,,,false,false
325,RedAlert,6,6,180,false,,false,,,,,,,false,false
325,RedAlert,6,8,0,false,,false,,,,,,,false,false
325,Sideswipe,15,5,90,false,,false,,,,,,,false,false
325,Smokescreen,19,5,90,false,,false,,,,,,,false,false
325,Wheeljack,1,11,0,true,140C-3,false,140C-3-2,140C-3,41,158,339,352,true,false
325,Wheeljack,11,13,90,false,,false,,,,,,,false,false
326,Bluestreak,11,6,270,false,,false,,,,,,,false,false
326,Bluestreak,17,17,0,false,,false,,,,,,,false,false
326,Bumblebee,4,11,0,true,200C-3,false,200C-3-2,200C-3,49,161,345,362,true,false
326,Bumblebee,19,13,90,false,,false,,,,,,,false,false
326,Hound,3,12,0,true,140A-3,false,140A-3-1,140A-3,20,145,332,345,true,false
326,Hound,8,12,0,false,,false,,,,,,,false,false
326,Ironhide,6,2,180,false,,false,,,,,,,false,false
326,Ironhide,13,18,0,false,,false,,,,,,,false,false
326,Jazz,6,11,0,true,200B-3,false,200B-3-2,200B-3,58,165,341,349,true,false
326,Jazz,17,13,90,false,,false,,,,,,,false,false
326,Megatron,17,3,270,false,,false,,,,,,,false,false
326,Megatron,9,13,90,false,,false,,,,,,,false,false
326,Optimus,11,6,180,false,,false,,,,,,,false,false
326,Optimus,9,5,90,false,,false,,,,,,,false,false
326,Ratchet,1,10,270,false,,false,,,,,,,false,false
326,Ratchet,16,8,0,false,,false,,,,,,,false,false
326,RedAlert,5,6,180,false,,false,,,,,,,false,false
326,RedAlert,6,8,0,false,,false,,,,,,,false,false
326,Sideswipe,15,5,90,false,,false,,,,,,,false,false
326,Smokescreen,19,5,90,false,,false,,,,,,,false,false
326,Wheeljack,2,11,0,true,140C-3,false,140C-3-2,140C-3,41,158,339,352,true,false
326,Wheeljack,11,13,90,false,,false,,,,,,,false,false
327,Bluestreak,11,5,270,false,,false,,,,,,,false,false
327,Bluestreak,17,17,0,false,,false,,,,,,,false,false
327,Bumblebee,5,11,0,true,200C-3,false,200C-3-2,200C-3,49,161,345,362,true,false
327,Bumblebee,19,13,90,false,,false,,,,,,,false,false
327,Hound,4,12,0,true,140A-3,false,140A-3-1,140A-3,20,145,332,345,true,false
327,Hound,8,12,0,false,,false,,,,,,,false,false
327,Ironhide,5,2,180,false,,false,,,,,,,false,false
327,Ironhide,13,18,0,false,,false,,,,,,,false,false
327,Jazz,7,11,0,true,200B-3,false,200B-3-2,200B-3,58,165,341,349,true,false
327,Jazz,17,13,90,false,,false,,,,,,,false,false
327,Megatron,17,2,270,false,,false,,,,,,,false,false
327,Megatron,9,13,90,false,,false,,,,,,,false,false
327,Optimus,10,6,180,false,,false,,,,,,,false,false
327,Optimus,9,5,90,false,,false,,,,,,,false,false
327,Ratchet,1,9,270,false,,false,,,,,,,false,false
327,Ratchet,16,8,0,false,,false,,,,,,,false,false
327,RedAlert,4,6,180,false,,false,,,,,,,false,false
327,RedAlert,6,8,0,false,,false,,,,,,,false,false
327,Sideswipe,15,5,90,false,,false,,,,,,,false,false
327,Smokescreen,19,5,90,false,,false,,,,,,,false,false
327,Wheeljack,3,11,0,true,140C-3,false,140C-3-2,140C-3,41,158,339,352,true,false
327,Wheeljack,11,13,90,false,,false,,,,,,,false,false
328,Bluestreak,11,4,270,false,,false,,,,,,,false,false
328,Bluestreak,17,17,0,false,,false,,,,,,,false,false
328,Bumblebee,6,11,0,true,200C-3,false,200C-3-2,200C-3,49,161,345,362,true,false
328,Bumblebee,19,13,90,false,,false,,,,,,,false,false
328,Hound,5,12,0,true,140A-3,false,140A-3-1,140A-3,20,145,332,345,true,false
328,Hound,8,12,0,false,,false,,,,,,,false,false
328,Ironhide,4,2,180,false,,false,,,,,,,false,false
328,Ironhide,13,18,0,false,,false,,,,,,,false,false
328,Jazz,8,11,0,true,200B-3,false,200B-3-2,200B-3,58,165,341,349,true,false
328,Jazz,17,13,90,false,,false,,,,,,,false,false
328,Megatron,17,2,180,false,,false,,,,,,,false,false
328,Megatron,9,13,90,false,,false,,,,,,,false,false
328,Optimus,9,6,180,false,,false,,,,,,,false,false
328,Optimus,9,5,90,false,,false,,,,,,,false,false
328,Ratchet,1,8,270,false,,false,,,,,,,false,false
328,Ratchet,16,8,0,false,,false,,,,,,,false,false
328,RedAlert,3,6,180,false,,false,,,,,,,false,false
328,RedAlert,6,8,0,false,,false,,,,,,,false,false
328,Sideswipe,15,5,90,false,,false,,,,,,,false,false
328,Smokescreen,19,5,90,false,,false,,,,,,,false,false
328,Wheeljack,4,11,0,true,140C-3,false,140C-3-2,140C-3,41,158,339,352,true,false
328,Wheeljack,11,13,90,false,,false,,,,,,,false,false
329,Bluestreak,11,3,270,false,,false,,,,,,,false,false
329,Bluestreak,17,17,0,false,,false,,,,,,,false,false
329,Bumblebee,7,11,0,true,200C-3,false,200C-3-2,200C-3,49,161,345,362,true,false
329,Bumblebee,19,13,90,false,,false,,,,,,,false,false
329,Hound,6,12,0,true,140A-3,false,140A-3-1,140A-3,20,145,332,345,true,false
329,Hound,8,12,0,false,,false,,,,,,,false,false
329,Ironhide,3,2,180,false,,false,,,,,,,false,false
329,Ironhide,13,18,0,false,,false,,,,,,,false,false
329,Jazz,9,11,0,true,200B-3,false,200B-3-2,200B-3,58,165,341,349,true,false
329,Jazz,17,13,90,false,,false,,,,,,,false,false
329,Megatron,16,2,180,false,,false,,,,,,,false,false
329,Megatron,9,13,90,false,,false,,,,,,,false,false
329,Optimus,8,6,180,false,,false,,,,,,,false,false
329,Optimus,9,5,90,false,,false,,,,,,,false,false
329,Ratchet,1,7,270,false,,false,,,,,,,false,false
329,Ratchet,16,8,0,false,,false,,,,,,,false,false
329,RedAlert,2,6,180,false,,false,,,,,,,false,false
329,RedAlert,6,8,0,false,,false,,,,,,,false,false
329,Sideswipe,15,5,270,false,,false,,,,,,,false,false
329,Sideswipe,15,17,0,false,,false,,,,,,,false,false
329,Smokescreen,19,5,90,false,,false,,,,,,,false,false
329,Wheeljack,5,11,0,true,140C-3,false,140C-3-2,140C-3,41,158,339,352,true,false
329,Wheeljack,11,13,90,false,,false,,,,,,,false,false
330,Bluestreak,11,2,270,false,,false,,,,,,,false,false
330,Bluestreak,17,17,0,false,,false,,,,,,,false,false
330,Bumblebee,8,11,0,true,200C-3,false,200C-3-2,200C-3,49,161,345,362,true,false
330,Bumblebee,19,13,90,false,,false,,,,,,,false,false
330,Hound,7,12,0,true,140A-3,false,140A-3-1,140A-3,20,145,332,345,true,false
330,Hound,8,12,0,false,,false,,,,,,,false,false
330,Ironhide,2,2,180,false,,false,,,,,,,false,false
330,Ironhide,13,18,0,false,,false,,,,,,,false,false
330,Jazz,10,11,0,true,200B-3,false,200B-3-2,200B-3,58,165,341,349,true,false
330,Jazz,17,13,90,false,,false,,,,,,,false,false
330,Megatron,15,2,180,false,,false,,,,,,,false,false
330,Megatron,9,13,90,false,,false,,,,,,,false,false
330,Optimus,7,6,180,false,,false,,,,,,,false,false
330,Optimus,9,5,90,false,,false,,,,,,,false,false
330,Ratchet,1,6,270,false,,false,,,,,,,false,false
330,Ratchet,16,8,0,false,,false,,,,,,,false,false
330,RedAlert,1,6,180,false,,false,,,,,,,false,false
330,RedAlert,6,8,0,false,,false,,,,,,,false,false
330,Sideswipe,15,4,270,false,,false,,,,,,,false,false
330,Sideswipe,15,17,0,false,,false,,,,,,,false,false
330,Smokescreen,19,5,90,false,,false,,,,,,,false,false
330,Wheeljack,6,11,0,true,140C-3,false,140C-3-2,140C-3,41,158,339,352,true,false
330,Wheeljack,11,13,90,false,,false,,,,,,,false,false
331,Bluestreak,11,2,180,false,,false,,,,,,,false,false
331,Bluestreak,17,17,0,false,,false,,,,,,,false,false
331,Bumblebee,9,11,0,true,200C-3,false,200C-3-2,200C-3,49,161,345,362,true,false
331,Bumblebee,19,13,90,false,,false,,,,,,,false,false
331,Hound,8,12,0,true,140A-3,false,140A-3-1,140A-3,20,145,332,345,true,true
331,Hound,8,12,0,false,,false,,,,,,,false,false
331,Ironhide,1,2,180,false,,false,,,,,,,false,false
331,Ironhide,13,18,0,false,,false,,,,,,,false,false
331,Jazz,11,11,0,true,200B-3,false,200B-3-2,200B-3,58,165,341,349,true,false
331,Jazz,17,13,90,false,,false,,,,,,,false,false
331,Megatron,14,2,180,false,,false,,,,,,,false,false
331,Megatron,9,13,90,false,,false,,,,,,,false,false
331,Optimus,6,6,180,false,,false,,,,,,,false,false
331,Optimus,9,5,90,false,,false,,,,,,,false,false
331,Ratchet,1,5,270,false,,false,,,,,,,false,false
331,Ratchet,16,8,0,false,,false,,,,,,,false,false
331,RedAlert,1,6,270,false,,false,,,,,,,false,false
331,RedAlert,6,8,0,false,,false,,,,,,,false,false
331,Sideswipe,15,3,270,false,,false,,,,,,,false,false
331,Sideswipe,15,17,0,false,,false,,,,,,,false,false
331,Smokescreen,19,5,90,false,,false,,,,,,,false,false
331,Wheeljack,7,11,0,true,140C-3,false,140C-3-2,140C-3,41,158,339,352,true,false
331,Wheeljack,11,13,90,false,,false,,,,,,,false,false
332,Bluestreak,10,2,180,false,,false,,,,,,,false,false
332,Bluestreak,17,17,0,false,,false,,,,,,,false,false
332,Bumblebee,10,11,0,true,200C-3,false,200C-3-2,200C-3,49,161,345,362,true,false
332,Bumblebee,19,13,90,false,,false,,,,,,,false,false
332,Hound,8,12,0,false,,false,,,,,,,false,false
332,Hound,8,12,0,false,,false,,,,,,,false,false
332,Ironhide,1,2,180,true,209F,false,209F-2,209F,36,156,363,377,true,false
332,Ironhide,13,18,0,false,,false,,,,,,,false,false
332,Jazz,12,11,0,true,200B-3,false,200B-3-2,200B-3,58,165,341,349,true,false
332,Jazz,17,13,90,false,,false,,,,,,,false,false
332,Megatron,13,2,180,false,,false,,,,,,,false,false
332,Megatron,9,13,90,false,,false,,,,,,,false,false
332,Optimus,5,6,180,false,,false,,,,,,,false,false
332,Optimus,9,5,90,false,,false,,,,,,,false,false
332,Ratchet,1,4,270,false,,false,,,,,,,false,false
332,Ratchet,16,8,0,false,,false,,,,,,,false,false
332,RedAlert,1,5,270,false,,false,,,,,,,false,false
332,RedAlert,6,8,0,false,,false,,,,,,,false,false
332,Sideswipe,15,2,270,false,,false,,,,,,,false,false
332,Sideswipe,15,17,0,false,,false,,,,,,,false,false
332,Smokescreen,19,5,90,false,,false,,,,,,,false,false
332,Wheeljack,8,11,0,true,140C-3,false,140C-3-2,140C-3,41,158,339,352,true,false
332,Wheeljack,11,13,90,false,,false,,,,,,,false,false
333,Bluestreak,9,2,180,false,,false,,,,,,,false,false
333,Bluestreak,17,17,0,false,,false,,,,,,,false,false
333,Bumblebee,11,11,0,true,200C-3,false,200C-3-2,200C-3,49,161,345,362,true,false
333,Bumblebee,19,13,90,false,,false,,,,,,,false,false
333,Hound,8,12,0,false,,false,,,,,,,false,false
333,Ironhide,1,2,90,true,209F,false,209F-2,209F,36,156,363,377,true,false
333,Ironhide,13,18,0,false,,false,,,,,,,false,false
333,Jazz,13,11,0,true,200B-3,false,200B-3-2,200B-3,58,165,341,349,true,false
333,Jazz,17,13,90,false,,false,,,,,,,false,false
333,Megatron,12,2,180,false,,false,,,,,,,false,false
333,Megatron,9,13,90,false,,false,,,,,,,false,false
333,Optimus,4,6,180,false,,false,,,,,,,false,false
333,Optimus,9,5,90,false,,false,,,,,,,false,false
333,Ratchet,1,3,270,false,,false,,,,,,,false,false
333,Ratchet,16,8,0,false,,false,,,,,,,false,false
333,RedAlert,1,4,270,false,,false,,,,,,,false,false
333,RedAlert,6,8,0,false,,false,,,,,,,false,false
333,Sideswipe,15,2,180,false,,false,,,,,,,false,false
333,Sideswipe,15,17,0,false,,false,,,,,,,false,false
333,Smokescreen,19,5,90,false,,false,,,,,,,false,false
333,Wheeljack,9,11,0,true,140C-3,false,140C-3-2,140C-3,41,158,339,352,true,false
333,Wheeljack,11,13,90,false,,false,,,,,,,false,false
334,Bluestreak,8,2,180,false,,false,,,,,,,false,false
334,Bluestreak,17,17,0,false,,false,,,,,,,false,false
334,Bumblebee,12,11,0,true,200C-3,false,200C-3-2,200C-3,49,161,345,362,true,false
334,Bumblebee,19,13,90,false,,false,,,,,,,false,false
334,Hound,8,12,0,false,,false,,,,,,,false,false
334,Ironhide,1,3,90,true,209F,false,209F-2,209F,36,156,363,377,true,false
334,Ironhide,13,18,0,false,,false,,,,,,,false,false
334,Jazz,14,11,0,true,200B-3,false,200B-3-2,200B-3,58,165,341,349,true,false
334,Jazz,17,13,90,false,,false,,,,,,,false,false
334,Megatron,11,2,180,false,,false,,,,,,,false,false
334,Megatron,9,13,90,false,,false,,,,,,,false,false
334,Optimus,3,6,180,false,,false,,,,,,,false,false
334,Optimus,9,5,90,false,,false,,,,,,,false,false
334,Ratchet,1,2,270,false,,false,,,,,,,false,false
334,Ratchet,16,8,0,false,,false,,,,,,,false,false
334,RedAlert,1,3,270,false,,false,,,,,,,false,false
334,RedAlert,6,8,0,false,,false,,,,,,,false,false
334,Sideswipe,14,2,180,false,,false,,,,,,,false,false
334,Sideswipe,15,17,0,false,,false,,,,,,,false,false
334,Smokescreen,19,5,90,false,,false,,,,,,,false,false
334,Wheeljack,10,11,0,true,140C-3,false,140C-3-2,140C-3,41,158,339,352,true,false
334,Wheeljack,11,13,90,false,,false,,,,,,,false,false
335,Bluestreak,7,2,180,false,,false,,,,,,,false,false
335,Bluestreak,17,17,0,false,,false,,,,,,,false,false
335,Bumblebee,13,11,0,true,200C-3,false,200C-3-2,200C-3,49,161,345,362,true,false
335,Bumblebee,19,13,90,false,,false,,,,,,,false,false
335,Hound,8,12,0,false,,false,,,,,,,false,false
335,Ironhide,1,4,90,true,209F,false,209F-2,209F,36,156,363,377,true,false
335,Ironhide,13,18,0,false,,false,,,,,,,false,false
335,Jazz,15,11,0,true,200B-3,false,200B-3-2,200B-3,58,165,341,349,true,false
335,Jazz,17,13,90,false,,false,,,,,,,false,false
335,Megatron,10,2,180,false,,false,,,,,,,false,false
335,Megatron,9,13,90,false,,false,,,,,,,false,false
335,Optimus,2,6,180,false,,false,,,,,,,false,false
335,Optimus,9,5,90,false,,false,,,,,,,false,false
335,Ratchet,1,2,270,true,200A-2,false,200A-2-2,200A-2,54,150,359,369,true,false
335,Ratchet,16,8,0,false,,false,,,,,,,false,false
335,RedAlert,1,2,270,false,,false,,,,,,,false,false
335,RedAlert,6,8,0,false,,false,,,,,,,false,false
335,Sideswipe,13,2,180,false,,false,,,,,,,false,false
335,Sideswipe,15,17,0,false,,false,,,,,,,false,false
335,Smokescreen,19,5,90,false,,false,,,,,,,false,false
335,Wheeljack,11,11,0,true,140C-3,false,140C-3-2,140C-3,41,158,339,352,true,false
335,Wheeljack,11,13,90,false,,false,,,,,,,false,false
336,Bluestreak,6,2,180,false,,false,,,,,,,false,false
336,Bluestreak,17,17,0,false,,false,,,,,,,false,false
336,Bumblebee,14,11,0,true,200C-3,false,200C-3-2,200C-3,49,161,345,362,true,false
336,Bumblebee,19,13,90,false,,false,,,,,,,false,false
336,Hound,8,12,0,false,,false,,,,,,,false,false
336,Ironhide,1,5,90,true,209F,false,209F-2,209F,36,156,363,377,true,false
336,Ironhide,13,18,0,false,,false,,,,,,,false,false
336,Jazz,16,11,0,true,200B-3,false,200B-3-2,200B-3,58,165,341,349,true,false
336,Jazz,17,13,90,false,,false,,,,,,,false,false
336,Megatron,9,2,180,false,,false,,,,,,,false,false
336,Megatron,9,13,90,false,,false,,,,,,,false,false
336,Optimus,1,6,180,false,,false,,,,,,,false,false
336,Optimus,9,5,90,false,,false,,,,,,,false,false
336,Ratchet,1,2,90,true,200A-2,false,200A-2-2,200A-2,54,150,359,369,true,false
336,Ratchet,16,8,0,false,,false,,,,,,,false,false
336,RedAlert,1,2,270,true,130B-2,false,130B-2-2,130B-2,39,135,350,368,true,false
336,RedAlert,6,8,0,false,,false,,,,,,,false,false
336,Sideswipe,12,2,180,false,,false,,,,,,,false,false
336,Sideswipe,15,17,0,false,,false,,,,,,,false,false
336,Smokescreen,19,5,90,false,,false,,,,,,,false,false
336,Wheeljack,11,11,90,true,140C-3,false,140C-3-2,140C-3,41,158,339,352,true,false
336,Wheeljack,11,13,90,false,,false,,,,,,,false,false
337,Bluestreak,5,2,180,false,,false,,,,,,,false,false
337,Bluestreak,17,17,0,false,,false,,,,,,,false,false
337,Bumblebee,15,11,0,true,200C-3,false,200C-3-2,200C-3,49,161,345,362,true,false
337,Bumblebee,19,13,90,false,,false,,,,,,,false,false
337,Hound,8,12,0,false,,false,,,,,,,false,false
337,Ironhide,1,6,90,true,209F,false,209F-2,209F,36,156,363,377,true,false
337,Ironhide,13,18,0,false,,false,,,,,,,false,false
337,Jazz,17,11,0,true,200B-3,false,200B-3-2,200B-3,58,165,341,349,true,false
337,Jazz,17,13,90,false,,false,,,,,,,false,false
337,Megatron,8,2,180,false,,false,,,,,,,false,false
337,Megatron,9,13,90,false,,false,,,,,,,false,false
337,Optimus,1,6,270,false,,false,,,,,,,false,false
337,Optimus,9,5,90,false,,false,,,,,,,false,false
337,Ratchet,1,3,90,true,200A-2,false,200A-2-2,200A-2,54,150,359,369,true,false
337,Ratchet,16,8,0,false,,false,,,,,,,false,false
337,RedAlert,1,2,90,true,130B-2,false,130B-2-2,130B-2,39,135,350,368,true,false
337,RedAlert,6,8,0,false,,false,,,,,,,false,false
337,Sideswipe,11,2,180,false,,false,,,,,,,false,false
337,Sideswipe,15,17,0,false,,false,,,,,,,false,false
337,Smokescreen,19,5,90,false,,false,,,,,,,false,false
337,Wheeljack,11,12,90,true,140C-3,false,140C-3-2,140C-3,41,158,339,352,true,false
337,Wheeljack,11,13,90,false,,false,,,,,,,false,false
338,Bluestreak,4,2,180,false,,false,,,,,,,false,false
338,Bluestreak,17,17,0,false,,false,,,,,,,false,false
338,Bumblebee,16,11,0,true,200C-3,false,200C-3-2,200C-3,49,161,345,362,true,false
338,Bumblebee,19,13,90,false,,false,,,,,,,false,false
338,Hound,8,12,0,false,,false,,,,,,,false,false
338,Ironhide,1,7,90,true,209F,false,209F-2,209F,36,156,363,377,true,false
338,Ironhide,13,18,0,false,,false,,,,,,,false,false
338,Jazz,17,11,90,true,200B-3,false,200B-3-2,200B-3,58,165,341,349,true,false
338,Jazz,17,13,90,false,,false,,,,,,,false,false
338,Megatron,7,2,180,false,,false,,,,,,,false,false
338,Megatron,9,13,90,false,,false,,,,,,,false,false
338,Optimus,1,5,270,false,,false,,,,,,,false,false
338,Optimus,9,5,90,false,,false,,,,,,,false,false
338,Ratchet,1,4,90,true,200A-2,false,200A-2-2,200A-2,54,150,359,369,true,false
338,Ratchet,16,8,0,false,,false,,,,,,,false,false
338,RedAlert,1,3,90,true,130B-2,false,130B-2-2,130B-2,39,135,350,368,true,false
338,RedAlert,6,8,0,false,,false,,,,,,,false,false
338,Sideswipe,10,2,180,false,,false,,,,,,,false,false
338,Sideswipe,15,17,0,false,,false,,,,,,,false,false
338,Smokescreen,19,5,90,false,,false,,,,,,,false,false
338,Wheeljack,11,13,90,true,140C-3,false,140C-3-2,140C-3,41,158,339,352,true,true
338,Wheeljack,11,13,90,false,,false,,,,,,,false,false
339,Bluestreak,3,2,180,false,,false,,,,,,,false,false
339,Bluestreak,17,17,0,false,,false,,,,,,,false,false
339,Bumblebee,17,11,0,true,200C-3,false,200C-3-2,200C-3,49,161,345,362,true,false
339,Bumblebee,19,13,90,false,,false,,,,,,,false,false
339,Hound,8,12,0,false,,false,,,,,,,false,false
339,Ironhide,1,8,90,true,209F,false,209F-2,209F,36,156,363,377,true,false
339,Ironhide,13,18,0,false,,false,,,,,,,false,false
339,Jazz,17,12,90,true,200B-3,false,200B-3-2,200B-3,58,165,341,349,true,false
339,Jazz,17,13,90,false,,false,,,,,,,false,false
339,Megatron,6,2,180,false,,false,,,,,,,false,false
339,Megatron,9,13,90,false,,false,,,,,,,false,false
339,Optimus,1,4,270,false,,false,,,,,,,false,false
339,Optimus,9,5,90,false,,false,,,,,,,false,false
339,Ratchet,1,5,90,true,200A-2,false,200A-2-2,200A-2,54,150,359,369,true,false
339,Ratchet,16,8,0,false,,false,,,,,,,false,false
339,RedAlert,1,4,90,true,130B-2,false,130B-2-2,130B-2,39,135,350,368,true,false
339,RedAlert,6,8,0,false,,false,,,,,,,false,false
339,Sideswipe,9,2,180,false,,false,,,,,,,false,false
339,Sideswipe,15,17,0,false,,false,,,,,,,false,false
339,Smokescreen,19,5,270,false,,false,,,,,,,false,false
339,Smokescreen,6,12,0,false,,false,,,,,,,false,false
339,Wheeljack,11,13,90,false,,false,,,,,,,false,false
339,Wheeljack,11,13,90,false,,false,,,,,,,false,false
340,Bluestreak,2,2,180,false,,false,,,,,,,false,false
340,Bluestreak,17,17,0,false,,false,,,,,,,false,false
340,Bumblebee,18,11,0,true,200C-3,false,200C-3-2,200C-3,49,161,345,362,true,false
340,Bumblebee,19,13,90,false,,false,,,,,,,false,false
340,Hound,8,12,0,false,,false,,,,,,,false,false
340,Ironhide,1,9,90,true,209F,false,209F-2,209F,36,156,363,377,true,false
340,Ironhide,13,18,0,false,,false,,,,,,,false,false
340,Jazz,17,13,90,true,200B-3,false,200B-3-2,200B-3,58,165,341,349,true,true
340,Jazz,17,13,90,false,,false,,,,,,,false,false
340,Megatron,5,2,180,false,,false,,,,,,,false,false
340,Megatron,9,13,90,false,,false,,,,,,,false,false
340,Optimus,1,3,270,false,,false,,,,,,,false,false
340,Optimus,9,5,90,false,,false,,,,,,,false,false
340,Ratchet,1,6,90,true,200A-2,false,200A-2-2,200A-2,54,150,359,369,true,false
340,Ratchet,16,8,0,false,,false,,,,,,,false,false
340,RedAlert,1,5,90,true,130B-2,false,130B-2-2,130B-2,39,135,350,368,true,false
340,RedAlert,6,8,0,false,,false,,,,,,,false,false
340,Sideswipe,8,2,180,false,,false,,,,,,,false,false
340,Sideswipe,15,17,0,false,,false,,,,,,,false,false
340,Smokescreen,19,4,270,false,,false,,,,,,,false,false
340,Smokescreen,6,12,0,false,,false,,,,,,,false,false
340,Wheeljack,11,13,90,false,,false,,,,,,,false,false
341,Bluestreak,1,2,180,false,,false,,,,,,,false,false
341,Bluestreak,17,17,0,false,,false,,,,,,,false,false
341,Bumblebee,19,11,0,true,200C-3,false,200C-3-2,200C-3,49,161,345,362,true,false
341,Bumblebee,19,13,90,false,,false,,,,,,,false,false
341,Hound,8,12,0,false,,false,,,,,,,false,false
341,Ironhide,1,10,90,true,209F,false,209F-2,209F,36,156,363,377,true,false
341,Ironhide,13,18,0,false,,false,,,,,,,false,false
341,Jazz,17,13,90,false,,false,,,,,,,false,false
341,Jazz,17,13,90,false,,false,,,,,,,false,false
341,Megatron,4,2,180,false,,false,,,,,,,false,false
341,Megatron,9,13,90,false,,false,,,,,,,false,false
341,Optimus,1,2,270,false,,false,,,,,,,false,false
341,Optimus,9,5,90,false,,false,,,,,,,false,false
341,Ratchet,1,7,90,true,200A-2,false,200A-2-2,200A-2,54,150,359,369,true,false
341,Ratchet,16,8,0,false,,false,,,,,,,false,false
341,RedAlert,1,6,90,true,130B-2,false,130B-2-2,130B-2,39,135,350,368,true,false
341,RedAlert,6,8,0,false,,false,,,,,,,false,false
341,Sideswipe,7,2,180,false,,false,,,,,,,false,false
341,Sideswipe,15,17,0,false,,false,,,,,,,false,false
341,Smokescreen,19,3,270,false,,false,,,,,,,false,false
341,Smokescreen,6,12,0,false,,false,,,,,,,false,false
341,Wheeljack,11,13,90,false,,false,,,,,,,false,false
342,Bluestreak,1,2,180,true,209C,false,209C-2,209C,41,160,376,391,true,false
342,Bluestreak,17,17,0,false,,false,,,,,,,false,false
342,Bumblebee,19,11,90,true,200C-3,false,200C-3-2,200C-3,49,161,345,362,true,false
342,Bumblebee,19,13,90,false,,false,,,,,,,false,false
342,Hound,8,12,0,false,,false,,,,,,,false,false
342,Ironhide,1,11,90,true,209F,false,209F-2,209F,36,156,363,377,true,false
342,Ironhide,13,18,0,false,,false,,,,,,,false,false
342,Jazz,17,13,90,false,,false,,,,,,,false,false
342,Megatron,3,2,180,false,,false,,,,,,,false,false
342,Megatron,9,13,90,false,,false,,,,,,,false,false
342,Optimus,1,2,270,true,140B,false,140B-1,140B,18,136,357,375,true,false
342,Optimus,9,5,90,false,,false,,,,,,,false,false
342,Ratchet,1,8,90,true,200A-2,false,200A-2-2,200A-2,54,150,359,369,true,false
342,Ratchet,16,8,0,false,,false,,,,,,,false,false
342,RedAlert,1,7,90,true,130B-2,false,130B-2-2,130B-2,39,135,350,368,true,false
342,RedAlert,6,8,0,false,,false,,,,,,,false,false
342,Sideswipe,6,2,180,false,,false,,,,,,,false,false
342,Sideswipe,15,17,0,false,,false,,,,,,,false,false
342,Smokescreen,19,2,270,false,,false,,,,,,,false,false
342,Smokescreen,6,12,0,false,,false,,,,,,,false,false
342,Wheeljack,11,13,90,false,,false,,,,,,,false,false
343,Bluestreak,1,2,90,true,209C,false,209C-2,209C,41,160,376,391,true,false
343,Bluestreak,17,17,0,false,,false,,,,,,,false,false
343,Bumblebee,19,12,90,true,200C-3,false,200C-3-2,200C-3,49,161,345,362,true,false
343,Bumblebee,19,13,90,false,,false,,,,,,,false,false
343,Hound,8,12,0,false,,false,,,,,,,false,false
343,Ironhide,1,12,90,true,209F,false,209F-2,209F,36,156,363,377,true,false
343,Ironhide,13,18,0,false,,false,,,,,,,false,false
343,Jazz,17,13,90,false,,false,,,,,,,false,false
343,Megatron,2,2,180,false,,false,,,,,,,false,false
343,Megatron,9,13,90,false,,false,,,,,,,false,false
343,Optimus,1,2,90,true,140B,false,140B-1,140B,18,136,357,375,true,false
343,Optimus,9,5,90,false,,false,,,,,,,false,false
343,Ratchet,1,8,0,true,200A-2,false,200A-2-2,200A-2,54,150,359,369,true,false
343,Ratchet,16,8,0,false,,false,,,,,,,false,false
343,RedAlert,1,8,90,true,130B-2,false,130B-2-2,130B-2,39,135,350,368,true,false
343,RedAlert,6,8,0,false,,false,,,,,,,false,false
343,Sideswipe,5,2,180,false,,false,,,,,,,false,false
343,Sideswipe,15,17,0,false,,false,,,,,,,false,false
343,Smokescreen,19,2,180,false,,false,,,,,,,false,false
343,Smokescreen,6,12,0,false,,false,,,,,,,false,false
343,Wheeljack,11,13,90,false,,false,,,,,,,false,false
344,Bluestreak,1,3,90,true,209C,false,209C-2,209C,41,160,376,391,true,false
344,Bluestreak,17,17,0,false,,false,,,,,,,false,false
344,Bumblebee,19,13,90,true,200C-3,false,200C-3-2,200C-3,49,161,345,362,true,true
344,Bumblebee,19,13,90,false,,false,,,,,,,false,false
344,Hound,8,12,0,false,,false,,,,,,,false,false
344,Ironhide,1,13,90,true,209F,false,209F-2,209F,36,156,363,377,true,false
344,Ironhide,13,18,0,false,,false,,,,,,,false,false
344,Jazz,17,13,90,false,,false,,,,,,,false,false
344,Megatron,1,2,180,false,,false,,,,,,,false,false
344,Megatron,9,13,90,false,,false,,,,,,,false,false
344,Optimus,1,3,90,true,140B,false,140B-1,140B,18,136,357,375,true,false
344,Optimus,9,5,90,false,,false,,,,,,,false,false
344,Ratchet,2,8,0,true,200A-2,false,200A-2-2,200A-2,54,150,359,369,true,false
344,Ratchet,16,8,0,false,,false,,,,,,,false,false
344,RedAlert,1,8,0,true,130B-2,false,130B-2-2,130B-2,39,135,350,368,true,false
344,RedAlert,6,8,0,false,,false,,,,,,,false,false
344,Sideswipe,4,2,180,false,,false,,,,,,,false,false
344,Sideswipe,15,17,0,false,,false,,,,,,,false,false
344,Smokescreen,18,2,180,false,,false,,,,,,,false,false
344,Smokescreen,6,12,0,false,,false,,,,,,,false,false
344,Wheeljack,11,13,90,false,,false,,,,,,,false,false
345,Bluestreak,1,4,90,true,209C,false,209C-2,209C,41,160,376,391,true,false
345,Bluestreak,17,17,0,false,,false,,,,,,,false,false
345,Bumblebee,19,13,90,false,,false,,,,,,,false,false
345,Bumblebee,19,13,90,false,,false,,,,,,,false,false
345,Hound,8,12,0,false,,false,,,,,,,false,false
345,Ironhide,1,14,90,true,209F,false,209F-2,209F,36,156,363,377,true,false
345,Ironhide,13,18,0,false,,false,,,,,,,false,false
345,Jazz,17,13,90,false,,false,,,,,,,false,false
345,Megatron,1,2,180,true,140B-3,false,140B-3-2,140B-3,34,142,368,384,true,false
345,Megatron,9,13,90,false,,false,,,,,,,false,false
345,Optimus,1,4,90,true,140B,false,140B-1,140B,18,136,357,375,true,false
345,Optimus,9,5,90,false,,false,,,,,,,false,false
345,Ratchet,3,8,0,true,200A-2,false,200A-2-2,200A-2,54,150,359,369,true,false
345,Ratchet,16,8,0,false,,false,,,,,,,false,false
345,RedAlert,2,8,0,true,130B-2,false,130B-2-2,130B-2,39,135,350,368,true,false
345,RedAlert,6,8,0,false,,false,,,,,,,false,false
345,Sideswipe,3,2,180,false,,false,,,,,,,false,false
345,Sideswipe,15,17,0,false,,false,,,,,,,false,false
345,Smokescreen,17,2,180,false,,false,,,,,,,false,false
345,Smokescreen,6,12,0,false,,false,,,,,,,false,false
345,Wheeljack,11,13,90,false,,false,,,,,,,false,false
346,Bluestreak,1,5,90,true,209C,false,209C-2,209C,41,160,376,391,true,false
346,Bluestreak,17,17,0,false,,false,,,,,,,false,false
346,Bumblebee,19,13,90,false,,false,,,,,,,false,false
346,Hound,8,12,270,false,,false,,,,,,,false,false
346,Hound,18,4,0,false,,false,,,,,,,false,false
346,Ironhide,1,15,90,true,209F,false,209F-2,209F,36,156,363,377,true,false
346,Ironhide,13,18,0,false,,false,,,,,,,false,false
346,Jazz,17,13,90,false,,false,,,,,,,false,false
346,Megatron,1,2,90,true,140B-3,false,140B-3-2,140B-3,34,142,368,384,true,false
346,Megatron,9,13,90,false,,false,,,,,,,false,false
346,Optimus,1,4,0,true,140B,false,140B-1,140B,18,136,357,375,true,false
346,Optimus,9,5,90,false,,false,,,,,,,false,false
346,Ratchet,4,8,0,true,200A-2,false,200A-2-2,200A-2,54,150,359,369,true,false
346,Ratchet,16,8,0,false,,false,,,,,,,false,false
346,RedAlert,3,8,0,true,130B-2,false,130B-2-2,130B-2,39,135,350,368,true,false
346,RedAlert,6,8,0,false,,false,,,,,,,false,false
346,Sideswipe,2,2,180,false,,false,,,,,,,false,false
346,Sideswipe,15,17,0,false,,false,,,,,,,false,false
346,Smokescreen,16,2,180,false,,false,,,,,,,false,false
346,Smokescreen,6,12,0,false,,false,,,,,,,false,false
346,Wheeljack,11,13,90,false,,false,,,,,,,false,false
347,Bluestreak,1,6,90,true,209C,false,209C-2,209C,41,160,376,391,true,false
347,Bluestreak,17,17,0,false,,false,,,,,,,false,false
347,Bumblebee,19,13,90,false,,false,,,,,,,false,false
347,Hound,8,11,270,false,,false,,,,,,,false,false
347,Hound,18,4,0,false,,false,,,,,,,false,false
347,Ironhide,1,16,90,true,209F,false,209F-2,209F,36,156,363,377,true,false
347,Ironhide,13,18,0,false,,false,,,,,,,false,false
347,Jazz,17,13,90,false,,false,,,,,,,false,false
347,Megatron,1,3,90,true,140B-3,false,140B-3-2,140B-3,34,142,368,384,true,false
347,Megatron,9,13,90,false,,false,,,,,,,false,false
347,Optimus,2,4,0,true,140B,false,140B-1,140B,18,136,357,375,true,false
347,Optimus,9,5,90,false,,false,,,,,,,false,false
347,Ratchet,5,8,0,true,200A-2,false,200A-2-2,200A-2,54,150,359,369,true,false
347,Ratchet,16,8,0,false,,false,,,,,,,false,false
347,RedAlert,4,8,0,true,130B-2,false,130B-2-2,130B-2,39,135,350,368,true,false
347,RedAlert,6,8,0,false,,false,,,,,,,false,false
347,Sideswipe,1,2,180,false,,false,,,,,,,false,false
347,Sideswipe,15,17,0,false,,false,,,,,,,false,false
347,Smokescreen,15,2,180,false,,false,,,,,,,false,false
347,Smokescreen,6,12,0,false,,false,,,,,,,false,false
347,Wheeljack,11,13,90,false,,false,,,,,,,false,false
348,Bluestreak,1,7,90,true,209C,false,209C-2,209C,41,160,376,391,true,false
348,Bluestreak,17,17,0,false,,false,,,,,,,false,false
348,Bumblebee,19,13,90,false,,false,,,,,,,false,false
348,Hound,8,10,270,false,,false,,,,,,,false,false
348,Hound,18,4,0,false,,false,,,,,,,false,false
348,Ironhide,1,17,90,true,209F,false,209F-2,209F,36,156,363,377,true,false
348,Ironhide,13,18,0,false,,false,,,,,,,false,false
348,Jazz,17,13,90,false,,false,,,,,,,false,false
348,Megatron,1,4,90,true,140B-3,false,140B-3-2,140B-3,34,142,368,384,true,false
348,Megatron,9,13,90,false,,false,,,,,,,false,false
348,Optimus,3,4,0,true,140B,false,140B-1,140B,18,136,357,375,true,false
348,Optimus,9,5,90,false,,false,,,,,,,false,false
348,Ratchet,6,8,0,true,200A-2,false,200A-2-2,200A-2,54,150,359,369,true,false
348,Ratchet,16,8,0,false,,false,,,,,,,false,false
348,RedAlert,5,8,0,true,130B-2,false,130B-2-2,130B-2,39,135,350,368,true,false
348,RedAlert,6,8,0,false,,false,,,,,,,false,false
348,Sideswipe,1,2,180,true,209E,true,209E-3,209E,79,148,380,390,true,false
348,Sideswipe,15,17,0,false,,false,,,,,,,false,false
348,Smokescreen,14,2,180,false,,false,,,,,,,false,false
348,Smokescreen,6,12,0,false,,false,,,,,,,false,false
348,Wheeljack,11,13,90,false,,false,,,,,,,false,false
349,Bluestreak,1,8,90,true,209C,false,209C-2,209C,41,160,376,391,true,false
349,Bluestreak,17,17,0,false,,false,,,,,,,false,false
349,Bumblebee,19,13,90,false,,false,,,,,,,false,false
349,Hound,8,10,180,false,,false,,,,,,,false,false
349,Hound,18,4,0,false,,false,,,,,,,false,false
349,Ironhide,1,18,90,true,209F,false,209F-2,209F,36,156,363,377,true,false
349,Ironhide,13,18,0,false,,false,,,,,,,false,false
349,Jazz,17,13,90,false,,false,,,,,,,false,false
349,Megatron,1,5,90,true,140B-3,false,140B-3-2,140B-3,34,142,368,384,true,false
349,Megatron,9,13,90,false,,false,,,,,,,false,false
349,Optimus,4,4,0,true,140B,false,140B-1,140B,18,136,357,375,true,false
349,Optimus,9,5,90,false,,false,,,,,,,false,false
349,Ratchet,7,8,0,true,200A-2,false,200A-2-2,200A-2,54,150,359,369,true,false
349,Ratchet,16,8,0,false,,false,,,,,,,false,false
349,RedAlert,6,8,0,true,130B-2,false,130B-2-2,130B-2,39,135,350,368,true,true
349,RedAlert,6,8,0,false,,false,,,,,,,false,false
349,Sideswipe,1,2,90,true,209E,true,209E-3,209E,79,148,380,390,true,false
349,Sideswipe,15,17,0,false,,false,,,,,,,false,false
349,Smokescreen,13,2,180,false,,false,,,,,,,false,false
349,Smokescreen,6,12,0,false,,false,,,,,,,false,false
349,Wheeljack,11,13,90,false,,false,,,,,,,false,false
350,Bluestreak,1,9,90,true,209C,false,209C-2,209C,41,160,376,391,true,false
350,Bluestreak,17,17,0,false,,false,,,,,,,false,false
350,Bumblebee,19,13,90,false,,false,,,,,,,false,false
350,Hound,7,10,180,false,,false,,,,,,,false,false
350,Hound,18,4,0,false,,false,,,,,,,false,false
350,Ironhide,1,18,0,true,209F,false,209F-2,209F,36,156,363,377,true,false
350,Ironhide,13,18,0,false,,false,,,,,,,false,false
350,Jazz,17,13,270,false,,false,,,,,,,false,false
350,Jazz,16,4,0,false,,false,,,,,,,false,false
350,Megatron,1,6,90,true,140B-3,false,140B-3-2,140B-3,34,142,368,384,true,false
350,Megatron,9,13,90,false,,false,,,,,,,false,false
350,Optimus,5,4,0,true,140B,false,140B-1,140B,18,136,357,375,true,false
350,Optimus,9,5,90,false,,false,,,,,,,false,false
350,Ratchet,8,8,0,true,200A-2,false,200A-2-2,200A-2,54,150,359,369,true,false
350,Ratchet,16,8,0,false,,false,,,,,,,false,false
350,RedAlert,6,8,0,false,,false,,,,,,,false,false
350,RedAlert,6,8,0,false,,false,,,,,,,false,false
350,Sideswipe,1,3,90,true,209E,true,209E-3,209E,79,148,380,390,true,false
350,Sideswipe,15,17,0,false,,false,,,,,,,false,false
350,Smokescreen,12,2,180,false,,false,,,,,,,false,false
350,Smokescreen,6,12,0,false,,false,,,,,,,false,false
350,Wheeljack,11,13,90,false,,false,,,,,,,false,false
351,Bluestreak,1,10,90,true,209C,false,209C-2,209C,41,160,376,391,true,false
351,Bluestreak,17,17,0,false,,false,,,,,,,false,false
351,Bumblebee,19,13,90,false,,false,,,,,,,false,false
351,Hound,6,10,180,false,,false,,,,,,,false,false
351,Hound,18,4,0,false,,false,,,,,,,false,false
351,Ironhide,2,18,0,true,209F,false,209F-2,209F,36,156,363,377,true,false
351,Ironhide,13,18,0,false,,false,,,,,,,false,false
351,Jazz,17,12,270,false,,false,,,,,,,false,false
351,Jazz,16,4,0,false,,false,,,,,,,false,false
351,Megatron,1,7,90,true,140B-3,false,140B-3-2,140B-3,34,142,368,384,true,false
351,Megatron,9,13,90,false,,false,,,,,,,false,false
351,Optimus,6,4,0,true,140B,false,140B-1,140B,18,136,357,375,true,false
351,Optimus,9,5,90,false,,false,,,,,,,false,false
351,Ratchet,9,8,0,true,200A-2,false,200A-2-2,200A-2,54,150,359,369,true,false
351,Ratchet,16,8,0,false,,false,,,,,,,false,false
351,RedAlert,6,8,0,false,,false,,,,,,,false,false
351,Sideswipe,1,4,90,true,209E,true,209E-3,209E,79,148,380,390,true,false
351,Sideswipe,15,17,0,false,,false,,,,,,,false,false
351,Smokescreen,11,2,180,false,,false,,,,,,,false,false
351,Smokescreen,6,12,0,false,,false,,,,,,,false,false
351,Wheeljack,11,13,90,false,,false,,,,,,,false,false
352,Bluestreak,1,11,90,true,209C,false,209C-2,209C,41,160,376,391,true,false
352,Bluestreak,17,17,0,false,,false,,,,,,,false,false
352,Bumblebee,19,13,90,false,,false,,,,,,,false,false
352,Hound,5,10,180,false,,false,,,,,,,false,false
352,Hound,18,4,0,false,,false,,,,,,,false,false
352,Ironhide,3,18,0,true,209F,false,209F-2,209F,36,156,363,377,true,false
352,Ironhide,13,18,0,false,,false,,,,,,,false,false
352,Jazz,17,11,270,false,,false,,,,,,,false,false
352,Jazz,16,4,0,false,,false,,,,,,,false,false
352,Megatron,1,8,90,true,140B-3,false,140B-3-2,140B-3,34,142,368,384,true,false
352,Megatron,9,13,90,false,,false,,,,,,,false,false
352,Optimus,7,4,0,true,140B,false,140B-1,140B,18,136,357,375,true,false
352,Optimus,9,5,90,false,,false,,,,,,,false,false
352,Ratchet,10,8,0,true,200A-2,false,200A-2-2,200A-2,54,150,359,369,true,false
352,Ratchet,16,8,0,false,,false,,,,,,,false,false
352,RedAlert,6,8,0,false,,false,,,,,,,false,false
352,Sideswipe,1,5,90,true,209E,true,209E-3,209E,79,148,380,390,true,false
352,Sideswipe,15,17,0,false,,false,,,,,,,false,false
352,Smokescreen,10,2,180,false,,false,,,,,,,false,false
352,Smokescreen,6,12,0,false,,false,,,,,,,false,false
352,Wheeljack,11,13,90,false,,false,,,,,,,false,false
353,Bluestreak,1,12,90,true,209C,false,209C-2,209C,41,160,376,391,true,false
353,Bluestreak,17,17,0,false,,false,,,,,,,false,false
353,Bumblebee,19,13,90,false,,false,,,,,,,false,false
353,Hound,4,10,180,false,,false,,,,,,,false,false
353,Hound,18,4,0,false,,false,,,,,,,false,false
353,Ironhide,4,18,0,true,209F,false,209F-2,209F,36,156,363,377,true,false
353,Ironhide,13,18,0,false,,false,,,,,,,false,false
353,Jazz,17,10,270,false,,false,,,,,,,false,false
353,Jazz,16,4,0,false,,false,,,,,,,false,false
353,Megatron,1,9,90,true,140B-3,false,140B-3-2,140B-3,34,142,368,384,true,false
353,Megatron,9,13,90,false,,false,,,,,,,false,false
353,Optimus,8,4,0,true,140B,false,140B-1,140B,18,136,357,375,true,false
353,Optimus,9,5,90,false,,false,,,,,,,false,false
353,Ratchet,11,8,0,true,200A-2,false,200A-2-2,200A-2,54,150,359,369,true,false
353,Ratchet,16,8,0,false,,false,,,,,,,false,false
353,RedAlert,6,8,0,false,,false,,,,,,,false,false
353,Sideswipe,1,6,90,true,209E,true,209E-3,209E,79,148,380,390,true,false
353,Sideswipe,15,17,0,false,,false,,,,,,,false,false
353,Smokescreen,9,2,180,false,,false,,,,,,,false,false
353,Smokescreen,6,12,0,false,,false,,,,,,,false,false
353,Wheeljack,11,13,270,false,,false,,,,,,,false,false
353,Wheeljack,15,9,90,false,,false,,,,,,,false,false
354,Bluestreak,1,13,90,true,209C,false,209C-2,209C,41,160,376,391,true,false
354,Bluestreak,17,17,0,false,,false,,,,,,,false,false
354,Bumblebee,19,13,90,false,,false,,,,,,,false,false
354,Hound,3,10,180,false,,false,,,,,,,false,false
354,Hound,18,4,0,false,,false,,,,,,,false,false
354,Ironhide,5,18,0,true,209F,false,209F-2,209F,36,156,363,377,true,false
354,Ironhide,13,18,0,false,,false,,,,,,,false,false
354,Jazz,17,9,270,false,,false,,,,,,,false,false
354,Jazz,16,4,0,false,,false,,,,,,,false,false
354,Megatron,1,10,90,true,140B-3,false,140B-3-2,140B-3,34,142,368,384,true,false
354,Megatron,9,13,90,false,,false,,,,,,,false,false
354,Optimus,9,4,0,true,140B,false,140B-1,140B,18,136,357,375,true,false
354,Optimus,9,5,90,false,,false,,,,,,,false,false
354,Ratchet,12,8,0,true,200A-2,false,200A-2-2,200A-2,54,150,359,369,true,false
354,Ratchet,16,8,0,false,,false,,,,,,,false,false
354,RedAlert,6,8,0,false,,false,,,,,,,false,false
354,Sideswipe,1,7,90,true,209E,true,209E-3,209E,79,148,380,390,true,false
354,Sideswipe,15,17,0,false,,false,,,,,,,false,false
354,Smokescreen,8,2,180,false,,false,,,,,,,false,false
354,Smokescreen,6,12,0,false,,false,,,,,,,false,false
354,Wheeljack,11,12,270,false,,false,,,,,,,false,false
354,Wheeljack,15,9,90,false,,false,,,,,,,false,false
355,Bluestreak,1,14,90,true,209C,false,209C-2,209C,41,160,376,391,true,false
355,Bluestreak,17,17,0,false,,false,,,,,,,false,false
355,Bumblebee,19,13,90,false,,false,,,,,,,false,false
355,Hound,2,10,180,false,,false,,,,,,,false,false
355,Hound,18,4,0,false,,false,,,,,,,false,false
355,Ironhide,6,18,0,true,209F,false,209F-2,209F,36,156,363,377,true,false
355,Ironhide,13,18,0,false,,false,,,,,,,false,false
355,Jazz,17,8,270,false,,false,,,,,,,false,false
355,Jazz,16,4,0,false,,false,,,,,,,false,false
355,Megatron,1,11,90,true,140B-3,false,140B-3-2,140B-3,34,142,368,384,true,false
355,Megatron,9,13,90,false,,false,,,,,,,false,false
355,Optimus,9,4,90,true,140B,false,140B-1,140B,18,136,357,375,true,false
355,Optimus,9,5,90,false,,false,,,,,,,false,false
355,Ratchet,13,8,0,true,200A-2,false,200A-2-2,200A-2,54,150,359,369,true,false
355,Ratchet,16,8,0,false,,false,,,,,,,false,false
355,RedAlert,6,8,0,false,,false,,,,,,,false,false
355,Sideswipe,1,8,90,true,209E,true,209E-3,209E,79,148,380,390,true,false
355,Sideswipe,15,17,0,false,,false,,,,,,,false,false
355,Smokescreen,7,2,180,false,,false,,,,,,,false,false
355,Smokescreen,6,12,0,false,,false,,,,,,,false,false
355,Wheeljack,11,11,270,false,,false,,,,,,,false,false
355,Wheeljack,15,9,90,false,,false,,,,,,,false,false
356,Bluestreak,1,15,90,true,209C,false,209C-2,209C,41,160,376,391,true,false
356,Bluestreak,17,17,0,false,,false,,,,,,,false,false
356,Bumblebee,19,13,90,false,,false,,,,,,,false,false
356,Hound,1,10,180,false,,false,,,,,,,false,false
356,Hound,18,4,0,false,,false,,,,,,,false,false
356,Ironhide,7,18,0,true,209F,false,209F-2,209F,36,156,363,377,true,false
356,Ironhide,13,18,0,false,,false,,,,,,,false,false
356,Jazz,17,7,270,false,,false,,,,,,,false,false
356,Jazz,16,4,0,false,,false,,,,,,,false,false
356,Megatron,1,11,0,true,140B-3,false,140B-3-2,140B-3,34,142,368,384,true,false
356,Megatron,9,13,90,false,,false,,,,,,,false,false
356,Optimus,9,5,90,true,140B,false,140B-1,140B,18,136,357,375,true,true
356,Optimus,9,5,90,false,,false,,,,,,,false,false
356,Ratchet,14,8,0,true,200A-2,false,200A-2-2,200A-2,54,150,359,369,true,false
356,Ratchet,16,8,0,false,,false,,,,,,,false,false
356,RedAlert,6,8,0,false,,false,,,,,,,false,false
356,Sideswipe,1,9,90,true,209E,true,209E-3,209E,79,148,380,390,true,false
356,Sideswipe,15,17,0,false,,false,,,,,,,false,false
356,Smokescreen,6,2,180,false,,false,,,,,,,false,false
356,Smokescreen,6,12,0,false,,false,,,,,,,false,false
356,Wheeljack,11,10,270,false,,false,,,,,,,false,false
356,Wheeljack,15,9,90,false,,false,,,,,,,false,false
357,Bluestreak,1,16,90,true,209C,false,209C-2,209C,41,160,376,391,true,false
357,Bluestreak,17,17,0,false,,false,,,,,,,false,false
357,Bumblebee,19,13,90,false,,false,,,,,,,false,false
357,Hound,1,10,270,false,,false,,,,,,,false,false
357,Hound,18,4,0,false,,false,,,,,,,false,false
357,Ironhide,8,18,0,true,209F,false,209F-2,209F,36,156,363,377,true,false
357,Ironhide,13,18,0,false,,false,,,,,,,false,false
357,Jazz,17,6,270,false,,false,,,,,,,false,false
357,Jazz,16,4,0,false,,false,,,,,,,false,false
357,Megatron,2,11,0,true,140B-3,false,140B-3-2,140B-3,34,142,368,384,true,false
357,Megatron,9,13,90,false,,false,,,,,,,false,false
357,Optimus,9,5,90,false,,false,,,,,,,false,false
357,Optimus,9,5,90,false,,false,,,,,,,false,false
357,Ratchet,15,8,0,true,200A-2,false,200A-2-2,200A-2,54,150,359,369,true,false
357,Ratchet,16,8,0,false,,false,,,,,,,false,false
357,RedAlert,6,8,0,false,,false,,,,,,,false,false
357,Sideswipe,1,10,90,true,209E,true,209E-3,209E,79,148,380,390,true,false
357,Sideswipe,15,17,0,false,,false,,,,,,,false,false
357,Smokescreen,5,2,180,false,,false,,,,,,,false,false
357,Smokescreen,6,12,0,false,,false,,,,,,,false,false
357,Wheeljack,11,9,270,false,,false,,,,,,,false,false
357,Wheeljack,15,9,90,false,,false,,,,,,,false,false
358,Bluestreak,1,17,90,true,209C,false,209C-2,209C,41,160,376,391,true,false
358,Bluestreak,17,17,0,false,,false,,,,,,,false,false
358,Bumblebee,19,13,90,false,,false,,,,,,,false,false
358,Hound,1,9,270,false,,false,,,,,,,false,false
358,Hound,18,4,0,false,,false,,,,,,,false,false
358,Ironhide,9,18,0,true,209F,false,209F-2,209F,36,156,363,377,true,false
358,Ironhide,13,18,0,false,,false,,,,,,,false,false
358,Jazz,17,5,270,false,,false,,,,,,,false,false
358,Jazz,16,4,0,false,,false,,,,,,,false,false
358,Megatron,3,11,0,true,140B-3,false,140B-3-2,140B-3,34,142,368,384,true,false
358,Megatron,9,13,90,false,,false,,,,,,,false,false
358,Optimus,9,5,90,false,,false,,,,,,,false,false
358,Ratchet,16,8,0,true,200A-2,false,200A-2-2,200A-2,54,150,359,369,true,true
358,Ratchet,16,8,0,false,,false,,,,,,,false,false
358,RedAlert,6,8,0,false,,false,,,,,,,false,false
358,Sideswipe,1,11,90,true,209E,true,209E-3,209E,79,148,380,390,true,false
358,Sideswipe,15,17,0,false,,false,,,,,,,false,false
358,Smokescreen,4,2,180,false,,false,,,,,,,false,false
358,Smokescreen,6,12,0,false,,false,,,,,,,false,false
358,Wheeljack,11,8,270,false,,false,,,,,,,false,false
358,Wheeljack,15,9,90,false,,false,,,,,,,false,false
359,Bluestreak,1,17,0,true,209C,false,209C-2,209C,41,160,376,391,true,false
359,Bluestreak,17,17,0,false,,false,,,,,,,false,false
359,Bumblebee,19,13,90,false,,false,,,,,,,false,false
359,Hound,1,8,270,false,,false,,,,,,,false,false
359,Hound,18,4,0,false,,false,,,,,,,false,false
359,Ironhide,10,18,0,true,209F,false,209F-2,209F,36,156,363,377,true,false
359,Ironhide,13,18,0,false,,false,,,,,,,false,false
359,Jazz,17,4,270,false,,false,,,,,,,false,false
359,Jazz,16,4,0,false,,false,,,,,,,false,false
359,Megatron,4,11,0,true,140B-3,false,140B-3-2,140B-3,34,142,368,384,true,false
359,Megatron,9,13,90,false,,false,,,,,,,false,false
359,Optimus,9,5,90,false,,false,,,,,,,false,false
359,Ratchet,16,8,0,false,,false,,,,,,,false,false
359,Ratchet,16,8,0,false,,false,,,,,,,false,false
359,RedAlert,6,8,0,false,,false,,,,,,,false,false
359,Sideswipe,1,12,90,true,209E,true,209E-3,209E,79,148,380,390,true,false
359,Sideswipe,15,17,0,false,,false,,,,,,,false,false
359,Smokescreen,3,2,180,false,,false,,,,,,,false,false
359,Smokescreen,6,12,0,false,,false,,,,,,,false,false
359,Wheeljack,11,7,270,false,,false,,,,,,,false,false
359,Wheeljack,15,9,90,false,,false,,,,,,,false,false
360,Bluestreak,2,17,0,true,209C,false,209C-2,209C,41,160,376,391,true,false
360,Bluestreak,17,17,0,false,,false,,,,,,,false,false
360,Bumblebee,19,13,90,false,,false,,,,,,,false,false
360,Hound,1,7,270,false,,false,,,,,,,false,false
360,Hound,18,4,0,false,,false,,,,,,,false,false
360,Ironhide,11,18,0,true,209F,false,209F-2,209F,36,156,363,377,true,false
360,Ironhide,13,18,0,false,,false,,,,,,,false,false
360,Jazz,17,3,270,false,,false,,,,,,,false,false
360,Jazz,16,4,0,false,,false,,,,,,,false,false
360,Megatron,5,11,0,true,140B-3,false,140B-3-2,140B-3,34,142,368,384,true,false
360,Megatron,9,13,90,false,,false,,,,,,,false,false
360,Optimus,9,5,90,false,,false,,,,,,,false,false
360,Ratchet,16,8,0,false,,false,,,,,,,false,false
360,RedAlert,6,8,0,false,,false,,,,,,,false,false
360,Sideswipe,1,13,90,true,209E,true,209E-3,209E,79,148,380,390,true,false
360,Sideswipe,15,17,0,false,,false,,,,,,,false,false
360,Smokescreen,2,2,180,false,,false,,,,,,,false,false
360,Smokescreen,6,12,0,false,,false,,,,,,,false,false
360,Wheeljack,11,6,270,false,,false,,,,,,,false,false
360,Wheeljack,15,9,90,false,,false,,,,,,,false,false
361,Bluestreak,3,17,0,true,209C,false,209C-2,209C,41,160,376,391,true,false
361,Bluestreak,17,17,0,false,,false,,,,,,,false,false
361,Bumblebee,19,13,90,false,,false,,,,,,,false,false
361,Hound,1,6,270,false,,false,,,,,,,false,false
361,Hound,18,4,0,false,,false,,,,,,,false,false
361,Ironhide,12,18,0,true,209F,false,209F-2,209F,36,156,363,377,true,false
361,Ironhide,13,18,0,false,,false,,,,,,,false,false
361,Jazz,17,2,270,false,,false,,,,,,,false,false
361,Jazz,16,4,0,false,,false,,,,,,,false,false
361,Megatron,6,11,0,true,140B-3,false,140B-3-2,140B-3,34,142,368,384,true,false
361,Megatron,9,13,90,false,,false,,,,,,,false,false
361,Optimus,9,5,90,false,,false,,,,,,,false,false
361,Ratchet,16,8,0,false,,false,,,,,,,false,false
361,RedAlert,6,8,0,false,,false,,,,,,,false,false
361,Sideswipe,1,14,90,true,209E,true,209E-3,209E,79,148,380,390,true,false
361,Sideswipe,15,17,0,false,,false,,,,,,,false,false
361,Smokescreen,1,2,180,false,,false,,,,,,,false,false
361,Smokescreen,6,12,0,false,,false,,,,,,,false,false
361,Wheeljack,11,5,270,false,,false,,,,,,,false,false
361,Wheeljack,15,9,90,false,,false,,,,,,,false,false
362,Bluestreak,4,17,0,true,209C,false,209C-2,209C,41,160,376,391,true,false
362,Bluestreak,17,17,0,false,,false,,,,,,,false,false
362,Bumblebee,19,13,90,false,,false,,,,,,,false,false
362,Hound,1,5,270,false,,false,,,,,,,false,false
362,Hound,18,4,0,false,,false,,,,,,,false,false
362,Ironhide,13,18,0,true,209F,false,209F-2,209F,36,156,363,377,true,true
362,Ironhide,13,18,0,false,,false,,,,,,,false,false
362,Jazz,17,2,180,false,,false,,,,,,,false,false
362,Jazz,16,4,0,false,,false,,,,,,,false,false
362,Megatron,7,11,0,true,140B-3,false,140B-3-2,140B-3,34,142,368,384,true,false
362,Megatron,9,13,90,false,,false,,,,,,,false,false
362,Optimus,9,5,90,false,,false,,,,,,,false,false
362,Ratchet,16,8,0,false,,false,,,,,,,false,false
362,RedAlert,6,8,0,false,,false,,,,,,,false,false
362,Sideswipe,1,15,90,true,209E,true,209E-3,209E,79,148,380,390,true,false
362,Sideswipe,15,17,0,false,,false,,,,,,,false,false
362,Smokescreen,1,2,180,true,130B-3,false,130B-3-2,130B-3,31,130,380,393,true,false
362,Smokescreen,6,12,0,false,,false,,,,,,,false,false
362,Wheeljack,11,4,270,false,,false,,,,,,,false,false
362,Wheeljack,15,9,90,false,,false,,,,,,,false,false
363,Bluestreak,5,17,0,true,209C,false,209C-2,209C,41,160,376,391,true,false
363,Bluestreak,17,17,0,false,,false,,,,,,,false,false
363,Bumblebee,19,13,270,false,,false,,,,,,,false,false
363,Bumblebee,19,5,90,false,,false,,,,,,,false,false
363,Hound,1,4,270,false,,false,,,,,,,false,false
363,Hound,18,4,0,false,,false,,,,,,,false,false
363,Ironhide,13,18,0,false,,false,,,,,,,false,false
363,Ironhide,13,18,0,false,,false,,,,,,,false,false
363,Jazz,16,2,180,false,,false,,,,,,,false,false
363,Jazz,16,4,0,false,,false,,,,,,,false,false
363,Megatron,8,11,0,true,140B-3,false,140B-3-2,140B-3,34,142,368,384,true,false
363,Megatron,9,13,90,false,,false,,,,,,,false,false
363,Optimus,9,5,90,false,,false,,,,,,,false,false
363,Ratchet,16,8,0,false,,false,,,,,,,false,false
363,RedAlert,6,8,0,false,,false,,,,,,,false,false
363,Sideswipe,1,16,90,true,209E,true,209E-3,209E,79,148,380,390,true,false
363,Sideswipe,15,17,0,false,,false,,,,,,,false,false
363,Smokescreen,1,2,90,true,130B-3,false,130B-3-2,130B-3,31,130,380,393,true,false
363,Smokescreen,6,12,0,false,,false,,,,,,,false,false
363,Wheeljack,11,3,270,false,,false,,,,,,,false,false
363,Wheeljack,15,9,90,false,,false,,,,,,,false,false
364,Bluestreak,6,17,0,true,209C,false,209C-2,209C,41,160,376,391,true,false
364,Bluestreak,17,17,0,false,,false,,,,,,,false,false
364,Bumblebee,19,12,270,false,,false,,,,,,,false,false
364,Bumblebee,19,5,90,false,,false,,,,,,,false,false
364,Hound,1,3,270,false,,false,,,,,,,false,false
364,Hound,18,4,0,false,,false,,,,,,,false,false
364,Ironhide,13,18,0,false,,false,,,,,,,false,false
364,Jazz,15,2,180,false,,false,,,,,,,false,false
364,Jazz,16,4,0,false,,false,,,,,,,false,false
364,Megatron,9,11,0,true,140B-3,false,140B-3-2,140B-3,34,142,368,384,true,false
364,Megatron,9,13,90,false,,false,,,,,,,false,false
364,Optimus,9,5,90,false,,false,,,,,,,false,false
364,Ratchet,16,8,0,false,,false,,,,,,,false,false
364,RedAlert,6,8,0,false,,false,,,,,,,false,false
364,Sideswipe,1,17,90,true,209E,true,209E-3,209E,79,148,380,390,true,false
364,Sideswipe,15,17,0,false,,false,,,,,,,false,false
364,Smokescreen,1,3,90,true,130B-3,false,130B-3-2,130B-3,31,130,380,393,true,false
364,Smokescreen,6,12,0,false,,false,,,,,,,false,false
364,Wheeljack,11,2,270,false,,false,,,,,,,false,false
364,Wheeljack,15,9,90,false,,false,,,,,,,false,false
365,Bluestreak,7,17,0,true,209C,false,209C-2,209C,41,160,376,391,true,false
365,Bluestreak,17,17,0,false,,false,,,,,,,false,false
365,Bumblebee,19,11,270,false,,false,,,,,,,false,false
365,Bumblebee,19,5,90,false,,false,,,,,,,false,false
365,Hound,1,2,270,false,,false,,,,,,,false,false
365,Hound,18,4,0,false,,false,,,,,,,false,false
365,Ironhide,13,18,0,false,,false,,,,,,,false,false
365,Jazz,14,2,180,false,,false,,,,,,,false,false
365,Jazz,16,4,0,false,,false,,,,,,,false,false
365,Megatron,9,11,90,true,140B-3,false,140B-3-2,140B-3,34,142,368,384,true,false
365,Megatron,9,13,90,false,,false,,,,,,,false,false
365,Optimus,9,5,90,false,,false,,,,,,,false,false
365,Ratchet,16,8,0,false,,false,,,,,,,false,false
365,RedAlert,6,8,0,false,,false,,,,,,,false,false
365,Sideswipe,1,17,0,true,209E,true,209E-3,209E,79,148,380,390,true,false
365,Sideswipe,15,17,0,false,,false,,,,,,,false,false
365,Smokescreen,1,4,90,true,130B-3,false,130B-3-2,130B-3,31,130,380,393,true,false
365,Smokescreen,6,12,0,false,,false,,,,,,,false,false
365,Wheeljack,11,2,180,false,,false,,,,,,,false,false
365,Wheeljack,15,9,90,false,,false,,,,,,,false,false
366,Bluestreak,8,17,0,true,209C,false,209C-2,209C,41,160,376,391,true,false
366,Bluestreak,17,17,0,false,,false,,,,,,,false,false
366,Bumblebee,19,10,270,false,,false,,,,,,,false,false
366,Bumblebee,19,5,90,false,,false,,,,,,,false,false
366,Hound,1,2,270,true,200B,false,200B-1,200B,10,135,388,403,true,false
366,Hound,18,4,0,false,,false,,,,,,,false,false
366,Ironhide,13,18,0,false,,false,,,,,,,false,false
366,Jazz,13,2,180,false,,false,,,,,,,false,false
366,Jazz,16,4,0,false,,false,,,,,,,false,false
366,Megatron,9,12,90,true,140B-3,false,140B-3-2,140B-3,34,142,368,384,true,false
366,Megatron,9,13,90,false,,false,,,,,,,false,false
366,Optimus,9,5,90,false,,false,,,,,,,false,false
366,Ratchet,16,8,0,false,,false,,,,,,,false,false
366,RedAlert,6,8,0,false,,false,,,,,,,false,false
366,Sideswipe,2,17,0,true,209E,true,209E-3,209E,79,148,380,390,true,false
366,Sideswipe,15,17,0,false,,false,,,,,,,false,false
366,Smokescreen,1,5,90,true,130B-3,false,130B-3-2,130B-3,31,130,380,393,true,false
366,Smokescreen,6,12,0,false,,false,,,,,,,false,false
366,Wheeljack,10,2,180,false,,false,,,,,,,false,false
366,Wheeljack,15,9,90,false,,false,,,,,,,false,false
367,Bluestreak,9,17,0,true,209C,false,209C-2,209C,41,160,376,391,true,false
367,Bluestreak,17,17,0,false,,false,,,,,,,false,false
367,Bumblebee,19,9,270,false,,false,,,,,,,false,false
367,Bumblebee,19,5,90,false,,false,,,,,,,false,false
367,Hound,1,2,90,true,200B,false,200B-1,200B,10,135,388,403,true,false
367,Hound,18,4,0,false,,false,,,,,,,false,false
367,Ironhide,13,18,0,false,,false,,,,,,,false,false
367,Jazz,12,2,180,false,,false,,,,,,,false,false
367,Jazz,16,4,0,false,,false,,,,,,,false,false
367,Megatron,9,13,90,true,140B-3,false,140B-3-2,140B-3,34,142,368,384,true,true
367,Megatron,9,13,90,false,,false,,,,,,,false,false
367,Optimus,9,5,90,false,,false,,,,,,,false,false
367,Ratchet,16,8,0,false,,false,,,,,,,false,false
367,RedAlert,6,8,0,false,,false,,,,,,,false,false
367,Sideswipe,3,17,0,true,209E,true,209E-3,209E,79,148,380,390,true,false
367,Sideswipe,15,17,0,false,,false,,,,,,,false,false
367,Smokescreen,1,6,90,true,130B-3,false,130B-3-2,130B-3,31,130,380,393,true,false
367,Smokescreen,6,12,0,false,,false,,,,,,,false,false
367,Wheeljack,9,2,180,false,,false,,,,,,,false,false
367,Wheeljack,15,9,90,false,,false,,,,,,,false,false
368,Bluestreak,10,17,0,true,209C,false,209C-2,209C,41,160,376,391,true,false
368,Bluestreak,17,17,0,false,,false,,,,,,,false,false
368,Bumblebee,19,8,270,false,,false,,,,,,,false,false
368,Bumblebee,19,5,90,false,,false,,,,,,,false,false
368,Hound,1,3,90,true,200B,false,200B-1,200B,10,135,388,403,true,false
368,Hound,18,4,0,false,,false,,,,,,,false,false
368,Ironhide,13,18,0,false,,false,,,,,,,false,false
368,Jazz,11,2,180,false,,false,,,,,,,false,false
368,Jazz,16,4,0,false,,false,,,,,,,false,false
368,Megatron,9,13,90,false,,false,,,,,,,false,false
368,Megatron,9,13,90,false,,false,,,,,,,false,false
368,Optimus,9,5,90,false,,false,,,,,,,false,false
368,Ratchet,16,8,0,false,,false,,,,,,,false,false
368,RedAlert,6,8,0,false,,false,,,,,,,false,false
368,Sideswipe,4,17,0,true,209E,true,209E-3,209E,79,148,380,390,true,false
368,Sideswipe,15,17,0,false,,false,,,,,,,false,false
368,Smokescreen,1,7,90,true,130B-3,false,130B-3-2,130B-3,31,130,380,393,true,false
368,Smokescreen,6,12,0,false,,false,,,,,,,false,false
368,Wheeljack,8,2,180,false,,false,,,,,,,false,false
368,Wheeljack,15,9,90,false,,false,,,,,,,false,false
369,Bluestreak,11,17,0,true,209C,false,209C-2,209C,41,160,376,391,true,false
369,Bluestreak,17,17,0,false,,false,,,,,,,false,false
369,Bumblebee,19,7,270,false,,false,,,,,,,false,false
369,Bumblebee,19,5,90,false,,false,,,,,,,false,false
369,Hound,1,4,90,true,200B,false,200B-1,200B,10,135,388,403,true,false
369,Hound,18,4,0,false,,false,,,,,,,false,false
369,Ironhide,13,18,0,false,,false,,,,,,,false,false
369,Jazz,10,2,180,false,,false,,,,,,,false,false
369,Jazz,16,4,0,false,,false,,,,,,,false,false
369,Megatron,9,13,90,false,,false,,,,,,,false,false
369,Optimus,9,5,90,false,,false,,,,,,,false,false
369,Ratchet,16,8,0,false,,false,,,,,,,false,false
369,RedAlert,6,8,270,false,,false,,,,,,,false,false
369,RedAlert,18,17,90,false,,false,,,,,,,false,false
369,Sideswipe,5,17,0,true,209E,true,209E-3,209E,79,148,380,390,true,false
369,Sideswipe,15,17,0,false,,false,,,,,,,false,false
369,Smokescreen,1,8,90,true,130B-3,false,130B-3-2,130B-3,31,130,380,393,true,false
369,Smokescreen,6,12,0,false,,false,,,,,,,false,false
369,Wheeljack,7,2,180,false,,false,,,,,,,false,false
369,Wheeljack,15,9,90,false,,false,,,,,,,false,false
370,Bluestreak,12,17,0,true,209C,false,209C-2,209C,41,160,376,391,true,false
370,Bluestreak,17,17,0,false,,false,,,,,,,false,false
370,Bumblebee,19,6,270,false,,false,,,,,,,false,false
370,Bumblebee,19,5,90,false,,false,,,,,,,false,false
370,Hound,1,4,0,true,200B,false,200B-1,200B,10,135,388,403,true,false
370,Hound,18,4,0,false,,false,,,,,,,false,false
370,Ironhide,13,18,0,false,,false,,,,,,,false,false
370,Jazz,9,2,180,false,,false,,,,,,,false,false
370,Jazz,16,4,0,false,,false,,,,,,,false,false
370,Megatron,9,13,90,false,,false,,,,,,,false,false
370,Optimus,9,5,90,false,,false,,,,,,,false,false
370,Ratchet,16,8,270,false,,false,,,,,,,false,false
370,Ratchet,19,17,90,false,,false,,,,,,,false,false
370,RedAlert,6,7,270,false,,false,,,,,,,false,false
370,RedAlert,18,17,90,false,,false,,,,,,,false,false
370,Sideswipe,6,17,0,true,209E,true,209E-3,209E,79,148,380,390,true,false
370,Sideswipe,15,17,0,false,,false,,,,,,,false,false
370,Smokescreen,1,9,90,true,130B-3,false,130B-3-2,130B-3,31,130,380,393,true,false
370,Smokescreen,6,12,0,false,,false,,,,,,,false,false
370,Wheeljack,6,2,180,false,,false,,,,,,,false,false
370,Wheeljack,15,9,90,false,,false,,,,,,,false,false
371,Bluestreak,13,17,0,true,209C,false,209C-2,209C,41,160,376,391,true,false
371,Bluestreak,17,17,0,false,,false,,,,,,,false,false
371,Bumblebee,19,5,270,false,,false,,,,,,,false,false
371,Bumblebee,19,5,90,false,,false,,,,,,,false,false
371,Hound,2,4,0,true,200B,false,200B-1,200B,10,135,388,403,true,false
371,Hound,18,4,0,false,,false,,,,,,,false,false
371,Ironhide,13,18,0,false,,false,,,,,,,false,false
371,Jazz,8,2,180,false,,false,,,,,,,false,false
371,Jazz,16,4,0,false,,false,,,,,,,false,false
371,Megatron,9,13,90,false,,false,,,,,,,false,false
371,Optimus,9,5,90,false,,false,,,,,,,false,false
371,Ratchet,16,7,270,false,,false,,,,,,,false,false
371,Ratchet,19,17,90,false,,false,,,,,,,false,false
371,RedAlert,6,6,270,false,,false,,,,,,,false,false
371,RedAlert,18,17,90,false,,false,,,,,,,false,false
371,Sideswipe,7,17,0,true,209E,true,209E-3,209E,79,148,380,390,true,false
371,Sideswipe,15,17,0,false,,false,,,,,,,false,false
371,Smokescreen,1,10,90,true,130B-3,false,130B-3-2,130B-3,31,130,380,393,true,false
371,Smokescreen,6,12,0,false,,false,,,,,,,false,false
371,Wheeljack,5,2,180,false,,false,,,,,,,false,false
371,Wheeljack,15,9,90,false,,false,,,,,,,false,false
372,Bluestreak,14,17,0,true,209C,false,209C-2,209C,41,160,376,391,true,false
372,Bluestreak,17,17,0,false,,false,,,,,,,false,false
372,Bumblebee,19,4,270,false,,false,,,,,,,false,false
372,Bumblebee,19,5,90,false,,false,,,,,,,false,false
372,Hound,3,4,0,true,200B,false,200B-1,200B,10,135,388,403,true,false
372,Hound,18,4,0,false,,false,,,,,,,false,false
372,Ironhide,13,18,0,false,,false,,,,,,,false,false
372,Jazz,7,2,180,false,,false,,,,,,,false,false
372,Jazz,16,4,0,false,,false,,,,,,,false,false
372,Megatron,9,13,90,false,,false,,,,,,,false,false
372,Optimus,9,5,90,false,,false,,,,,,,false,false
372,Ratchet,16,6,270,false,,false,,,,,,,false,false
372,Ratchet,19,17,90,false,,false,,,,,,,false,false
372,RedAlert,6,6,180,false,,false,,,,,,,false,false
372,RedAlert,18,17,90,false,,false,,,,,,,false,false
372,Sideswipe,8,17,0,true,209E,true,209E-3,209E,79,148,380,390,true,false
372,Sideswipe,15,17,0,false,,false,,,,,,,false,false
372,Smokescreen,1,11,90,true,130B-3,false,130B-3-2,130B-3,31,130,380,393,true,false
372,Smokescreen,6,12,0,false,,false,,,,,,,false,false
372,Wheeljack,4,2,180,false,,false,,,,,,,false,false
372,Wheeljack,15,9,90,false,,false,,,,,,,false,false
373,Bluestreak,15,17,0,true,209C,false,209C-2,209C,41,160,376,391,true,false
373,Bluestreak,17,17,0,false,,false,,,,,,,false,false
373,Bumblebee,19,3,270,false,,false,,,,,,,false,false
373,Bumblebee,19,5,90,false,,false,,,,,,,false,false
373,Hound,4,4,0,true,200B,false,200B-1,200B,10,135,388,403,true,false
373,Hound,18,4,0,false,,false,,,,,,,false,false
373,Ironhide,13,18,0,false,,false,,,,,,,false,false
373,Jazz,6,2,180,false,,false,,,,,,,false,false
373,Jazz,16,4,0,false,,false,,,,,,,false,false
373,Megatron,9,13,90,false,,false,,,,,,,false,false
373,Optimus,9,5,90,false,,false,,,,,,,false,false
373,Ratchet,16,6,180,false,,false,,,,,,,false,false
373,Ratchet,19,17,90,false,,false,,,,,,,false,false
373,RedAlert,5,6,180,false,,false,,,,,,,false,false
373,RedAlert,18,17,90,false,,false,,,,,,,false,false
373,Sideswipe,9,17,0,true,209E,true,209E-3,209E,79,148,380,390,true,false
373,Sideswipe,15,17,0,false,,false,,,,,,,false,false
373,Smokescreen,1,12,90,true,130B-3,false,130B-3-2,130B-3,31,130,380,393,true,false
373,Smokescreen,6,12,0,false,,false,,,,,,,false,false
373,Wheeljack,3,2,180,false,,false,,,,,,,false,false
373,Wheeljack,15,9,90,false,,false,,,,,,,false,false
374,Bluestreak,16,17,0,true,209C,false,209C-2,209C,41,160,376,391,true,false
374,Bluestreak,17,17,0,false,,false,,,,,,,false,false
374,Bumblebee,19,2,270,false,,false,,,,,,,false,false
374,Bumblebee,19,5,90,false,,false,,,,,,,false,false
374,Hound,5,4,0,true,200B,false,200B-1,200B,10,135,388,403,true,false
374,Hound,18,4,0,false,,false,,,,,,,false,false
374,Ironhide,13,18,0,false,,false,,,,,,,false,false
374,Jazz,5,2,180,false,,false,,,,,,,false,false
374,Jazz,16,4,0,false,,false,,,,,,,false,false
374,Megatron,9,13,90,false,,false,,,,,,,false,false
374,Optimus,9,5,90,false,,false,,,,,,,false,false
374,Ratchet,15,6,180,false,,false,,,,,,,false,false
374,Ratchet,19,17,90,false,,false,,,,,,,false,false
374,RedAlert,4,6,180,false,,false,,,,,,,false,false
374,RedAlert,18,17,90,false,,false,,,,,,,false,false
374,Sideswipe,10,17,0,true,209E,true,209E-3,209E,79,148,380,390,true,false
374,Sideswipe,15,17,0,false,,false,,,,,,,false,false
374,Smokescreen,1,12,0,true,130B-3,false,130B-3-2,130B-3,31,130,380,393,true,false
374,Smokescreen,6,12,0,false,,false,,,,,,,false,false
374,Wheeljack,2,2,180,false,,false,,,,,,,false,false
374,Wheeljack,15,9,90,false,,false,,,,,,,false,false
375,Bluestreak,17,17,0,true,209C,false,209C-2,209C,41,160,376,391,true,true
375,Bluestreak,17,17,0,false,,false,,,,,,,false,false
375,Bumblebee,19,2,180,false,,false,,,,,,,false,false
375,Bumblebee,19,5,90,false,,false,,,,,,,false,false
375,Hound,6,4,0,true,200B,false,200B-1,200B,10,135,388,403,true,false
375,Hound,18,4,0,false,,false,,,,,,,false,false
375,Ironhide,13,18,0,false,,false,,,,,,,false,false
375,Jazz,4,2,180,false,,false,,,,,,,false,false
375,Jazz,16,4,0,false,,false,,,,,,,false,false
375,Megatron,9,13,90,false,,false,,,,,,,false,false
375,Optimus,9,5,90,false,,false,,,,,,,false,false
375,Ratchet,14,6,180,false,,false,,,,,,,false,false
375,Ratchet,19,17,90,false,,false,,,,,,,false,false
375,RedAlert,3,6,180,false,,false,,,,,,,false,false
375,RedAlert,18,17,90,false,,false,,,,,,,false,false
375,Sideswipe,11,17,0,true,209E,true,209E-3,209E,79,148,380,390,true,false
375,Sideswipe,15,17,0,false,,false,,,,,,,false,false
375,Smokescreen,2,12,0,true,130B-3,false,130B-3-2,130B-3,31,130,380,393,true,false
375,Smokescreen,6,12,0,false,,false,,,,,,,false,false
375,Wheeljack,1,2,180,false,,false,,,,,,,false,false
375,Wheeljack,15,9,90,false,,false,,,,,,,false,false
376,Bluestreak,17,17,0,false,,false,,,,,,,false,false
376,Bluestreak,17,17,0,false,,false,,,,,,,false,false
376,Bumblebee,18,2,180,false,,false,,,,,,,false,false
376,Bumblebee,19,5,90,false,,false,,,,,,,false,false
376,Hound,7,4,0,true,200B,false,200B-1,200B,10,135,388,403,true,false
376,Hound,18,4,0,false,,false,,,,,,,false,false
376,Ironhide,13,18,0,false,,false,,,,,,,false,false
376,Jazz,3,2,180,false,,false,,,,,,,false,false
376,Jazz,16,4,0,false,,false,,,,,,,false,false
376,Megatron,9,13,90,false,,false,,,,,,,false,false
376,Optimus,9,5,270,false,,false,,,,,,,false,false
376,Optimus,15,19,0,false,,false,,,,,,,false,false
376,Ratchet,13,6,180,false,,false,,,,,,,false,false
376,Ratchet,19,17,90,false,,false,,,,,,,false,false
376,RedAlert,2,6,180,false,,false,,,,,,,false,false
376,RedAlert,18,17,90,false,,false,,,,,,,false,false
376,Sideswipe,12,17,0,true,209E,true,209E-3,209E,79,148,380,390,true,false
376,Sideswipe,15,17,0,false,,false,,,,,,,false,false
376,Smokescreen,3,12,0,true,130B-3,false,130B-3-2,130B-3,31,130,380,393,true,false
376,Smokescreen,6,12,0,false,,false,,,,,,,false,false
376,Wheeljack,1,2,180,true,200A-2,false,200A-2-1,200A-2,18,143,401,419,true,false
376,Wheeljack,15,9,90,false,,false,,,,,,,false,false
377,Bluestreak,17,17,0,false,,false,,,,,,,false,false
377,Bumblebee,17,2,180,false,,false,,,,,,,false,false
377,Bumblebee,19,5,90,false,,false,,,,,,,false,false
377,Hound,8,4,0,true,200B,false,200B-1,200B,10,135,388,403,true,false
377,Hound,18,4,0,false,,false,,,,,,,false,false
377,Ironhide,13,18,0,false,,false,,,,,,,false,false
377,Jazz,2,2,180,false,,false,,,,,,,false,false
377,Jazz,16,4,0,false,,false,,,,,,,false,false
377,Megatron,9,13,90,false,,false,,,,,,,false,false
377,Optimus,9,4,270,false,,false,,,,,,,false,false
377,Optimus,15,19,0,false,,false,,,,,,,false,false
377,Ratchet,12,6,180,false,,false,,,,,,,false,false
377,Ratchet,19,17,90,false,,false,,,,,,,false,false
377,RedAlert,1,6,180,false,,false,,,,,,,false,false
377,RedAlert,18,17,90,false,,false,,,,,,,false,false
377,Sideswipe,13,17,0,true,209E,true,209E-3,209E,79,148,380,390,true,false
377,Sideswipe,15,17,0,false,,false,,,,,,,false,false
377,Smokescreen,4,12,0,true,130B-3,false,130B-3-2,130B-3,31,130,380,393,true,false
377,Smokescreen,6,12,0,false,,false,,,,,,,false,false
377,Wheeljack,1,2,90,true,200A-2,false,200A-2-1,200A-2,18,143,401,419,true,false
377,Wheeljack,15,9,90,false,,false,,,,,,,false,false
378,Bluestreak,17,17,0,false,,false,,,,,,,false,false
378,Bumblebee,16,2,180,false,,false,,,,,,,false,false
378,Bumblebee,19,5,90,false,,false,,,,,,,false,false
378,Hound,9,4,0,true,200B,false,200B-1,200B,10,135,388,403,true,false
378,Hound,18,4,0,false,,false,,,,,,,false,false
378,Ironhide,13,18,270,false,,false,,,,,,,false,false
378,Ironhide,8,8,0,false,,false,,,,,,,false,false
378,Jazz,1,2,180,false,,false,,,,,,,false,false
378,Jazz,16,4,0,false,,false,,,,,,,false,false
378,Megatron,9,13,90,false,,false,,,,,,,false,false
378,Optimus,9,3,270,false,,false,,,,,,,false,false
378,Optimus,15,19,0,false,,false,,,,,,,false,false
378,Ratchet,11,6,180,false,,false,,,,,,,false,false
378,Ratchet,19,17,90,false,,false,,,,,,,false,false
378,RedAlert,1,6,270,false,,false,,,,,,,false,false
378,RedAlert,18,17,90,false,,false,,,,,,,false,false
378,Sideswipe,14,17,0,true,209E,true,209E-3,209E,79,148,380,390,true,false
378,Sideswipe,15,17,0,false,,false,,,,,,,false,false
378,Smokescreen,5,12,0,true,130B-3,false,130B-3-2,130B-3,31,130,380,393,true,false
378,Smokescreen,6,12,0,false,,false,,,,,,,false,false
378,Wheeljack,1,3,90,true,200A-2,false,200A-2-1,200A-2,18,143,401,419,true,false
378,Wheeljack,15,9,90,false,,false,,,,,,,false,false
379,Bluestreak,17,17,0,false,,false,,,,,,,false,false
379,Bumblebee,15,2,180,false,,false,,,,,,,false,false
379,Bumblebee,19,5,90,false,,false,,,,,,,false,false
379,Hound,10,4,0,true,200B,false,200B-1,200B,10,135,388,403,true,false
379,Hound,18,4,0,false,,false,,,,,,,false,false
379,Ironhide,13,17,270,false,,false,,,,,,,false,false
379,Ironhide,8,8,0,false,,false,,,,,,,false,false
379,Jazz,1,2,180,true,200A,false,200A-1,200A,8,131,399,416,true,false
379,Jazz,16,4,0,false,,false,,,,,,,false,false
379,Megatron,9,13,90,false,,false,,,,,,,false,false
379,Optimus,9,2,270,false,,false,,,,,,,false,false
379,Optimus,15,19,0,false,,false,,,,,,,false,false
379,Ratchet,10,6,180,false,,false,,,,,,,false,false
379,Ratchet,19,17,90,false,,false,,,,,,,false,false
379,RedAlert,1,5,270,false,,false,,,,,,,false,false
379,RedAlert,18,17,90,false,,false,,,,,,,false,false
379,Sideswipe,15,17,0,true,209E,true,209E-3,209E,79,148,380,390,true,true
379,Sideswipe,15,17,0,false,,false,,,,,,,false,false
379,Smokescreen,6,12,0,true,130B-3,false,130B-3-2,130B-3,31,130,380,393,true,true
379,Smokescreen,6,12,0,false,,false,,,,,,,false,false
379,Wheeljack,1,4,90,true,200A-2,false,200A-2-1,200A-2,18,143,401,419,true,false
379,Wheeljack,15,9,90,false,,false,,,,,,,false,false
380,Bluestreak,17,17,0,false,,false,,,,,,,false,false
380,Bumblebee,14,2,180,false,,false,,,,,,,false,false
380,Bumblebee,19,5,90,false,,false,,,,,,,false,false
380,Hound,11,4,0,true,200B,false,200B-1,200B,10,135,388,403,true,false
380,Hound,18,4,0,false,,false,,,,,,,false,false
380,Ironhide,13,16,270,false,,false,,,,,,,false,false
380,Ironhide,8,8,0,false,,false,,,,,,,false,false
380,Jazz,1,2,90,true,200A,false,200A-1,200A,8,131,399,416,true,false
380,Jazz,16,4,0,false,,false,,,,,,,false,false
380,Megatron,9,13,90,false,,false,,,,,,,false,false
380,Optimus,9,2,180,false,,false,,,,,,,false,false
380,Optimus,15,19,0,false,,false,,,,,,,false,false
380,Ratchet,9,6,180,false,,false,,,,,,,false,false
380,Ratchet,19,17,90,false,,false,,,,,,,false,false
380,RedAlert,1,4,270,false,,false,,,,,,,false,false
380,RedAlert,18,17,90,false,,false,,,,,,,false,false
380,Sideswipe,15,17,0,false,,false,,,,,,,false,false
380,Sideswipe,15,17,0,false,,false,,,,,,,false,false
380,Smokescreen,6,12,0,false,,false,,,,,,,false,false
380,Smokescreen,6,12,0,false,,false,,,,,,,false,false
380,Wheeljack,1,5,90,true,200A-2,false,200A-2-1,200A-2,18,143,401,419,true,false
380,Wheeljack,15,9,90,false,,false,,,,,,,false,false
381,Bluestreak,17,17,0,false,,false,,,,,,,false,false
381,Bumblebee,13,2,180,false,,false,,,,,,,false,false
381,Bumblebee,19,5,90,false,,false,,,,,,,false,false
381,Hound,12,4,0,true,200B,false,200B-1,200B,10,135,388,403,true,false
381,Hound,18,4,0,false,,false,,,,,,,false,false
381,Ironhide,13,15,270,false,,false,,,,,,,false,false
381,Ironhide,8,8,0,false,,false,,,,,,,false,false
381,Jazz,1,3,90,true,200A,false,200A-1,200A,8,131,399,416,true,false
381,Jazz,16,4,0,false,,false,,,,,,,false,false
381,Megatron,9,13,90,false,,false,,,,,,,false,false
381,Optimus,8,2,180,false,,false,,,,,,,false,false
381,Optimus,15,19,0,false,,false,,,,,,,false,false
381,Ratchet,8,6,180,false,,false,,,,,,,false,false
381,Ratchet,19,17,90,false,,false,,,,,,,false,false
381,RedAlert,1,3,270,false,,false,,,,,,,false,false
381,RedAlert,18,17,90,false,,false,,,,,,,false,false
381,Sideswipe,15,17,0,false,,false,,,,,,,false,false
381,Smokescreen,6,12,0,false,,false,,,,,,,false,false
381,Wheeljack,1,6,90,true,200A-2,false,200A-2-1,200A-2,18,143,401,419,true,false
381,Wheeljack,15,9,90,false,,false,,,,,,,false,false
382,Bluestreak,17,17,0,false,,false,,,,,,,false,false
382,Bumblebee,12,2,180,false,,false,,,,,,,false,false
382,Bumblebee,19,5,90,false,,false,,,,,,,false,false
382,Hound,13,4,0,true,200B,false,200B-1,200B,10,135,388,403,true,false
382,Hound,18,4,0,false,,false,,,,,,,false,false
382,Ironhide,13,14,270,false,,false,,,,,,,false,false
382,Ironhide,8,8,0,false,,false,,,,,,,false,false
382,Jazz,1,4,90,true,200A,false,200A-1,200A,8,131,399,416,true,false
382,Jazz,16,4,0,false,,false,,,,,,,false,false
382,Megatron,9,13,90,false,,false,,,,,,,false,false
382,Optimus,7,2,180,false,,false,,,,,,,false,false
382,Optimus,15,19,0,false,,false,,,,,,,false,false
382,Ratchet,7,6,180,false,,false,,,,,,,false,false
382,Ratchet,19,17,90,false,,false,,,,,,,false,false
382,RedAlert,1,2,270,false,,false,,,,,,,false,false
382,RedAlert,18,17,90,false,,false,,,,,,,false,false
382,Sideswipe,15,17,0,false,,false,,,,,,,false,false
382,Smokescreen,6,12,0,false,,false,,,,,,,false,false
382,Wheeljack,1,7,90,true,200A-2,false,200A-2-1,200A-2,18,143,401,419,true,false
382,Wheeljack,15,9,90,false,,false,,,,,,,false,false
383,Bluestreak,17,17,0,false,,false,,,,,,,false,false
383,Bumblebee,11,2,180,false,,false,,,,,,,false,false
383,Bumblebee,19,5,90,false,,false,,,,,,,false,false
383,Hound,14,4,0,true,200B,false,200B-1,200B,10,135,388,403,true,false
383,Hound,18,4,0,false,,false,,,,,,,false,false
383,Ironhide,13,13,270,false,,false,,,,,,,false,false
383,Ironhide,8,8,0,false,,false,,,,,,,false,false
383,Jazz,1,4,0,true,200A,false,200A-1,200A,8,131,399,416,true,false
383,Jazz,16,4,0,false,,false,,,,,,,false,false
383,Megatron,9,13,90,false,,false,,,,,,,false,false
383,Optimus,6,2,180,false,,false,,,,,,,false,false
383,Optimus,15,19,0,false,,false,,,,,,,false,false
383,Ratchet,6,6,180,false,,false,,,,,,,false,false
383,Ratchet,19,17,90,false,,false,,,,,,,false,false
383,RedAlert,1,2,270,true,209B,true,209B-3,209B,68,139,419,429,true,false
383,RedAlert,18,17,90,false,,false,,,,,,,false,false
383,Sideswipe,15,17,0,false,,false,,,,,,,false,false
383,Smokescreen,6,12,0,false,,false,,,,,,,false,false
383,Wheeljack,1,7,0,true,200A-2,false,200A-2-1,200A-2,18,143,401,419,true,false
383,Wheeljack,15,9,90,false,,false,,,,,,,false,false
384,Bluestreak,17,17,0,false,,false,,,,,,,false,false
384,Bumblebee,10,2,180,false,,false,,,,,,,false,false
384,Bumblebee,19,5,90,false,,false,,,,,,,false,false
384,Hound,15,4,0,true,200B,false,200B-1,200B,10,135,388,403,true,false
384,Hound,18,4,0,false,,false,,,,,,,false,false
384,Ironhide,13,12,270,false,,false,,,,,,,false,false
384,Ironhide,8,8,0,false,,false,,,,,,,false,false
384,Jazz,2,4,0,true,200A,false,200A-1,200A,8,131,399,416,true,false
384,Jazz,16,4,0,false,,false,,,,,,,false,false
384,Megatron,9,13,90,false,,false,,,,,,,false,false
384,Optimus,5,2,180,false,,false,,,,,,,false,false
384,Optimus,15,19,0,false,,false,,,,,,,false,false
384,Ratchet,5,6,180,false,,false,,,,,,,false,false
384,Ratchet,19,17,90,false,,false,,,,,,,false,false
384,RedAlert,1,2,90,true,209B,true,209B-3,209B,68,139,419,429,true,false
384,RedAlert,18,17,90,false,,false,,,,,,,false,false
384,Sideswipe,15,17,0,false,,false,,,,,,,false,false
384,Smokescreen,6,12,0,false,,false,,,,,,,false,false
384,Wheeljack,2,7,0,true,200A-2,false,200A-2-1,200A-2,18,143,401,419,true,false
384,Wheeljack,15,9,90,false,,false,,,,,,,false,false
385,Bluestreak,17,17,0,false,,false,,,,,,,false,false
385,Bumblebee,9,2,180,false,,false,,,,,,,false,false
385,Bumblebee,19,5,90,false,,false,,,,,,,false,false
385,Hound,16,4,0,true,200B,false,200B-1,200B,10,135,388,403,true,false
385,Hound,18,4,0,false,,false,,,,,,,false,false
385,Ironhide,13,11,270,false,,false,,,,,,,false,false
385,Ironhide,8,8,0,false,,false,,,,,,,false,false
385,Jazz,3,4,0,true,200A,false,200A-1,200A,8,131,399,416,true,false
385,Jazz,16,4,0,false,,false,,,,,,,false,false
385,Megatron,9,13,270,false,,false,,,,,,,false,false
385,Megatron,19,9,90,false,,false,,,,,,,false,false
385,Optimus,4,2,180,false,,false,,,,,,,false,false
385,Optimus,15,19,0,false,,false,,,,,,,false,false
385,Ratchet,4,6,180,false,,false,,,,,,,false,false
385,Ratchet,19,17,90,false,,false,,,,,,,false,false
385,RedAlert,1,3,90,true,209B,true,209B-3,209B,68,139,419,429,true,false
385,RedAlert,18,17,90,false,,false,,,,,,,false,false
385,Sideswipe,15,17,0,false,,false,,,,,,,false,false
385,Smokescreen,6,12,0,false,,false,,,,,,,false,false
385,Wheeljack,3,7,0,true,200A-2,false,200A-2-1,200A-2,18,143,401,419,true,false
385,Wheeljack,15,9,90,false,,false,,,,,,,false,false
386,Bluestreak,17,17,0,false,,false,,,,,,,false,false
386,Bumblebee,8,2,180,false,,false,,,,,,,false,false
386,Bumblebee,19,5,90,false,,false,,,,,,,false,false
386,Hound,17,4,0,true,200B,false,200B-1,200B,10,135,388,403,true,false
386,Hound,18,4,0,false,,false,,,,,,,false,false
386,Ironhide,13,10,270,false,,false,,,,,,,false,false
386,Ironhide,8,8,0,false,,false,,,,,,,false,false
386,Jazz,4,4,0,true,200A,false,200A-1,200A,8,131,399,416,true,false
386,Jazz,16,4,0,false,,false,,,,,,,false,false
386,Megatron,9,12,270,false,,false,,,,,,,false,false
386,Megatron,19,9,90,false,,false,,,,,,,false,false
386,Optimus,3,2,180,false,,false,,,,,,,false,false
386,Optimus,15,19,0,false,,false,,,,,,,false,false
386,Ratchet,3,6,180,false,,false,,,,,,,false,false
386,Ratchet,19,17,90,false,,false,,,,,,,false,false
386,RedAlert,1,4,90,true,209B,true,209B-3,209B,68,139,419,429,true,false
386,RedAlert,18,17,90,false,,false,,,,,,,false,false
386,Sideswipe,15,17,0,false,,false,,,,,,,false,false
386,Smokescreen,6,12,0,false,,false,,,,,,,false,false
386,Wheeljack,4,7,0,true,200A-2,false,200A-2-1,200A-2,18,143,401,419,true,false
386,Wheeljack,15,9,90,false,,false,,,,,,,false,false
387,Bluestreak,17,17,0,false,,false,,,,,,,false,false
387,Bumblebee,7,2,180,false,,false,,,,,,,false,false
387,Bumblebee,19,5,90,false,,false,,,,,,,false,false
387,Hound,18,4,0,true,200B,false,200B-1,200B,10,135,388,403,true,true
387,Hound,18,4,0,false,,false,,,,,,,false,false
387,Ironhide,13,9,270,false,,false,,,,,,,false,false
387,Ironhide,8,8,0,false,,false,,,,,,,false,false
387,Jazz,5,4,0,true,200A,false,200A-1,200A,8,131,399,416,true,false
387,Jazz,16,4,0,false,,false,,,,,,,false,false
387,Megatron,9,11,270,false,,false,,,,,,,false,false
387,Megatron,19,9,90,false,,false,,,,,,,false,false
387,Optimus,2,2,180,false,,false,,,,,,,false,false
387,Optimus,15,19,0,false,,false,,,,,,,false,false
387,Ratchet,2,6,180,false,,false,,,,,,,false,false
387,Ratchet,19,17,90,false,,false,,,,,,,false,false
387,RedAlert,1,5,90,true,209B,true,209B-3,209B,68,139,419,429,true,false
387,RedAlert,18,17,90,false,,false,,,,,,,false,false
387,Sideswipe,15,17,0,false,,false,,,,,,,false,false
387,Smokescreen,6,12,0,false,,false,,,,,,,false,false
387,Wheeljack,5,7,0,true,200A-2,false,200A-2-1,200A-2,18,143,401,419,true,false
387,Wheeljack,15,9,90,false,,false,,,,,,,false,false
388,Bluestreak,17,17,0,false,,false,,,,,,,false,false
388,Bumblebee,6,2,180,false,,false,,,,,,,false,false
388,Bumblebee,19,5,90,false,,false,,,,,,,false,false
388,Hound,18,4,0,false,,false,,,,,,,false,false
388,Hound,18,4,0,false,,false,,,,,,,false,false
388,Ironhide,13,8,270,false,,false,,,,,,,false,false
388,Ironhide,8,8,0,false,,false,,,,,,,false,false
388,Jazz,6,4,0,true,200A,false,200A-1,200A,8,131,399,416,true,false
388,Jazz,16,4,0,false,,false,,,,,,,false,false
388,Megatron,9,10,270,false,,false,,,,,,,false,false
388,Megatron,19,9,90,false,,false,,,,,,,false,false
388,Optimus,1,2,180,false,,false,,,,,,,false,false
388,Optimus,15,19,0,false,,false,,,,,,,false,false
388,Ratchet,1,6,180,false,,false,,,,,,,false,false
388,Ratchet,19,17,90,false,,false,,,,,,,false,false
388,RedAlert,1,6,90,true,209B,true,209B-3,209B,68,139,419,429,true,false
388,RedAlert,18,17,90,false,,false,,,,,,,false,false
388,Sideswipe,15,17,0,false,,false,,,,,,,false,false
388,Smokescreen,6,12,0,false,,false,,,,,,,false,false
388,Wheeljack,6,7,0,true,200A-2,false,200A-2-1,200A-2,18,143,401,419,true,false
388,Wheeljack,15,9,90,false,,false,,,,,,,false,false
389,Bluestreak,17,17,0,false,,false,,,,,,,false,false
389,Bumblebee,5,2,180,false,,false,,,,,,,false,false
389,Bumblebee,19,5,90,false,,false,,,,,,,false,false
389,Hound,18,4,0,false,,false,,,,,,,false,false
389,Ironhide,13,7,270,false,,false,,,,,,,false,false
389,Ironhide,8,8,0,false,,false,,,,,,,false,false
389,Jazz,7,4,0,true,200A,false,200A-1,200A,8,131,399,416,true,false
389,Jazz,16,4,0,false,,false,,,,,,,false,false
389,Megatron,9,9,270,false,,false,,,,,,,false,false
389,Megatron,19,9,90,false,,false,,,,,,,false,false
389,Optimus,1,2,180,true,209E,false,209E-2,209E,42,146,423,441,true,false
389,Optimus,15,19,0,false,,false,,,,,,,false,false
389,Ratchet,1,6,270,false,,false,,,,,,,false,false
389,Ratchet,19,17,90,false,,false,,,,,,,false,false
389,RedAlert,1,7,90,true,209B,true,209B-3,209B,68,139,419,429,true,false
389,RedAlert,18,17,90,false,,false,,,,,,,false,false
389,Sideswipe,15,17,0,false,,false,,,,,,,false,false
389,Smokescreen,6,12,0,false,,false,,,,,,,false,false
389,Wheeljack,7,7,0,true,200A-2,false,200A-2-1,200A-2,18,143,401,419,true,false
389,Wheeljack,15,9,90,false,,false,,,,,,,false,false
390,Bluestreak,17,17,0,false,,false,,,,,,,false,false
390,Bumblebee,4,2,180,false,,false,,,,,,,false,false
390,Bumblebee,19,5,90,false,,false,,,,,,,false,false
390,Hound,18,4,0,false,,false,,,,,,,false,false
390,Ironhide,13,6,270,false,,false,,,,,,,false,false
390,Ironhide,8,8,0,false,,false,,,,,,,false,false
390,Jazz,8,4,0,true,200A,false,200A-1,200A,8,131,399,416,true,false
390,Jazz,16,4,0,false,,false,,,,,,,false,false
390,Megatron,9,8,270,false,,false,,,,,,,false,false
390,Megatron,19,9,90,false,,false,,,,,,,false,false
390,Optimus,1,2,90,true,209E,false,209E-2,209E,42,146,423,441,true,false
390,Optimus,15,19,0,false,,false,,,,,,,false,false
390,Ratchet,1,5,270,false,,false,,,,,,,false,false
390,Ratchet,19,17,90,false,,false,,,,,,,false,false
390,RedAlert,1,8,90,true,209B,true,209B-3,209B,68,139,419,429,true,false
390,RedAlert,18,17,90,false,,false,,,,,,,false,false
390,Sideswipe,15,17,0,false,,false,,,,,,,false,false
390,Smokescreen,6,12,0,false,,false,,,,,,,false,false
390,Wheeljack,8,7,0,true,200A-2,false,200A-2-1,200A-2,18,143,401,419,true,false
390,Wheeljack,15,9,90,false,,false,,,,,,,false,false
391,Bluestreak,17,17,0,false,,false,,,,,,,false,false
391,Bumblebee,3,2,180,false,,false,,,,,,,false,false
391,Bumblebee,19,5,90,false,,false,,,,,,,false,false
391,Hound,18,4,0,false,,false,,,,,,,false,false
391,Ironhide,13,5,270,false,,false,,,,,,,false,false
391,Ironhide,8,8,0,false,,false,,,,,,,false,false
391,Jazz,9,4,0,true,200A,false,200A-1,200A,8,131,399,416,true,false
391,Jazz,16,4,0,false,,false,,,,,,,false,false
391,Megatron,9,7,270,false,,false,,,,,,,false,false
391,Megatron,19,9,90,false,,false,,,,,,,false,false
391,Optimus,1,3,90,true,209E,false,209E-2,209E,42,146,423,441,true,false
391,Optimus,15,19,0,false,,false,,,,,,,false,false
391,Ratchet,1,4,270,false,,false,,,,,,,false,false
391,Ratchet,19,17,90,false,,false,,,,,,,false,false
391,RedAlert,1,9,90,true,209B,true,209B-3,209B,68,139,419,429,true,false
391,RedAlert,18,17,90,false,,false,,,,,,,false,false
391,Sideswipe,15,17,270,false,,false,,,,,,,false,false
391,Sideswipe,19,13,90,false,,false,,,,,,,false,false
391,Smokescreen,6,12,0,false,,false,,,,,,,false,false
391,Wheeljack,9,7,0,true,200A-2,false,200A-2-1,200A-2,18,143,401,419,true,false
391,Wheeljack,15,9,90,false,,false,,,,,,,false,false
392,Bluestreak,17,17,270,false,,false,,,,,,,false,false
392,Bluestreak,13,9,90,false,,false,,,,,,,false,false
392,Bumblebee,2,2,180,false,,false,,,,,,,false,false
392,Bumblebee,19,5,90,false,,false,,,,,,,false,false
392,Hound,18,4,0,false,,false,,,,,,,false,false
392,Ironhide,13,4,270,false,,false,,,,,,,false,false
392,Ironhide,8,8,0,false,,false,,,,,,,false,false
392,Jazz,10,4,0,true,200A,false,200A-1,200A,8,131,399,416,true,false
392,Jazz,16,4,0,false,,false,,,,,,,false,false
392,Megatron,9,6,270,false,,false,,,,,,,false,false
392,Megatron,19,9,90,false,,false,,,,,,,false,false
392,Optimus,1,4,90,true,209E,false,209E-2,209E,42,146,423,441,true,false
392,Optimus,15,19,0,false,,false,,,,,,,false,false
392,Ratchet,1,3,270,false,,false,,,,,,,false,false
392,Ratchet,19,17,90,false,,false,,,,,,,false,false
392,RedAlert,1,10,90,true,209B,true,209B-3,209B,68,139,419,429,true,false
392,RedAlert,18,17,90,false,,false,,,,,,,false,false
392,Sideswipe,15,16,270,false,,false,,,,,,,false,false
392,Sideswipe,19,13,90,false,,false,,,,,,,false,false
392,Smokescreen,6,12,0,false,,false,,,,,,,false,false
392,Wheeljack,10,7,0,true,200A-2,false,200A-2-1,200A-2,18,143,401,419,true,false
392,Wheeljack,15,9,90,false,,false,,,,,,,false,false
393,Bluestreak,17,16,270,false,,false,,,,,,,false,false
393,Bluestreak,13,9,90,false,,false,,,,,,,false,false
393,Bumblebee,1,2,180,false,,false,,,,,,,false,false
393,Bumblebee,19,5,90,false,,false,,,,,,,false,false
393,Hound,18,4,0,false,,false,,,,,,,false,false
393,Ironhide,13,3,270,false,,false,,,,,,,false,false
393,Ironhide,8,8,0,false,,false,,,,,,,false,false
393,Jazz,11,4,0,true,200A,false,200A-1,200A,8,131,399,416,true,false
393,Jazz,16,4,0,false,,false,,,,,,,false,false
393,Megatron,9,5,270,false,,false,,,,,,,false,false
393,Megatron,19,9,90,false,,false,,,,,,,false,false
393,Optimus,1,5,90,true,209E,false,209E-2,209E,42,146,423,441,true,false
393,Optimus,15,19,0,false,,false,,,,,,,false,false
393,Ratchet,1,2,270,false,,false,,,,,,,false,false
393,Ratchet,19,17,90,false,,false,,,,,,,false,false
393,RedAlert,1,11,90,true,209B,true,209B-3,209B,68,139,419,429,true,false
393,RedAlert,18,17,90,false,,false,,,,,,,false,false
393,Sideswipe,15,15,270,false,,false,,,,,,,false,false
393,Sideswipe,19,13,90,false,,false,,,,,,,false,false
393,Smokescreen,6,12,0,false,,false,,,,,,,false,false
393,Wheeljack,11,7,0,true,200A-2,false,200A-2-1,200A-2,18,143,401,419,true,false
393,Wheeljack,15,9,90,false,,false,,,,,,,false,false
394,Bluestreak,17,15,270,false,,false,,,,,,,false,false
394,Bluestreak,13,9,90,false,,false,,,,,,,false,false
394,Bumblebee,1,2,180,true,200C,false,200C-1,200C,13,133,419,432,true,false
394,Bumblebee,19,5,90,false,,false,,,,,,,false,false
394,Hound,18,4,0,false,,false,,,,,,,false,false
394,Ironhide,13,2,270,false,,false,,,,,,,false,false
394,Ironhide,8,8,0,false,,false,,,,,,,false,false
394,Jazz,12,4,0,true,200A,false,200A-1,200A,8,131,399,416,true,false
394,Jazz,16,4,0,false,,false,,,,,,,false,false
394,Megatron,9,4,270,false,,false,,,,,,,false,false
394,Megatron,19,9,90,false,,false,,,,,,,false,false
394,Optimus,1,6,90,true,209E,false,209E-2,209E,42,146,423,441,true,false
394,Optimus,15,19,0,false,,false,,,,,,,false,false
394,Ratchet,1,2,270,true,209A,false,209A-2,209A,39,145,431,443,true,false
394,Ratchet,19,17,90,false,,false,,,,,,,false,false
394,RedAlert,1,12,90,true,209B,true,209B-3,209B,68,139,419,429,true,false
394,RedAlert,18,17,90,false,,false,,,,,,,false,false
394,Sideswipe,15,14,270,false,,false,,,,,,,false,false
394,Sideswipe,19,13,90,false,,false,,,,,,,false,false
394,Smokescreen,6,12,270,false,,false,,,,,,,false,false
394,Smokescreen,14,4,0,false,,false,,,,,,,false,false
394,Wheeljack,12,7,0,true,200A-2,false,200A-2-1,200A-2,18,143,401,419,true,false
394,Wheeljack,15,9,90,false,,false,,,,,,,false,false
395,Bluestreak,17,14,270,false,,false,,,,,,,false,false
395,Bluestreak,13,9,90,false,,false,,,,,,,false,false
395,Bumblebee,1,2,90,true,200C,false,200C-1,200C,13,133,419,432,true,false
395,Bumblebee,19,5,90,false,,false,,,,,,,false,false
395,Hound,18,4,0,false,,false,,,,,,,false,false
395,Ironhide,13,2,180,false,,false,,,,,,,false,false
395,Ironhide,8,8,0,false,,false,,,,,,,false,false
395,Jazz,13,4,0,true,200A,false,200A-1,200A,8,131,399,416,true,false
395,Jazz,16,4,0,false,,false,,,,,,,false,false
395,Megatron,9,3,270,false,,false,,,,,,,false,false
395,Megatron,19,9,90,false,,false,,,,,,,false,false
395,Optimus,1,7,90,true,209E,false,209E-2,209E,42,146,423,441,true,false
395,Optimus,15,19,0,false,,false,,,,,,,false,false
395,Ratchet,1,2,90,true,209A,false,209A-2,209A,39,145,431,443,true,false
395,Ratchet,19,17,90,false,,false,,,,,,,false,false
395,RedAlert,1,13,90,true,209B,true,209B-3,209B,68,139,419,429,true,false
395,RedAlert,18,17,90,false,,false,,,,,,,false,false
395,Sideswipe,15,13,270,false,,false,,,,,,,false,false
395,Sideswipe,19,13,90,false,,false,,,,,,,false,false
395,Smokescreen,6,11,270,false,,false,,,,,,,false,false
395,Smokescreen,14,4,0,false,,false,,,,,,,false,false
395,Wheeljack,13,7,0,true,200A-2,false,200A-2-1,200A-2,18,143,401,419,true,false
395,Wheeljack,15,9,90,false,,false,,,,,,,false,false
396,Bluestreak,17,13,270,false,,false,,,,,,,false,false
396,Bluestreak,13,9,90,false,,false,,,,,,,false,false
396,Bumblebee,1,3,90,true,200C,false,200C-1,200C,13,133,419,432,true,false
396,Bumblebee,19,5,90,false,,false,,,,,,,false,false
396,Hound,18,4,0,false,,false,,,,,,,false,false
396,Ironhide,12,2,180,false,,false,,,,,,,false,false
396,Ironhide,8,8,0,false,,false,,,,,,,false,false
396,Jazz,14,4,0,true,200A,false,200A-1,200A,8,131,399,416,true,false
396,Jazz,16,4,0,false,,false,,,,,,,false,false
396,Megatron,9,2,270,false,,false,,,,,,,false,false
396,Megatron,19,9,90,false,,false,,,,,,,false,false
396,Optimus,1,8,90,true,209E,false,209E-2,209E,42,146,423,441,true,false
396,Optimus,15,19,0,false,,false,,,,,,,false,false
396,Ratchet,1,3,90,true,209A,false,209A-2,209A,39,145,431,443,true,false
396,Ratchet,19,17,90,false,,false,,,,,,,false,false
396,RedAlert,1,14,90,true,209B,true,209B-3,209B,68,139,419,429,true,false
396,RedAlert,18,17,90,false,,false,,,,,,,false,false
396,Sideswipe,15,12,270,false,,false,,,,,,,false,false
396,Sideswipe,19,13,90,false,,false,,,,,,,false,false
396,Smokescreen,6,10,270,false,,false,,,,,,,false,false
396,Smokescreen,14,4,0,false,,false,,,,,,,false,false
396,Wheeljack,14,7,0,true,200A-2,false,200A-2-1,200A-2,18,143,401,419,true,false
396,Wheeljack,15,9,90,false,,false,,,,,,,false,false
397,Bluestreak,17,12,270,false,,false,,,,,,,false,false
397,Bluestreak,13,9,90,false,,false,,,,,,,false,false
397,Bumblebee,1,3,0,true,200C,false,200C-1,200C,13,133,419,432,true,false
397,Bumblebee,19,5,90,false,,false,,,,,,,false,false
397,Hound,18,4,0,false,,false,,,,,,,false,false
397,Ironhide,11,2,180,false,,false,,,,,,,false,false
397,Ironhide,8,8,0,false,,false,,,,,,,false,false
397,Jazz,15,4,0,true,200A,false,200A-1,200A,8,131,399,416,true,false
397,Jazz,16,4,0,false,,false,,,,,,,false,false
397,Megatron,9,2,180,false,,false,,,,,,,false,false
397,Megatron,19,9,90,false,,false,,,,,,,false,false
397,Optimus,1,9,90,true,209E,false,209E-2,209E,42,146,423,441,true,false
397,Optimus,15,19,0,false,,false,,,,,,,false,false
397,Ratchet,1,4,90,true,209A,false,209A-2,209A,39,145,431,443,true,false
397,Ratchet,19,17,90,false,,false,,,,,,,false,false
397,RedAlert,1,15,90,true,209B,true,209B-3,209B,68,139,419,429,true,false
397,RedAlert,18,17,90,false,,false,,,,,,,false,false
397,Sideswipe,15,11,270,false,,false,,,,,,,false,false
397,Sideswipe,19,13,90,false,,false,,,,,,,false,false
397,Smokescreen,6,10,180,false,,false,,,,,,,false,false
397,Smokescreen,14,4,0,false,,false,,,,,,,false,false
397,Wheeljack,15,7,0,true,200A-2,false,200A-2-1,200A-2,18,143,401,419,true,false
397,Wheeljack,15,9,90,false,,false,,,,,,,false,false
398,Bluestreak,17,11,270,false,,false,,,,,,,false,false
398,Bluestreak,13,9,90,false,,false,,,,,,,false,false
398,Bumblebee,2,3,0,true,200C,false,200C-1,200C,13,133,419,432,true,false
398,Bumblebee,19,5,90,false,,false,,,,,,,false,false
398,Hound,18,4,0,false,,false,,,,,,,false,false
398,Ironhide,10,2,180,false,,false,,,,,,,false,false
398,Ironhide,8,8,0,false,,false,,,,,,,false,false
398,Jazz,16,4,0,true,200A,false,200A-1,200A,8,131,399,416,true,true
398,Jazz,16,4,0,false,,false,,,,,,,false,false
398,Megatron,8,2,180,false,,false,,,,,,,false,false
398,Megatron,19,9,90,false,,false,,,,,,,false,false
398,Optimus,1,10,90,true,209E,false,209E-2,209E,42,146,423,441,true,false
398,Optimus,15,19,0,false,,false,,,,,,,false,false
398,Ratchet,1,5,90,true,209A,false,209A-2,209A,39,145,431,443,true,false
398,Ratchet,19,17,90,false,,false,,,,,,,false,false
398,RedAlert,1,16,90,true,209B,true,209B-3,209B,68,139,419,429,true,false
398,RedAlert,18,17,90,false,,false,,,,,,,false,false
398,Sideswipe,15,10,270,false,,false,,,,,,,false,false
398,Sideswipe,19,13,90,false,,false,,,,,,,false,false
398,Smokescreen,5,10,180,false,,false,,,,,,,false,false
398,Smokescreen,14,4,0,false,,false,,,,,,,false,false
398,Wheeljack,15,7,90,true,200A-2,false,200A-2-1,200A-2,18,143,401,419,true,false
398,Wheeljack,15,9,90,false,,false,,,,,,,false,false
399,Bluestreak,17,10,270,false,,false,,,,,,,false,false
399,Bluestreak,13,9,90,false,,false,,,,,,,false,false
399,Bumblebee,3,3,0,true,200C,false,200C-1,200C,13,133,419,432,true,false
399,Bumblebee,19,5,90,false,,false,,,,,,,false,false
399,Hound,18,4,0,false,,false,,,,,,,false,false
399,Ironhide,9,2,180,false,,false,,,,,,,false,false
399,Ironhide,8,8,0,false,,false,,,,,,,false,false
399,Jazz,16,4,0,false,,false,,,,,,,false,false
399,Jazz,16,4,0,false,,false,,,,,,,false,false
399,Megatron,7,2,180,false,,false,,,,,,,false,false
399,Megatron,19,9,90,false,,false,,,,,,,false,false
399,Optimus,1,11,90,true,209E,false,209E-2,209E,42,146,423,441,true,false
399,Optimus,15,19,0,false,,false,,,,,,,false,false
399,Ratchet,1,6,90,true,209A,false,209A-2,209A,39,145,431,443,true,false
399,Ratchet,19,17,90,false,,false,,,,,,,false,false
399,RedAlert,1,16,0,true,209B,true,209B-3,209B,68,139,419,429,true,false
399,RedAlert,18,17,90,false,,false,,,,,,,false,false
399,Sideswipe,15,10,180,false,,false,,,,,,,false,false
399,Sideswipe,19,13,90,false,,false,,,,,,,false,false
399,Smokescreen,4,10,180,false,,false,,,,,,,false,false
399,Smokescreen,14,4,0,false,,false,,,,,,,false,false
399,Wheeljack,15,8,90,true,200A-2,false,200A-2-1,200A-2,18,143,401,419,true,false
399,Wheeljack,15,9,90,false,,false,,,,,,,false,false
400,Bluestreak,17,9,270,false,,false,,,,,,,false,false
400,Bluestreak,13,9,90,false,,false,,,,,,,false,false
400,Bumblebee,4,3,0,true,200C,false,200C-1,200C,13,133,419,432,true,false
400,Bumblebee,19,5,90,false,,false,,,,,,,false,false
400,Hound,18,4,0,false,,false,,,,,,,false,false
400,Ironhide,8,2,180,false,,false,,,,,,,false,false
400,Ironhide,8,8,0,false,,false,,,,,,,false,false
400,Jazz,16,4,0,false,,false,,,,,,,false,false
400,Megatron,6,2,180,false,,false,,,,,,,false,false
400,Megatron,19,9,90,false,,false,,,,,,,false,false
400,Optimus,1,12,90,true,209E,false,209E-2,209E,42,146,423,441,true,false
400,Optimus,15,19,0,false,,false,,,,,,,false,false
400,Ratchet,1,7,90,true,209A,false,209A-2,209A,39,145,431,443,true,false
400,Ratchet,19,17,90,false,,false,,,,,,,false,false
400,RedAlert,2,16,0,true,209B,true,209B-3,209B,68,139,419,429,true,false
400,RedAlert,18,17,90,false,,false,,,,,,,false,false
400,Sideswipe,14,10,180,false,,false,,,,,,,false,false
400,Sideswipe,19,13,90,false,,false,,,,,,,false,false
400,Smokescreen,3,10,180,false,,false,,,,,,,false,false
400,Smokescreen,14,4,0,false,,false,,,,,,,false,false
400,Wheeljack,15,9,90,true,200A-2,false,200A-2-1,200A-2,18,143,401,419,true,true
400,Wheeljack,15,9,90,false,,false,,,,,,,false,false
401,Bluestreak,17,8,270,false,,false,,,,,,,false,false
401,Bluestreak,13,9,90,false,,false,,,,,,,false,false
401,Bumblebee,5,3,0,true,200C,false,200C-1,200C,13,133,419,432,true,false
401,Bumblebee,19,5,90,false,,false,,,,,,,false,false
401,Hound,18,4,0,false,,false,,,,,,,false,false
401,Ironhide,7,2,180,false,,false,,,,,,,false,false
401,Ironhide,8,8,0,false,,false,,,,,,,false,false
401,Jazz,16,4,0,false,,false,,,,,,,false,false
401,Megatron,5,2,180,false,,false,,,,,,,false,false
401,Megatron,19,9,90,false,,false,,,,,,,false,false
401,Optimus,1,13,90,true,209E,false,209E-2,209E,42,146,423,441,true,false
401,Optimus,15,19,0,false,,false,,,,,,,false,false
401,Ratchet,1,8,90,true,209A,false,209A-2,209A,39,145,431,443,true,false
401,Ratchet,19,17,90,false,,false,,,,,,,false,false
401,RedAlert,3,16,0,true,209B,true,209B-3,209B,68,139,419,429,true,false
401,RedAlert,18,17,90,false,,false,,,,,,,false,false
401,Sideswipe,13,10,180,false,,false,,,,,,,false,false
401,Sideswipe,19,13,90,false,,false,,,,,,,false,false
401,Smokescreen,2,10,180,false,,false,,,,,,,false,false
401,Smokescreen,14,4,0,false,,false,,,,,,,false,false
401,Wheeljack,15,9,90,false,,false,,,,,,,false,false
401,Wheeljack,15,9,90,false,,false,,,,,,,false,false
402,Bluestreak,17,7,270,false,,false,,,,,,,false,false
402,Bluestreak,13,9,90,false,,false,,,,,,,false,false
402,Bumblebee,6,3,0,true,200C,false,200C-1,200C,13,133,419,432,true,false
402,Bumblebee,19,5,90,false,,false,,,,,,,false,false
402,Hound,18,4,0,false,,false,,,,,,,false,false
402,Ironhide,6,2,180,false,,false,,,,,,,false,false
402,Ironhide,8,8,0,false,,false,,,,,,,false,false
402,Jazz,16,4,0,false,,false,,,,,,,false,false
402,Megatron,4,2,180,false,,false,,,,,,,false,false
402,Megatron,19,9,90,false,,false,,,,,,,false,false
402,Optimus,1,14,90,true,209E,false,209E-2,209E,42,146,423,441,true,false
402,Optimus,15,19,0,false,,false,,,,,,,false,false
402,Ratchet,1,9,90,true,209A,false,209A-2,209A,39,145,431,443,true,false
402,Ratchet,19,17,90,false,,false,,,,,,,false,false
402,RedAlert,4,16,0,true,209B,true,209B-3,209B,68,139,419,429,true,false
402,RedAlert,18,17,90,false,,false,,,,,,,false,false
402,Sideswipe,12,10,180,false,,false,,,,,,,false,false
402,Sideswipe,19,13,90,false,,false,,,,,,,false,false
402,Smokescreen,1,10,180,false,,false,,,,,,,false,false
402,Smokescreen,14,4,0,false,,false,,,,,,,false,false
402,Wheeljack,15,9,90,false,,false,,,,,,,false,false
403,Bluestreak,17,6,270,false,,false,,,,,,,false,false
403,Bluestreak,13,9,90,false,,false,,,,,,,false,false
403,Bumblebee,7,3,0,true,200C,false,200C-1,200C,13,133,419,432,true,false
403,Bumblebee,19,5,90,false,,false,,,,,,,false,false
403,Hound,18,4,0,false,,false,,,,,,,false,false
403,Ironhide,5,2,180,false,,false,,,,,,,false,false
403,Ironhide,8,8,0,false,,false,,,,,,,false,false
403,Jazz,16,4,0,false,,false,,,,,,,false,false
403,Megatron,3,2,180,false,,false,,,,,,,false,false
403,Megatron,19,9,90,false,,false,,,,,,,false,false
403,Optimus,1,15,90,true,209E,false,209E-2,209E,42,146,423,441,true,false
403,Optimus,15,19,0,false,,false,,,,,,,false,false
403,Ratchet,1,10,90,true,209A,false,209A-2,209A,39,145,431,443,true,false
403,Ratchet,19,17,90,false,,false,,,,,,,false,false
403,RedAlert,5,16,0,true,209B,true,209B-3,209B,68,139,419,429,true,false
403,RedAlert,18,17,90,false,,false,,,,,,,false,false
403,Sideswipe,11,10,180,false,,false,,,,,,,false,false
403,Sideswipe,19,13,90,false,,false,,,,,,,false,false
403,Smokescreen,1,10,270,false,,false,,,,,,,false,false
403,Smokescreen,14,4,0,false,,false,,,,,,,false,false
403,Wheeljack,15,9,90,false,,false,,,,,,,false,false
404,Bluestreak,17,5,270,false,,false,,,,,,,false,false
404,Bluestreak,13,9,90,false,,false,,,,,,,false,false
404,Bumblebee,8,3,0,true,200C,false,200C-1,200C,13,133,419,432,true,false
404,Bumblebee,19,5,90,false,,false,,,,,,,false,false
404,Hound,18,4,270,false,,false,,,,,,,false,false
404,Hound,18,19,270,false,,false,,,,,,,false,false
404,Ironhide,4,2,180,false,,false,,,,,,,false,false
404,Ironhide,8,8,0,false,,false,,,,,,,false,false
404,Jazz,16,4,0,false,,false,,,,,,,false,false
404,Megatron,2,2,180,false,,false,,,,,,,false,false
404,Megatron,19,9,90,false,,false,,,,,,,false,false
404,Optimus,1,16,90,true,209E,false,209E-2,209E,42,146,423,441,true,false
404,Optimus,15,19,0,false,,false,,,,,,,false,false
404,Ratchet,1,11,90,true,209A,false,209A-2,209A,39,145,431,443,true,false
404,Ratchet,19,17,90,false,,false,,,,,,,false,false
404,RedAlert,6,16,0,true,209B,true,209B-3,209B,68,139,419,429,true,false
404,RedAlert,18,17,90,false,,false,,,,,,,false,false
404,Sideswipe,10,10,180,false,,false,,,,,,,false,false
404,Sideswipe,19,13,90,false,,false,,,,,,,false,false
404,Smokescreen,1,9,270,false,,false,,,,,,,false,false
404,Smokescreen,14,4,0,false,,false,,,,,,,false,false
404,Wheeljack,15,9,90,false,,false,,,,,,,false,false
405,Bluestreak,17,4,270,false,,false,,,,,,,false,false
405,Bluestreak,13,9,90,false,,false,,,,,,,false,false
405,Bumblebee,9,3,0,true,200C,false,200C-1,200C,13,133,419,432,true,false
405,Bumblebee,19,5,90,false,,false,,,,,,,false,false
405,Hound,18,3,270,false,,false,,,,,,,false,false
405,Hound,18,19,270,false,,false,,,,,,,false,false
405,Ironhide,3,2,180,false,,false,,,,,,,false,false
405,Ironhide,8,8,0,false,,false,,,,,,,false,false
405,Jazz,16,4,0,false,,false,,,,,,,false,false
405,Megatron,1,2,180,false,,false,,,,,,,false,false
405,Megatron,19,9,90,false,,false,,,,,,,false,false
405,Optimus,1,17,90,true,209E,false,209E-2,209E,42,146,423,441,true,false
405,Optimus,15,19,0,false,,false,,,,,,,false,false
405,Ratchet,1,12,90,true,209A,false,209A-2,209A,39,145,431,443,true,false
405,Ratchet,19,17,90,false,,false,,,,,,,false,false
405,RedAlert,7,16,0,true,209B,true,209B-3,209B,68,139,419,429,true,false
405,RedAlert,18,17,90,false,,false,,,,,,,false,false
405,Sideswipe,9,10,180,false,,false,,,,,,,false,false
405,Sideswipe,19,13,90,false,,false,,,,,,,false,false
405,Smokescreen,1,8,270,false,,false,,,,,,,false,false
405,Smokescreen,14,4,0,false,,false,,,,,,,false,false
405,Wheeljack,15,9,90,false,,false,,,,,,,false,false
406,Bluestreak,17,3,270,false,,false,,,,,,,false,false
406,Bluestreak,13,9,90,false,,false,,,,,,,false,false
406,Bumblebee,10,3,0,true,200C,false,200C-1,200C,13,133,419,432,true,false
406,Bumblebee,19,5,90,false,,false,,,,,,,false,false
406,Hound,18,2,270,false,,false,,,,,,,false,false
406,Hound,18,19,270,false,,false,,,,,,,false,false
406,Ironhide,2,2,180,false,,false,,,,,,,false,false
406,Ironhide,8,8,0,false,,false,,,,,,,false,false
406,Jazz,16,4,0,false,,false,,,,,,,false,false
406,Megatron,1,2,180,true,200C-2,false,200C-2-1,200C-2,17,134,435,445,true,false
406,Megatron,19,9,90,false,,false,,,,,,,false,false
406,Optimus,1,18,90,true,209E,false,209E-2,209E,42,146,423,441,true,false
406,Optimus,15,19,0,false,,false,,,,,,,false,false
406,Ratchet,1,13,90,true,209A,false,209A-2,209A,39,145,431,443,true,false
406,Ratchet,19,17,90,false,,false,,,,,,,false,false
406,RedAlert,8,16,0,true,209B,true,209B-3,209B,68,139,419,429,true,false
406,RedAlert,18,17,90,false,,false,,,,,,,false,false
406,Sideswipe,8,10,180,false,,false,,,,,,,false,false
406,Sideswipe,19,13,90,false,,false,,,,,,,false,false
406,Smokescreen,1,7,270,false,,false,,,,,,,false,false
406,Smokescreen,14,4,0,false,,false,,,,,,,false,false
406,Wheeljack,15,9,90,false,,false,,,,,,,false,false
407,Bluestreak,17,2,270,false,,false,,,,,,,false,false
407,Bluestreak,13,9,90,false,,false,,,,,,,false,false
407,Bumblebee,11,3,0,true,200C,false,200C-1,200C,13,133,419,432,true,false
407,Bumblebee,19,5,90,false,,false,,,,,,,false,false
407,Hound,18,2,180,false,,false,,,,,,,false,false
407,Hound,18,19,270,false,,false,,,,,,,false,false
407,Ironhide,1,2,180,false,,false,,,,,,,false,false
407,Ironhide,8,8,0,false,,false,,,,,,,false,false
407,Jazz,16,4,0,false,,false,,,,,,,false,false
407,Megatron,1,2,90,true,200C-2,false,200C-2-1,200C-2,17,134,435,445,true,false
407,Megatron,19,9,90,false,,false,,,,,,,false,false
407,Optimus,1,19,90,true,209E,false,209E-2,209E,42,146,423,441,true,false
407,Optimus,15,19,0,false,,false,,,,,,,false,false
407,Ratchet,1,14,90,true,209A,false,209A-2,209A,39,145,431,443,true,false
407,Ratchet,19,17,90,false,,false,,,,,,,false,false
407,RedAlert,9,16,0,true,209B,true,209B-3,209B,68,139,419,429,true,false
407,RedAlert,18,17,90,false,,false,,,,,,,false,false
407,Sideswipe,7,10,180,false,,false,,,,,,,false,false
407,Sideswipe,19,13,90,false,,false,,,,,,,false,false
407,Smokescreen,1,6,270,false,,false,,,,,,,false,false
407,Smokescreen,14,4,0,false,,false,,,,,,,false,false
407,Wheeljack,15,9,90,false,,false,,,,,,,false,false
408,Bluestreak,17,2,180,false,,false,,,,,,,false,false
408,Bluestreak,13,9,90,false,,false,,,,,,,false,false
408,Bumblebee,12,3,0,true,200C,false,200C-1,200C,13,133,419,432,true,false
408,Bumblebee,19,5,90,false,,false,,,,,,,false,false
408,Hound,17,2,180,false,,false,,,,,,,false,false
408,Hound,18,19,270,false,,false,,,,,,,false,false
408,Ironhide,1,2,180,true,140A-2,false,140A-2-1,140A-2,15,118,424,435,true,false
408,Ironhide,8,8,0,false,,false,,,,,,,false,false
408,Jazz,16,4,0,false,,false,,,,,,,false,false
408,Megatron,1,3,90,true,200C-2,false,200C-2-1,200C-2,17,134,435,445,true,false
408,Megatron,19,9,90,false,,false,,,,,,,false,false
408,Optimus,1,19,0,true,209E,false,209E-2,209E,42,146,423,441,true,false
408,Optimus,15,19,0,false,,false,,,,,,,false,false
408,Ratchet,1,15,90,true,209A,false,209A-2,209A,39,145,431,443,true,false
408,Ratchet,19,17,90,false,,false,,,,,,,false,false
408,RedAlert,10,16,0,true,209B,true,209B-3,209B,68,139,419,429,true,false
408,RedAlert,18,17,90,false,,false,,,,,,,false,false
408,Sideswipe,6,10,180,false,,false,,,,,,,false,false
408,Sideswipe,19,13,90,false,,false,,,,,,,false,false
408,Smokescreen,1,5,270,false,,false,,,,,,,false,false
408,Smokescreen,14,4,0,false,,false,,,,,,,false,false
408,Wheeljack,15,9,90,false,,false,,,,,,,false,false
409,Bluestreak,16,2,180,false,,false,,,,,,,false,false
409,Bluestreak,13,9,90,false,,false,,,,,,,false,false
409,Bumblebee,13,3,0,true,200C,false,200C-1,200C,13,133,419,432,true,false
409,Bumblebee,19,5,90,false,,false,,,,,,,false,false
409,Hound,16,2,180,false,,false,,,,,,,false,false
409,Hound,18,19,270,false,,false,,,,,,,false,false
409,Ironhide,1,2,90,true,140A-2,false,140A-2-1,140A-2,15,118,424,435,true,false
409,Ironhide,8,8,0,false,,false,,,,,,,false,false
409,Jazz,16,4,0,false,,false,,,,,,,false,false
409,Megatron,1,4,90,true,200C-2,false,200C-2-1,200C-2,17,134,435,445,true,false
409,Megatron,19,9,90,false,,false,,,,,,,false,false
409,Optimus,2,19,0,true,209E,false,209E-2,209E,42,146,423,441,true,false
409,Optimus,15,19,0,false,,false,,,,,,,false,false
409,Ratchet,1,16,90,true,209A,false,209A-2,209A,39,145,431,443,true,false
409,Ratchet,19,17,90,false,,false,,,,,,,false,false
409,RedAlert,11,16,0,true,209B,true,209B-3,209B,68,139,419,429,true,false
409,RedAlert,18,17,90,false,,false,,,,,,,false,false
409,Sideswipe,5,10,180,false,,false,,,,,,,false,false
409,Sideswipe,19,13,90,false,,false,,,,,,,false,false
409,Smokescreen,1,4,270,false,,false,,,,,,,false,false
409,Smokescreen,14,4,0,false,,false,,,,,,,false,false
409,Wheeljack,15,9,90,false,,false,,,,,,,false,false
410,Bluestreak,15,2,180,false,,false,,,,,,,false,false
410,Bluestreak,13,9,90,false,,false,,,,,,,false,false
410,Bumblebee,14,3,0,true,200C,false,200C-1,200C,13,133,419,432,true,false
410,Bumblebee,19,5,90,false,,false,,,,,,,false,false
410,Hound,15,2,180,false,,false,,,,,,,false,false
410,Hound,18,19,270,false,,false,,,,,,,false,false
410,Ironhide,1,3,90,true,140A-2,false,140A-2-1,140A-2,15,118,424,435,true,false
410,Ironhide,8,8,0,false,,false,,,,,,,false,false
410,Jazz,16,4,0,false,,false,,,,,,,false,false
410,Megatron,1,5,90,true,200C-2,false,200C-2-1,200C-2,17,134,435,445,true,false
410,Megatron,19,9,90,false,,false,,,,,,,false,false
410,Optimus,3,19,0,true,209E,false,209E-2,209E,42,146,423,441,true,false
410,Optimus,15,19,0,false,,false,,,,,,,false,false
410,Ratchet,1,16,0,true,209A,false,209A-2,209A,39,145,431,443,true,false
410,Ratchet,19,17,90,false,,false,,,,,,,false,false
410,RedAlert,12,16,0,true,209B,true,209B-3,209B,68,139,419,429,true,false
410,RedAlert,18,17,90,false,,false,,,,,,,false,false
410,Sideswipe,4,10,180,false,,false,,,,,,,false,false
410,Sideswipe,19,13,90,false,,false,,,,,,,false,false
410,Smokescreen,1,3,270,false,,false,,,,,,,false,false
410,Smokescreen,14,4,0,false,,false,,,,,,,false,false
410,Wheeljack,15,9,90,false,,false,,,,,,,false,false
411,Bluestreak,14,2,180,false,,false,,,,,,,false,false
411,Bluestreak,13,9,90,false,,false,,,,,,,false,false
411,Bumblebee,15,3,0,true,200C,false,200C-1,200C,13,133,419,432,true,false
411,Bumblebee,19,5,90,false,,false,,,,,,,false,false
411,Hound,14,2,180,false,,false,,,,,,,false,false
411,Hound,18,19,270,false,,false,,,,,,,false,false
411,Ironhide,1,4,90,true,140A-2,false,140A-2-1,140A-2,15,118,424,435,true,false
411,Ironhide,8,8,0,false,,false,,,,,,,false,false
411,Jazz,16,4,0,false,,false,,,,,,,false,false
411,Megatron,1,6,90,true,200C-2,false,200C-2-1,200C-2,17,134,435,445,true,false
411,Megatron,19,9,90,false,,false,,,,,,,false,false
411,Optimus,4,19,0,true,209E,false,209E-2,209E,42,146,423,441,true,false
411,Optimus,15,19,0,false,,false,,,,,,,false,false
411,Ratchet,2,16,0,true,209A,false,209A-2,209A,39,145,431,443,true,false
411,Ratchet,19,17,90,false,,false,,,,,,,false,false
411,RedAlert,13,16,0,true,209B,true,209B-3,209B,68,139,419,429,true,false
411,RedAlert,18,17,90,false,,false,,,,,,,false,false
411,Sideswipe,3,10,180,false,,false,,,,,,,false,false
411,Sideswipe,19,13,90,false,,false,,,,,,,false,false
411,Smokescreen,1,2,270,false,,false,,,,,,,false,false
411,Smokescreen,14,4,0,false,,false,,,,,,,false,false
411,Wheeljack,15,9,90,false,,false,,,,,,,false,false
412,Bluestreak,13,2,180,false,,false,,,,,,,false,false
412,Bluestreak,13,9,90,false,,false,,,,,,,false,false
412,Bumblebee,16,3,0,true,200C,false,200C-1,200C,13,133,419,432,true,false
412,Bumblebee,19,5,90,false,,false,,,,,,,false,false
412,Hound,13,2,180,false,,false,,,,,,,false,false
412,Hound,18,19,270,false,,false,,,,,,,false,false
412,Ironhide,1,5,90,true,140A-2,false,140A-2-1,140A-2,15,118,424,435,true,false
412,Ironhide,8,8,0,false,,false,,,,,,,false,false
412,Jazz,16,4,0,false,,false,,,,,,,false,false
412,Megatron,1,7,90,true,200C-2,false,200C-2-1,200C-2,17,134,435,445,true,false
412,Megatron,19,9,90,false,,false,,,,,,,false,false
412,Optimus,5,19,0,true,209E,false,209E-2,209E,42,146,423,441,true,false
412,Optimus,15,19,0,false,,false,,,,,,,false,false
412,Ratchet,3,16,0,true,209A,false,209A-2,209A,39,145,431,443,true,false
412,Ratchet,19,17,90,false,,false,,,,,,,false,false
412,RedAlert,14,16,0,true,209B,true,209B-3,209B,68,139,419,429,true,false
412,RedAlert,18,17,90,false,,false,,,,,,,false,false
412,Sideswipe,2,10,180,false,,false,,,,,,,false,false
412,Sideswipe,19,13,90,false,,false,,,,,,,false,false
412,Smokescreen,1,2,270,true,150,false,150-1,150,15,114,430,445,true,false
412,Smokescreen,14,4,0,false,,false,,,,,,,false,false
412,Wheeljack,15,9,90,false,,false,,,,,,,false,false
413,Bluestreak,12,2,180,false,,false,,,,,,,false,false
413,Bluestreak,13,9,90,false,,false,,,,,,,false,false
413,Bumblebee,17,3,0,true,200C,false,200C-1,200C,13,133,419,432,true,false
413,Bumblebee,19,5,90,false,,false,,,,,,,false,false
413,Hound,12,2,180,false,,false,,,,,,,false,false
413,Hound,18,19,270,false,,false,,,,,,,false,false
413,Ironhide,1,6,90,true,140A-2,false,140A-2-1,140A-2,15,118,424,435,true,false
413,Ironhide,8,8,0,false,,false,,,,,,,false,false
413,Jazz,16,4,0,false,,false,,,,,,,false,false
413,Megatron,1,7,0,true,200C-2,false,200C-2-1,200C-2,17,134,435,445,true,false
413,Megatron,19,9,90,false,,false,,,,,,,false,false
413,Optimus,6,19,0,true,209E,false,209E-2,209E,42,146,423,441,true,false
413,Optimus,15,19,0,false,,false,,,,,,,false,false
413,Ratchet,4,16,0,true,209A,false,209A-2,209A,39,145,431,443,true,false
413,Ratchet,19,17,90,false,,false,,,,,,,false,false
413,RedAlert,15,16,0,true,209B,true,209B-3,209B,68,139,419,429,true,false
413,RedAlert,18,17,90,false,,false,,,,,,,false,false
413,Sideswipe,1,10,180,false,,false,,,,,,,false,false
413,Sideswipe,19,13,90,false,,false,,,,,,,false,false
413,Smokescreen,1,2,90,true,150,false,150-1,150,15,114,430,445,true,false
413,Smokescreen,14,4,0,false,,false,,,,,,,false,false
413,Wheeljack,15,9,90,false,,false,,,,,,,false,false
414,Bluestreak,11,2,180,false,,false,,,,,,,false,false
414,Bluestreak,13,9,90,false,,false,,,,,,,false,false
414,Bumblebee,18,3,0,true,200C,false,200C-1,200C,13,133,419,432,true,false
414,Bumblebee,19,5,90,false,,false,,,,,,,false,false
414,Hound,11,2,180,false,,false,,,,,,,false,false
414,Hound,18,19,270,false,,false,,,,,,,false,false
414,Ironhide,1,7,90,true,140A-2,false,140A-2-1,140A-2,15,118,424,435,true,false
414,Ironhide,8,8,0,false,,false,,,,,,,false,false
414,Jazz,16,4,0,false,,false,,,,,,,false,false
414,Megatron,2,7,0,true,200C-2,false,200C-2-1,200C-2,17,134,435,445,true,false
414,Megatron,19,9,90,false,,false,,,,,,,false,false
414,Optimus,7,19,0,true,209E,false,209E-2,209E,42,146,423,441,true,false
414,Optimus,15,19,0,false,,false,,,,,,,false,false
414,Ratchet,5,16,0,true,209A,false,209A-2,209A,39,145,431,443,true,false
414,Ratchet,19,17,90,false,,false,,,,,,,false,false
414,RedAlert,16,16,0,true,209B,true,209B-3,209B,68,139,419,429,true,false
414,RedAlert,18,17,90,false,,false,,,,,,,false,false
414,Sideswipe,1,10,270,false,,false,,,,,,,false,false
414,Sideswipe,19,13,90,false,,false,,,,,,,false,false
414,Smokescreen,1,3,90,true,150,false,150-1,150,15,114,430,445,true,false
414,Smokescreen,14,4,0,false,,false,,,,,,,false,false
414,Wheeljack,15,9,90,false,,false,,,,,,,false,false
415,Bluestreak,10,2,180,false,,false,,,,,,,false,false
415,Bluestreak,13,9,90,false,,false,,,,,,,false,false
415,Bumblebee,19,3,0,true,200C,false,200C-1,200C,13,133,419,432,true,false
415,Bumblebee,19,5,90,false,,false,,,,,,,false,false
415,Hound,10,2,180,false,,false,,,,,,,false,false
415,Hound,18,19,270,false,,false,,,,,,,false,false
415,Ironhide,1,8,90,true,140A-2,false,140A-2-1,140A-2,15,118,424,435,true,false
415,Ironhide,8,8,0,false,,false,,,,,,,false,false
415,Jazz,16,4,0,false,,false,,,,,,,false,false
415,Megatron,3,7,0,true,200C-2,false,200C-2-1,200C-2,17,134,435,445,true,false
415,Megatron,19,9,90,false,,false,,,,,,,false,false
415,Optimus,8,19,0,true,209E,false,209E-2,209E,42,146,423,441,true,false
415,Optimus,15,19,0,false,,false,,,,,,,false,false
415,Ratchet,6,16,0,true,209A,false,209A-2,209A,39,145,431,443,true,false
415,Ratchet,19,17,90,false,,false,,,,,,,false,false
415,RedAlert,17,16,0,true,209B,true,209B-3,209B,68,139,419,429,true,false
415,RedAlert,18,17,90,false,,false,,,,,,,false,false
415,Sideswipe,1,9,270,false,,false,,,,,,,false,false
415,Sideswipe,19,13,90,false,,false,,,,,,,false,false
415,Smokescreen,1,4,90,true,150,false,150-1,150,15,114,430,445,true,false
415,Smokescreen,14,4,0,false,,false,,,,,,,false,false
415,Wheeljack,15,9,90,false,,false,,,,,,,false,false
416,Bluestreak,9,2,180,false,,false,,,,,,,false,false
416,Bluestreak,13,9,90,false,,false,,,,,,,false,false
416,Bumblebee,19,3,90,true,200C,false,200C-1,200C,13,133,419,432,true,false
416,Bumblebee,19,5,90,false,,false,,,,,,,false,false
416,Hound,9,2,180,false,,false,,,,,,,false,false
416,Hound,18,19,270,false,,false,,,,,,,false,false
416,Ironhide,1,8,0,true,140A-2,false,140A-2-1,140A-2,15,118,424,435,true,false
416,Ironhide,8,8,0,false,,false,,,,,,,false,false
416,Jazz,16,4,0,false,,false,,,,,,,false,false
416,Megatron,4,7,0,true,200C-2,false,200C-2-1,200C-2,17,134,435,445,true,false
416,Megatron,19,9,90,false,,false,,,,,,,false,false
416,Optimus,9,19,0,true,209E,false,209E-2,209E,42,146,423,441,true,false
416,Optimus,15,19,0,false,,false,,,,,,,false,false
416,Ratchet,7,16,0,true,209A,false,209A-2,209A,39,145,431,443,true,false
416,Ratchet,19,17,90,false,,false,,,,,,,false,false
416,RedAlert,18,16,0,true,209B,true,209B-3,209B,68,139,419,429,true,false
416,RedAlert,18,17,90,false,,false,,,,,,,false,false
416,Sideswipe,1,8,270,false,,false,,,,,,,false,false
416,Sideswipe,19,13,90,false,,false,,,,,,,false,false
416,Smokescreen,1,4,0,true,150,false,150-1,150,15,114,430,445,true,false
416,Smokescreen,14,4,0,false,,false,,,,,,,false,false
416,Wheeljack,15,9,90,false,,false,,,,,,,false,false
417,Bluestreak,8,2,180,false,,false,,,,,,,false,false
417,Bluestreak,13,9,90,false,,false,,,,,,,false,false
417,Bumblebee,19,4,90,true,200C,false,200C-1,200C,13,133,419,432,true,false
417,Bumblebee,19,5,90,false,,false,,,,,,,false,false
417,Hound,8,2,180,false,,false,,,,,,,false,false
417,Hound,18,19,270,false,,false,,,,,,,false,false
417,Ironhide,2,8,0,true,140A-2,false,140A-2-1,140A-2,15,118,424,435,true,false
417,Ironhide,8,8,0,false,,false,,,,,,,false,false
417,Jazz,16,4,270,false,,false,,,,,,,false,false
417,Jazz,16,12,0,false,,false,,,,,,,false,false
417,Megatron,5,7,0,true,200C-2,false,200C-2-1,200C-2,17,134,435,445,true,false
417,Megatron,19,9,90,false,,false,,,,,,,false,false
417,Optimus,10,19,0,true,209E,false,209E-2,209E,42,146,423,441,true,false
417,Optimus,15,19,0,false,,false,,,,,,,false,false
417,Ratchet,8,16,0,true,209A,false,209A-2,209A,39,145,431,443,true,false
417,Ratchet,19,17,90,false,,false,,,,,,,false,false
417,RedAlert,18,16,90,true,209B,true,209B-3,209B,68,139,419,429,true,false
417,RedAlert,18,17,90,false,,false,,,,,,,false,false
417,Sideswipe,1,7,270,false,,false,,,,,,,false,false
417,Sideswipe,19,13,90,false,,false,,,,,,,false,false
417,Smokescreen,2,4,0,true,150,false,150-1,150,15,114,430,445,true,false
417,Smokescreen,14,4,0,false,,false,,,,,,,false,false
417,Wheeljack,15,9,90,false,,false,,,,,,,false,false
418,Bluestreak,7,2,180,false,,false,,,,,,,false,false
418,Bluestreak,13,9,90,false,,false,,,,,,,false,false
418,Bumblebee,19,5,90,true,200C,false,200C-1,200C,13,133,419,432,true,true
418,Bumblebee,19,5,90,false,,false,,,,,,,false,false
418,Hound,7,2,180,false,,false,,,,,,,false,false
418,Hound,18,19,270,false,,false,,,,,,,false,false
418,Ironhide,3,8,0,true,140A-2,false,140A-2-1,140A-2,15,118,424,435,true,false
418,Ironhide,8,8,0,false,,false,,,,,,,false,false
418,Jazz,16,3,270,false,,false,,,,,,,false,false
418,Jazz,16,12,0,false,,false,,,,,,,false,false
418,Megatron,6,7,0,true,200C-2,false,200C-2-1,200C-2,17,134,435,445,true,false
418,Megatron,19,9,90,false,,false,,,,,,,false,false
418,Optimus,11,19,0,true,209E,false,209E-2,209E,42,146,423,441,true,false
418,Optimus,15,19,0,false,,false,,,,,,,false,false
418,Ratchet,9,16,0,true,209A,false,209A-2,209A,39,145,431,443,true,false
418,Ratchet,19,17,90,false,,false,,,,,,,false,false
418,RedAlert,18,17,90,true,209B,true,209B-3,209B,68,139,419,429,true,true
418,RedAlert,18,17,90,false,,false,,,,,,,false,false
418,Sideswipe,1,6,270,false,,false,,,,,,,false,false
418,Sideswipe,19,13,90,false,,false,,,,,,,false,false
418,Smokescreen,3,4,0,true,150,false,150-1,150,15,114,430,445,true,false
418,Smokescreen,14,4,0,false,,false,,,,,,,false,false
418,Wheeljack,15,9,90,false,,false,,,,,,,false,false
419,Bluestreak,6,2,180,false,,false,,,,,,,false,false
419,Bluestreak,13,9,90,false,,false,,,,,,,false,false
419,Bumblebee,19,5,90,false,,false,,,,,,,false,false
419,Bumblebee,19,5,90,false,,false,,,,,,,false,false
419,Hound,6,2,180,false,,false,,,,,,,false,false
419,Hound,18,19,270,false,,false,,,,,,,false,false
419,Ironhide,4,8,0,true,140A-2,false,140A-2-1,140A-2,15,118,424,435,true,false
419,Ironhide,8,8,0,false,,false,,,,,,,false,false
419,Jazz,16,2,270,false,,false,,,,,,,false,false
419,Jazz,16,12,0,false,,false,,,,,,,false,false
419,Megatron,7,7,0,true,200C-2,false,200C-2-1,200C-2,17,134,435,445,true,false
419,Megatron,19,9,90,false,,false,,,,,,,false,false
419,Optimus,12,19,0,true,209E,false,209E-2,209E,42,146,423,441,true,false
419,Optimus,15,19,0,false,,false,,,,,,,false,false
419,Ratchet,10,16,0,true,209A,false,209A-2,209A,39,145,431,443,true,false
419,Ratchet,19,17,90,false,,false,,,,,,,false,false
419,RedAlert,18,17,90,false,,false,,,,,,,false,false
419,RedAlert,18,17,90,false,,false,,,,,,,false,false
419,Sideswipe,1,5,270,false,,false,,,,,,,false,false
419,Sideswipe,19,13,90,false,,false,,,,,,,false,false
419,Smokescreen,4,4,0,true,150,false,150-1,150,15,114,430,445,true,false
419,Smokescreen,14,4,0,false,,false,,,,,,,false,false
419,Wheeljack,15,9,90,false,,false,,,,,,,false,false
420,Bluestreak,5,2,180,false,,false,,,,,,,false,false
420,Bluestreak,13,9,90,false,,false,,,,,,,false,false
420,Bumblebee,19,5,90,false,,false,,,,,,,false,false
420,Hound,5,2,180,false,,false,,,,,,,false,false
420,Hound,18,19,270,false,,false,,,,,,,false,false
420,Ironhide,5,8,0,true,140A-2,false,140A-2-1,140A-2,15,118,424,435,true,false
420,Ironhide,8,8,0,false,,false,,,,,,,false,false
420,Jazz,16,2,180,false,,false,,,,,,,false,false
420,Jazz,16,12,0,false,,false,,,,,,,false,false
420,Megatron,8,7,0,true,200C-2,false,200C-2-1,200C-2,17,134,435,445,true,false
420,Megatron,19,9,90,false,,false,,,,,,,false,false
420,Optimus,13,19,0,true,209E,false,209E-2,209E,42,146,423,441,true,false
420,Optimus,15,19,0,false,,false,,,,,,,false,false
420,Ratchet,11,16,0,true,209A,false,209A-2,209A,39,145,431,443,true,false
420,Ratchet,19,17,90,false,,false,,,,,,,false,false
420,RedAlert,18,17,90,false,,false,,,,,,,false,false
420,Sideswipe,1,4,270,false,,false,,,,,,,false,false
420,Sideswipe,19,13,90,false,,false,,,,,,,false,false
420,Smokescreen,5,4,0,true,150,false,150-1,150,15,114,430,445,true,false
420,Smokescreen,14,4,0,false,,false,,,,,,,false,false
420,Wheeljack,15,9,270,false,,false,,,,,,,false,false
420,Wheeljack,16,17,0,false,,false,,,,,,,false,false
421,Bluestreak,4,2,180,false,,false,,,,,,,false,false
421,Bluestreak,13,9,90,false,,false,,,,,,,false,false
421,Bumblebee,19,5,90,false,,false,,,,,,,false,false
421,Hound,4,2,180,false,,false,,,,,,,false,false
421,Hound,18,19,270,false,,false,,,,,,,false,false
421,Ironhide,6,8,0,true,140A-2,false,140A-2-1,140A-2,15,118,424,435,true,false
421,Ironhide,8,8,0,false,,false,,,,,,,false,false
421,Jazz,15,2,180,false,,false,,,,,,,false,false
421,Jazz,16,12,0,false,,false,,,,,,,false,false
421,Megatron,9,7,0,true,200C-2,false,200C-2-1,200C-2,17,134,435,445,true,false
421,Megatron,19,9,90,false,,false,,,,,,,false,false
421,Optimus,14,19,0,true,209E,false,209E-2,209E,42,146,423,441,true,false
421,Optimus,15,19,0,false,,false,,,,,,,false,false
421,Ratchet,12,16,0,true,209A,false,209A-2,209A,39,145,431,443,true,false
421,Ratchet,19,17,90,false,,false,,,,,,,false,false
421,RedAlert,18,17,90,false,,false,,,,,,,false,false
421,Sideswipe,1,3,270,false,,false,,,,,,,false,false
421,Sideswipe,19,13,90,false,,false,,,,,,,false,false
421,Smokescreen,6,4,0,true,150,false,150-1,150,15,114,430,445,true,false
421,Smokescreen,14,4,0,false,,false,,,,,,,false,false
421,Wheeljack,15,8,270,false,,false,,,,,,,false,false
421,Wheeljack,16,17,0,false,,false,,,,,,,false,false
422,Bluestreak,3,2,180,false,,false,,,,,,,false,false
422,Bluestreak,13,9,90,false,,false,,,,,,,false,false
422,Bumblebee,19,5,90,false,,false,,,,,,,false,false
422,Hound,3,2,180,false,,false,,,,,,,false,false
422,Hound,18,19,270,false,,false,,,,,,,false,false
422,Ironhide,7,8,0,true,140A-2,false,140A-2-1,140A-2,15,118,424,435,true,false
422,Ironhide,8,8,0,false,,false,,,,,,,false,false
422,Jazz,14,2,180,false,,false,,,,,,,false,false
422,Jazz,16,12,0,false,,false,,,,,,,false,false
422,Megatron,10,7,0,true,200C-2,false,200C-2-1,200C-2,17,134,435,445,true,false
422,Megatron,19,9,90,false,,false,,,,,,,false,false
422,Optimus,15,19,0,true,209E,false,209E-2,209E,42,146,423,441,true,true
422,Optimus,15,19,0,false,,false,,,,,,,false,false
422,Ratchet,13,16,0,true,209A,false,209A-2,209A,39,145,431,443,true,false
422,Ratchet,19,17,90,false,,false,,,,,,,false,false
422,RedAlert,18,17,90,false,,false,,,,,,,false,false
422,Sideswipe,1,2,270,false,,false,,,,,,,false,false
422,Sideswipe,19,13,90,false,,false,,,,,,,false,false
422,Smokescreen,7,4,0,true,150,false,150-1,150,15,114,430,445,true,false
422,Smokescreen,14,4,0,false,,false,,,,,,,false,false
422,Wheeljack,15,7,270,false,,false,,,,,,,false,false
422,Wheeljack,16,17,0,false,,false,,,,,,,false,false
423,Bluestreak,2,2,180,false,,false,,,,,,,false,false
423,Bluestreak,13,9,90,false,,false,,,,,,,false,false
423,Bumblebee,19,5,90,false,,false,,,,,,,false,false
423,Hound,2,2,180,false,,false,,,,,,,false,false
423,Hound,18,19,270,false,,false,,,,,,,false,false
423,Ironhide,8,8,0,true,140A-2,false,140A-2-1,140A-2,15,118,424,435,true,true
423,Ironhide,8,8,0,false,,false,,,,,,,false,false
423,Jazz,13,2,180,false,,false,,,,,,,false,false
423,Jazz,16,12,0,false,,false,,,,,,,false,false
423,Megatron,11,7,0,true,200C-2,false,200C-2-1,200C-2,17,134,435,445,true,false
423,Megatron,19,9,90,false,,false,,,,,,,false,false
423,Optimus,15,19,0,false,,false,,,,,,,false,false
423,Optimus,15,19,0,false,,false,,,,,,,false,false
423,Ratchet,14,16,0,true,209A,false,209A-2,209A,39,145,431,443,true,false
423,Ratchet,19,17,90,false,,false,,,,,,,false,false
423,RedAlert,18,17,90,false,,false,,,,,,,false,false
423,Sideswipe,1,2,270,true,200C-3,false,200C-3-1,200C-3,14,137,456,464,true,false
423,Sideswipe,19,13,90,false,,false,,,,,,,false,false
423,Smokescreen,8,4,0,true,150,false,150-1,150,15,114,430,445,true,false
423,Smokescreen,14,4,0,false,,false,,,,,,,false,false
423,Wheeljack,15,6,270,false,,false,,,,,,,false,false
423,Wheeljack,16,17,0,false,,false,,,,,,,false,false
424,Bluestreak,1,2,180,false,,false,,,,,,,false,false
424,Bluestreak,13,9,90,false,,false,,,,,,,false,false
424,Bumblebee,19,5,90,false,,false,,,,,,,false,false
424,Hound,1,2,180,false,,false,,,,,,,false,false
424,Hound,18,19,270,false,,false,,,,,,,false,false
424,Ironhide,8,8,0,false,,false,,,,,,,false,false
424,Ironhide,8,8,0,false,,false,,,,,,,false,false
424,Jazz,12,2,180,false,,false,,,,,,,false,false
424,Jazz,16,12,0,false,,false,,,,,,,false,false
424,Megatron,12,7,0,true,200C-2,false,200C-2-1,200C-2,17,134,435,445,true,false
424,Megatron,19,9,90,false,,false,,,,,,,false,false
424,Optimus,15,19,0,false,,false,,,,,,,false,false
424,Ratchet,15,16,0,true,209A,false,209A-2,209A,39,145,431,443,true,false
424,Ratchet,19,17,90,false,,false,,,,,,,false,false
424,RedAlert,18,17,90,false,,false,,,,,,,false,false
424,Sideswipe,1,2,90,true,200C-3,false,200C-3-1,200C-3,14,137,456,464,true,false
424,Sideswipe,19,13,90,false,,false,,,,,,,false,false
424,Smokescreen,9,4,0,true,150,false,150-1,150,15,114,430,445,true,false
424,Smokescreen,14,4,0,false,,false,,,,,,,false,false
424,Wheeljack,15,5,270,false,,false,,,,,,,false,false
424,Wheeljack,16,17,0,false,,false,,,,,,,false,false
425,Bluestreak,1,2,180,true,150-2,false,150-2-1,150-2,17,120,448,465,true,false
425,Bluestreak,13,9,90,false,,false,,,,,,,false,false
425,Bumblebee,19,5,90,false,,false,,,,,,,false,false
425,Hound,1,2,180,true,209B,false,209B-2,209B,35,141,465,477,true,false
425,Hound,18,19,270,false,,false,,,,,,,false,false
425,Ironhide,8,8,0,false,,false,,,,,,,false,false
425,Jazz,11,2,180,false,,false,,,,,,,false,false
425,Jazz,16,12,0,false,,false,,,,,,,false,false
425,Megatron,13,7,0,true,200C-2,false,200C-2-1,200C-2,17,134,435,445,true,false
425,Megatron,19,9,90,false,,false,,,,,,,false,false
425,Optimus,15,19,0,false,,false,,,,,,,false,false
425,Ratchet,16,16,0,true,209A,false,209A-2,209A,39,145,431,443,true,false
425,Ratchet,19,17,90,false,,false,,,,,,,false,false
425,RedAlert,18,17,90,false,,false,,,,,,,false,false
425,Sideswipe,1,3,90,true,200C-3,false,200C-3-1,200C-3,14,137,456,464,true,false
425,Sideswipe,19,13,90,false,,false,,,,,,,false,false
425,Smokescreen,10,4,0,true,150,false,150-1,150,15,114,430,445,true,false
425,Smokescreen,14,4,0,false,,false,,,,,,,false,false
425,Wheeljack,15,4,270,false,,false,,,,,,,false,false
425,Wheeljack,16,17,0,false,,false,,,,,,,false,false
426,Bluestreak,1,2,90,true,150-2,false,150-2-1,150-2,17,120,448,465,true,false
426,Bluestreak,13,9,90,false,,false,,,,,,,false,false
426,Bumblebee,19,5,90,false,,false,,,,,,,false,false
426,Hound,1,2,90,true,209B,false,209B-2,209B,35,141,465,477,true,false
426,Hound,18,19,270,false,,false,,,,,,,false,false
426,Ironhide,8,8,0,false,,false,,,,,,,false,false
426,Jazz,10,2,180,false,,false,,,,,,,false,false
426,Jazz,16,12,0,false,,false,,,,,,,false,false
426,Megatron,14,7,0,true,200C-2,false,200C-2-1,200C-2,17,134,435,445,true,false
426,Megatron,19,9,90,false,,false,,,,,,,false,false
426,Optimus,15,19,0,false,,false,,,,,,,false,false
426,Ratchet,17,16,0,true,209A,false,209A-2,209A,39,145,431,443,true,false
426,Ratchet,19,17,90,false,,false,,,,,,,false,false
426,RedAlert,18,17,90,false,,false,,,,,,,false,false
426,Sideswipe,1,4,90,true,200C-3,false,200C-3-1,200C-3,14,137,456,464,true,false
426,Sideswipe,19,13,90,false,,false,,,,,,,false,false
426,Smokescreen,11,4,0,true,150,false,150-1,150,15,114,430,445,true,false
426,Smokescreen,14,4,0,false,,false,,,,,,,false,false
426,Wheeljack,15,3,270,false,,false,,,,,,,false,false
426,Wheeljack,16,17,0,false,,false,,,,,,,false,false
427,Bluestreak,1,3,90,true,150-2,false,150-2-1,150-2,17,120,448,465,true,false
427,Bluestreak,13,9,90,false,,false,,,,,,,false,false
427,Bumblebee,19,5,90,false,,false,,,,,,,false,false
427,Hound,1,3,90,true,209B,false,209B-2,209B,35,141,465,477,true,false
427,Hound,18,19,270,false,,false,,,,,,,false,false
427,Ironhide,8,8,0,false,,false,,,,,,,false,false
427,Jazz,9,2,180,false,,false,,,,,,,false,false
427,Jazz,16,12,0,false,,false,,,,,,,false,false
427,Megatron,15,7,0,true,200C-2,false,200C-2-1,200C-2,17,134,435,445,true,false
427,Megatron,19,9,90,false,,false,,,,,,,false,false
427,Optimus,15,19,0,false,,false,,,,,,,false,false
427,Ratchet,18,16,0,true,209A,false,209A-2,209A,39,145,431,443,true,false
427,Ratchet,19,17,90,false,,false,,,,,,,false,false
427,RedAlert,18,17,90,false,,false,,,,,,,false,false
427,Sideswipe,1,5,90,true,200C-3,false,200C-3-1,200C-3,14,137,456,464,true,false
427,Sideswipe,19,13,90,false,,false,,,,,,,false,false
427,Smokescreen,12,4,0,true,150,false,150-1,150,15,114,430,445,true,false
427,Smokescreen,14,4,0,false,,false,,,,,,,false,false
427,Wheeljack,15,2,270,false,,false,,,,,,,false,false
427,Wheeljack,16,17,0,false,,false,,,,,,,false,false
428,Bluestreak,1,4,90,true,150-2,false,150-2-1,150-2,17,120,448,465,true,false
428,Bluestreak,13,9,90,false,,false,,,,,,,false,false
428,Bumblebee,19,5,90,false,,false,,,,,,,false,false
428,Hound,1,4,90,true,209B,false,209B-2,209B,35,141,465,477,true,false
428,Hound,18,19,270,false,,false,,,,,,,false,false
428,Ironhide,8,8,0,false,,false,,,,,,,false,false
428,Jazz,8,2,180,false,,false,,,,,,,false,false
428,Jazz,16,12,0,false,,false,,,,,,,false,false
428,Megatron,16,7,0,true,200C-2,false,200C-2-1,200C-2,17,134,435,445,true,false
428,Megatron,19,9,90,false,,false,,,,,,,false,false
428,Optimus,15,19,0,false,,false,,,,,,,false,false
428,Ratchet,19,16,0,true,209A,false,209A-2,209A,39,145,431,443,true,false
428,Ratchet,19,17,90,false,,false,,,,,,,false,false
428,RedAlert,18,17,90,false,,false,,,,,,,false,false
428,Sideswipe,1,6,90,true,200C-3,false,200C-3-1,200C-3,14,137,456,464,true,false
428,Sideswipe,19,13,90,false,,false,,,,,,,false,false
428,Smokescreen,13,4,0,true,150,false,150-1,150,15,114,430,445,true,false
428,Smokescreen,14,4,0,false,,false,,,,,,,false,false
428,Wheeljack,15,2,180,false,,false,,,,,,,false,false
428,Wheeljack,16,17,0,false,,false,,,,,,,false,false
429,Bluestreak,1,5,90,true,150-2,false,150-2-1,150-2,17,120,448,465,true,false
429,Bluestreak,13,9,90,false,,false,,,,,,,false,false
429,Bumblebee,19,5,90,false,,false,,,,,,,false,false
429,Hound,1,5,90,true,209B,false,209B-2,209B,35,141,465,477,true,false
429,Hound,18,19,270,false,,false,,,,,,,false,false
429,Ironhide,8,8,0,false,,false,,,,,,,false,false
429,Jazz,7,2,180,false,,false,,,,,,,false,false
429,Jazz,16,12,0,false,,false,,,,,,,false,false
429,Megatron,17,7,0,true,200C-2,false,200C-2-1,200C-2,17,134,435,445,true,false
429,Megatron,19,9,90,false,,false,,,,,,,false,false
429,Optimus,15,19,0,false,,false,,,,,,,false,false
429,Ratchet,19,16,90,true,209A,false,209A-2,209A,39,145,431,443,true,false
429,Ratchet,19,17,90,false,,false,,,,,,,false,false
429,RedAlert,18,17,90,false,,false,,,,,,,false,false
429,Sideswipe,1,7,90,true,200C-3,false,200C-3-1,200C-3,14,137,456,464,true,false
429,Sideswipe,19,13,90,false,,false,,,,,,,false,false
429,Smokescreen,14,4,0,true,150,false,150-1,150,15,114,430,445,true,true
429,Smokescreen,14,4,0,false,,false,,,,,,,false,false
429,Wheeljack,14,2,180,false,,false,,,,,,,false,false
429,Wheeljack,16,17,0,false,,false,,,,,,,false,false
430,Bluestreak,1,6,90,true,150-2,false,150-2-1,150-2,17,120,448,465,true,false
430,Bluestreak,13,9,90,false,,false,,,,,,,false,false
430,Bumblebee,19,5,90,false,,false,,,,,,,false,false
430,Hound,1,6,90,true,209B,false,209B-2,209B,35,141,465,477,true,false
430,Hound,18,19,270,false,,false,,,,,,,false,false
430,Ironhide,8,8,0,false,,false,,,,,,,false,false
430,Jazz,6,2,180,false,,false,,,,,,,false,false
430,Jazz,16,12,0,false,,false,,,,,,,false,false
430,Megatron,18,7,0,true,200C-2,false,200C-2-1,200C-2,17,134,435,445,true,false
430,Megatron,19,9,90,false,,false,,,,,,,false,false
430,Optimus,15,19,0,false,,false,,,,,,,false,false
430,Ratchet,19,17,90,true,209A,false,209A-2,209A,39,145,431,443,true,true
430,Ratchet,19,17,90,false,,false,,,,,,,false,false
430,RedAlert,18,17,270,false,,false,,,,,,,false,false
430,RedAlert,15,17,0,false,,false,,,,,,,false,false
430,Sideswipe,1,8,90,true,200C-3,false,200C-3-1,200C-3,14,137,456,464,true,false
430,Sideswipe,19,13,90,false,,false,,,,,,,false,false
430,Smokescreen,14,4,0,false,,false,,,,,,,false,false
430,Smokescreen,14,4,0,false,,false,,,,,,,false,false
430,Wheeljack,13,2,180,false,,false,,,,,,,false,false
430,Wheeljack,16,17,0,false,,false,,,,,,,false,false
431,Bluestreak,1,7,90,true,150-2,false,150-2-1,150-2,17,120,448,465,true,false
431,Bluestreak,13,9,90,false,,false,,,,,,,false,false
431,Bumblebee,19,5,90,false,,false,,,,,,,false,false
431,Hound,1,7,90,true,209B,false,209B-2,209B,35,141,465,477,true,false
431,Hound,18,19,270,false,,false,,,,,,,false,false
431,Ironhide,8,8,0,false,,false,,,,,,,false,false
431,Jazz,5,2,180,false,,false,,,,,,,false,false
431,Jazz,16,12,0,false,,false,,,,,,,false,false
431,Megatron,19,7,0,true,200C-2,false,200C-2-1,200C-2,17,134,435,445,true,false
431,Megatron,19,9,90,false,,false,,,,,,,false,false
431,Optimus,15,19,0,false,,false,,,,,,,false,false
431,Ratchet,19,17,90,false,,false,,,,,,,false,false
431,Ratchet,19,17,90,false,,false,,,,,,,false,false
431,RedAlert,18,16,270,false,,false,,,,,,,false,false
431,RedAlert,15,17,0,false,,false,,,,,,,false,false
431,Sideswipe,1,9,90,true,200C-3,false,200C-3-1,200C-3,14,137,456,464,true,false
431,Sideswipe,19,13,90,false,,false,,,,,,,false,false
431,Smokescreen,14,4,0,false,,false,,,,,,,false,false
431,Wheeljack,12,2,180,false,,false,,,,,,,false,false
431,Wheeljack,16,17,0,false,,false,,,,,,,false,false
432,Bluestreak,1,7,0,true,150-2,false,150-2-1,150-2,17,120,448,465,true,false
432,Bluestreak,13,9,90,false,,false,,,,,,,false,false
432,Bumblebee,19,5,90,false,,false,,,,,,,false,false
432,Hound,1,8,90,true,209B,false,209B-2,209B,35,141,465,477,true,false
432,Hound,18,19,270,false,,false,,,,,,,false,false
432,Ironhide,8,8,0,false,,false,,,,,,,false,false
432,Jazz,4,2,180,false,,false,,,,,,,false,false
432,Jazz,16,12,0,false,,false,,,,,,,false,false
432,Megatron,19,7,90,true,200C-2,false,200C-2-1,200C-2,17,134,435,445,true,false
432,Megatron,19,9,90,false,,false,,,,,,,false,false
432,Optimus,15,19,0,false,,false,,,,,,,false,false
432,Ratchet,19,17,90,false,,false,,,,,,,false,false
432,RedAlert,18,15,270,false,,false,,,,,,,false,false
432,RedAlert,15,17,0,false,,false,,,,,,,false,false
432,Sideswipe,1,10,90,true,200C-3,false,200C-3-1,200C-3,14,137,456,464,true,false
432,Sideswipe,19,13,90,false,,false,,,,,,,false,false
432,Smokescreen,14,4,0,false,,false,,,,,,,false,false
432,Wheeljack,11,2,180,false,,false,,,,,,,false,false
432,Wheeljack,16,17,0,false,,false,,,,,,,false,false
433,Bluestreak,2,7,0,true,150-2,false,150-2-1,150-2,17,120,448,465,true,false
433,Bluestreak,13,9,90,false,,false,,,,,,,false,false
433,Bumblebee,19,5,270,false,,false,,,,,,,false,false
433,Bumblebee,17,13,90,false,,false,,,,,,,false,false
433,Hound,1,9,90,true,209B,false,209B-2,209B,35,141,465,477,true,false
433,Hound,18,19,270,false,,false,,,,,,,false,false
433,Ironhide,8,8,0,false,,false,,,,,,,false,false
433,Jazz,3,2,180,false,,false,,,,,,,false,false
433,Jazz,16,12,0,false,,false,,,,,,,false,false
433,Megatron,19,8,90,true,200C-2,false,200C-2-1,200C-2,17,134,435,445,true,false
433,Megatron,19,9,90,false,,false,,,,,,,false,false
433,Optimus,15,19,0,false,,false,,,,,,,false,false
433,Ratchet,19,17,90,false,,false,,,,,,,false,false
433,RedAlert,18,14,270,false,,false,,,,,,,false,false
433,RedAlert,15,17,0,false,,false,,,,,,,false,false
433,Sideswipe,1,11,90,true,200C-3,false,200C-3-1,200C-3,14,137,456,464,true,false
433,Sideswipe,19,13,90,false,,false,,,,,,,false,false
433,Smokescreen,14,4,0,false,,false,,,,,,,false,false
433,Wheeljack,10,2,180,false,,false,,,,,,,false,false
433,Wheeljack,16,17,0,false,,false,,,,,,,false,false
434,Bluestreak,3,7,0,true,150-2,false,150-2-1,150-2,17,120,448,465,true,false
434,Bluestreak,13,9,90,false,,false,,,,,,,false,false
434,Bumblebee,19,4,270,false,,false,,,,,,,false,false
434,Bumblebee,17,13,90,false,,false,,,,,,,false,false
434,Hound,1,10,90,true,209B,false,209B-2,209B,35,141,465,477,true,false
434,Hound,18,19,270,false,,false,,,,,,,false,false
434,Ironhide,8,8,0,false,,false,,,,,,,false,false
434,Jazz,2,2,180,false,,false,,,,,,,false,false
434,Jazz,16,12,0,false,,false,,,,,,,false,false
434,Megatron,19,9,90,true,200C-2,false,200C-2-1,200C-2,17,134,435,445,true,true
434,Megatron,19,9,90,false,,false,,,,,,,false,false
434,Optimus,15,19,0,false,,false,,,,,,,false,false
434,Ratchet,19,17,90,false,,false,,,,,,,false,false
434,RedAlert,18,14,180,false,,false,,,,,,,false,false
434,RedAlert,15,17,0,false,,false,,,,,,,false,false
434,Sideswipe,1,11,0,true,200C-3,false,200C-3-1,200C-3,14,137,456,464,true,false
434,Sideswipe,19,13,90,false,,false,,,,,,,false,false
434,Smokescreen,14,4,0,false,,false,,,,,,,false,false
434,Wheeljack,9,2,180,false,,false,,,,,,,false,false
434,Wheeljack,16,17,0,false,,false,,,,,,,false,false
435,Bluestreak,4,7,0,true,150-2,false,150-2-1,150-2,17,120,448,465,true,false
435,Bluestreak,13,9,90,false,,false,,,,,,,false,false
435,Bumblebee,19,3,270,false,,false,,,,,,,false,false
435,Bumblebee,17,13,90,false,,false,,,,,,,false,false
435,Hound,1,11,90,true,209B,false,209B-2,209B,35,141,465,477,true,false
435,Hound,18,19,270,false,,false,,,,,,,false,false
435,Ironhide,8,8,0,false,,false,,,,,,,false,false
435,Jazz,1,2,180,false,,false,,,,,,,false,false
435,Jazz,16,12,0,false,,false,,,,,,,false,false
435,Megatron,19,9,90,false,,false,,,,,,,false,false
435,Megatron,19,9,90,false,,false,,,,,,,false,false
435,Optimus,15,19,0,false,,false,,,,,,,false,false
435,Ratchet,19,17,90,false,,false,,,,,,,false,false
435,RedAlert,17,14,180,false,,false,,,,,,,false,false
435,RedAlert,15,17,0,false,,false,,,,,,,false,false
435,Sideswipe,2,11,0,true,200C-3,false,200C-3-1,200C-3,14,137,456,464,true,false
435,Sideswipe,19,13,90,false,,false,,,,,,,false,false
435,Smokescreen,14,4,0,false,,false,,,,,,,false,false
435,Wheeljack,8,2,180,false,,false,,,,,,,false,false
435,Wheeljack,16,17,0,false,,false,,,,,,,false,false
436,Bluestreak,5,7,0,true,150-2,false,150-2-1,150-2,17,120,448,465,true,false
436,Bluestreak,13,9,90,false,,false,,,,,,,false,false
436,Bumblebee,19,2,270,false,,false,,,,,,,false,false
436,Bumblebee,17,13,90,false,,false,,,,,,,false,false
436,Hound,1,12,90,true,209B,false,209B-2,209B,35,141,465,477,true,false
436,Hound,18,19,270,false,,false,,,,,,,false,false
436,Ironhide,8,8,270,false,,false,,,,,,,false,false
436,Ironhide,20,18,90,false,,false,,,,,,,false,false
436,Jazz,1,2,180,true,200A-3,false,200A-3-1,200A-3,16,111,464,479,true,false
436,Jazz,16,12,0,false,,false,,,,,,,false,false
436,Megatron,19,9,90,false,,false,,,,,,,false,false
436,Optimus,15,19,0,false,,false,,,,,,,false,false
436,Ratchet,19,17,90,false,,false,,,,,,,false,false
436,RedAlert,16,14,180,false,,false,,,,,,,false,false
436,RedAlert,15,17,0,false,,false,,,,,,,false,false
436,Sideswipe,3,11,0,true,200C-3,false,200C-3-1,200C-3,14,137,456,464,true,false
436,Sideswipe,19,13,90,false,,false,,,,,,,false,false
436,Smokescreen,14,4,0,false,,false,,,,,,,false,false
436,Wheeljack,7,2,180,false,,false,,,,,,,false,false
436,Wheeljack,16,17,0,false,,false,,,,,,,false,false
437,Bluestreak,6,7,0,true,150-2,false,150-2-1,150-2,17,120,448,465,true,false
437,Bluestreak,13,9,90,false,,false,,,,,,,false,false
437,Bumblebee,19,2,180,false,,false,,,,,,,false,false
437,Bumblebee,17,13,90,false,,false,,,,,,,false,false
437,Hound,1,13,90,true,209B,false,209B-2,209B,35,141,465,477,true,false
437,Hound,18,19,270,false,,false,,,,,,,false,false
437,Ironhide,8,7,270,false,,false,,,,,,,false,false
437,Ironhide,20,18,90,false,,false,,,,,,,false,false
437,Jazz,1,2,90,true,200A-3,false,200A-3-1,200A-3,16,111,464,479,true,false
437,Jazz,16,12,0,false,,false,,,,,,,false,false
437,Megatron,19,9,90,false,,false,,,,,,,false,false
437,Optimus,15,19,0,false,,false,,,,,,,false,false
437,Ratchet,19,17,90,false,,false,,,,,,,false,false
437,RedAlert,15,14,180,false,,false,,,,,,,false,false
437,RedAlert,15,17,0,false,,false,,,,,,,false,false
437,Sideswipe,4,11,0,true,200C-3,false,200C-3-1,200C-3,14,137,456,464,true,false
437,Sideswipe,19,13,90,false,,false,,,,,,,false,false
437,Smokescreen,14,4,0,false,,false,,,,,,,false,false
437,Wheeljack,6,2,180,false,,false,,,,,,,false,false
437,Wheeljack,16,17,0,false,,false,,,,,,,false,false
438,Bluestreak,7,7,0,true,150-2,false,150-2-1,150-2,17,120,448,465,true,false
438,Bluestreak,13,9,90,false,,false,,,,,,,false,false
438,Bumblebee,18,2,180,false,,false,,,,,,,false,false
438,Bumblebee,17,13,90,false,,false,,,,,,,false,false
438,Hound,1,14,90,true,209B,false,209B-2,209B,35,141,465,477,true,false
438,Hound,18,19,270,false,,false,,,,,,,false,false
438,Ironhide,8,6,270,false,,false,,,,,,,false,false
438,Ironhide,20,18,90,false,,false,,,,,,,false,false
438,Jazz,1,3,90,true,200A-3,false,200A-3-1,200A-3,16,111,464,479,true,false
438,Jazz,16,12,0,false,,false,,,,,,,false,false
438,Megatron,19,9,90,false,,false,,,,,,,false,false
438,Optimus,15,19,0,false,,false,,,,,,,false,false
438,Ratchet,19,17,90,false,,false,,,,,,,false,false
438,RedAlert,14,14,180,false,,false,,,,,,,false,false
438,RedAlert,15,17,0,false,,false,,,,,,,false,false
438,Sideswipe,5,11,0,true,200C-3,false,200C-3-1,200C-3,14,137,456,464,true,false
438,Sideswipe,19,13,90,false,,false,,,,,,,false,false
438,Smokescreen,14,4,0,false,,false,,,,,,,false,false
438,Wheeljack,5,2,180,false,,false,,,,,,,false,false
438,Wheeljack,16,17,0,false,,false,,,,,,,false,false
439,Bluestreak,8,7,0,true,150-2,false,150-2-1,150-2,17,120,448,465,true,false
439,Bluestreak,13,9,90,false,,false,,,,,,,false,false
439,Bumblebee,17,2,180,false,,false,,,,,,,false,false
439,Bumblebee,17,13,90,false,,false,,,,,,,false,false
439,Hound,1,15,90,true,209B,false,209B-2,209B,35,141,465,477,true,false
439,Hound,18,19,270,false,,false,,,,,,,false,false
439,Ironhide,8,6,180,false,,false,,,,,,,false,false
439,Ironhide,20,18,90,false,,false,,,,,,,false,false
439,Jazz,1,4,90,true,200A-3,false,200A-3-1,200A-3,16,111,464,479,true,false
439,Jazz,16,12,0,false,,false,,,,,,,false,false
439,Megatron,19,9,90,false,,false,,,,,,,false,false
439,Optimus,15,19,0,false,,false,,,,,,,false,false
439,Ratchet,19,17,90,false,,false,,,,,,,false,false
439,RedAlert,13,14,180,false,,false,,,,,,,false,false
439,RedAlert,15,17,0,false,,false,,,,,,,false,false
439,Sideswipe,6,11,0,true,200C-3,false,200C-3-1,200C-3,14,137,456,464,true,false
439,Sideswipe,19,13,90,false,,false,,,,,,,false,false
439,Smokescreen,14,4,0,false,,false,,,,,,,false,false
439,Wheeljack,4,2,180,false,,false,,,,,,,false,false
439,Wheeljack,16,17,0,false,,false,,,,,,,false,false
440,Bluestreak,9,7,0,true,150-2,false,150-2-1,150-2,17,120,448,465,true,false
440,Bluestreak,13,9,90,false,,false,,,,,,,false,false
440,Bumblebee,16,2,180,false,,false,,,,,,,false,false
440,Bumblebee,17,13,90,false,,false,,,,,,,false,false
440,Hound,1,16,90,true,209B,false,209B-2,209B,35,141,465,477,true,false
440,Hound,18,19,270,false,,false,,,,,,,false,false
440,Ironhide,7,6,180,false,,false,,,,,,,false,false
440,Ironhide,20,18,90,false,,false,,,,,,,false,false
440,Jazz,1,5,90,true,200A-3,false,200A-3-1,200A-3,16,111,464,479,true,false
440,Jazz,16,12,0,false,,false,,,,,,,false,false
440,Megatron,19,9,90,false,,false,,,,,,,false,false
440,Optimus,15,19,0,false,,false,,,,,,,false,false
440,Ratchet,19,17,90,false,,false,,,,,,,false,false
440,RedAlert,12,14,180,false,,false,,,,,,,false,false
440,RedAlert,15,17,0,false,,false,,,,,,,false,false
440,Sideswipe,7,11,0,true,200C-3,false,200C-3-1,200C-3,14,137,456,464,true,false
440,Sideswipe,19,13,90,false,,false,,,,,,,false,false
440,Smokescreen,14,4,0,false,,false,,,,,,,false,false
440,Wheeljack,3,2,180,false,,false,,,,,,,false,false
440,Wheeljack,16,17,0,false,,false,,,,,,,false,false
441,Bluestreak,10,7,0,true,150-2,false,150-2-1,150-2,17,120,448,465,true,false
441,Bluestreak,13,9,90,false,,false,,,,,,,false,false
441,Bumblebee,15,2,180,false,,false,,,,,,,false,false
441,Bumblebee,17,13,90,false,,false,,,,,,,false,false
441,Hound,1,17,90,true,209B,false,209B-2,209B,35,141,465,477,true,false
441,Hound,18,19,270,false,,false,,,,,,,false,false
441,Ironhide,6,6,180,false,,false,,,,,,,false,false
441,Ironhide,20,18,90,false,,false,,,,,,,false,false
441,Jazz,1,6,90,true,200A-3,false,200A-3-1,200A-3,16,111,464,479,true,false
441,Jazz,16,12,0,false,,false,,,,,,,false,false
441,Megatron,19,9,90,false,,false,,,,,,,false,false
441,Optimus,15,19,0,false,,false,,,,,,,false,false
441,Ratchet,19,17,90,false,,false,,,,,,,false,false
441,RedAlert,11,14,180,false,,false,,,,,,,false,false
441,RedAlert,15,17,0,false,,false,,,,,,,false,false
441,Sideswipe,8,11,0,true,200C-3,false,200C-3-1,200C-3,14,137,456,464,true,false
441,Sideswipe,19,13,90,false,,false,,,,,,,false,false
441,Smokescreen,14,4,0,false,,false,,,,,,,false,false
441,Wheeljack,2,2,180,false,,false,,,,,,,false,false
441,Wheeljack,16,17,0,false,,false,,,,,,,false,false
442,Bluestreak,11,7,0,true,150-2,false,150-2-1,150-2,17,120,448,465,true,false
442,Bluestreak,13,9,90,false,,false,,,,,,,false,false
442,Bumblebee,14,2,180,false,,false,,,,,,,false,false
442,Bumblebee,17,13,90,false,,false,,,,,,,false,false
442,Hound,1,18,90,true,209B,false,209B-2,209B,35,141,465,477,true,false
442,Hound,18,19,270,false,,false,,,,,,,false,false
442,Ironhide,5,6,180,false,,false,,,,,,,false,false
442,Ironhide,20,18,90,false,,false,,,,,,,false,false
442,Jazz,1,7,90,true,200A-3,false,200A-3-1,200A-3,16,111,464,479,true,false
442,Jazz,16,12,0,false,,false,,,,,,,false,false
442,Megatron,19,9,90,false,,false,,,,,,,false,false
442,Optimus,15,19,0,false,,false,,,,,,,false,false
442,Ratchet,19,17,90,false,,false,,,,,,,false,false
442,RedAlert,10,14,180,false,,false,,,,,,,false,false
442,RedAlert,15,17,0,false,,false,,,,,,,false,false
442,Sideswipe,9,11,0,true,200C-3,false,200C-3-1,200C-3,14,137,456,464,true,false
442,Sideswipe,19,13,90,false,,false,,,,,,,false,false
442,Smokescreen,14,4,0,false,,false,,,,,,,false,false
442,Wheeljack,1,2,180,false,,false,,,,,,,false,false
442,Wheeljack,16,17,0,false,,false,,,,,,,false,false
443,Bluestreak,12,7,0,true,150-2,false,150-2-1,150-2,17,120,448,465,true,false
443,Bluestreak,13,9,90,false,,false,,,,,,,false,false
443,Bumblebee,13,2,180,false,,false,,,,,,,false,false
443,Bumblebee,17,13,90,false,,false,,,,,,,false,false
443,Hound,1,19,90,true,209B,false,209B-2,209B,35,141,465,477,true,false
443,Hound,18,19,270,false,,false,,,,,,,false,false
443,Ironhide,4,6,180,false,,false,,,,,,,false,false
443,Ironhide,20,18,90,false,,false,,,,,,,false,false
443,Jazz,1,8,90,true,200A-3,false,200A-3-1,200A-3,16,111,464,479,true,false
443,Jazz,16,12,0,false,,false,,,,,,,false,false
443,Megatron,19,9,90,false,,false,,,,,,,false,false
443,Optimus,15,19,0,false,,false,,,,,,,false,false
443,Ratchet,19,17,90,false,,false,,,,,,,false,false
443,RedAlert,9,14,180,false,,false,,,,,,,false,false
443,RedAlert,15,17,0,false,,false,,,,,,,false,false
443,Sideswipe,10,11,0,true,200C-3,false,200C-3-1,200C-3,14,137,456,464,true,false
443,Sideswipe,19,13,90,false,,false,,,,,,,false,false
443,Smokescreen,14,4,0,false,,false,,,,,,,false,false
443,Wheeljack,1,2,180,true,209D,true,209D-2,209D,33,109,476,490,true,false
443,Wheeljack,16,17,0,false,,false,,,,,,,false,false
444,Bluestreak,13,7,0,true,150-2,false,150-2-1,150-2,17,120,448,465,true,false
444,Bluestreak,13,9,90,false,,false,,,,,,,false,false
444,Bumblebee,12,2,180,false,,false,,,,,,,false,false
444,Bumblebee,17,13,90,false,,false,,,,,,,false,false
444,Hound,1,20,90,true,209B,false,209B-2,209B,35,141,465,477,true,false
444,Hound,18,19,270,false,,false,,,,,,,false,false
444,Ironhide,3,6,180,false,,false,,,,,,,false,false
444,Ironhide,20,18,90,false,,false,,,,,,,false,false
444,Jazz,1,9,90,true,200A-3,false,200A-3-1,200A-3,16,111,464,479,true,false
444,Jazz,16,12,0,false,,false,,,,,,,false,false
444,Megatron,19,9,90,false,,false,,,,,,,false,false
444,Optimus,15,19,0,false,,false,,,,,,,false,false
444,Ratchet,19,17,90,false,,false,,,,,,,false,false
444,RedAlert,8,14,180,false,,false,,,,,,,false,false
444,RedAlert,15,17,0,false,,false,,,,,,,false,false
444,Sideswipe,11,11,0,true,200C-3,false,200C-3-1,200C-3,14,137,456,464,true,false
444,Sideswipe,19,13,90,false,,false,,,,,,,false,false
444,Smokescreen,14,4,0,false,,false,,,,,,,false,false
444,Wheeljack,1,2,90,true,209D,true,209D-2,209D,33,109,476,490,true,false
444,Wheeljack,16,17,0,false,,false,,,,,,,false,false
445,Bluestreak,13,7,90,true,150-2,false,150-2-1,150-2,17,120,448,465,true,false
445,Bluestreak,13,9,90,false,,false,,,,,,,false,false
445,Bumblebee,11,2,180,false,,false,,,,,,,false,false
445,Bumblebee,17,13,90,false,,false,,,,,,,false,false
445,Hound,1,20,0,true,209B,false,209B-2,209B,35,141,465,477,true,false
445,Hound,18,19,270,false,,false,,,,,,,false,false
445,Ironhide,2,6,180,false,,false,,,,,,,false,false
445,Ironhide,20,18,90,false,,false,,,,,,,false,false
445,Jazz,1,10,90,true,200A-3,false,200A-3-1,200A-3,16,111,464,479,true,false
445,Jazz,16,12,0,false,,false,,,,,,,false,false
445,Megatron,19,9,90,false,,false,,,,,,,false,false
445,Optimus,15,19,0,false,,false,,,,,,,false,false
445,Ratchet,19,17,90,false,,false,,,,,,,false,false
445,RedAlert,7,14,180,false,,false,,,,,,,false,false
445,RedAlert,15,17,0,false,,false,,,,,,,false,false
445,Sideswipe,12,11,0,true,200C-3,false,200C-3-1,200C-3,14,137,456,464,true,false
445,Sideswipe,19,13,90,false,,false,,,,,,,false,false
445,Smokescreen,14,4,0,false,,false,,,,,,,false,false
445,Wheeljack,1,3,90,true,209D,true,209D-2,209D,33,109,476,490,true,false
445,Wheeljack,16,17,0,false,,false,,,,,,,false,false
446,Bluestreak,13,8,90,true,150-2,false,150-2-1,150-2,17,120,448,465,true,false
446,Bluestreak,13,9,90,false,,false,,,,,,,false,false
446,Bumblebee,10,2,180,false,,false,,,,,,,false,false
446,Bumblebee,17,13,90,false,,false,,,,,,,false,false
446,Hound,2,20,0,true,209B,false,209B-2,209B,35,141,465,477,true,false
446,Hound,18,19,270,false,,false,,,,,,,false,false
446,Ironhide,1,6,180,false,,false,,,,,,,false,false
446,Ironhide,20,18,90,false,,false,,,,,,,false,false
446,Jazz,1,11,90,true,200A-3,false,200A-3-1,200A-3,16,111,464,479,true,false
446,Jazz,16,12,0,false,,false,,,,,,,false,false
446,Megatron,19,9,90,false,,false,,,,,,,false,false
446,Optimus,15,19,0,false,,false,,,,,,,false,false
446,Ratchet,19,17,90,false,,false,,,,,,,false,false
446,RedAlert,6,14,180,false,,false,,,,,,,false,false
446,RedAlert,15,17,0,false,,false,,,,,,,false,false
446,Sideswipe,13,11,0,true,200C-3,false,200C-3-1,200C-3,14,137,456,464,true,false
446,Sideswipe,19,13,90,false,,false,,,,,,,false,false
446,Smokescreen,14,4,0,false,,false,,,,,,,false,false
446,Wheeljack,1,4,90,true,209D,true,209D-2,209D,33,109,476,490,true,false
446,Wheeljack,16,17,0,false,,false,,,,,,,false,false
447,Bluestreak,13,9,90,true,150-2,false,150-2-1,150-2,17,120,448,465,true,true
447,Bluestreak,13,9,90,false,,false,,,,,,,false,false
447,Bumblebee,9,2,180,false,,false,,,,,,,false,false
447,Bumblebee,17,13,90,false,,false,,,,,,,false,false
447,Hound,3,20,0,true,209B,false,209B-2,209B,35,141,465,477,true,false
447,Hound,18,19,270,false,,false,,,,,,,false,false
447,Ironhide,1,6,270,false,,false,,,,,,,false,false
447,Ironhide,20,18,90,false,,false,,,,,,,false,false
447,Jazz,1,12,90,true,200A-3,false,200A-3-1,200A-3,16,111,464,479,true,false
447,Jazz,16,12,0,false,,false,,,,,,,false,false
447,Megatron,19,9,90,false,,false,,,,,,,false,false
447,Optimus,15,19,0,false,,false,,,,,,,false,false
447,Ratchet,19,17,90,false,,false,,,,,,,false,false
447,RedAlert,5,14,180,false,,false,,,,,,,false,false
447,RedAlert,15,17,0,false,,false,,,,,,,false,false
447,Sideswipe,14,11,0,true,200C-3,false,200C-3-1,200C-3,14,137,456,464,true,false
447,Sideswipe,19,13,90,false,,false,,,,,,,false,false
447,Smokescreen,14,4,0,false,,false,,,,,,,false,false
447,Wheeljack,1,5,90,true,209D,true,209D-2,209D,33,109,476,490,true,false
447,Wheeljack,16,17,0,false,,false,,,,,,,false,false
448,Bluestreak,13,9,90,false,,false,,,,,,,false,false
448,Bluestreak,13,9,90,false,,false,,,,,,,false,false
448,Bumblebee,8,2,180,false,,false,,,,,,,false,false
448,Bumblebee,17,13,90,false,,false,,,,,,,false,false
448,Hound,4,20,0,true,209B,false,209B-2,209B,35,141,465,477,true,false
448,Hound,18,19,270,false,,false,,,,,,,false,false
448,Ironhide,1,5,270,false,,false,,,,,,,false,false
448,Ironhide,20,18,90,false,,false,,,,,,,false,false
448,Jazz,1,12,0,true,200A-3,false,200A-3-1,200A-3,16,111,464,479,true,false
448,Jazz,16,12,0,false,,false,,,,,,,false,false
448,Megatron,19,9,90,false,,false,,,,,,,false,false
448,Optimus,15,19,0,false,,false,,,,,,,false,false
448,Ratchet,19,17,90,false,,false,,,,,,,false,false
448,RedAlert,4,14,180,false,,false,,,,,,,false,false
448,RedAlert,15,17,0,false,,false,,,,,,,false,false
448,Sideswipe,15,11,0,true,200C-3,false,200C-3-1,200C-3,14,137,456,464,true,false
448,Sideswipe,19,13,90,false,,false,,,,,,,false,false
448,Smokescreen,14,4,0,false,,false,,,,,,,false,false
448,Wheeljack,1,6,90,true,209D,true,209D-2,209D,33,109,476,490,true,false
448,Wheeljack,16,17,0,false,,false,,,,,,,false,false
449,Bluestreak,13,9,90,false,,false,,,,,,,false,false
449,Bumblebee,7,2,180,false,,false,,,,,,,false,false
449,Bumblebee,17,13,90,false,,false,,,,,,,false,false
449,Hound,5,20,0,true,209B,false,209B-2,209B,35,141,465,477,true,false
449,Hound,18,19,270,false,,false,,,,,,,false,false
449,Ironhide,1,4,270,false,,false,,,,,,,false,false
449,Ironhide,20,18,90,false,,false,,,,,,,false,false
449,Jazz,2,12,0,true,200A-3,false,200A-3-1,200A-3,16,111,464,479,true,false
449,Jazz,16,12,0,false,,false,,,,,,,false,false
449,Megatron,19,9,90,false,,false,,,,,,,false,false
449,Optimus,15,19,0,false,,false,,,,,,,false,false
449,Ratchet,19,17,90,false,,false,,,,,,,false,false
449,RedAlert,3,14,180,false,,false,,,,,,,false,false
449,RedAlert,15,17,0,false,,false,,,,,,,false,false
449,Sideswipe,16,11,0,true,200C-3,false,200C-3-1,200C-3,14,137,456,464,true,false
449,Sideswipe,19,13,90,false,,false,,,,,,,false,false
449,Smokescreen,14,4,0,false,,false,,,,,,,false,false
449,Wheeljack,1,7,90,true,209D,true,209D-2,209D,33,109,476,490,true,false
449,Wheeljack,16,17,0,false,,false,,,,,,,false,false
450,Bluestreak,13,9,90,false,,false,,,,,,,false,false
450,Bumblebee,6,2,180,false,,false,,,,,,,false,false
450,Bumblebee,17,13,90,false,,false,,,,,,,false,false
450,Hound,6,20,0,true,209B,false,209B-2,209B,35,141,465,477,true,false
450,Hound,18,19,270,false,,false,,,,,,,false,false
450,Ironhide,1,3,270,false,,false,,,,,,,false,false
450,Ironhide,20,18,90,false,,false,,,,,,,false,false
450,Jazz,3,12,0,true,200A-3,false,200A-3-1,200A-3,16,111,464,479,true,false
450,Jazz,16,12,0,false,,false,,,,,,,false,false
450,Megatron,19,9,90,false,,false,,,,,,,false,false
450,Optimus,15,19,0,false,,false,,,,,,,false,false
450,Ratchet,19,17,90,false,,false,,,,,,,false,false
450,RedAlert,2,14,180,false,,false,,,,,,,false,false
450,RedAlert,15,17,0,false,,false,,,,,,,false,false
450,Sideswipe,17,11,0,true,200C-3,false,200C-3-1,200C-3,14,137,456,464,true,false
450,Sideswipe,19,13,90,false,,false,,,,,,,false,false
450,Smokescreen,14,4,0,false,,false,,,,,,,false,false
450,Wheeljack,1,8,90,true,209D,true,209D-2,209D,33,109,476,490,true,false
450,Wheeljack,16,17,0,false,,false,,,,,,,false,false
451,Bluestreak,13,9,90,false,,false,,,,,,,false,false
451,Bumblebee,5,2,180,false,,false,,,,,,,false,false
451,Bumblebee,17,13,90,false,,false,,,,,,,false,false
451,Hound,7,20,0,true,209B,false,209B-2,209B,35,141,465,477,true,false
451,Hound,18,19,270,false,,false,,,,,,,false,false
451,Ironhide,1,2,270,false,,false,,,,,,,false,false
451,Ironhide,20,18,90,false,,false,,,,,,,false,false
451,Jazz,4,12,0,true,200A-3,false,200A-3-1,200A-3,16,111,464,479,true,false
451,Jazz,16,12,0,false,,false,,,,,,,false,false
451,Megatron,19,9,90,false,,false,,,,,,,false,false
451,Optimus,15,19,0,false,,false,,,,,,,false,false
451,Ratchet,19,17,90,false,,false,,,,,,,false,false
451,RedAlert,1,14,180,false,,false,,,,,,,false,false
451,RedAlert,15,17,0,false,,false,,,,,,,false,false
451,Sideswipe,18,11,0,true,200C-3,false,200C-3-1,200C-3,14,137,456,464,true,false
451,Sideswipe,19,13,90,false,,false,,,,,,,false,false
451,Smokescreen,14,4,0,false,,false,,,,,,,false,false
451,Wheeljack,1,9,90,true,209D,true,209D-2,209D,33,109,476,490,true,false
451,Wheeljack,16,17,0,false,,false,,,,,,,false,false
452,Bluestreak,13,9,90,false,,false,,,,,,,false,false
452,Bumblebee,4,2,180,false,,false,,,,,,,false,false
452,Bumblebee,17,13,90,false,,false,,,,,,,false,false
452,Hound,8,20,0,true,209B,false,209B-2,209B,35,141,465,477,true,false
452,Hound,18,19,270,false,,false,,,,,,,false,false
452,Ironhide,1,2,270,true,209A,true,209A-1,209A,12,87,491,507,true,false
452,Ironhide,20,18,90,false,,false,,,,,,,false,false
452,Jazz,5,12,0,true,200A-3,false,200A-3-1,200A-3,16,111,464,479,true,false
452,Jazz,16,12,0,false,,false,,,,,,,false,false
452,Megatron,19,9,90,false,,false,,,,,,,false,false
452,Optimus,15,19,0,false,,false,,,,,,,false,false
452,Ratchet,19,17,90,false,,false,,,,,,,false,false
452,RedAlert,1,14,270,false,,false,,,,,,,false,false
452,RedAlert,15,17,0,false,,false,,,,,,,false,false
452,Sideswipe,19,11,0,true,200C-3,false,200C-3-1,200C-3,14,137,456,464,true,false
452,Sideswipe,19,13,90,false,,false,,,,,,,false,false
452,Smokescreen,14,4,0,false,,false,,,,,,,false,false
452,Wheeljack,1,10,90,true,209D,true,209D-2,209D,33,109,476,490,true,false
452,Wheeljack,16,17,0,false,,false,,,,,,,false,false
453,Bluestreak,13,9,90,false,,false,,,,,,,false,false
453,Bumblebee,3,2,180,false,,false,,,,,,,false,false
453,Bumblebee,17,13,90,false,,false,,,,,,,false,false
453,Hound,9,20,0,true,209B,false,209B-2,209B,35,141,465,477,true,false
453,Hound,18,19,270,false,,false,,,,,,,false,false
453,Ironhide,1,2,90,true,209A,true,209A-1,209A,12,87,491,507,true,false
453,Ironhide,20,18,90,false,,false,,,,,,,false,false
453,Jazz,6,12,0,true,200A-3,false,200A-3-1,200A-3,16,111,464,479,true,false
453,Jazz,16,12,0,false,,false,,,,,,,false,false
453,Megatron,19,9,90,false,,false,,,,,,,false,false
453,Optimus,15,19,0,false,,false,,,,,,,false,false
453,Ratchet,19,17,90,false,,false,,,,,,,false,false
453,RedAlert,1,13,270,false,,false,,,,,,,false,false
453,RedAlert,15,17,0,false,,false,,,,,,,false,false
453,Sideswipe,19,11,90,true,200C-3,false,200C-3-1,200C-3,14,137,456,464,true,false
453,Sideswipe,19,13,90,false,,false,,,,,,,false,false
453,Smokescreen,14,4,0,false,,false,,,,,,,false,false
453,Wheeljack,1,11,90,true,209D,true,209D-2,209D,33,109,476,490,true,false
453,Wheeljack,16,17,0,false,,false,,,,,,,false,false
454,Bluestreak,13,9,90,false,,false,,,,,,,false,false
454,Bumblebee,2,2,180,false,,false,,,,,,,false,false
454,Bumblebee,17,13,90,false,,false,,,,,,,false,false
454,Hound,10,20,0,true,209B,false,209B-2,209B,35,141,465,477,true,false
454,Hound,18,19,270,false,,false,,,,,,,false,false
454,Ironhide,1,3,90,true,209A,true,209A-1,209A,12,87,491,507,true,false
454,Ironhide,20,18,90,false,,false,,,,,,,false,false
454,Jazz,7,12,0,true,200A-3,false,200A-3-1,200A-3,16,111,464,479,true,false
454,Jazz,16,12,0,false,,false,,,,,,,false,false
454,Megatron,19,9,90,false,,false,,,,,,,false,false
454,Optimus,15,19,0,false,,false,,,,,,,false,false
454,Ratchet,19,17,90,false,,false,,,,,,,false,false
454,RedAlert,1,12,270,false,,false,,,,,,,false,false
454,RedAlert,15,17,0,false,,false,,,,,,,false,false
454,Sideswipe,19,12,90,true,200C-3,false,200C-3-1,200C-3,14,137,456,464,true,false
454,Sideswipe,19,13,90,false,,false,,,,,,,false,false
454,Smokescreen,14,4,0,false,,false,,,,,,,false,false
454,Wheeljack,1,12,90,true,209D,true,209D-2,209D,33,109,476,490,true,false
454,Wheeljack,16,17,0,false,,false,,,,,,,false,false
455,Bluestreak,13,9,90,false,,false,,,,,,,false,false
455,Bumblebee,1,2,180,false,,false,,,,,,,false,false
455,Bumblebee,17,13,90,false,,false,,,,,,,false,false
455,Hound,11,20,0,true,209B,false,209B-2,209B,35,141,465,477,true,false
455,Hound,18,19,270,false,,false,,,,,,,false,false
455,Ironhide,1,4,90,true,209A,true,209A-1,209A,12,87,491,507,true,false
455,Ironhide,20,18,90,false,,false,,,,,,,false,false
455,Jazz,8,12,0,true,200A-3,false,200A-3-1,200A-3,16,111,464,479,true,false
455,Jazz,16,12,0,false,,false,,,,,,,false,false
455,Megatron,19,9,90,false,,false,,,,,,,false,false
455,Optimus,15,19,0,false,,false,,,,,,,false,false
455,Ratchet,19,17,90,false,,false,,,,,,,false,false
455,RedAlert,1,11,270,false,,false,,,,,,,false,false
455,RedAlert,15,17,0,false,,false,,,,,,,false,false
455,Sideswipe,19,13,90,true,200C-3,false,200C-3-1,200C-3,14,137,456,464,true,true
455,Sideswipe,19,13,90,false,,false,,,,,,,false,false
455,Smokescreen,14,4,0,false,,false,,,,,,,false,false
455,Wheeljack,1,13,90,true,209D,true,209D-2,209D,33,109,476,490,true,false
455,Wheeljack,16,17,0,false,,false,,,,,,,false,false
456,Bluestreak,13,9,90,false,,false,,,,,,,false,false
456,Bumblebee,1,2,180,true,200B-3,true,200B-3-1,200B-3,16,77,487,503,true,false
456,Bumblebee,17,13,90,false,,false,,,,,,,false,false
456,Hound,12,20,0,true,209B,false,209B-2,209B,35,141,465,477,true,false
456,Hound,18,19,270,false,,false,,,,,,,false,false
456,Ironhide,1,5,90,true,209A,true,209A-1,209A,12,87,491,507,true,false
456,Ironhide,20,18,90,false,,false,,,,,,,false,false
456,Jazz,9,12,0,true,200A-3,false,200A-3-1,200A-3,16,111,464,479,true,false
456,Jazz,16,12,0,false,,false,,,,,,,false,false
456,Megatron,19,9,90,false,,false,,,,,,,false,false
456,Optimus,15,19,0,false,,false,,,,,,,false,false
456,Ratchet,19,17,90,false,,false,,,,,,,false,false
456,RedAlert,1,10,270,false,,false,,,,,,,false,false
456,RedAlert,15,17,0,false,,false,,,,,,,false,false
456,Sideswipe,19,13,90,false,,false,,,,,,,false,false
456,Sideswipe,19,13,90,false,,false,,,,,,,false,false
456,Smokescreen,14,4,0,false,,false,,,,,,,false,false
456,Wheeljack,1,14,90,true,209D,true,209D-2,209D,33,109,476,490,true,false
456,Wheeljack,16,17,0,false,,false,,,,,,,false,false
457,Bluestreak,13,9,90,false,,false,,,,,,,false,false
457,Bumblebee,1,2,90,true,200B-3,true,200B-3-1,200B-3,16,77,487,503,true,false
457,Bumblebee,17,13,90,false,,false,,,,,,,false,false
457,Hound,13,20,0,true,209B,false,209B-2,209B,35,141,465,477,true,false
457,Hound,18,19,270,false,,false,,,,,,,false,false
457,Ironhide,1,6,90,true,209A,true,209A-1,209A,12,87,491,507,true,false
457,Ironhide,20,18,90,false,,false,,,,,,,false,false
457,Jazz,10,12,0,true,200A-3,false,200A-3-1,200A-3,16,111,464,479,true,false
457,Jazz,16,12,0,false,,false,,,,,,,false,false
457,Megatron,19,9,90,false,,false,,,,,,,false,false
457,Optimus,15,19,0,false,,false,,,,,,,false,false
457,Ratchet,19,17,90,false,,false,,,,,,,false,false
457,RedAlert,1,9,270,false,,false,,,,,,,false,false
457,RedAlert,15,17,0,false,,false,,,,,,,false,false
457,Sideswipe,19,13,90,false,,false,,,,,,,false,false
457,Smokescreen,14,4,0,false,,false,,,,,,,false,false
457,Wheeljack,1,15,90,true,209D,true,209D-2,209D,33,109,476,490,true,false
457,Wheeljack,16,17,0,false,,false,,,,,,,false,false
458,Bluestreak,13,9,90,false,,false,,,,,,,false,false
458,Bumblebee,1,3,90,true,200B-3,true,200B-3-1,200B-3,16,77,487,503,true,false
458,Bumblebee,17,13,90,false,,false,,,,,,,false,false
458,Hound,14,20,0,true,209B,false,209B-2,209B,35,141,465,477,true,false
458,Hound,18,19,270,false,,false,,,,,,,false,false
458,Ironhide,1,7,90,true,209A,true,209A-1,209A,12,87,491,507,true,false
458,Ironhide,20,18,90,false,,false,,,,,,,false,false
458,Jazz,11,12,0,true,200A-3,false,200A-3-1,200A-3,16,111,464,479,true,false
458,Jazz,16,12,0,false,,false,,,,,,,false,false
458,Megatron,19,9,90,false,,false,,,,,,,false,false
458,Optimus,15,19,0,false,,false,,,,,,,false,false
458,Ratchet,19,17,90,false,,false,,,,,,,false,false
458,RedAlert,1,8,270,false,,false,,,,,,,false,false
458,RedAlert,15,17,0,false,,false,,,,,,,false,false
458,Sideswipe,19,13,90,false,,false,,,,,,,false,false
458,Smokescreen,14,4,0,false,,false,,,,,,,false,false
458,Wheeljack,1,16,90,true,209D,true,209D-2,209D,33,109,476,490,true,false
458,Wheeljack,16,17,0,false,,false,,,,,,,false,false
459,Bluestreak,13,9,90,false,,false,,,,,,,false,false
459,Bumblebee,1,4,90,true,200B-3,true,200B-3-1,200B-3,16,77,487,503,true,false
459,Bumblebee,17,13,90,false,,false,,,,,,,false,false
459,Hound,15,20,0,true,209B,false,209B-2,209B,35,141,465,477,true,false
459,Hound,18,19,270,false,,false,,,,,,,false,false
459,Ironhide,1,8,90,true,209A,true,209A-1,209A,12,87,491,507,true,false
459,Ironhide,20,18,90,false,,false,,,,,,,false,false
459,Jazz,12,12,0,true,200A-3,false,200A-3-1,200A-3,16,111,464,479,true,false
459,Jazz,16,12,0,false,,false,,,,,,,false,false
459,Megatron,19,9,90,false,,false,,,,,,,false,false
459,Optimus,15,19,0,false,,false,,,,,,,false,false
459,Ratchet,19,17,90,false,,false,,,,,,,false,false
459,RedAlert,1,7,270,false,,false,,,,,,,false,false
459,RedAlert,15,17,0,false,,false,,,,,,,false,false
459,Sideswipe,19,13,90,false,,false,,,,,,,false,false
459,Smokescreen,14,4,0,false,,false,,,,,,,false,false
459,Wheeljack,1,17,90,true,209D,true,209D-2,209D,33,109,476,490,true,false
459,Wheeljack,16,17,0,false,,false,,,,,,,false,false
460,Bluestreak,13,9,90,false,,false,,,,,,,false,false
460,Bumblebee,1,5,90,true,200B-3,true,200B-3-1,200B-3,16,77,487,503,true,false
460,Bumblebee,17,13,90,false,,false,,,,,,,false,false
460,Hound,16,20,0,true,209B,false,209B-2,209B,35,141,465,477,true,false
460,Hound,18,19,270,false,,false,,,,,,,false,false
460,Ironhide,1,9,90,true,209A,true,209A-1,209A,12,87,491,507,true,false
460,Ironhide,20,18,90,false,,false,,,,,,,false,false
460,Jazz,13,12,0,true,200A-3,false,200A-3-1,200A-3,16,111,464,479,true,false
460,Jazz,16,12,0,false,,false,,,,,,,false,false
460,Megatron,19,9,90,false,,false,,,,,,,false,false
460,Optimus,15,19,0,false,,false,,,,,,,false,false
460,Ratchet,19,17,90,false,,false,,,,,,,false,false
460,RedAlert,1,6,270,false,,false,,,,,,,false,false
460,RedAlert,15,17,0,false,,false,,,,,,,false,false
460,Sideswipe,19,13,90,false,,false,,,,,,,false,false
460,Smokescreen,14,4,0,false,,false,,,,,,,false,false
460,Wheeljack,1,17,0,true,209D,true,209D-2,209D,33,109,476,490,true,false
460,Wheeljack,16,17,0,false,,false,,,,,,,false,false
461,Bluestreak,13,9,90,false,,false,,,,,,,false,false
461,Bumblebee,1,6,90,true,200B-3,true,200B-3-1,200B-3,16,77,487,503,true,false
461,Bumblebee,17,13,90,false,,false,,,,,,,false,false
461,Hound,17,20,0,true,209B,false,209B-2,209B,35,141,465,477,true,false
461,Hound,18,19,270,false,,false,,,,,,,false,false
461,Ironhide,1,10,90,true,209A,true,209A-1,209A,12,87,491,507,true,false
461,Ironhide,20,18,90,false,,false,,,,,,,false,false
461,Jazz,14,12,0,true,200A-3,false,200A-3-1,200A-3,16,111,464,479,true,false
461,Jazz,16,12,0,false,,false,,,,,,,false,false
461,Megatron,19,9,90,false,,false,,,,,,,false,false
461,Optimus,15,19,0,false,,false,,,,,,,false,false
461,Ratchet,19,17,90,false,,false,,,,,,,false,false
461,RedAlert,1,5,270,false,,false,,,,,,,false,false
461,RedAlert,15,17,0,false,,false,,,,,,,false,false
461,Sideswipe,19,13,90,false,,false,,,,,,,false,false
461,Smokescreen,14,4,0,false,,false,,,,,,,false,false
461,Wheeljack,2,17,0,true,209D,true,209D-2,209D,33,109,476,490,true,false
461,Wheeljack,16,17,0,false,,false,,,,,,,false,false
462,Bluestreak,13,9,90,false,,false,,,,,,,false,false
462,Bumblebee,1,7,90,true,200B-3,true,200B-3-1,200B-3,16,77,487,503,true,false
462,Bumblebee,17,13,90,false,,false,,,,,,,false,false
462,Hound,18,20,0,true,209B,false,209B-2,209B,35,141,465,477,true,false
462,Hound,18,19,270,false,,false,,,,,,,false,false
462,Ironhide,1,11,90,true,209A,true,209A-1,209A,12,87,491,507,true,false
462,Ironhide,20,18,90,false,,false,,,,,,,false,false
462,Jazz,15,12,0,true,200A-3,false,200A-3-1,200A-3,16,111,464,479,true,false
462,Jazz,16,12,0,false,,false,,,,,,,false,false
462,Megatron,19,9,90,false,,false,,,,,,,false,false
462,Optimus,15,19,0,false,,false,,,,,,,false,false
462,Ratchet,19,17,90,false,,false,,,,,,,false,false
462,RedAlert,1,4,270,false,,false,,,,,,,false,false
462,RedAlert,15,17,0,false,,false,,,,,,,false,false
462,Sideswipe,19,13,90,false,,false,,,,,,,false,false
462,Smokescreen,14,4,0,false,,false,,,,,,,false,false
462,Wheeljack,3,17,0,true,209D,true,209D-2,209D,33,109,476,490,true,false
462,Wheeljack,16,17,0,false,,false,,,,,,,false,false
463,Bluestreak,13,9,90,false,,false,,,,,,,false,false
463,Bumblebee,1,8,90,true,200B-3,true,200B-3-1,200B-3,16,77,487,503,true,false
463,Bumblebee,17,13,90,false,,false,,,,,,,false,false
463,Hound,18,20,270,true,209B,false,209B-2,209B,35,141,465,477,true,false
463,Hound,18,19,270,false,,false,,,,,,,false,false
463,Ironhide,1,12,90,true,209A,true,209A-1,209A,12,87,491,507,true,false
463,Ironhide,20,18,90,false,,false,,,,,,,false,false
463,Jazz,16,12,0,true,200A-3,false,200A-3-1,200A-3,16,111,464,479,true,true
463,Jazz,16,12,0,false,,false,,,,,,,false,false
463,Megatron,19,9,90,false,,false,,,,,,,false,false
463,Optimus,15,19,0,false,,false,,,,,,,false,false
463,Ratchet,19,17,90,false,,false,,,,,,,false,false
463,RedAlert,1,3,270,false,,false,,,,,,,false,false
463,RedAlert,15,17,0,false,,false,,,,,,,false,false
463,Sideswipe,19,13,90,false,,false,,,,,,,false,false
463,Smokescreen,14,4,0,false,,false,,,,,,,false,false
463,Wheeljack,4,17,0,true,209D,true,209D-2,209D,33,109,476,490,true,false
463,Wheeljack,16,17,0,false,,false,,,,,,,false,false
464,Bluestreak,13,9,90,false,,false,,,,,,,false,false
464,Bumblebee,1,9,90,true,200B-3,true,200B-3-1,200B-3,16,77,487,503,true,false
464,Bumblebee,17,13,90,false,,false,,,,,,,false,false
464,Hound,18,19,270,true,209B,false,209B-2,209B,35,141,465,477,true,true
464,Hound,18,19,270,false,,false,,,,,,,false,false
464,Ironhide,1,13,90,true,209A,true,209A-1,209A,12,87,491,507,true,false
464,Ironhide,20,18,90,false,,false,,,,,,,false,false
464,Jazz,16,12,0,false,,false,,,,,,,false,false
464,Jazz,16,12,0,false,,false,,,,,,,false,false
464,Megatron,19,9,90,false,,false,,,,,,,false,false
464,Optimus,15,19,0,false,,false,,,,,,,false,false
464,Ratchet,19,17,90,false,,false,,,,,,,false,false
464,RedAlert,1,2,270,false,,false,,,,,,,false,false
464,RedAlert,15,17,0,false,,false,,,,,,,false,false
464,Sideswipe,19,13,90,false,,false,,,,,,,false,false
464,Smokescreen,14,4,0,false,,false,,,,,,,false,false
464,Wheeljack,5,17,0,true,209D,true,209D-2,209D,33,109,476,490,true,false
464,Wheeljack,16,17,0,false,,false,,,,,,,false,false
465,Bluestreak,13,9,90,false,,false,,,,,,,false,false
465,Bumblebee,1,10,90,true,200B-3,true,200B-3-1,200B-3,16,77,487,503,true,false
465,Bumblebee,17,13,90,false,,false,,,,,,,false,false
465,Hound,18,19,270,false,,false,,,,,,,false,false
465,Hound,18,19,270,false,,false,,,,,,,false,false
465,Ironhide,1,14,90,true,209A,true,209A-1,209A,12,87,491,507,true,false
465,Ironhide,20,18,90,false,,false,,,,,,,false,false
465,Jazz,16,12,0,false,,false,,,,,,,false,false
465,Megatron,19,9,90,false,,false,,,,,,,false,false
465,Optimus,15,19,0,false,,false,,,,,,,false,false
465,Ratchet,19,17,90,false,,false,,,,,,,false,false
465,RedAlert,1,2,270,true,209E,false,209E-1,209E,13,115,497,508,true,false
465,RedAlert,15,17,0,false,,false,,,,,,,false,false
465,Sideswipe,19,13,90,false,,false,,,,,,,false,false
465,Smokescreen,14,4,0,false,,false,,,,,,,false,false
465,Wheeljack,6,17,0,true,209D,true,209D-2,209D,33,109,476,490,true,false
465,Wheeljack,16,17,0,false,,false,,,,,,,false,false
466,Bluestreak,13,9,90,false,,false,,,,,,,false,false
466,Bumblebee,1,11,90,true,200B-3,true,200B-3-1,200B-3,16,77,487,503,true,false
466,Bumblebee,17,13,90,false,,false,,,,,,,false,false
466,Hound,18,19,270,false,,false,,,,,,,false,false
466,Ironhide,1,15,90,true,209A,true,209A-1,209A,12,87,491,507,true,false
466,Ironhide,20,18,90,false,,false,,,,,,,false,false
466,Jazz,16,12,0,false,,false,,,,,,,false,false
466,Megatron,19,9,90,false,,false,,,,,,,false,false
466,Optimus,15,19,0,false,,false,,,,,,,false,false
466,Ratchet,19,17,90,false,,false,,,,,,,false,false
466,RedAlert,1,2,90,true,209E,false,209E-1,209E,13,115,497,508,true,false
466,RedAlert,15,17,0,false,,false,,,,,,,false,false
466,Sideswipe,19,13,90,false,,false,,,,,,,false,false
466,Smokescreen,14,4,0,false,,false,,,,,,,false,false
466,Wheeljack,7,17,0,true,209D,true,209D-2,209D,33,109,476,490,true,false
466,Wheeljack,16,17,0,false,,false,,,,,,,false,false
467,Bluestreak,13,9,90,false,,false,,,,,,,false,false
467,Bumblebee,1,11,0,true,200B-3,true,200B-3-1,200B-3,16,77,487,503,true,false
467,Bumblebee,17,13,90,false,,false,,,,,,,false,false
467,Hound,18,19,270,false,,false,,,,,,,false,false
467,Ironhide,1,16,90,true,209A,true,209A-1,209A,12,87,491,507,true,false
467,Ironhide,20,18,90,false,,false,,,,,,,false,false
467,Jazz,16,12,0,false,,false,,,,,,,false,false
467,Megatron,19,9,90,false,,false,,,,,,,false,false
467,Optimus,15,19,0,false,,false,,,,,,,false,false
467,Ratchet,19,17,90,false,,false,,,,,,,false,false
467,RedAlert,1,3,90,true,209E,false,209E-1,209E,13,115,497,508,true,false
467,RedAlert,15,17,0,false,,false,,,,,,,false,false
467,Sideswipe,19,13,90,false,,false,,,,,,,false,false
467,Smokescreen,14,4,0,false,,false,,,,,,,false,false
467,Wheeljack,8,17,0,true,209D,true,209D-2,209D,33,109,476,490,true,false
467,Wheeljack,16,17,0,false,,false,,,,,,,false,false
468,Bluestreak,13,9,90,false,,false,,,,,,,false,false
468,Bumblebee,2,11,0,true,200B-3,true,200B-3-1,200B-3,16,77,487,503,true,false
468,Bumblebee,17,13,90,false,,false,,,,,,,false,false
468,Hound,18,19,270,false,,false,,,,,,,false,false
468,Ironhide,1,16,0,true,209A,true,209A-1,209A,12,87,491,507,true,false
468,Ironhide,20,18,90,false,,false,,,,,,,false,false
468,Jazz,16,12,0,false,,false,,,,,,,false,false
468,Megatron,19,9,90,false,,false,,,,,,,false,false
468,Optimus,15,19,0,false,,false,,,,,,,false,false
468,Ratchet,19,17,90,false,,false,,,,,,,false,false
468,RedAlert,1,4,90,true,209E,false,209E-1,209E,13,115,497,508,true,false
468,RedAlert,15,17,0,false,,false,,,,,,,false,false
468,Sideswipe,19,13,90,false,,false,,,,,,,false,false
468,Smokescreen,14,4,0,false,,false,,,,,,,false,false
468,Wheeljack,9,17,0,true,209D,true,209D-2,209D,33,109,476,490,true,false
468,Wheeljack,16,17,0,false,,false,,,,,,,false,false
469,Bluestreak,13,9,90,false,,false,,,,,,,false,false
469,Bumblebee,3,11,0,true,200B-3,true,200B-3-1,200B-3,16,77,487,503,true,false
469,Bumblebee,17,13,90,false,,false,,,,,,,false,false
469,Hound,18,19,270,false,,false,,,,,,,false,false
469,Ironhide,2,16,0,true,209A,true,209A-1,209A,12,87,491,507,true,false
469,Ironhide,20,18,90,false,,false,,,,,,,false,false
469,Jazz,16,12,0,false,,false,,,,,,,false,false
469,Megatron,19,9,90,false,,false,,,,,,,false,false
469,Optimus,15,19,0,false,,false,,,,,,,false,false
469,Ratchet,19,17,90,false,,false,,,,,,,false,false
469,RedAlert,1,5,90,true,209E,false,209E-1,209E,13,115,497,508,true,false
469,RedAlert,15,17,0,false,,false,,,,,,,false,false
469,Sideswipe,19,13,90,false,,false,,,,,,,false,false
469,Smokescreen,14,4,0,false,,false,,,,,,,false,false
469,Wheeljack,10,17,0,true,209D,true,209D-2,209D,33,109,476,490,true,false
469,Wheeljack,16,17,0,false,,false,,,,,,,false,false
470,Bluestreak,13,9,90,false,,false,,,,,,,false,false
470,Bumblebee,4,11,0,true,200B-3,true,200B-3-1,200B-3,16,77,487,503,true,false
470,Bumblebee,17,13,90,false,,false,,,,,,,false,false
470,Hound,18,19,270,false,,false,,,,,,,false,false
470,Ironhide,3,16,0,true,209A,true,209A-1,209A,12,87,491,507,true,false
470,Ironhide,20,18,90,false,,false,,,,,,,false,false
470,Jazz,16,12,0,false,,false,,,,,,,false,false
470,Megatron,19,9,90,false,,false,,,,,,,false,false
470,Optimus,15,19,0,false,,false,,,,,,,false,false
470,Ratchet,19,17,90,false,,false,,,,,,,false,false
470,RedAlert,1,6,90,true,209E,false,209E-1,209E,13,115,497,508,true,false
470,RedAlert,15,17,0,false,,false,,,,,,,false,false
470,Sideswipe,19,13,90,false,,false,,,,,,,false,false
470,Smokescreen,14,4,0,false,,false,,,,,,,false,false
470,Wheeljack,11,17,0,true,209D,true,209D-2,209D,33,109,476,490,true,false
470,Wheeljack,16,17,0,false,,false,,,,,,,false,false
471,Bluestreak,13,9,90,false,,false,,,,,,,false,false
471,Bumblebee,5,11,0,true,200B-3,true,200B-3-1,200B-3,16,77,487,503,true,false
471,Bumblebee,17,13,90,false,,false,,,,,,,false,false
471,Hound,18,19,270,false,,false,,,,,,,false,false
471,Ironhide,4,16,0,true,209A,true,209A-1,209A,12,87,491,507,true,false
471,Ironhide,20,18,90,false,,false,,,,,,,false,false
471,Jazz,16,12,0,false,,false,,,,,,,false,false
471,Megatron,19,9,90,false,,false,,,,,,,false,false
471,Optimus,15,19,0,false,,false,,,,,,,false,false
471,Ratchet,19,17,90,false,,false,,,,,,,false,false
471,RedAlert,1,7,90,true,209E,false,209E-1,209E,13,115,497,508,true,false
471,RedAlert,15,17,0,false,,false,,,,,,,false,false
471,Sideswipe,19,13,90,false,,false,,,,,,,false,false
471,Smokescreen,14,4,0,false,,false,,,,,,,false,false
471,Wheeljack,12,17,0,true,209D,true,209D-2,209D,33,109,476,490,true,false
471,Wheeljack,16,17,0,false,,false,,,,,,,false,false
472,Bluestreak,13,9,90,false,,false,,,,,,,false,false
472,Bumblebee,6,11,0,true,200B-3,true,200B-3-1,200B-3,16,77,487,503,true,false
472,Bumblebee,17,13,90,false,,false,,,,,,,false,false
472,Hound,18,19,270,false,,false,,,,,,,false,false
472,Ironhide,5,16,0,true,209A,true,209A-1,209A,12,87,491,507,true,false
472,Ironhide,20,18,90,false,,false,,,,,,,false,false
472,Jazz,16,12,0,false,,false,,,,,,,false,false
472,Megatron,19,9,90,false,,false,,,,,,,false,false
472,Optimus,15,19,0,false,,false,,,,,,,false,false
472,Ratchet,19,17,90,false,,false,,,,,,,false,false
472,RedAlert,1,8,90,true,209E,false,209E-1,209E,13,115,497,508,true,false
472,RedAlert,15,17,0,false,,false,,,,,,,false,false
472,Sideswipe,19,13,90,false,,false,,,,,,,false,false
472,Smokescreen,14,4,0,false,,false,,,,,,,false,false
472,Wheeljack,13,17,0,true,209D,true,209D-2,209D,33,109,476,490,true,false
472,Wheeljack,16,17,0,false,,false,,,,,,,false,false
473,Bluestreak,13,9,90,false,,false,,,,,,,false,false
473,Bumblebee,7,11,0,true,200B-3,true,200B-3-1,200B-3,16,77,487,503,true,false
473,Bumblebee,17,13,90,false,,false,,,,,,,false,false
473,Hound,18,19,270,false,,false,,,,,,,false,false
473,Ironhide,6,16,0,true,209A,true,209A-1,209A,12,87,491,507,true,false
473,Ironhide,20,18,90,false,,false,,,,,,,false,false
473,Jazz,16,12,0,false,,false,,,,,,,false,false
473,Megatron,19,9,90,false,,false,,,,,,,false,false
473,Optimus,15,19,0,false,,false,,,,,,,false,false
473,Ratchet,19,17,90,false,,false,,,,,,,false,false
473,RedAlert,1,9,90,true,209E,false,209E-1,209E,13,115,497,508,true,false
473,RedAlert,15,17,0,false,,false,,,,,,,false,false
473,Sideswipe,19,13,90,false,,false,,,,,,,false,false
473,Smokescreen,14,4,0,false,,false,,,,,,,false,false
473,Wheeljack,14,17,0,true,209D,true,209D-2,209D,33,109,476,490,true,false
473,Wheeljack,16,17,0,false,,false,,,,,,,false,false
474,Bluestreak,13,9,90,false,,false,,,,,,,false,false
474,Bumblebee,8,11,0,true,200B-3,true,200B-3-1,200B-3,16,77,487,503,true,false
474,Bumblebee,17,13,90,false,,false,,,,,,,false,false
474,Hound,18,19,270,false,,false,,,,,,,false,false
474,Ironhide,7,16,0,true,209A,true,209A-1,209A,12,87,491,507,true,false
474,Ironhide,20,18,90,false,,false,,,,,,,false,false
474,Jazz,16,12,0,false,,false,,,,,,,false,false
474,Megatron,19,9,90,false,,false,,,,,,,false,false
474,Optimus,15,19,0,false,,false,,,,,,,false,false
474,Ratchet,19,17,90,false,,false,,,,,,,false,false
474,RedAlert,1,10,90,true,209E,false,209E-1,209E,13,115,497,508,true,false
474,RedAlert,15,17,0,false,,false,,,,,,,false,false
474,Sideswipe,19,13,90,false,,false,,,,,,,false,false
474,Smokescreen,14,4,0,false,,false,,,,,,,false,false
474,Wheeljack,15,17,0,true,209D,true,209D-2,209D,33,109,476,490,true,false
474,Wheeljack,16,17,0,false,,false,,,,,,,false,false
475,Bluestreak,13,9,90,false,,false,,,,,,,false,false
475,Bumblebee,9,11,0,true,200B-3,true,200B-3-1,200B-3,16,77,487,503,true,false
475,Bumblebee,17,13,90,false,,false,,,,,,,false,false
475,Hound,18,19,270,false,,false,,,,,,,false,false
475,Ironhide,8,16,0,true,209A,true,209A-1,209A,12,87,491,507,true,false
475,Ironhide,20,18,90,false,,false,,,,,,,false,false
475,Jazz,16,12,0,false,,false,,,,,,,false,false
475,Megatron,19,9,90,false,,false,,,,,,,false,false
475,Optimus,15,19,0,false,,false,,,,,,,false,false
475,Ratchet,19,17,90,false,,false,,,,,,,false,false
475,RedAlert,1,11,90,true,209E,false,209E-1,209E,13,115,497,508,true,false
475,RedAlert,15,17,0,false,,false,,,,,,,false,false
475,Sideswipe,19,13,90,false,,false,,,,,,,false,false
475,Smokescreen,14,4,0,false,,false,,,,,,,false,false
475,Wheeljack,16,17,0,true,209D,true,209D-2,209D,33,109,476,490,true,true
475,Wheeljack,16,17,0,false,,false,,,,,,,false,false
476,Bluestreak,13,9,90,false,,false,,,,,,,false,false
476,Bumblebee,10,11,0,true,200B-3,true,200B-3-1,200B-3,16,77,487,503,true,false
476,Bumblebee,17,13,90,false,,false,,,,,,,false,false
476,Hound,18,19,270,false,,false,,,,,,,false,false
476,Ironhide,9,16,0,true,209A,true,209A-1,209A,12,87,491,507,true,false
476,Ironhide,20,18,90,false,,false,,,,,,,false,false
476,Jazz,16,12,0,false,,false,,,,,,,false,false
476,Megatron,19,9,90,false,,false,,,,,,,false,false
476,Optimus,15,19,0,false,,false,,,,,,,false,false
476,Ratchet,19,17,90,false,,false,,,,,,,false,false
476,RedAlert,1,12,90,true,209E,false,209E-1,209E,13,115,497,508,true,false
476,RedAlert,15,17,0,false,,false,,,,,,,false,false
476,Sideswipe,19,13,90,false,,false,,,,,,,false,false
476,Smokescreen,14,4,0,false,,false,,,,,,,false,false
476,Wheeljack,16,17,0,false,,false,,,,,,,false,false
476,Wheeljack,16,17,0,false,,false,,,,,,,false,false
477,Bluestreak,13,9,90,false,,false,,,,,,,false,false
477,Bumblebee,11,11,0,true,200B-3,true,200B-3-1,200B-3,16,77,487,503,true,false
477,Bumblebee,17,13,90,false,,false,,,,,,,false,false
477,Hound,18,19,270,false,,false,,,,,,,false,false
477,Ironhide,10,16,0,true,209A,true,209A-1,209A,12,87,491,507,true,false
477,Ironhide,20,18,90,false,,false,,,,,,,false,false
477,Jazz,16,12,0,false,,false,,,,,,,false,false
477,Megatron,19,9,90,false,,false,,,,,,,false,false
477,Optimus,15,19,0,false,,false,,,,,,,false,false
477,Ratchet,19,17,90,false,,false,,,,,,,false,false
477,RedAlert,1,13,90,true,209E,false,209E-1,209E,13,115,497,508,true,false
477,RedAlert,15,17,0,false,,false,,,,,,,false,false
477,Sideswipe,19,13,90,false,,false,,,,,,,false,false
477,Smokescreen,14,4,0,false,,false,,,,,,,false,false
477,Wheeljack,16,17,0,false,,false,,,,,,,false,false
478,Bluestreak,13,9,90,false,,false,,,,,,,false,false
478,Bumblebee,12,11,0,true,200B-3,true,200B-3-1,200B-3,16,77,487,503,true,false
478,Bumblebee,17,13,90,false,,false,,,,,,,false,false
478,Hound,18,19,270,false,,false,,,,,,,false,false
478,Ironhide,11,16,0,true,209A,true,209A-1,209A,12,87,491,507,true,false
478,Ironhide,20,18,90,false,,false,,,,,,,false,false
478,Jazz,16,12,0,false,,false,,,,,,,false,false
478,Megatron,19,9,90,false,,false,,,,,,,false,false
478,Optimus,15,19,0,false,,false,,,,,,,false,false
478,Ratchet,19,17,90,false,,false,,,,,,,false,false
478,RedAlert,1,14,90,true,209E,false,209E-1,209E,13,115,497,508,true,false
478,RedAlert,15,17,0,false,,false,,,,,,,false,false
478,Sideswipe,19,13,90,false,,false,,,,,,,false,false
478,Smokescreen,14,4,0,false,,false,,,,,,,false,false
478,Wheeljack,16,17,0,false,,false,,,,,,,false,false
479,Bluestreak,13,9,90,false,,false,,,,,,,false,false
479,Bumblebee,13,11,0,true,200B-3,true,200B-3-1,200B-3,16,77,487,503,true,false
479,Bumblebee,17,13,90,false,,false,,,,,,,false,false
479,Hound,18,19,270,false,,false,,,,,,,false,false
479,Ironhide,12,16,0,true,209A,true,209A-1,209A,12,87,491,507,true,false
479,Ironhide,20,18,90,false,,false,,,,,,,false,false
479,Jazz,16,12,0,false,,false,,,,,,,false,false
479,Megatron,19,9,90,false,,false,,,,,,,false,false
479,Optimus,15,19,0,false,,false,,,,,,,false,false
479,Ratchet,19,17,90,false,,false,,,,,,,false,false
479,RedAlert,1,15,90,true,209E,false,209E-1,209E,13,115,497,508,true,false
479,RedAlert,15,17,0,false,,false,,,,,,,false,false
479,Sideswipe,19,13,90,false,,false,,,,,,,false,false
479,Smokescreen,14,4,0,false,,false,,,,,,,false,false
479,Wheeljack,16,17,0,false,,false,,,,,,,false,false
480,Bluestreak,13,9,90,false,,false,,,,,,,false,false
480,Bumblebee,14,11,0,true,200B-3,true,200B-3-1,200B-3,16,77,487,503,true,false
480,Bumblebee,17,13,90,false,,false,,,,,,,false,false
480,Hound,18,19,270,false,,false,,,,,,,false,false
480,Ironhide,13,16,0,true,209A,true,209A-1,209A,12,87,491,507,true,false
480,Ironhide,20,18,90,false,,false,,,,,,,false,false
480,Jazz,16,12,0,false,,false,,,,,,,false,false
480,Megatron,19,9,90,false,,false,,,,,,,false,false
480,Optimus,15,19,0,false,,false,,,,,,,false,false
480,Ratchet,19,17,90,false,,false,,,,,,,false,false
480,RedAlert,1,16,90,true,209E,false,209E-1,209E,13,115,497,508,true,false
480,RedAlert,15,17,0,false,,false,,,,,,,false,false
480,Sideswipe,19,13,90,false,,false,,,,,,,false,false
480,Smokescreen,14,4,0,false,,false,,,,,,,false,false
480,Wheeljack,16,17,0,false,,false,,,,,,,false,false
481,Bluestreak,13,9,90,false,,false,,,,,,,false,false
481,Bumblebee,15,11,0,true,200B-3,true,200B-3-1,200B-3,16,77,487,503,true,false
481,Bumblebee,17,13,90,false,,false,,,,,,,false,false
481,Hound,18,19,270,false,,false,,,,,,,false,false
481,Ironhide,14,16,0,true,209A,true,209A-1,209A,12,87,491,507,true,false
481,Ironhide,20,18,90,false,,false,,,,,,,false,false
481,Jazz,16,12,0,false,,false,,,,,,,false,false
481,Megatron,19,9,90,false,,false,,,,,,,false,false
481,Optimus,15,19,0,false,,false,,,,,,,false,false
481,Ratchet,19,17,90,false,,false,,,,,,,false,false
481,RedAlert,1,17,90,true,209E,false,209E-1,209E,13,115,497,508,true,false
481,RedAlert,15,17,0,false,,false,,,,,,,false,false
481,Sideswipe,19,13,90,false,,false,,,,,,,false,false
481,Smokescreen,14,4,0,false,,false,,,,,,,false,false
481,Wheeljack,16,17,0,false,,false,,,,,,,false,false
482,Bluestreak,13,9,90,false,,false,,,,,,,false,false
482,Bumblebee,16,11,0,true,200B-3,true,200B-3-1,200B-3,16,77,487,503,true,false
482,Bumblebee,17,13,90,false,,false,,,,,,,false,false
482,Hound,18,19,270,false,,false,,,,,,,false,false
482,Ironhide,15,16,0,true,209A,true,209A-1,209A,12,87,491,507,true,false
482,Ironhide,20,18,90,false,,false,,,,,,,false,false
482,Jazz,16,12,0,false,,false,,,,,,,false,false
482,Megatron,19,9,90,false,,false,,,,,,,false,false
482,Optimus,15,19,0,false,,false,,,,,,,false,false
482,Ratchet,19,17,90,false,,false,,,,,,,false,false
482,RedAlert,1,17,0,true,209E,false,209E-1,209E,13,115,497,508,true,false
482,RedAlert,15,17,0,false,,false,,,,,,,false,false
482,Sideswipe,19,13,90,false,,false,,,,,,,false,false
482,Smokescreen,14,4,0,false,,false,,,,,,,false,false
482,Wheeljack,16,17,0,false,,false,,,,,,,false,false
483,Bluestreak,13,9,90,false,,false,,,,,,,false,false
483,Bumblebee,17,11,0,true,200B-3,true,200B-3-1,200B-3,16,77,487,503,true,false
483,Bumblebee,17,13,90,false,,false,,,,,,,false,false
483,Hound,18,19,270,false,,false,,,,,,,false,false
483,Ironhide,16,16,0,true,209A,true,209A-1,209A,12,87,491,507,true,false
483,Ironhide,20,18,90,false,,false,,,,,,,false,false
483,Jazz,16,12,0,false,,false,,,,,,,false,false
483,Megatron,19,9,90,false,,false,,,,,,,false,false
483,Optimus,15,19,0,false,,false,,,,,,,false,false
483,Ratchet,19,17,90,false,,false,,,,,,,false,false
483,RedAlert,2,17,0,true,209E,false,209E-1,209E,13,115,497,508,true,false
483,RedAlert,15,17,0,false,,false,,,,,,,false,false
483,Sideswipe,19,13,90,false,,false,,,,,,,false,false
483,Smokescreen,14,4,0,false,,false,,,,,,,false,false
483,Wheeljack,16,17,0,false,,false,,,,,,,false,false
484,Bluestreak,13,9,90,false,,false,,,,,,,false,false
484,Bumblebee,17,11,90,true,200B-3,true,200B-3-1,200B-3,16,77,487,503,true,false
484,Bumblebee,17,13,90,false,,false,,,,,,,false,false
484,Hound,18,19,270,false,,false,,,,,,,false,false
484,Ironhide,17,16,0,true,209A,true,209A-1,209A,12,87,491,507,true,false
484,Ironhide,20,18,90,false,,false,,,,,,,false,false
484,Jazz,16,12,0,false,,false,,,,,,,false,false
484,Megatron,19,9,90,false,,false,,,,,,,false,false
484,Optimus,15,19,0,false,,false,,,,,,,false,false
484,Ratchet,19,17,90,false,,false,,,,,,,false,false
484,RedAlert,3,17,0,true,209E,false,209E-1,209E,13,115,497,508,true,false
484,RedAlert,15,17,0,false,,false,,,,,,,false,false
484,Sideswipe,19,13,90,false,,false,,,,,,,false,false
484,Smokescreen,14,4,0,false,,false,,,,,,,false,false
484,Wheeljack,16,17,0,false,,false,,,,,,,false,false
485,Bluestreak,13,9,90,false,,false,,,,,,,false,false
485,Bumblebee,17,12,90,true,200B-3,true,200B-3-1,200B-3,16,77,487,503,true,false
485,Bumblebee,17,13,90,false,,false,,,,,,,false,false
485,Hound,18,19,270,false,,false,,,,,,,false,false
485,Ironhide,18,16,0,true,209A,true,209A-1,209A,12,87,491,507,true,false
485,Ironhide,20,18,90,false,,false,,,,,,,false,false
485,Jazz,16,12,0,false,,false,,,,,,,false,false
485,Megatron,19,9,90,false,,false,,,,,,,false,false
485,Optimus,15,19,0,false,,false,,,,,,,false,false
485,Ratchet,19,17,90,false,,false,,,,,,,false,false
485,RedAlert,4,17,0,true,209E,false,209E-1,209E,13,115,497,508,true,false
485,RedAlert,15,17,0,false,,false,,,,,,,false,false
485,Sideswipe,19,13,90,false,,false,,,,,,,false,false
485,Smokescreen,14,4,0,false,,false,,,,,,,false,false
485,Wheeljack,16,17,0,false,,false,,,,,,,false,false
486,Bluestreak,13,9,90,false,,false,,,,,,,false,false
486,Bumblebee,17,13,90,true,200B-3,true,200B-3-1,200B-3,16,77,487,503,true,true
486,Bumblebee,17,13,90,false,,false,,,,,,,false,false
486,Hound,18,19,270,false,,false,,,,,,,false,false
486,Ironhide,19,16,0,true,209A,true,209A-1,209A,12,87,491,507,true,false
486,Ironhide,20,18,90,false,,false,,,,,,,false,false
486,Jazz,16,12,0,false,,false,,,,,,,false,false
486,Megatron,19,9,90,false,,false,,,,,,,false,false
486,Optimus,15,19,0,false,,false,,,,,,,false,false
486,Ratchet,19,17,90,false,,false,,,,,,,false,false
486,RedAlert,5,17,0,true,209E,false,209E-1,209E,13,115,497,508,true,false
486,RedAlert,15,17,0,false,,false,,,,,,,false,false
486,Sideswipe,19,13,90,false,,false,,,,,,,false,false
486,Smokescreen,14,4,0,false,,false,,,,,,,false,false
486,Wheeljack,16,17,0,false,,false,,,,,,,false,false
487,Bluestreak,13,9,90,false,,false,,,,,,,false,false
487,Bumblebee,17,13,90,false,,false,,,,,,,false,false
487,Bumblebee,17,13,90,false,,false,,,,,,,false,false
487,Hound,18,19,270,false,,false,,,,,,,false,false
487,Ironhide,20,16,0,true,209A,true,209A-1,209A,12,87,491,507,true,false
487,Ironhide,20,18,90,false,,false,,,,,,,false,false
487,Jazz,16,12,0,false,,false,,,,,,,false,false
487,Megatron,19,9,90,false,,false,,,,,,,false,false
487,Optimus,15,19,0,false,,false,,,,,,,false,false
487,Ratchet,19,17,90,false,,false,,,,,,,false,false
487,RedAlert,6,17,0,true,209E,false,209E-1,209E,13,115,497,508,true,false
487,RedAlert,15,17,0,false,,false,,,,,,,false,false
487,Sideswipe,19,13,90,false,,false,,,,,,,false,false
487,Smokescreen,14,4,0,false,,false,,,,,,,false,false
487,Wheeljack,16,17,0,false,,false,,,,,,,false,false
488,Bluestreak,13,9,90,false,,false,,,,,,,false,false
488,Bumblebee,17,13,90,false,,false,,,,,,,false,false
488,Hound,18,19,270,false,,false,,,,,,,false,false
488,Ironhide,20,16,90,true,209A,true,209A-1,209A,12,87,491,507,true,false
488,Ironhide,20,18,90,false,,false,,,,,,,false,false
488,Jazz,16,12,0,false,,false,,,,,,,false,false
488,Megatron,19,9,90,false,,false,,,,,,,false,false
488,Optimus,15,19,0,false,,false,,,,,,,false,false
488,Ratchet,19,17,90,false,,false,,,,,,,false,false
488,RedAlert,7,17,0,true,209E,false,209E-1,209E,13,115,497,508,true,false
488,RedAlert,15,17,0,false,,false,,,,,,,false,false
488,Sideswipe,19,13,90,false,,false,,,,,,,false,false
488,Smokescreen,14,4,0,false,,false,,,,,,,false,false
488,Wheeljack,16,17,0,false,,false,,,,,,,false,false
489,Bluestreak,13,9,90,false,,false,,,,,,,false,false
489,Bumblebee,17,13,90,false,,false,,,,,,,false,false
489,Hound,18,19,270,false,,false,,,,,,,false,false
489,Ironhide,20,17,90,true,209A,true,209A-1,209A,12,87,491,507,true,false
489,Ironhide,20,18,90,false,,false,,,,,,,false,false
489,Jazz,16,12,0,false,,false,,,,,,,false,false
489,Megatron,19,9,90,false,,false,,,,,,,false,false
489,Optimus,15,19,0,false,,false,,,,,,,false,false
489,Ratchet,19,17,90,false,,false,,,,,,,false,false
489,RedAlert,8,17,0,true,209E,false,209E-1,209E,13,115,497,508,true,false
489,RedAlert,15,17,0,false,,false,,,,,,,false,false
489,Sideswipe,19,13,90,false,,false,,,,,,,false,false
489,Smokescreen,14,4,0,false,,false,,,,,,,false,false
489,Wheeljack,16,17,0,false,,false,,,,,,,false,false
490,Bluestreak,13,9,90,false,,false,,,,,,,false,false
490,Bumblebee,17,13,90,false,,false,,,,,,,false,false
490,Hound,18,19,270,false,,false,,,,,,,false,false
490,Ironhide,20,18,90,true,209A,true,209A-1,209A,12,87,491,507,true,true
490,Ironhide,20,18,90,false,,false,,,,,,,false,false
490,Jazz,16,12,0,false,,false,,,,,,,false,false
490,Megatron,19,9,90,false,,false,,,,,,,false,false
490,Optimus,15,19,0,false,,false,,,,,,,false,false
490,Ratchet,19,17,90,false,,false,,,,,,,false,false
490,RedAlert,9,17,0,true,209E,false,209E-1,209E,13,115,497,508,true,false
490,RedAlert,15,17,0,false,,false,,,,,,,false,false
490,Sideswipe,19,13,90,false,,false,,,,,,,false,false
490,Smokescreen,14,4,0,false,,false,,,,,,,false,false
490,Wheeljack,16,17,0,false,,false,,,,,,,false,false
491,Bluestreak,13,9,90,false,,false,,,,,,,false,false
491,Bumblebee,17,13,90,false,,false,,,,,,,false,false
491,Hound,18,19,270,false,,false,,,,,,,false,false
491,Ironhide,20,18,90,false,,false,,,,,,,false,false
491,Ironhide,20,18,90,false,,false,,,,,,,false,false
491,Jazz,16,12,0,false,,false,,,,,,,false,false
491,Megatron,19,9,90,false,,false,,,,,,,false,false
491,Optimus,15,19,0,false,,false,,,,,,,false,false
491,Ratchet,19,17,90,false,,false,,,,,,,false,false
491,RedAlert,10,17,0,true,209E,false,209E-1,209E,13,115,497,508,true,false
491,RedAlert,15,17,0,false,,false,,,,,,,false,false
491,Sideswipe,19,13,90,false,,false,,,,,,,false,false
491,Smokescreen,14,4,0,false,,false,,,,,,,false,false
491,Wheeljack,16,17,0,false,,false,,,,,,,false,false
492,Bluestreak,13,9,90,false,,false,,,,,,,false,false
492,Bumblebee,17,13,90,false,,false,,,,,,,false,false
492,Hound,18,19,270,false,,false,,,,,,,false,false
492,Ironhide,20,18,90,false,,false,,,,,,,false,false
492,Jazz,16,12,0,false,,false,,,,,,,false,false
492,Megatron,19,9,90,false,,false,,,,,,,false,false
492,Optimus,15,19,0,false,,false,,,,,,,false,false
492,Ratchet,19,17,90,false,,false,,,,,,,false,false
492,RedAlert,11,17,0,true,209E,false,209E-1,209E,13,115,497,508,true,false
492,RedAlert,15,17,0,false,,false,,,,,,,false,false
492,Sideswipe,19,13,90,false,,false,,,,,,,false,false
492,Smokescreen,14,4,0,false,,false,,,,,,,false,false
492,Wheeljack,16,17,0,false,,false,,,,,,,false,false
493,Bluestreak,13,9,90,false,,false,,,,,,,false,false
493,Bumblebee,17,13,90,false,,false,,,,,,,false,false
493,Hound,18,19,270,false,,false,,,,,,,false,false
493,Ironhide,20,18,90,false,,false,,,,,,,false,false
493,Jazz,16,12,0,false,,false,,,,,,,false,false
493,Megatron,19,9,90,false,,false,,,,,,,false,false
493,Optimus,15,19,0,false,,false,,,,,,,false,false
493,Ratchet,19,17,90,false,,false,,,,,,,false,false
493,RedAlert,12,17,0,true,209E,false,209E-1,209E,13,115,497,508,true,false
493,RedAlert,15,17,0,false,,false,,,,,,,false,false
493,Sideswipe,19,13,90,false,,false,,,,,,,false,false
493,Smokescreen,14,4,0,false,,false,,,,,,,false,false
493,Wheeljack,16,17,0,false,,false,,,,,,,false,false
494,Bluestreak,13,9,90,false,,false,,,,,,,false,false
494,Bumblebee,17,13,90,false,,false,,,,,,,false,false
494,Hound,18,19,270,false,,false,,,,,,,false,false
494,Ironhide,20,18,90,false,,false,,,,,,,false,false
494,Jazz,16,12,0,false,,false,,,,,,,false,false
494,Megatron,19,9,90,false,,false,,,,,,,false,false
494,Optimus,15,19,0,false,,false,,,,,,,false,false
494,Ratchet,19,17,90,false,,false,,,,,,,false,false
494,RedAlert,13,17,0,true,209E,false,209E-1,209E,13,115,497,508,true,false
494,RedAlert,15,17,0,false,,false,,,,,,,false,false
494,Sideswipe,19,13,90,false,,false,,,,,,,false,false
494,Smokescreen,14,4,0,false,,false,,,,,,,false,false
494,Wheeljack,16,17,0,false,,false,,,,,,,false,false
495,Bluestreak,13,9,90,false,,false,,,,,,,false,false
495,Bumblebee,17,13,90,false,,false,,,,,,,false,false
495,Hound,18,19,270,false,,false,,,,,,,false,false
495,Ironhide,20,18,90,false,,false,,,,,,,false,false
495,Jazz,16,12,0,false,,false,,,,,,,false,false
495,Megatron,19,9,90,false,,false,,,,,,,false,false
495,Optimus,15,19,0,false,,false,,,,,,,false,false
495,Ratchet,19,17,90,false,,false,,,,,,,false,false
495,RedAlert,14,17,0,true,209E,false,209E-1,209E,13,115,497,508,true,false
495,RedAlert,15,17,0,false,,false,,,,,,,false,false
495,Sideswipe,19,13,90,false,,false,,,,,,,false,false
495,Smokescreen,14,4,0,false,,false,,,,,,,false,false
495,Wheeljack,16,17,0,false,,false,,,,,,,false,false
496,Bluestreak,13,9,90,false,,false,,,,,,,false,false
496,Bumblebee,17,13,90,false,,false,,,,,,,false,false
496,Hound,18,19,270,false,,false,,,,,,,false,false
496,Ironhide,20,18,90,false,,false,,,,,,,false,false
496,Jazz,16,12,0,false,,false,,,,,,,false,false
496,Megatron,19,9,90,false,,false,,,,,,,false,false
496,Optimus,15,19,0,false,,false,,,,,,,false,false
496,Ratchet,19,17,90,false,,false,,,,,,,false,false
496,RedAlert,15,17,0,true,209E,false,209E-1,209E,13,115,497,508,true,true
496,RedAlert,15,17,0,false,,false,,,,,,,false,false
496,Sideswipe,19,13,90,false,,false,,,,,,,false,false
496,Smokescreen,14,4,0,false,,false,,,,,,,false,false
496,Wheeljack,16,17,0,false,,false,,,,,,,false,false
497,Bluestreak,13,9,90,false,,false,,,,,,,false,false
497,Bumblebee,17,13,90,false,,false,,,,,,,false,false
497,Hound,18,19,270,false,,false,,,,,,,false,false
497,Ironhide,20,18,90,false,,false,,,,,,,false,false
497,Jazz,16,12,0,false,,false,,,,,,,false,false
497,Megatron,19,9,90,false,,false,,,,,,,false,false
497,Optimus,15,19,0,false,,false,,,,,,,false,false
497,Ratchet,19,17,90,false,,false,,,,,,,false,false
497,RedAlert,15,17,0,false,,false,,,,,,,false,false
497,RedAlert,15,17,0,false,,false,,,,,,,false,false
497,Sideswipe,19,13,90,false,,false,,,,,,,false,false
497,Smokescreen,14,4,0,false,,false,,,,,,,false,false
497,Wheeljack,16,17,0,false,,false,,,,,,,false,false
498,Bluestreak,13,9,90,false,,false,,,,,,,false,false
498,Bumblebee,17,13,90,false,,false,,,,,,,false,false
498,Hound,18,19,270,false,,false,,,,,,,false,false
498,Ironhide,20,18,90,false,,false,,,,,,,false,false
498,Jazz,16,12,0,false,,false,,,,,,,false,false
498,Megatron,19,9,90,false,,false,,,,,,,false,false
498,Optimus,15,19,0,false,,false,,,,,,,false,false
498,Ratchet,19,17,90,false,,false,,,,,,,false,false
498,RedAlert,15,17,0,false,,false,,,,,,,false,false
498,Sideswipe,19,13,90,false,,false,,,,,,,false,false
498,Smokescreen,14,4,0,false,,false,,,,,,,false,false
498,Wheeljack,16,17,0,false,,false,,,,,,,false,false
499,Bluestreak,13,9,90,false,,false,,,,,,,false,false
499,Bumblebee,17,13,90,false,,false,,,,,,,false,false
499,Hound,18,19,270,false,,false,,,,,,,false,false
499,Ironhide,20,18,90,false,,false,,,,,,,false,false
499,Jazz,16,12,0,false,,false,,,,,,,false,false
499,Megatron,19,9,90,false,,false,,,,,,,false,false
499,Optimus,15,19,0,false,,false,,,,,,,false,false
499,Ratchet,19,17,90,false,,false,,,,,,,false,false
499,RedAlert,15,17,0,false,,false,,,,,,,false,false
499,Sideswipe,19,13,90,false,,false,,,,,,,false,false
499,Smokescreen,14,4,0,false,,false,,,,,,,false,false
499,Wheeljack,16,17,0,false,,false,,,,,,,false,false
500,Bluestreak,13,9,90,false,,false,,,,,,,false,false
500,Bumblebee,17,13,90,false,,false,,,,,,,false,false
500,Hound,18,19,270,false,,false,,,,,,,false,false
500,Ironhide,20,18,90,false,,false,,,,,,,false,false
500,Jazz,16,12,0,false,,false,,,,,,,false,false
500,Megatron,19,9,90,false,,false,,,,,,,false,false
500,Optimus,15,19,0,false,,false,,,,,,,false,false
500,Ratchet,19,17,90,false,,false,,,,,,,false,false
500,RedAlert,15,17,0,false,,false,,,,,,,false,false
500,Sideswipe,19,13,90,false,,false,,,,,,,false,false
500,Smokescreen,14,4,0,false,,false,,,,,,,false,false
500,Wheeljack,16,17,0,false,,false,,,,,,,false,false
501,Bluestreak,13,9,90,false,,false,,,,,,,false,false
501,Bumblebee,17,13,90,false,,false,,,,,,,false,false
501,Hound,18,19,270,false,,false,,,,,,,false,false
501,Ironhide,20,18,90,false,,false,,,,,,,false,false
501,Jazz,16,12,0,false,,false,,,,,,,false,false
501,Megatron,19,9,90,false,,false,,,,,,,false,false
501,Optimus,15,19,0,false,,false,,,,,,,false,false
501,Ratchet,19,17,90,false,,false,,,,,,,false,false
501,RedAlert,15,17,0,false,,false,,,,,,,false,false
501,Sideswipe,19,13,90,false,,false,,,,,,,false,false
501,Smokescreen,14,4,0,false,,false,,,,,,,false,false
501,Wheeljack,16,17,0,false,,false,,,,,,,false,false
502,Bluestreak,13,9,90,false,,false,,,,,,,false,false
502,Bumblebee,17,13,90,false,,false,,,,,,,false,false
502,Hound,18,19,270,false,,false,,,,,,,false,false
502,Ironhide,20,18,90,false,,false,,,,,,,false,false
502,Jazz,16,12,0,false,,false,,,,,,,false,false
502,Megatron,19,9,90,false,,false,,,,,,,false,false
502,Optimus,15,19,0,false,,false,,,,,,,false,false
502,Ratchet,19,17,90,false,,false,,,,,,,false,false
502,RedAlert,15,17,0,false,,false,,,,,,,false,false
502,Sideswipe,19,13,90,false,,false,,,,,,,false,false
502,Smokescreen,14,4,0,false,,false,,,,,,,false,false
502,Wheeljack,16,17,0,false,,false,,,,,,,false,false
503,Bluestreak,13,9,90,false,,false,,,,,,,false,false
503,Bumblebee,17,13,90,false,,false,,,,,,,false,false
503,Hound,18,19,270,false,,false,,,,,,,false,false
503,Ironhide,20,18,90,false,,false,,,,,,,false,false
503,Jazz,16,12,0,false,,false,,,,,,,false,false
503,Megatron,19,9,90,false,,false,,,,,,,false,false
503,Optimus,15,19,0,false,,false,,,,,,,false,false
503,Ratchet,19,17,90,false,,false,,,,,,,false,false
503,RedAlert,15,17,0,false,,false,,,,,,,false,false
503,Sideswipe,19,13,90,false,,false,,,,,,,false,false
503,Smokescreen,14,4,0,false,,false,,,,,,,false,false
503,Wheeljack,16,17,0,false,,false,,,,,,,false,false
504,Bluestreak,13,9,90,false,,false,,,,,,,false,false
504,Bumblebee,17,13,90,false,,false,,,,,,,false,false
504,Hound,18,19,270,false,,false,,,,,,,false,false
504,Ironhide,20,18,90,false,,false,,,,,,,false,false
504,Jazz,16,12,0,false,,false,,,,,,,false,false
504,Megatron,19,9,90,false,,false,,,,,,,false,false
504,Optimus,15,19,0,false,,false,,,,,,,false,false
504,Ratchet,19,17,90,false,,false,,,,,,,false,false
504,RedAlert,15,17,0,false,,false,,,,,,,false,false
504,Sideswipe,19,13,90,false,,false,,,,,,,false,false
504,Smokescreen,14,4,0,false,,false,,,,,,,false,false
504,Wheeljack,16,17,0,false,,false,,,,,,,false,false
505,Bluestreak,13,9,90,false,,false,,,,,,,false,false
505,Bumblebee,17,13,90,false,,false,,,,,,,false,false
505,Hound,18,19,270,false,,false,,,,,,,false,false
505,Ironhide,20,18,90,false,,false,,,,,,,false,false
505,Jazz,16,12,0,false,,false,,,,,,,false,false
505,Megatron,19,9,90,false,,false,,,,,,,false,false
505,Optimus,15,19,0,false,,false,,,,,,,false,false
505,Ratchet,19,17,90,false,,false,,,,,,,false,false
505,RedAlert,15,17,0,false,,false,,,,,,,false,false
505,Sideswipe,19,13,90,false,,false,,,,,,,false,false
505,Smokescreen,14,4,0,false,,false,,,,,,,false,false
505,Wheeljack,16,17,0,false,,false,,,,,,,false,false
506,Bluestreak,13,9,90,false,,false,,,,,,,false,false
506,Bumblebee,17,13,90,false,,false,,,,,,,false,false
506,Hound,18,19,270,false,,false,,,,,,,false,false
506,Ironhide,20,18,90,false,,false,,,,,,,false,false
506,Jazz,16,12,0,false,,false,,,,,,,false,false
506,Megatron,19,9,90,false,,false,,,,,,,false,false
506,Optimus,15,19,0,false,,false,,,,,,,false,false
506,Ratchet,19,17,90,false,,false,,,,,,,false,false
506,RedAlert,15,17,0,false,,false,,,,,,,false,false
506,Sideswipe,19,13,90,false,,false,,,,,,,false,false
506,Smokescreen,14,4,0,false,,false,,,,,,,false,false
506,Wheeljack,16,17,0,false,,false,,,,,,,false,false
507,Bluestreak,13,9,90,false,,false,,,,,,,false,false
507,Bumblebee,17,13,90,false,,false,,,,,,,false,false
507,Hound,18,19,270,false,,false,,,,,,,false,false
507,Ironhide,20,18,90,false,,false,,,,,,,false,false
507,Jazz,16,12,0,false,,false,,,,,,,false,false
507,Megatron,19,9,90,false,,false,,,,,,,false,false
507,Optimus,15,19,0,false,,false,,,,,,,false,false
507,Ratchet,19,17,90,false,,false,,,,,,,false,false
507,RedAlert,15,17,0,false,,false,,,,,,,false,false
507,Sideswipe,19,13,90,false,,false,,,,,,,false,false
507,Smokescreen,14,4,0,false,,false,,,,,,,false,false
507,Wheeljack,16,17,0,false,,false,,,,,,,false,false
508,Bluestreak,13,9,90,false,,false,,,,,,,false,false
508,Bumblebee,17,13,90,false,,false,,,,,,,false,false
508,Hound,18,19,270,false,,false,,,,,,,false,false
508,Ironhide,20,18,90,false,,false,,,,,,,false,false
508,Jazz,16,12,0,false,,false,,,,,,,false,false
508,Megatron,19,9,90,false,,false,,,,,,,false,false
508,Optimus,15,19,0,false,,false,,,,,,,false,false
508,Ratchet,19,17,90,false,,false,,,,,,,false,false
508,RedAlert,15,17,0,false,,false,,,,,,,false,false
508,Sideswipe,19,13,90,false,,false,,,,,,,false,false
508,Smokescreen,14,4,0,false,,false,,,,,,,false,false
508,Wheeljack,16,17,0,false,,false,,,,,,,false,false
