timestamp,name,X,Y,task_id,status
0,AGV_1,18,5,Task_28,Moving
0,AGV_2,18,6,Task_90,Moving
0,AGV_3,18,7,Task_102,Moving
0,AGV_4,18,8,WAIT,WAIT
0,AGV_5,18,9,WAIT,WAIT
0,AGV_6,18,10,WAIT,WAIT
0,AGV_7,18,11,WAIT,WAIT
0,AGV_8,18,12,WAIT,WAIT
0,AGV_9,18,13,WAIT,WAIT
0,AGV_10,18,14,WAIT,WAIT
0,AGV_11,18,15,WAIT,WAIT
0,AGV_12,18,16,WAIT,WAIT
1,AGV_1,18,6,Task_28,Moving
1,AGV_2,18,7,Task_90,Moving
1,AGV_3,18,8,Task_102,Moving
1,AGV_4,18,8,WAIT,WAIT
1,AGV_5,18,9,WAIT,WAIT
1,AGV_6,18,10,WAIT,WAIT
1,AGV_7,18,11,WAIT,WAIT
1,AGV_8,18,12,WAIT,WAIT
1,AGV_9,18,13,WAIT,WAIT
1,AGV_10,18,14,WAIT,WAIT
1,AGV_11,18,15,WAIT,WAIT
1,AGV_12,18,16,WAIT,WAIT
2,AGV_1,18,7,Task_28,Moving
2,AGV_2,18,8,Task_90,Moving
2,AGV_3,18,9,Task_102,Moving
2,AGV_4,18,8,WAIT,WAIT
2,AGV_5,18,9,WAIT,WAIT
2,AGV_6,18,10,WAIT,WAIT
2,AGV_7,18,11,WAIT,WAIT
2,AGV_8,18,12,WAIT,WAIT
2,AGV_9,18,13,WAIT,WAIT
2,AGV_10,18,14,WAIT,WAIT
2,AGV_11,18,15,WAIT,WAIT
2,AGV_12,18,16,WAIT,WAIT
3,AGV_1,18,8,Task_28,Moving
3,AGV_2,18,9,Task_90,Moving
3,AGV_3,19,9,Task_102,Moving
3,AGV_4,18,8,WAIT,WAIT
3,AGV_5,18,9,WAIT,WAIT
3,AGV_6,18,10,WAIT,WAIT
3,AGV_7,18,11,WAIT,WAIT
3,AGV_8,18,12,WAIT,WAIT
3,AGV_9,18,13,WAIT,WAIT
3,AGV_10,18,14,WAIT,WAIT
3,AGV_11,18,15,WAIT,WAIT
3,AGV_12,18,16,WAIT,WAIT
4,AGV_1,18,9,Task_28,Moving
4,AGV_2,19,9,Task_90,Moving
4,AGV_3,19,10,Task_102,Moving
4,AGV_4,18,8,WAIT,WAIT
4,AGV_5,18,9,WAIT,WAIT
4,AGV_6,18,10,WAIT,WAIT
4,AGV_7,18,11,WAIT,WAIT
4,AGV_8,18,12,WAIT,WAIT
4,AGV_9,18,13,WAIT,WAIT
4,AGV_10,18,14,WAIT,WAIT
4,AGV_11,18,15,WAIT,WAIT
4,AGV_12,18,16,WAIT,WAIT
5,AGV_1,19,9,Task_28,Moving
5,AGV_2,19,10,Task_90,Moving
5,AGV_3,19,10,Task_102,Loading
5,AGV_4,18,8,WAIT,WAIT
5,AGV_5,18,9,WAIT,WAIT
5,AGV_6,18,10,WAIT,WAIT
5,AGV_7,18,11,WAIT,WAIT
5,AGV_8,18,12,WAIT,WAIT
5,AGV_9,18,13,WAIT,WAIT
5,AGV_10,18,14,WAIT,WAIT
5,AGV_11,18,15,WAIT,WAIT
5,AGV_12,18,16,WAIT,WAIT
6,AGV_1,19,10,Task_28,Moving
6,AGV_2,19,10,Task_90,Loading
6,AGV_3,19,10,Task_102,Loading
6,AGV_4,18,8,WAIT,WAIT
6,AGV_5,18,9,WAIT,WAIT
6,AGV_6,18,10,WAIT,WAIT
6,AGV_7,18,11,WAIT,WAIT
6,AGV_8,18,12,WAIT,WAIT
6,AGV_9,18,13,WAIT,WAIT
6,AGV_10,18,14,WAIT,WAIT
6,AGV_11,18,15,WAIT,WAIT
6,AGV_12,18,16,WAIT,WAIT
7,AGV_1,19,10,Task_28,Loading
7,AGV_2,19,10,Task_90,Loading
7,AGV_3,19,10,Task_102,Moving
7,AGV_4,18,8,WAIT,WAIT
7,AGV_5,18,9,WAIT,WAIT
7,AGV_6,18,10,WAIT,WAIT
7,AGV_7,18,11,WAIT,WAIT
7,AGV_8,18,12,WAIT,WAIT
7,AGV_9,18,13,WAIT,WAIT
7,AGV_10,18,14,WAIT,WAIT
7,AGV_11,18,15,WAIT,WAIT
7,AGV_12,18,16,WAIT,WAIT
8,AGV_1,19,10,Task_28,Loading
8,AGV_2,19,10,Task_90,Moving
8,AGV_3,18,10,Task_102,Moving
8,AGV_4,18,8,WAIT,WAIT
8,AGV_5,18,9,WAIT,WAIT
8,AGV_6,18,10,WAIT,WAIT
8,AGV_7,18,11,WAIT,WAIT
8,AGV_8,18,12,WAIT,WAIT
8,AGV_9,18,13,WAIT,WAIT
8,AGV_10,18,14,WAIT,WAIT
8,AGV_11,18,15,WAIT,WAIT
8,AGV_12,18,16,WAIT,WAIT
9,AGV_1,19,10,Task_28,Moving
9,AGV_2,18,10,Task_90,Moving
9,AGV_3,17,10,Task_102,Moving
9,AGV_4,18,8,WAIT,WAIT
9,AGV_5,18,9,WAIT,WAIT
9,AGV_6,18,10,WAIT,WAIT
9,AGV_7,18,11,WAIT,WAIT
9,AGV_8,18,12,WAIT,WAIT
9,AGV_9,18,13,WAIT,WAIT
9,AGV_10,18,14,WAIT,WAIT
9,AGV_11,18,15,WAIT,WAIT
9,AGV_12,18,16,WAIT,WAIT
10,AGV_1,18,10,Task_28,Moving
10,AGV_2,17,10,Task_90,Moving
10,AGV_3,17,11,Task_102,Moving
10,AGV_4,18,8,WAIT,WAIT
10,AGV_5,18,9,WAIT,WAIT
10,AGV_6,18,10,WAIT,WAIT
10,AGV_7,18,11,WAIT,WAIT
10,AGV_8,18,12,WAIT,WAIT
10,AGV_9,18,13,WAIT,WAIT
10,AGV_10,18,14,WAIT,WAIT
10,AGV_11,18,15,WAIT,WAIT
10,AGV_12,18,16,WAIT,WAIT
11,AGV_1,17,10,Task_28,Moving
11,AGV_2,17,9,Task_90,Moving
11,AGV_3,17,12,Task_102,Moving
11,AGV_4,18,8,WAIT,WAIT
11,AGV_5,18,9,WAIT,WAIT
11,AGV_6,18,10,WAIT,WAIT
11,AGV_7,18,11,WAIT,WAIT
11,AGV_8,18,12,WAIT,WAIT
11,AGV_9,18,13,WAIT,WAIT
11,AGV_10,18,14,WAIT,WAIT
11,AGV_11,18,15,WAIT,WAIT
11,AGV_12,18,16,WAIT,WAIT
12,AGV_1,17,9,Task_28,Moving
12,AGV_2,16,9,Task_90,Moving
12,AGV_3,16,12,Task_102,Moving
12,AGV_4,18,8,WAIT,WAIT
12,AGV_5,18,9,WAIT,WAIT
12,AGV_6,18,10,WAIT,WAIT
12,AGV_7,18,11,WAIT,WAIT
12,AGV_8,18,12,WAIT,WAIT
12,AGV_9,18,13,WAIT,WAIT
12,AGV_10,18,14,WAIT,WAIT
12,AGV_11,18,15,WAIT,WAIT
12,AGV_12,18,16,WAIT,WAIT
13,AGV_1,16,9,Task_28,Moving
13,AGV_2,15,9,Task_90,Moving
13,AGV_3,15,12,Task_102,Moving
13,AGV_4,18,8,WAIT,WAIT
13,AGV_5,18,9,WAIT,WAIT
13,AGV_6,18,10,WAIT,WAIT
13,AGV_7,18,11,WAIT,WAIT
13,AGV_8,18,12,WAIT,WAIT
13,AGV_9,18,13,WAIT,WAIT
13,AGV_10,18,14,WAIT,WAIT
13,AGV_11,18,15,WAIT,WAIT
13,AGV_12,18,16,WAIT,WAIT
14,AGV_1,15,9,Task_28,Moving
14,AGV_2,14,9,Task_90,Moving
14,AGV_3,14,12,Task_102,Moving
14,AGV_4,18,8,WAIT,WAIT
14,AGV_5,18,9,WAIT,WAIT
14,AGV_6,18,10,WAIT,WAIT
14,AGV_7,18,11,WAIT,WAIT
14,AGV_8,18,12,WAIT,WAIT
14,AGV_9,18,13,WAIT,WAIT
14,AGV_10,18,14,WAIT,WAIT
14,AGV_11,18,15,WAIT,WAIT
14,AGV_12,18,16,WAIT,WAIT
15,AGV_1,14,9,Task_28,Moving
15,AGV_2,13,9,Task_90,Moving
15,AGV_3,13,12,Task_102,Moving
15,AGV_4,18,8,WAIT,WAIT
15,AGV_5,18,9,Task_8,Moving
15,AGV_6,18,10,WAIT,WAIT
15,AGV_7,18,11,WAIT,WAIT
15,AGV_8,18,12,WAIT,WAIT
15,AGV_9,18,13,WAIT,WAIT
15,AGV_10,18,14,WAIT,WAIT
15,AGV_11,18,15,WAIT,WAIT
15,AGV_12,18,16,WAIT,WAIT
16,AGV_1,13,9,Task_28,Moving
16,AGV_2,12,9,Task_90,Moving
16,AGV_3,12,12,Task_102,Moving
16,AGV_4,18,8,WAIT,WAIT
16,AGV_5,19,9,Task_8,Moving
16,AGV_6,18,10,WAIT,WAIT
16,AGV_7,18,11,WAIT,WAIT
16,AGV_8,18,12,WAIT,WAIT
16,AGV_9,18,13,WAIT,WAIT
16,AGV_10,18,14,WAIT,WAIT
16,AGV_11,18,15,WAIT,WAIT
16,AGV_12,18,16,WAIT,WAIT
17,AGV_1,12,9,Task_28,Moving
17,AGV_2,11,9,Task_90,Moving
17,AGV_3,11,12,Task_102,Moving
17,AGV_4,18,8,WAIT,WAIT
17,AGV_5,19,10,Task_8,Moving
17,AGV_6,18,10,WAIT,WAIT
17,AGV_7,18,11,WAIT,WAIT
17,AGV_8,18,12,WAIT,WAIT
17,AGV_9,18,13,WAIT,WAIT
17,AGV_10,18,14,WAIT,WAIT
17,AGV_11,18,15,WAIT,WAIT
17,AGV_12,18,16,WAIT,WAIT
18,AGV_1,11,9,Task_28,Moving
18,AGV_2,11,8,Task_90,Moving
18,AGV_3,10,12,Task_102,Moving
18,AGV_4,18,8,WAIT,WAIT
18,AGV_5,19,10,Task_8,Loading
18,AGV_6,18,10,WAIT,WAIT
18,AGV_7,18,11,WAIT,WAIT
18,AGV_8,18,12,WAIT,WAIT
18,AGV_9,18,13,WAIT,WAIT
18,AGV_10,18,14,WAIT,WAIT
18,AGV_11,18,15,WAIT,WAIT
18,AGV_12,18,16,WAIT,WAIT
19,AGV_1,11,10,Task_28,Moving
19,AGV_2,11,7,Task_90,Moving
19,AGV_3,9,12,Task_102,Moving
19,AGV_4,18,8,WAIT,WAIT
19,AGV_5,19,10,Task_8,Loading
19,AGV_6,18,10,WAIT,WAIT
19,AGV_7,18,11,WAIT,WAIT
19,AGV_8,18,12,WAIT,WAIT
19,AGV_9,18,13,WAIT,WAIT
19,AGV_10,18,14,WAIT,WAIT
19,AGV_11,18,15,WAIT,WAIT
19,AGV_12,18,16,WAIT,WAIT
20,AGV_1,11,11,Task_28,Moving
20,AGV_2,11,6,Task_90,Moving
20,AGV_3,8,12,Task_102,Moving
20,AGV_4,18,8,WAIT,WAIT
20,AGV_5,19,10,Task_8,Moving
20,AGV_6,18,10,WAIT,WAIT
20,AGV_7,18,11,WAIT,WAIT
20,AGV_8,18,12,WAIT,WAIT
20,AGV_9,18,13,WAIT,WAIT
20,AGV_10,18,14,WAIT,WAIT
20,AGV_11,18,15,WAIT,WAIT
20,AGV_12,18,16,WAIT,WAIT
21,AGV_2,11,5,Task_90,Moving
21,AGV_3,7,12,Task_102,Moving
21,AGV_4,18,8,WAIT,WAIT
21,AGV_5,18,10,Task_8,Moving
21,AGV_6,18,10,WAIT,WAIT
21,AGV_7,18,11,WAIT,WAIT
21,AGV_8,18,12,WAIT,WAIT
21,AGV_9,18,13,WAIT,WAIT
21,AGV_10,18,14,WAIT,WAIT
21,AGV_11,18,15,WAIT,WAIT
21,AGV_12,18,16,WAIT,WAIT
21,AGV_1,11,11,WAIT,WAIT
22,AGV_2,11,4,Task_90,Moving
22,AGV_3,7,13,Task_102,Moving
22,AGV_4,18,8,Task_19,Moving
22,AGV_5,17,10,Task_8,Moving
22,AGV_6,18,10,WAIT,WAIT
22,AGV_7,18,11,WAIT,WAIT
22,AGV_8,18,12,WAIT,WAIT
22,AGV_9,18,13,WAIT,WAIT
22,AGV_10,18,14,WAIT,WAIT
22,AGV_11,18,15,WAIT,WAIT
22,AGV_12,18,16,WAIT,WAIT
22,AGV_1,11,11,WAIT,WAIT
23,AGV_2,11,3,Task_90,Moving
23,AGV_3,7,14,Task_102,Moving
23,AGV_4,18,9,Task_19,Moving
23,AGV_5,17,9,Task_8,Moving
23,AGV_6,18,10,WAIT,WAIT
23,AGV_7,18,11,WAIT,WAIT
23,AGV_8,18,12,WAIT,WAIT
23,AGV_9,18,13,WAIT,WAIT
23,AGV_10,18,14,WAIT,WAIT
23,AGV_11,18,15,WAIT,WAIT
23,AGV_12,18,16,WAIT,WAIT
23,AGV_1,11,11,WAIT,WAIT
24,AGV_3,7,15,Task_102,Moving
24,AGV_4,19,9,Task_19,Moving
24,AGV_5,16,9,Task_8,Moving
24,AGV_6,18,10,WAIT,WAIT
24,AGV_7,18,11,WAIT,WAIT
24,AGV_8,18,12,WAIT,WAIT
24,AGV_9,18,13,WAIT,WAIT
24,AGV_10,18,14,WAIT,WAIT
24,AGV_11,18,15,WAIT,WAIT
24,AGV_12,18,16,WAIT,WAIT
24,AGV_1,11,11,WAIT,WAIT
24,AGV_2,11,3,WAIT,WAIT
25,AGV_4,19,10,Task_19,Moving
25,AGV_5,15,9,Task_8,Moving
25,AGV_6,18,10,Task_31,Moving
25,AGV_7,18,11,WAIT,WAIT
25,AGV_8,18,12,WAIT,WAIT
25,AGV_9,18,13,WAIT,WAIT
25,AGV_10,18,14,WAIT,WAIT
25,AGV_11,18,15,WAIT,WAIT
25,AGV_12,18,16,WAIT,WAIT
25,AGV_1,11,11,WAIT,WAIT
25,AGV_2,11,3,WAIT,WAIT
25,AGV_3,7,15,WAIT,WAIT
26,AGV_4,19,10,Task_19,Loading
26,AGV_5,14,9,Task_8,Moving
26,AGV_6,18,9,Task_31,Moving
26,AGV_7,18,11,WAIT,WAIT
26,AGV_8,18,12,WAIT,WAIT
26,AGV_9,18,13,WAIT,WAIT
26,AGV_10,18,14,WAIT,WAIT
26,AGV_11,18,15,WAIT,WAIT
26,AGV_12,18,16,WAIT,WAIT
26,AGV_1,11,11,WAIT,WAIT
26,AGV_2,11,3,WAIT,WAIT
26,AGV_3,7,15,WAIT,WAIT
27,AGV_4,19,10,Task_19,Loading
27,AGV_5,13,9,Task_8,Moving
27,AGV_6,18,9,Task_31,Moving
27,AGV_7,18,11,Task_35,Moving
27,AGV_8,18,12,WAIT,WAIT
27,AGV_9,18,13,WAIT,WAIT
27,AGV_10,18,14,WAIT,WAIT
27,AGV_11,18,15,WAIT,WAIT
27,AGV_12,18,16,WAIT,WAIT
27,AGV_1,11,11,WAIT,WAIT
27,AGV_2,11,3,WAIT,WAIT
27,AGV_3,7,15,WAIT,WAIT
28,AGV_4,19,10,Task_19,Moving
28,AGV_5,12,9,Task_8,Moving
28,AGV_6,19,9,Task_31,Moving
28,AGV_7,17,11,Task_35,Moving
28,AGV_8,18,12,WAIT,WAIT
28,AGV_9,18,13,WAIT,WAIT
28,AGV_10,18,14,WAIT,WAIT
28,AGV_11,18,15,WAIT,WAIT
28,AGV_12,18,16,WAIT,WAIT
28,AGV_1,11,11,WAIT,WAIT
28,AGV_2,11,3,WAIT,WAIT
28,AGV_3,7,15,WAIT,WAIT
29,AGV_4,18,10,Task_19,Moving
29,AGV_5,11,9,Task_8,Moving
29,AGV_6,19,10,Task_31,Moving
29,AGV_7,17,10,Task_35,Moving
29,AGV_8,18,12,WAIT,WAIT
29,AGV_9,18,13,WAIT,WAIT
29,AGV_10,18,14,WAIT,WAIT
29,AGV_11,18,15,WAIT,WAIT
29,AGV_12,18,16,WAIT,WAIT
29,AGV_1,11,11,WAIT,WAIT
29,AGV_2,11,3,WAIT,WAIT
29,AGV_3,7,15,WAIT,WAIT
30,AGV_4,17,10,Task_19,Moving
30,AGV_5,10,9,Task_8,Moving
30,AGV_6,19,10,Task_31,Loading
30,AGV_7,17,9,Task_35,Moving
30,AGV_8,18,12,WAIT,WAIT
30,AGV_9,18,13,WAIT,WAIT
30,AGV_10,18,14,WAIT,WAIT
30,AGV_11,18,15,WAIT,WAIT
30,AGV_12,18,16,WAIT,WAIT
30,AGV_1,11,11,WAIT,WAIT
30,AGV_2,11,3,WAIT,WAIT
30,AGV_3,7,15,WAIT,WAIT
31,AGV_4,17,9,Task_19,Moving
31,AGV_5,9,9,Task_8,Moving
31,AGV_6,19,10,Task_31,Loading
31,AGV_7,18,9,Task_35,Moving
31,AGV_8,18,12,WAIT,WAIT
31,AGV_9,18,13,WAIT,WAIT
31,AGV_10,18,14,WAIT,WAIT
31,AGV_11,18,15,WAIT,WAIT
31,AGV_12,18,16,WAIT,WAIT
31,AGV_1,11,11,WAIT,WAIT
31,AGV_2,11,3,WAIT,WAIT
31,AGV_3,7,15,WAIT,WAIT
32,AGV_4,16,9,Task_19,Moving
32,AGV_5,8,9,Task_8,Moving
32,AGV_6,19,10,Task_31,Moving
32,AGV_7,19,9,Task_35,Moving
32,AGV_8,18,12,WAIT,WAIT
32,AGV_9,18,13,WAIT,WAIT
32,AGV_10,18,14,WAIT,WAIT
32,AGV_11,18,15,WAIT,WAIT
32,AGV_12,18,16,WAIT,WAIT
32,AGV_1,11,11,WAIT,WAIT
32,AGV_2,11,3,WAIT,WAIT
32,AGV_3,7,15,WAIT,WAIT
33,AGV_4,15,9,Task_19,Moving
33,AGV_5,7,9,Task_8,Moving
33,AGV_6,18,10,Task_31,Moving
33,AGV_7,19,10,Task_35,Moving
33,AGV_8,18,12,WAIT,WAIT
33,AGV_9,18,13,WAIT,WAIT
33,AGV_10,18,14,WAIT,WAIT
33,AGV_11,18,15,WAIT,WAIT
33,AGV_12,18,16,WAIT,WAIT
33,AGV_1,11,11,WAIT,WAIT
33,AGV_2,11,3,WAIT,WAIT
33,AGV_3,7,15,WAIT,WAIT
34,AGV_4,14,9,Task_19,Moving
34,AGV_5,6,9,Task_8,Moving
34,AGV_6,17,10,Task_31,Moving
34,AGV_7,19,10,Task_35,Loading
34,AGV_8,18,12,WAIT,WAIT
34,AGV_9,18,13,WAIT,WAIT
34,AGV_10,18,14,WAIT,WAIT
34,AGV_11,18,15,WAIT,WAIT
34,AGV_12,18,16,WAIT,WAIT
34,AGV_1,11,11,WAIT,WAIT
34,AGV_2,11,3,WAIT,WAIT
34,AGV_3,7,15,WAIT,WAIT
35,AGV_4,13,9,Task_19,Moving
35,AGV_5,5,9,Task_8,Moving
35,AGV_6,17,9,Task_31,Moving
35,AGV_7,19,10,Task_35,Loading
35,AGV_8,18,12,WAIT,WAIT
35,AGV_9,18,13,WAIT,WAIT
35,AGV_10,18,14,WAIT,WAIT
35,AGV_11,18,15,WAIT,WAIT
35,AGV_12,18,16,WAIT,WAIT
35,AGV_1,11,11,WAIT,WAIT
35,AGV_2,11,3,WAIT,WAIT
35,AGV_3,7,15,WAIT,WAIT
36,AGV_4,12,9,Task_19,Moving
36,AGV_5,4,9,Task_8,Moving
36,AGV_6,16,9,Task_31,Moving
36,AGV_7,19,10,Task_35,Moving
36,AGV_8,18,12,WAIT,WAIT
36,AGV_9,18,13,WAIT,WAIT
36,AGV_10,18,14,WAIT,WAIT
36,AGV_11,18,15,WAIT,WAIT
36,AGV_12,18,16,WAIT,WAIT
36,AGV_1,11,11,WAIT,WAIT
36,AGV_2,11,3,WAIT,WAIT
36,AGV_3,7,15,WAIT,WAIT
37,AGV_4,11,9,Task_19,Moving
37,AGV_5,3,9,Task_8,Moving
37,AGV_6,15,9,Task_31,Moving
37,AGV_7,18,10,Task_35,Moving
37,AGV_8,18,12,WAIT,WAIT
37,AGV_9,18,13,WAIT,WAIT
37,AGV_10,18,14,WAIT,WAIT
37,AGV_11,18,15,WAIT,WAIT
37,AGV_12,18,16,WAIT,WAIT
37,AGV_1,11,11,WAIT,WAIT
37,AGV_2,11,3,WAIT,WAIT
37,AGV_3,7,15,WAIT,WAIT
38,AGV_4,11,8,Task_19,Moving
38,AGV_5,3,8,Task_8,Moving
38,AGV_6,14,9,Task_31,Moving
38,AGV_7,17,10,Task_35,Moving
38,AGV_8,18,12,WAIT,WAIT
38,AGV_9,18,13,WAIT,WAIT
38,AGV_10,18,14,WAIT,WAIT
38,AGV_11,18,15,WAIT,WAIT
38,AGV_12,18,16,WAIT,WAIT
38,AGV_1,11,11,WAIT,WAIT
38,AGV_2,11,3,WAIT,WAIT
38,AGV_3,7,15,WAIT,WAIT
39,AGV_4,11,7,Task_19,Moving
39,AGV_5,3,7,Task_8,Moving
39,AGV_6,13,9,Task_31,Moving
39,AGV_7,17,9,Task_35,Moving
39,AGV_8,18,12,Task_67,Moving
39,AGV_9,18,13,WAIT,WAIT
39,AGV_10,18,14,WAIT,WAIT
39,AGV_11,18,15,WAIT,WAIT
39,AGV_12,18,16,WAIT,WAIT
39,AGV_1,11,11,WAIT,WAIT
39,AGV_2,11,3,WAIT,WAIT
39,AGV_3,7,15,WAIT,WAIT
40,AGV_4,11,6,Task_19,Moving
40,AGV_5,3,6,Task_8,Moving
40,AGV_6,12,9,Task_31,Moving
40,AGV_7,16,9,Task_35,Moving
40,AGV_8,19,12,Task_67,Moving
40,AGV_9,18,13,WAIT,WAIT
40,AGV_10,18,14,WAIT,WAIT
40,AGV_11,18,15,WAIT,WAIT
40,AGV_12,18,16,WAIT,WAIT
40,AGV_1,11,11,WAIT,WAIT
40,AGV_2,11,3,WAIT,WAIT
40,AGV_3,7,15,WAIT,WAIT
41,AGV_5,3,5,Task_8,Moving
41,AGV_6,11,9,Task_31,Moving
41,AGV_7,15,9,Task_35,Moving
41,AGV_8,19,11,Task_67,Moving
41,AGV_9,18,13,WAIT,WAIT
41,AGV_10,18,14,WAIT,WAIT
41,AGV_11,18,15,WAIT,WAIT
41,AGV_12,18,16,WAIT,WAIT
41,AGV_1,11,11,WAIT,WAIT
41,AGV_2,11,3,WAIT,WAIT
41,AGV_3,7,15,WAIT,WAIT
41,AGV_4,11,6,WAIT,WAIT
42,AGV_5,3,4,Task_8,Moving
42,AGV_6,10,9,Task_31,Moving
42,AGV_7,14,9,Task_35,Moving
42,AGV_8,19,10,Task_67,Moving
42,AGV_9,18,13,WAIT,WAIT
42,AGV_10,18,14,WAIT,WAIT
42,AGV_11,18,15,WAIT,WAIT
42,AGV_12,18,16,WAIT,WAIT
42,AGV_1,11,11,WAIT,WAIT
42,AGV_2,11,3,WAIT,WAIT
42,AGV_3,7,15,WAIT,WAIT
42,AGV_4,11,6,WAIT,WAIT
43,AGV_5,3,3,Task_8,Moving
43,AGV_6,9,9,Task_31,Moving
43,AGV_7,13,9,Task_35,Moving
43,AGV_8,19,10,Task_67,Loading
43,AGV_9,18,13,WAIT,WAIT
43,AGV_10,18,14,WAIT,WAIT
43,AGV_11,18,15,WAIT,WAIT
43,AGV_12,18,16,WAIT,WAIT
43,AGV_1,11,11,WAIT,WAIT
43,AGV_2,11,3,WAIT,WAIT
43,AGV_3,7,15,WAIT,WAIT
43,AGV_4,11,6,WAIT,WAIT
44,AGV_6,8,9,Task_31,Moving
44,AGV_7,12,9,Task_35,Moving
44,AGV_8,19,10,Task_67,Loading
44,AGV_9,18,13,WAIT,WAIT
44,AGV_10,18,14,WAIT,WAIT
44,AGV_11,18,15,WAIT,WAIT
44,AGV_12,18,16,WAIT,WAIT
44,AGV_1,11,11,WAIT,WAIT
44,AGV_2,11,3,WAIT,WAIT
44,AGV_3,7,15,WAIT,WAIT
44,AGV_4,11,6,WAIT,WAIT
44,AGV_5,3,3,WAIT,WAIT
45,AGV_6,7,9,Task_31,Moving
45,AGV_7,11,9,Task_35,Moving
45,AGV_8,19,10,Task_67,Moving
45,AGV_9,18,13,WAIT,WAIT
45,AGV_10,18,14,WAIT,WAIT
45,AGV_11,18,15,WAIT,WAIT
45,AGV_12,18,16,WAIT,WAIT
45,AGV_1,11,11,WAIT,WAIT
45,AGV_2,11,3,WAIT,WAIT
45,AGV_3,7,15,WAIT,WAIT
45,AGV_4,11,6,WAIT,WAIT
45,AGV_5,3,3,WAIT,WAIT
46,AGV_6,6,9,Task_31,Moving
46,AGV_7,10,9,Task_35,Moving
46,AGV_8,18,10,Task_67,Moving
46,AGV_9,18,13,WAIT,WAIT
46,AGV_10,18,14,WAIT,WAIT
46,AGV_11,18,15,WAIT,WAIT
46,AGV_12,18,16,WAIT,WAIT
46,AGV_1,11,11,WAIT,WAIT
46,AGV_2,11,3,WAIT,WAIT
46,AGV_3,7,15,WAIT,WAIT
46,AGV_4,11,6,WAIT,WAIT
46,AGV_5,3,3,WAIT,WAIT
47,AGV_6,5,9,Task_31,Moving
47,AGV_7,9,9,Task_35,Moving
47,AGV_8,17,10,Task_67,Moving
47,AGV_9,18,13,WAIT,WAIT
47,AGV_10,18,14,WAIT,WAIT
47,AGV_11,18,15,WAIT,WAIT
47,AGV_12,18,16,WAIT,WAIT
47,AGV_1,11,11,WAIT,WAIT
47,AGV_2,11,3,WAIT,WAIT
47,AGV_3,7,15,WAIT,WAIT
47,AGV_4,11,6,WAIT,WAIT
47,AGV_5,3,3,WAIT,WAIT
48,AGV_6,4,9,Task_31,Moving
48,AGV_7,8,9,Task_35,Moving
48,AGV_8,17,9,Task_67,Moving
48,AGV_9,18,13,WAIT,WAIT
48,AGV_10,18,14,WAIT,WAIT
48,AGV_11,18,15,WAIT,WAIT
48,AGV_12,18,16,WAIT,WAIT
48,AGV_1,11,11,WAIT,WAIT
48,AGV_2,11,3,WAIT,WAIT
48,AGV_3,7,15,WAIT,WAIT
48,AGV_4,11,6,WAIT,WAIT
48,AGV_5,3,3,WAIT,WAIT
49,AGV_6,3,9,Task_31,Moving
49,AGV_7,7,9,Task_35,Moving
49,AGV_8,16,9,Task_67,Moving
49,AGV_9,18,13,WAIT,WAIT
49,AGV_10,18,14,WAIT,WAIT
49,AGV_11,18,15,WAIT,WAIT
49,AGV_12,18,16,WAIT,WAIT
49,AGV_1,11,11,WAIT,WAIT
49,AGV_2,11,3,WAIT,WAIT
49,AGV_3,7,15,WAIT,WAIT
49,AGV_4,11,6,WAIT,WAIT
49,AGV_5,3,3,WAIT,WAIT
50,AGV_6,3,8,Task_31,Moving
50,AGV_7,6,9,Task_35,Moving
50,AGV_8,15,9,Task_67,Moving
50,AGV_9,18,13,WAIT,WAIT
50,AGV_10,18,14,WAIT,WAIT
50,AGV_11,18,15,WAIT,WAIT
50,AGV_12,18,16,WAIT,WAIT
50,AGV_1,11,11,WAIT,WAIT
50,AGV_2,11,3,WAIT,WAIT
50,AGV_3,7,15,WAIT,WAIT
50,AGV_4,11,6,WAIT,WAIT
50,AGV_5,3,3,WAIT,WAIT
51,AGV_6,3,7,Task_31,Moving
51,AGV_7,5,9,Task_35,Moving
51,AGV_8,14,9,Task_67,Moving
51,AGV_9,18,13,WAIT,WAIT
51,AGV_10,18,14,WAIT,WAIT
51,AGV_11,18,15,WAIT,WAIT
51,AGV_12,18,16,WAIT,WAIT
51,AGV_1,11,11,WAIT,WAIT
51,AGV_2,11,3,WAIT,WAIT
51,AGV_3,7,15,WAIT,WAIT
51,AGV_4,11,6,WAIT,WAIT
51,AGV_5,3,3,WAIT,WAIT
52,AGV_6,3,6,Task_31,Moving
52,AGV_7,4,9,Task_35,Moving
52,AGV_8,13,9,Task_67,Moving
52,AGV_9,18,13,WAIT,WAIT
52,AGV_10,18,14,WAIT,WAIT
52,AGV_11,18,15,WAIT,WAIT
52,AGV_12,18,16,WAIT,WAIT
52,AGV_1,11,11,WAIT,WAIT
52,AGV_2,11,3,WAIT,WAIT
52,AGV_3,7,15,WAIT,WAIT
52,AGV_4,11,6,WAIT,WAIT
52,AGV_5,3,3,WAIT,WAIT
53,AGV_7,3,9,Task_35,Moving
53,AGV_8,12,9,Task_67,Moving
53,AGV_9,18,13,Task_18,Moving
53,AGV_10,18,14,WAIT,WAIT
53,AGV_11,18,15,WAIT,WAIT
53,AGV_12,18,16,WAIT,WAIT
53,AGV_1,11,11,WAIT,WAIT
53,AGV_2,11,3,WAIT,WAIT
53,AGV_3,7,15,WAIT,WAIT
53,AGV_4,11,6,WAIT,WAIT
53,AGV_5,3,3,WAIT,WAIT
53,AGV_6,3,6,WAIT,WAIT
54,AGV_7,3,8,Task_35,Moving
54,AGV_8,11,9,Task_67,Moving
54,AGV_9,18,12,Task_18,Moving
54,AGV_10,18,14,WAIT,WAIT
54,AGV_11,18,15,WAIT,WAIT
54,AGV_12,18,16,WAIT,WAIT
54,AGV_1,11,11,WAIT,WAIT
54,AGV_2,11,3,WAIT,WAIT
54,AGV_3,7,15,WAIT,WAIT
54,AGV_4,11,6,WAIT,WAIT
54,AGV_5,3,3,WAIT,WAIT
54,AGV_6,3,6,WAIT,WAIT
55,AGV_7,3,7,Task_35,Moving
55,AGV_8,11,8,Task_67,Moving
55,AGV_9,19,12,Task_18,Moving
55,AGV_10,18,14,WAIT,WAIT
55,AGV_11,18,15,WAIT,WAIT
55,AGV_12,18,16,WAIT,WAIT
55,AGV_1,11,11,WAIT,WAIT
55,AGV_2,11,3,WAIT,WAIT
55,AGV_3,7,15,WAIT,WAIT
55,AGV_4,11,6,WAIT,WAIT
55,AGV_5,3,3,WAIT,WAIT
55,AGV_6,3,6,WAIT,WAIT
56,AGV_7,3,6,Task_35,Moving
56,AGV_8,11,7,Task_67,Moving
56,AGV_9,19,11,Task_18,Moving
56,AGV_10,18,14,Task_34,Moving
56,AGV_11,18,15,Task_86,Moving
56,AGV_12,18,16,WAIT,WAIT
56,AGV_1,11,11,WAIT,WAIT
56,AGV_2,11,3,WAIT,WAIT
56,AGV_3,7,15,WAIT,WAIT
56,AGV_4,11,6,WAIT,WAIT
56,AGV_5,3,3,WAIT,WAIT
56,AGV_6,3,6,WAIT,WAIT
57,AGV_7,3,5,Task_35,Moving
57,AGV_8,11,6,Task_67,Moving
57,AGV_9,19,10,Task_18,Moving
57,AGV_10,18,13,Task_34,Moving
57,AGV_11,17,15,Task_86,Moving
57,AGV_12,18,16,WAIT,WAIT
57,AGV_1,11,11,WAIT,WAIT
57,AGV_2,11,3,WAIT,WAIT
57,AGV_3,7,15,WAIT,WAIT
57,AGV_4,11,6,WAIT,WAIT
57,AGV_5,3,3,WAIT,WAIT
57,AGV_6,3,6,WAIT,WAIT
58,AGV_7,3,4,Task_35,Moving
58,AGV_8,11,5,Task_67,Moving
58,AGV_9,19,10,Task_18,Loading
58,AGV_10,18,12,Task_34,Moving
58,AGV_11,17,14,Task_86,Moving
58,AGV_12,18,16,Task_40,Moving
58,AGV_1,11,11,WAIT,WAIT
58,AGV_2,11,3,WAIT,WAIT
58,AGV_3,7,15,WAIT,WAIT
58,AGV_4,11,6,WAIT,WAIT
58,AGV_5,3,3,WAIT,WAIT
58,AGV_6,3,6,WAIT,WAIT
59,AGV_7,3,3,Task_35,Moving
59,AGV_8,11,4,Task_67,Moving
59,AGV_9,19,10,Task_18,Loading
59,AGV_10,19,12,Task_34,Moving
59,AGV_11,17,13,Task_86,Moving
59,AGV_12,17,16,Task_40,Moving
59,AGV_1,11,11,WAIT,WAIT
59,AGV_2,11,3,WAIT,WAIT
59,AGV_3,7,15,WAIT,WAIT
59,AGV_4,11,6,WAIT,WAIT
59,AGV_5,3,3,WAIT,WAIT
59,AGV_6,3,6,WAIT,WAIT
60,AGV_7,3,2,Task_35,Moving
60,AGV_8,11,3,Task_67,Moving
60,AGV_9,19,10,Task_18,Moving
60,AGV_10,19,11,Task_34,Moving
60,AGV_11,17,12,Task_86,Moving
60,AGV_12,16,16,Task_40,Moving
60,AGV_1,11,11,WAIT,WAIT
60,AGV_2,11,3,WAIT,WAIT
60,AGV_3,7,15,WAIT,WAIT
60,AGV_4,11,6,WAIT,WAIT
60,AGV_5,3,3,WAIT,WAIT
60,AGV_6,3,6,WAIT,WAIT
61,AGV_8,11,2,Task_67,Moving
61,AGV_9,18,10,Task_18,Moving
61,AGV_10,19,10,Task_34,Moving
61,AGV_11,17,12,Task_86,Moving
61,AGV_12,17,16,Task_40,Moving
61,AGV_1,11,11,WAIT,WAIT
61,AGV_2,11,3,WAIT,WAIT
61,AGV_3,7,15,WAIT,WAIT
61,AGV_4,11,6,WAIT,WAIT
61,AGV_5,3,3,WAIT,WAIT
61,AGV_6,3,6,WAIT,WAIT
61,AGV_7,3,2,WAIT,WAIT
62,AGV_9,17,10,Task_18,Moving
62,AGV_10,19,10,Task_34,Loading
62,AGV_11,18,12,Task_86,Moving
62,AGV_12,17,15,Task_40,Moving
62,AGV_1,11,11,WAIT,WAIT
62,AGV_2,11,3,WAIT,WAIT
62,AGV_3,7,15,WAIT,WAIT
62,AGV_4,11,6,WAIT,WAIT
62,AGV_5,3,3,WAIT,WAIT
62,AGV_6,3,6,WAIT,WAIT
62,AGV_7,3,2,WAIT,WAIT
62,AGV_8,11,2,WAIT,WAIT
63,AGV_9,17,9,Task_18,Moving
63,AGV_10,19,10,Task_34,Loading
63,AGV_11,19,12,Task_86,Moving
63,AGV_12,17,14,Task_40,Moving
63,AGV_1,11,11,WAIT,WAIT
63,AGV_2,11,3,WAIT,WAIT
63,AGV_3,7,15,WAIT,WAIT
63,AGV_4,11,6,WAIT,WAIT
63,AGV_5,3,3,WAIT,WAIT
63,AGV_6,3,6,WAIT,WAIT
63,AGV_7,3,2,WAIT,WAIT
63,AGV_8,11,2,WAIT,WAIT
64,AGV_9,16,9,Task_18,Moving
64,AGV_10,19,10,Task_34,Moving
64,AGV_11,19,11,Task_86,Moving
64,AGV_12,17,13,Task_40,Moving
64,AGV_1,11,11,WAIT,WAIT
64,AGV_2,11,3,WAIT,WAIT
64,AGV_3,7,15,WAIT,WAIT
64,AGV_4,11,6,WAIT,WAIT
64,AGV_5,3,3,WAIT,WAIT
64,AGV_6,3,6,WAIT,WAIT
64,AGV_7,3,2,WAIT,WAIT
64,AGV_8,11,2,WAIT,WAIT
65,AGV_9,15,9,Task_18,Moving
65,AGV_10,18,10,Task_34,Moving
65,AGV_11,19,10,Task_86,Moving
65,AGV_12,17,12,Task_40,Moving
65,AGV_1,11,11,WAIT,WAIT
65,AGV_2,11,3,WAIT,WAIT
65,AGV_3,7,15,WAIT,WAIT
65,AGV_4,11,6,WAIT,WAIT
65,AGV_5,3,3,WAIT,WAIT
65,AGV_6,3,6,WAIT,WAIT
65,AGV_7,3,2,WAIT,WAIT
65,AGV_8,11,2,WAIT,WAIT
66,AGV_9,14,9,Task_18,Moving
66,AGV_10,17,10,Task_34,Moving
66,AGV_11,19,10,Task_86,Loading
66,AGV_12,18,12,Task_40,Moving
66,AGV_1,11,11,WAIT,WAIT
66,AGV_2,11,3,WAIT,WAIT
66,AGV_3,7,15,WAIT,WAIT
66,AGV_4,11,6,WAIT,WAIT
66,AGV_5,3,3,WAIT,WAIT
66,AGV_6,3,6,WAIT,WAIT
66,AGV_7,3,2,WAIT,WAIT
66,AGV_8,11,2,WAIT,WAIT
67,AGV_9,13,9,Task_18,Moving
67,AGV_10,17,11,Task_34,Moving
67,AGV_11,19,10,Task_86,Loading
67,AGV_12,19,12,Task_40,Moving
67,AGV_1,11,11,WAIT,WAIT
67,AGV_2,11,3,WAIT,WAIT
67,AGV_3,7,15,WAIT,WAIT
67,AGV_4,11,6,WAIT,WAIT
67,AGV_5,3,3,WAIT,WAIT
67,AGV_6,3,6,WAIT,WAIT
67,AGV_7,3,2,WAIT,WAIT
67,AGV_8,11,2,WAIT,WAIT
68,AGV_9,12,9,Task_18,Moving
68,AGV_10,17,12,Task_34,Moving
68,AGV_11,19,10,Task_86,Moving
68,AGV_12,19,11,Task_40,Moving
68,AGV_1,11,11,WAIT,WAIT
68,AGV_2,11,3,WAIT,WAIT
68,AGV_3,7,15,WAIT,WAIT
68,AGV_4,11,6,WAIT,WAIT
68,AGV_5,3,3,WAIT,WAIT
68,AGV_6,3,6,WAIT,WAIT
68,AGV_7,3,2,WAIT,WAIT
68,AGV_8,11,2,WAIT,WAIT
69,AGV_9,11,9,Task_18,Moving
69,AGV_10,16,12,Task_34,Moving
69,AGV_11,18,10,Task_86,Moving
69,AGV_12,19,10,Task_40,Moving
69,AGV_1,11,11,WAIT,WAIT
69,AGV_2,11,3,WAIT,WAIT
69,AGV_3,7,15,WAIT,WAIT
69,AGV_4,11,6,WAIT,WAIT
69,AGV_5,3,3,WAIT,WAIT
69,AGV_6,3,6,WAIT,WAIT
69,AGV_7,3,2,WAIT,WAIT
69,AGV_8,11,2,WAIT,WAIT
70,AGV_9,10,9,Task_18,Moving
70,AGV_10,15,12,Task_34,Moving
70,AGV_11,17,10,Task_86,Moving
70,AGV_12,19,10,Task_40,Loading
70,AGV_1,11,11,WAIT,WAIT
70,AGV_2,11,3,WAIT,WAIT
70,AGV_3,7,15,WAIT,WAIT
70,AGV_4,11,6,WAIT,WAIT
70,AGV_5,3,3,WAIT,WAIT
70,AGV_6,3,6,WAIT,WAIT
70,AGV_7,3,2,WAIT,WAIT
70,AGV_8,11,2,WAIT,WAIT
71,AGV_9,9,9,Task_18,Moving
71,AGV_10,14,12,Task_34,Moving
71,AGV_11,17,9,Task_86,Moving
71,AGV_12,19,10,Task_40,Loading
71,AGV_1,11,11,WAIT,WAIT
71,AGV_2,11,3,WAIT,WAIT
71,AGV_3,7,15,WAIT,WAIT
71,AGV_4,11,6,WAIT,WAIT
71,AGV_5,3,3,WAIT,WAIT
71,AGV_6,3,6,WAIT,WAIT
71,AGV_7,3,2,WAIT,WAIT
71,AGV_8,11,2,WAIT,WAIT
72,AGV_9,8,9,Task_18,Moving
72,AGV_10,13,12,Task_34,Moving
72,AGV_11,16,9,Task_86,Moving
72,AGV_12,19,10,Task_40,Moving
72,AGV_1,11,11,WAIT,WAIT
72,AGV_2,11,3,WAIT,WAIT
72,AGV_3,7,15,WAIT,WAIT
72,AGV_4,11,6,WAIT,WAIT
72,AGV_5,3,3,WAIT,WAIT
72,AGV_6,3,6,WAIT,WAIT
72,AGV_7,3,2,WAIT,WAIT
72,AGV_8,11,2,WAIT,WAIT
73,AGV_9,7,9,Task_18,Moving
73,AGV_10,12,12,Task_34,Moving
73,AGV_11,15,9,Task_86,Moving
73,AGV_12,18,10,Task_40,Moving
73,AGV_1,11,11,WAIT,WAIT
73,AGV_2,11,3,WAIT,WAIT
73,AGV_3,7,15,WAIT,WAIT
73,AGV_4,11,6,WAIT,WAIT
73,AGV_5,3,3,WAIT,WAIT
73,AGV_6,3,6,WAIT,WAIT
73,AGV_7,3,2,WAIT,WAIT
73,AGV_8,11,2,WAIT,WAIT
74,AGV_9,7,8,Task_18,Moving
74,AGV_10,11,12,Task_34,Moving
74,AGV_11,14,9,Task_86,Moving
74,AGV_12,17,10,Task_40,Moving
74,AGV_1,11,11,WAIT,WAIT
74,AGV_2,11,3,WAIT,WAIT
74,AGV_3,7,15,WAIT,WAIT
74,AGV_4,11,6,WAIT,WAIT
74,AGV_5,3,3,WAIT,WAIT
74,AGV_6,3,6,WAIT,WAIT
74,AGV_7,3,2,WAIT,WAIT
74,AGV_8,11,2,WAIT,WAIT
75,AGV_9,7,7,Task_18,Moving
75,AGV_10,11,13,Task_34,Moving
75,AGV_11,13,9,Task_86,Moving
75,AGV_12,17,9,Task_40,Moving
75,AGV_1,11,11,WAIT,WAIT
75,AGV_2,11,3,WAIT,WAIT
75,AGV_3,7,15,WAIT,WAIT
75,AGV_4,11,6,WAIT,WAIT
75,AGV_5,3,3,WAIT,WAIT
75,AGV_6,3,6,WAIT,WAIT
75,AGV_7,3,2,WAIT,WAIT
75,AGV_8,11,2,WAIT,WAIT
76,AGV_9,7,6,Task_18,Moving
76,AGV_10,11,14,Task_34,Moving
76,AGV_11,12,9,Task_86,Moving
76,AGV_12,16,9,Task_40,Moving
76,AGV_1,11,11,WAIT,WAIT
76,AGV_2,11,3,WAIT,WAIT
76,AGV_3,7,15,WAIT,WAIT
76,AGV_4,11,6,WAIT,WAIT
76,AGV_5,3,3,WAIT,WAIT
76,AGV_6,3,6,WAIT,WAIT
76,AGV_7,3,2,WAIT,WAIT
76,AGV_8,11,2,WAIT,WAIT
77,AGV_11,11,9,Task_86,Moving
77,AGV_12,15,9,Task_40,Moving
77,AGV_1,11,11,WAIT,WAIT
77,AGV_2,11,3,WAIT,WAIT
77,AGV_3,7,15,WAIT,WAIT
77,AGV_4,11,6,WAIT,WAIT
77,AGV_5,3,3,WAIT,WAIT
77,AGV_6,3,6,WAIT,WAIT
77,AGV_7,3,2,WAIT,WAIT
77,AGV_8,11,2,WAIT,WAIT
77,AGV_9,7,6,WAIT,WAIT
77,AGV_10,11,14,WAIT,WAIT
78,AGV_11,10,9,Task_86,Moving
78,AGV_12,14,9,Task_40,Moving
78,AGV_1,11,11,WAIT,WAIT
78,AGV_2,11,3,WAIT,WAIT
78,AGV_3,7,15,WAIT,WAIT
78,AGV_4,11,6,WAIT,WAIT
78,AGV_5,3,3,WAIT,WAIT
78,AGV_6,3,6,WAIT,WAIT
78,AGV_7,3,2,WAIT,WAIT
78,AGV_8,11,2,WAIT,WAIT
78,AGV_9,7,6,WAIT,WAIT
78,AGV_10,11,14,WAIT,WAIT
79,AGV_11,9,9,Task_86,Moving
79,AGV_12,13,9,Task_40,Moving
79,AGV_1,11,11,WAIT,WAIT
79,AGV_2,11,3,WAIT,WAIT
79,AGV_3,7,15,WAIT,WAIT
79,AGV_4,11,6,WAIT,WAIT
79,AGV_5,3,3,WAIT,WAIT
79,AGV_6,3,6,WAIT,WAIT
79,AGV_7,3,2,WAIT,WAIT
79,AGV_8,11,2,WAIT,WAIT
79,AGV_9,7,6,WAIT,WAIT
79,AGV_10,11,14,WAIT,WAIT
80,AGV_11,8,9,Task_86,Moving
80,AGV_12,12,9,Task_40,Moving
80,AGV_1,11,11,WAIT,WAIT
80,AGV_2,11,3,WAIT,WAIT
80,AGV_3,7,15,WAIT,WAIT
80,AGV_4,11,6,WAIT,WAIT
80,AGV_5,3,3,WAIT,WAIT
80,AGV_6,3,6,WAIT,WAIT
80,AGV_7,3,2,WAIT,WAIT
80,AGV_8,11,2,WAIT,WAIT
80,AGV_9,7,6,WAIT,WAIT
80,AGV_10,11,14,WAIT,WAIT
81,AGV_11,7,9,Task_86,Moving
81,AGV_12,11,9,Task_40,Moving
81,AGV_1,11,11,WAIT,WAIT
81,AGV_2,11,3,WAIT,WAIT
81,AGV_3,7,15,WAIT,WAIT
81,AGV_4,11,6,WAIT,WAIT
81,AGV_5,3,3,WAIT,WAIT
81,AGV_6,3,6,WAIT,WAIT
81,AGV_7,3,2,WAIT,WAIT
81,AGV_8,11,2,WAIT,WAIT
81,AGV_9,7,6,WAIT,WAIT
81,AGV_10,11,14,WAIT,WAIT
82,AGV_11,7,8,Task_86,Moving
82,AGV_12,10,9,Task_40,Moving
82,AGV_1,11,11,WAIT,WAIT
82,AGV_2,11,3,WAIT,WAIT
82,AGV_3,7,15,WAIT,WAIT
82,AGV_4,11,6,WAIT,WAIT
82,AGV_5,3,3,WAIT,WAIT
82,AGV_6,3,6,WAIT,WAIT
82,AGV_7,3,2,WAIT,WAIT
82,AGV_8,11,2,WAIT,WAIT
82,AGV_9,7,6,WAIT,WAIT
82,AGV_10,11,14,WAIT,WAIT
83,AGV_11,7,7,Task_86,Moving
83,AGV_12,9,9,Task_40,Moving
83,AGV_1,11,11,WAIT,WAIT
83,AGV_2,11,3,WAIT,WAIT
83,AGV_3,7,15,WAIT,WAIT
83,AGV_4,11,6,WAIT,WAIT
83,AGV_5,3,3,WAIT,WAIT
83,AGV_6,3,6,WAIT,WAIT
83,AGV_7,3,2,WAIT,WAIT
83,AGV_8,11,2,WAIT,WAIT
83,AGV_9,7,6,WAIT,WAIT
83,AGV_10,11,14,WAIT,WAIT
84,AGV_12,8,9,Task_40,Moving
84,AGV_1,11,11,Task_56,Moving
84,AGV_2,11,3,WAIT,WAIT
84,AGV_3,7,15,WAIT,WAIT
84,AGV_4,11,6,WAIT,WAIT
84,AGV_5,3,3,WAIT,WAIT
84,AGV_6,3,6,WAIT,WAIT
84,AGV_7,3,2,WAIT,WAIT
84,AGV_8,11,2,WAIT,WAIT
84,AGV_9,7,6,WAIT,WAIT
84,AGV_10,11,14,WAIT,WAIT
84,AGV_11,7,7,WAIT,WAIT
85,AGV_12,7,9,Task_40,Moving
85,AGV_1,11,10,Task_56,Moving
85,AGV_2,11,3,WAIT,WAIT
85,AGV_3,7,15,WAIT,WAIT
85,AGV_4,11,6,WAIT,WAIT
85,AGV_5,3,3,WAIT,WAIT
85,AGV_6,3,6,WAIT,WAIT
85,AGV_7,3,2,WAIT,WAIT
85,AGV_8,11,2,WAIT,WAIT
85,AGV_9,7,6,WAIT,WAIT
85,AGV_10,11,14,WAIT,WAIT
85,AGV_11,7,7,WAIT,WAIT
86,AGV_12,6,9,Task_40,Moving
86,AGV_1,11,9,Task_56,Moving
86,AGV_2,11,3,WAIT,WAIT
86,AGV_3,7,15,WAIT,WAIT
86,AGV_4,11,6,WAIT,WAIT
86,AGV_5,3,3,WAIT,WAIT
86,AGV_6,3,6,WAIT,WAIT
86,AGV_7,3,2,WAIT,WAIT
86,AGV_8,11,2,WAIT,WAIT
86,AGV_9,7,6,WAIT,WAIT
86,AGV_10,11,14,WAIT,WAIT
86,AGV_11,7,7,WAIT,WAIT
87,AGV_12,5,9,Task_40,Moving
87,AGV_1,12,9,Task_56,Moving
87,AGV_2,11,3,WAIT,WAIT
87,AGV_3,7,15,WAIT,WAIT
87,AGV_4,11,6,WAIT,WAIT
87,AGV_5,3,3,WAIT,WAIT
87,AGV_6,3,6,WAIT,WAIT
87,AGV_7,3,2,WAIT,WAIT
87,AGV_8,11,2,WAIT,WAIT
87,AGV_9,7,6,WAIT,WAIT
87,AGV_10,11,14,WAIT,WAIT
87,AGV_11,7,7,WAIT,WAIT
88,AGV_12,4,9,Task_40,Moving
88,AGV_1,13,9,Task_56,Moving
88,AGV_2,11,3,WAIT,WAIT
88,AGV_3,7,15,WAIT,WAIT
88,AGV_4,11,6,WAIT,WAIT
88,AGV_5,3,3,WAIT,WAIT
88,AGV_6,3,6,WAIT,WAIT
88,AGV_7,3,2,WAIT,WAIT
88,AGV_8,11,2,WAIT,WAIT
88,AGV_9,7,6,WAIT,WAIT
88,AGV_10,11,14,WAIT,WAIT
88,AGV_11,7,7,WAIT,WAIT
89,AGV_12,3,9,Task_40,Moving
89,AGV_1,14,9,Task_56,Moving
89,AGV_2,11,3,WAIT,WAIT
89,AGV_3,7,15,WAIT,WAIT
89,AGV_4,11,6,WAIT,WAIT
89,AGV_5,3,3,WAIT,WAIT
89,AGV_6,3,6,WAIT,WAIT
89,AGV_7,3,2,WAIT,WAIT
89,AGV_8,11,2,WAIT,WAIT
89,AGV_9,7,6,WAIT,WAIT
89,AGV_10,11,14,WAIT,WAIT
89,AGV_11,7,7,WAIT,WAIT
90,AGV_12,3,8,Task_40,Moving
90,AGV_1,15,9,Task_56,Moving
90,AGV_2,11,3,WAIT,WAIT
90,AGV_3,7,15,WAIT,WAIT
90,AGV_4,11,6,WAIT,WAIT
90,AGV_5,3,3,WAIT,WAIT
90,AGV_6,3,6,WAIT,WAIT
90,AGV_7,3,2,WAIT,WAIT
90,AGV_8,11,2,WAIT,WAIT
90,AGV_9,7,6,WAIT,WAIT
90,AGV_10,11,14,WAIT,WAIT
90,AGV_11,7,7,WAIT,WAIT
91,AGV_12,3,7,Task_40,Moving
91,AGV_1,16,9,Task_56,Moving
91,AGV_2,11,3,WAIT,WAIT
91,AGV_3,7,15,WAIT,WAIT
91,AGV_4,11,6,WAIT,WAIT
91,AGV_5,3,3,WAIT,WAIT
91,AGV_6,3,6,WAIT,WAIT
91,AGV_7,3,2,WAIT,WAIT
91,AGV_8,11,2,WAIT,WAIT
91,AGV_9,7,6,WAIT,WAIT
91,AGV_10,11,14,WAIT,WAIT
91,AGV_11,7,7,WAIT,WAIT
92,AGV_12,3,6,Task_40,Moving
92,AGV_1,17,9,Task_56,Moving
92,AGV_2,11,3,WAIT,WAIT
92,AGV_3,7,15,WAIT,WAIT
92,AGV_4,11,6,WAIT,WAIT
92,AGV_5,3,3,WAIT,WAIT
92,AGV_6,3,6,WAIT,WAIT
92,AGV_7,3,2,WAIT,WAIT
92,AGV_8,11,2,WAIT,WAIT
92,AGV_9,7,6,WAIT,WAIT
92,AGV_10,11,14,WAIT,WAIT
92,AGV_11,7,7,WAIT,WAIT
93,AGV_12,3,5,Task_40,Moving
93,AGV_1,18,9,Task_56,Moving
93,AGV_2,11,3,WAIT,WAIT
93,AGV_3,7,15,WAIT,WAIT
93,AGV_4,11,6,WAIT,WAIT
93,AGV_5,3,3,WAIT,WAIT
93,AGV_6,3,6,WAIT,WAIT
93,AGV_7,3,2,WAIT,WAIT
93,AGV_8,11,2,WAIT,WAIT
93,AGV_9,7,6,WAIT,WAIT
93,AGV_10,11,14,WAIT,WAIT
93,AGV_11,7,7,WAIT,WAIT
94,AGV_12,3,4,Task_40,Moving
94,AGV_1,19,9,Task_56,Moving
94,AGV_2,11,3,WAIT,WAIT
94,AGV_3,7,15,WAIT,WAIT
94,AGV_4,11,6,WAIT,WAIT
94,AGV_5,3,3,WAIT,WAIT
94,AGV_6,3,6,WAIT,WAIT
94,AGV_7,3,2,WAIT,WAIT
94,AGV_8,11,2,WAIT,WAIT
94,AGV_9,7,6,WAIT,WAIT
94,AGV_10,11,14,WAIT,WAIT
94,AGV_11,7,7,WAIT,WAIT
95,AGV_12,3,3,Task_40,Moving
95,AGV_1,19,10,Task_56,Moving
95,AGV_2,11,3,WAIT,WAIT
95,AGV_3,7,15,WAIT,WAIT
95,AGV_4,11,6,WAIT,WAIT
95,AGV_5,3,3,WAIT,WAIT
95,AGV_6,3,6,WAIT,WAIT
95,AGV_7,3,2,WAIT,WAIT
95,AGV_8,11,2,WAIT,WAIT
95,AGV_9,7,6,WAIT,WAIT
95,AGV_10,11,14,WAIT,WAIT
95,AGV_11,7,7,WAIT,WAIT
96,AGV_12,3,2,Task_40,Moving
96,AGV_1,19,10,Task_56,Loading
96,AGV_2,11,3,WAIT,WAIT
96,AGV_3,7,15,WAIT,WAIT
96,AGV_4,11,6,WAIT,WAIT
96,AGV_5,3,3,WAIT,WAIT
96,AGV_6,3,6,WAIT,WAIT
96,AGV_7,3,2,WAIT,WAIT
96,AGV_8,11,2,WAIT,WAIT
96,AGV_9,7,6,WAIT,WAIT
96,AGV_10,11,14,WAIT,WAIT
96,AGV_11,7,7,WAIT,WAIT
97,AGV_1,19,10,Task_56,Loading
97,AGV_2,11,3,WAIT,WAIT
97,AGV_3,7,15,WAIT,WAIT
97,AGV_4,11,6,WAIT,WAIT
97,AGV_5,3,3,WAIT,WAIT
97,AGV_6,3,6,WAIT,WAIT
97,AGV_7,3,2,WAIT,WAIT
97,AGV_8,11,2,WAIT,WAIT
97,AGV_9,7,6,WAIT,WAIT
97,AGV_10,11,14,WAIT,WAIT
97,AGV_11,7,7,WAIT,WAIT
97,AGV_12,3,2,WAIT,WAIT
98,AGV_1,19,10,Task_56,Moving
98,AGV_2,11,3,WAIT,WAIT
98,AGV_3,7,15,WAIT,WAIT
98,AGV_4,11,6,WAIT,WAIT
98,AGV_5,3,3,WAIT,WAIT
98,AGV_6,3,6,WAIT,WAIT
98,AGV_7,3,2,WAIT,WAIT
98,AGV_8,11,2,WAIT,WAIT
98,AGV_9,7,6,WAIT,WAIT
98,AGV_10,11,14,WAIT,WAIT
98,AGV_11,7,7,WAIT,WAIT
98,AGV_12,3,2,WAIT,WAIT
99,AGV_1,18,10,Task_56,Moving
99,AGV_2,11,3,WAIT,WAIT
99,AGV_3,7,15,WAIT,WAIT
99,AGV_4,11,6,WAIT,WAIT
99,AGV_5,3,3,WAIT,WAIT
99,AGV_6,3,6,WAIT,WAIT
99,AGV_7,3,2,WAIT,WAIT
99,AGV_8,11,2,WAIT,WAIT
99,AGV_9,7,6,WAIT,WAIT
99,AGV_10,11,14,WAIT,WAIT
99,AGV_11,7,7,WAIT,WAIT
99,AGV_12,3,2,WAIT,WAIT
100,AGV_1,17,10,Task_56,Moving
100,AGV_2,11,3,Task_13,Moving
100,AGV_3,7,15,WAIT,WAIT
100,AGV_4,11,6,WAIT,WAIT
100,AGV_5,3,3,WAIT,WAIT
100,AGV_6,3,6,WAIT,WAIT
100,AGV_7,3,2,WAIT,WAIT
100,AGV_8,11,2,WAIT,WAIT
100,AGV_9,7,6,WAIT,WAIT
100,AGV_10,11,14,WAIT,WAIT
100,AGV_11,7,7,WAIT,WAIT
100,AGV_12,3,2,WAIT,WAIT
101,AGV_1,17,9,Task_56,Moving
101,AGV_2,11,4,Task_13,Moving
101,AGV_3,7,15,WAIT,WAIT
101,AGV_4,11,6,WAIT,WAIT
101,AGV_5,3,3,WAIT,WAIT
101,AGV_6,3,6,WAIT,WAIT
101,AGV_7,3,2,WAIT,WAIT
101,AGV_8,11,2,WAIT,WAIT
101,AGV_9,7,6,WAIT,WAIT
101,AGV_10,11,14,WAIT,WAIT
101,AGV_11,7,7,WAIT,WAIT
101,AGV_12,3,2,WAIT,WAIT
102,AGV_1,16,9,Task_56,Moving
102,AGV_2,11,5,Task_13,Moving
102,AGV_3,7,15,WAIT,WAIT
102,AGV_4,11,6,WAIT,WAIT
102,AGV_5,3,3,WAIT,WAIT
102,AGV_6,3,6,WAIT,WAIT
102,AGV_7,3,2,WAIT,WAIT
102,AGV_8,11,2,WAIT,WAIT
102,AGV_9,7,6,WAIT,WAIT
102,AGV_10,11,14,WAIT,WAIT
102,AGV_11,7,7,WAIT,WAIT
102,AGV_12,3,2,WAIT,WAIT
103,AGV_1,15,9,Task_56,Moving
103,AGV_2,11,6,Task_13,Moving
103,AGV_3,7,15,WAIT,WAIT
103,AGV_4,11,6,WAIT,WAIT
103,AGV_5,3,3,WAIT,WAIT
103,AGV_6,3,6,WAIT,WAIT
103,AGV_7,3,2,WAIT,WAIT
103,AGV_8,11,2,WAIT,WAIT
103,AGV_9,7,6,WAIT,WAIT
103,AGV_10,11,14,WAIT,WAIT
103,AGV_11,7,7,WAIT,WAIT
103,AGV_12,3,2,WAIT,WAIT
104,AGV_1,14,9,Task_56,Moving
104,AGV_2,11,7,Task_13,Moving
104,AGV_3,7,15,WAIT,WAIT
104,AGV_4,11,6,WAIT,WAIT
104,AGV_5,3,3,WAIT,WAIT
104,AGV_6,3,6,WAIT,WAIT
104,AGV_7,3,2,WAIT,WAIT
104,AGV_8,11,2,WAIT,WAIT
104,AGV_9,7,6,WAIT,WAIT
104,AGV_10,11,14,WAIT,WAIT
104,AGV_11,7,7,WAIT,WAIT
104,AGV_12,3,2,WAIT,WAIT
105,AGV_1,13,9,Task_56,Moving
105,AGV_2,11,8,Task_13,Moving
105,AGV_3,7,15,Task_5,Moving
105,AGV_4,11,6,WAIT,WAIT
105,AGV_5,3,3,WAIT,WAIT
105,AGV_6,3,6,WAIT,WAIT
105,AGV_7,3,2,WAIT,WAIT
105,AGV_8,11,2,WAIT,WAIT
105,AGV_9,7,6,WAIT,WAIT
105,AGV_10,11,14,WAIT,WAIT
105,AGV_11,7,7,WAIT,WAIT
105,AGV_12,3,2,WAIT,WAIT
106,AGV_1,12,9,Task_56,Moving
106,AGV_2,12,8,Task_13,Moving
106,AGV_3,7,14,Task_5,Moving
106,AGV_4,11,6,WAIT,WAIT
106,AGV_5,3,3,WAIT,WAIT
106,AGV_6,3,6,WAIT,WAIT
106,AGV_7,3,2,WAIT,WAIT
106,AGV_8,11,2,WAIT,WAIT
106,AGV_9,7,6,WAIT,WAIT
106,AGV_10,11,14,WAIT,WAIT
106,AGV_11,7,7,WAIT,WAIT
106,AGV_12,3,2,WAIT,WAIT
107,AGV_1,11,9,Task_56,Moving
107,AGV_2,12,9,Task_13,Moving
107,AGV_3,7,13,Task_5,Moving
107,AGV_4,11,6,WAIT,WAIT
107,AGV_5,3,3,WAIT,WAIT
107,AGV_6,3,6,WAIT,WAIT
107,AGV_7,3,2,WAIT,WAIT
107,AGV_8,11,2,WAIT,WAIT
107,AGV_9,7,6,WAIT,WAIT
107,AGV_10,11,14,WAIT,WAIT
107,AGV_11,7,7,WAIT,WAIT
107,AGV_12,3,2,WAIT,WAIT
108,AGV_1,10,9,Task_56,Moving
108,AGV_2,13,9,Task_13,Moving
108,AGV_3,7,12,Task_5,Moving
108,AGV_4,11,6,WAIT,WAIT
108,AGV_5,3,3,WAIT,WAIT
108,AGV_6,3,6,WAIT,WAIT
108,AGV_7,3,2,WAIT,WAIT
108,AGV_8,11,2,WAIT,WAIT
108,AGV_9,7,6,WAIT,WAIT
108,AGV_10,11,14,WAIT,WAIT
108,AGV_11,7,7,WAIT,WAIT
108,AGV_12,3,2,WAIT,WAIT
109,AGV_1,9,9,Task_56,Moving
109,AGV_2,14,9,Task_13,Moving
109,AGV_3,8,12,Task_5,Moving
109,AGV_4,11,6,WAIT,WAIT
109,AGV_5,3,3,WAIT,WAIT
109,AGV_6,3,6,WAIT,WAIT
109,AGV_7,3,2,WAIT,WAIT
109,AGV_8,11,2,WAIT,WAIT
109,AGV_9,7,6,WAIT,WAIT
109,AGV_10,11,14,WAIT,WAIT
109,AGV_11,7,7,WAIT,WAIT
109,AGV_12,3,2,WAIT,WAIT
110,AGV_1,8,9,Task_56,Moving
110,AGV_2,15,9,Task_13,Moving
110,AGV_3,9,12,Task_5,Moving
110,AGV_4,11,6,WAIT,WAIT
110,AGV_5,3,3,WAIT,WAIT
110,AGV_6,3,6,WAIT,WAIT
110,AGV_7,3,2,WAIT,WAIT
110,AGV_8,11,2,WAIT,WAIT
110,AGV_9,7,6,WAIT,WAIT
110,AGV_10,11,14,WAIT,WAIT
110,AGV_11,7,7,WAIT,WAIT
110,AGV_12,3,2,WAIT,WAIT
111,AGV_1,7,9,Task_56,Moving
111,AGV_2,16,9,Task_13,Moving
111,AGV_3,10,12,Task_5,Moving
111,AGV_4,11,6,WAIT,WAIT
111,AGV_5,3,3,WAIT,WAIT
111,AGV_6,3,6,WAIT,WAIT
111,AGV_7,3,2,WAIT,WAIT
111,AGV_8,11,2,WAIT,WAIT
111,AGV_9,7,6,WAIT,WAIT
111,AGV_10,11,14,WAIT,WAIT
111,AGV_11,7,7,WAIT,WAIT
111,AGV_12,3,2,WAIT,WAIT
112,AGV_1,7,8,Task_56,Moving
112,AGV_2,17,9,Task_13,Moving
112,AGV_3,11,12,Task_5,Moving
112,AGV_4,11,6,WAIT,WAIT
112,AGV_5,3,3,WAIT,WAIT
112,AGV_6,3,6,WAIT,WAIT
112,AGV_7,3,2,WAIT,WAIT
112,AGV_8,11,2,WAIT,WAIT
112,AGV_9,7,6,WAIT,WAIT
112,AGV_10,11,14,WAIT,WAIT
112,AGV_11,7,7,WAIT,WAIT
112,AGV_12,3,2,WAIT,WAIT
113,AGV_1,7,7,Task_56,Moving
113,AGV_2,18,9,Task_13,Moving
113,AGV_3,12,12,Task_5,Moving
113,AGV_4,11,6,WAIT,WAIT
113,AGV_5,3,3,WAIT,WAIT
113,AGV_6,3,6,WAIT,WAIT
113,AGV_7,3,2,WAIT,WAIT
113,AGV_8,11,2,WAIT,WAIT
113,AGV_9,7,6,WAIT,WAIT
113,AGV_10,11,14,WAIT,WAIT
113,AGV_11,7,7,WAIT,WAIT
113,AGV_12,3,2,WAIT,WAIT
114,AGV_2,19,9,Task_13,Moving
114,AGV_3,13,12,Task_5,Moving
114,AGV_4,11,6,WAIT,WAIT
114,AGV_5,3,3,WAIT,WAIT
114,AGV_6,3,6,WAIT,WAIT
114,AGV_7,3,2,WAIT,WAIT
114,AGV_8,11,2,WAIT,WAIT
114,AGV_9,7,6,WAIT,WAIT
114,AGV_10,11,14,WAIT,WAIT
114,AGV_11,7,7,WAIT,WAIT
114,AGV_12,3,2,WAIT,WAIT
114,AGV_1,7,7,WAIT,WAIT
115,AGV_2,19,10,Task_13,Moving
115,AGV_3,14,12,Task_5,Moving
115,AGV_4,11,6,Task_25,Moving
115,AGV_5,3,3,WAIT,WAIT
115,AGV_6,3,6,WAIT,WAIT
115,AGV_7,3,2,WAIT,WAIT
115,AGV_8,11,2,WAIT,WAIT
115,AGV_9,7,6,WAIT,WAIT
115,AGV_10,11,14,WAIT,WAIT
115,AGV_11,7,7,WAIT,WAIT
115,AGV_12,3,2,WAIT,WAIT
115,AGV_1,7,7,WAIT,WAIT
116,AGV_2,19,10,Task_13,Loading
116,AGV_3,15,12,Task_5,Moving
116,AGV_4,11,7,Task_25,Moving
116,AGV_5,3,3,WAIT,WAIT
116,AGV_6,3,6,WAIT,WAIT
116,AGV_7,3,2,WAIT,WAIT
116,AGV_8,11,2,WAIT,WAIT
116,AGV_9,7,6,WAIT,WAIT
116,AGV_10,11,14,WAIT,WAIT
116,AGV_11,7,7,WAIT,WAIT
116,AGV_12,3,2,WAIT,WAIT
116,AGV_1,7,7,WAIT,WAIT
117,AGV_2,19,10,Task_13,Loading
117,AGV_3,16,12,Task_5,Moving
117,AGV_4,11,8,Task_25,Moving
117,AGV_5,3,3,WAIT,WAIT
117,AGV_6,3,6,WAIT,WAIT
117,AGV_7,3,2,WAIT,WAIT
117,AGV_8,11,2,WAIT,WAIT
117,AGV_9,7,6,WAIT,WAIT
117,AGV_10,11,14,WAIT,WAIT
117,AGV_11,7,7,WAIT,WAIT
117,AGV_12,3,2,WAIT,WAIT
117,AGV_1,7,7,WAIT,WAIT
118,AGV_2,19,10,Task_13,Moving
118,AGV_3,17,12,Task_5,Moving
118,AGV_4,12,8,Task_25,Moving
118,AGV_5,3,3,WAIT,WAIT
118,AGV_6,3,6,WAIT,WAIT
118,AGV_7,3,2,WAIT,WAIT
118,AGV_8,11,2,WAIT,WAIT
118,AGV_9,7,6,WAIT,WAIT
118,AGV_10,11,14,WAIT,WAIT
118,AGV_11,7,7,WAIT,WAIT
118,AGV_12,3,2,WAIT,WAIT
118,AGV_1,7,7,WAIT,WAIT
119,AGV_2,18,10,Task_13,Moving
119,AGV_3,18,12,Task_5,Moving
119,AGV_4,13,8,Task_25,Moving
119,AGV_5,3,3,WAIT,WAIT
119,AGV_6,3,6,WAIT,WAIT
119,AGV_7,3,2,WAIT,WAIT
119,AGV_8,11,2,WAIT,WAIT
119,AGV_9,7,6,WAIT,WAIT
119,AGV_10,11,14,WAIT,WAIT
119,AGV_11,7,7,WAIT,WAIT
119,AGV_12,3,2,WAIT,WAIT
119,AGV_1,7,7,WAIT,WAIT
120,AGV_2,17,10,Task_13,Moving
120,AGV_3,19,12,Task_5,Moving
120,AGV_4,14,8,Task_25,Moving
120,AGV_5,3,3,WAIT,WAIT
120,AGV_6,3,6,WAIT,WAIT
120,AGV_7,3,2,WAIT,WAIT
120,AGV_8,11,2,WAIT,WAIT
120,AGV_9,7,6,WAIT,WAIT
120,AGV_10,11,14,WAIT,WAIT
120,AGV_11,7,7,WAIT,WAIT
120,AGV_12,3,2,WAIT,WAIT
120,AGV_1,7,7,WAIT,WAIT
121,AGV_2,17,9,Task_13,Moving
121,AGV_3,19,11,Task_5,Moving
121,AGV_4,15,8,Task_25,Moving
121,AGV_5,3,3,WAIT,WAIT
121,AGV_6,3,6,WAIT,WAIT
121,AGV_7,3,2,WAIT,WAIT
121,AGV_8,11,2,WAIT,WAIT
121,AGV_9,7,6,WAIT,WAIT
121,AGV_10,11,14,WAIT,WAIT
121,AGV_11,7,7,WAIT,WAIT
121,AGV_12,3,2,WAIT,WAIT
121,AGV_1,7,7,WAIT,WAIT
122,AGV_2,16,9,Task_13,Moving
122,AGV_3,19,10,Task_5,Moving
122,AGV_4,16,8,Task_25,Moving
122,AGV_5,3,3,WAIT,WAIT
122,AGV_6,3,6,WAIT,WAIT
122,AGV_7,3,2,WAIT,WAIT
122,AGV_8,11,2,WAIT,WAIT
122,AGV_9,7,6,WAIT,WAIT
122,AGV_10,11,14,WAIT,WAIT
122,AGV_11,7,7,WAIT,WAIT
122,AGV_12,3,2,WAIT,WAIT
122,AGV_1,7,7,WAIT,WAIT
123,AGV_2,15,9,Task_13,Moving
123,AGV_3,19,10,Task_5,Loading
123,AGV_4,16,9,Task_25,Moving
123,AGV_5,3,3,WAIT,WAIT
123,AGV_6,3,6,WAIT,WAIT
123,AGV_7,3,2,WAIT,WAIT
123,AGV_8,11,2,WAIT,WAIT
123,AGV_9,7,6,WAIT,WAIT
123,AGV_10,11,14,WAIT,WAIT
123,AGV_11,7,7,WAIT,WAIT
123,AGV_12,3,2,WAIT,WAIT
123,AGV_1,7,7,WAIT,WAIT
124,AGV_2,14,9,Task_13,Moving
124,AGV_3,19,10,Task_5,Loading
124,AGV_4,17,9,Task_25,Moving
124,AGV_5,3,3,WAIT,WAIT
124,AGV_6,3,6,WAIT,WAIT
124,AGV_7,3,2,WAIT,WAIT
124,AGV_8,11,2,WAIT,WAIT
124,AGV_9,7,6,WAIT,WAIT
124,AGV_10,11,14,WAIT,WAIT
124,AGV_11,7,7,WAIT,WAIT
124,AGV_12,3,2,WAIT,WAIT
124,AGV_1,7,7,WAIT,WAIT
125,AGV_2,13,9,Task_13,Moving
125,AGV_3,19,10,Task_5,Moving
125,AGV_4,18,9,Task_25,Moving
125,AGV_5,3,3,WAIT,WAIT
125,AGV_6,3,6,WAIT,WAIT
125,AGV_7,3,2,WAIT,WAIT
125,AGV_8,11,2,WAIT,WAIT
125,AGV_9,7,6,WAIT,WAIT
125,AGV_10,11,14,WAIT,WAIT
125,AGV_11,7,7,WAIT,WAIT
125,AGV_12,3,2,WAIT,WAIT
125,AGV_1,7,7,WAIT,WAIT
126,AGV_2,12,9,Task_13,Moving
126,AGV_3,18,10,Task_5,Moving
126,AGV_4,19,9,Task_25,Moving
126,AGV_5,3,3,WAIT,WAIT
126,AGV_6,3,6,Task_97,Moving
126,AGV_7,3,2,WAIT,WAIT
126,AGV_8,11,2,WAIT,WAIT
126,AGV_9,7,6,WAIT,WAIT
126,AGV_10,11,14,WAIT,WAIT
126,AGV_11,7,7,WAIT,WAIT
126,AGV_12,3,2,WAIT,WAIT
126,AGV_1,7,7,WAIT,WAIT
127,AGV_2,11,9,Task_13,Moving
127,AGV_3,17,10,Task_5,Moving
127,AGV_4,19,10,Task_25,Moving
127,AGV_5,3,3,WAIT,WAIT
127,AGV_6,3,7,Task_97,Moving
127,AGV_7,3,2,WAIT,WAIT
127,AGV_8,11,2,WAIT,WAIT
127,AGV_9,7,6,WAIT,WAIT
127,AGV_10,11,14,WAIT,WAIT
127,AGV_11,7,7,WAIT,WAIT
127,AGV_12,3,2,WAIT,WAIT
127,AGV_1,7,7,WAIT,WAIT
128,AGV_2,10,9,Task_13,Moving
128,AGV_3,17,9,Task_5,Moving
128,AGV_4,19,10,Task_25,Loading
128,AGV_5,3,3,WAIT,WAIT
128,AGV_6,3,8,Task_97,Moving
128,AGV_7,3,2,WAIT,WAIT
128,AGV_8,11,2,WAIT,WAIT
128,AGV_9,7,6,WAIT,WAIT
128,AGV_10,11,14,WAIT,WAIT
128,AGV_11,7,7,WAIT,WAIT
128,AGV_12,3,2,WAIT,WAIT
128,AGV_1,7,7,WAIT,WAIT
129,AGV_2,9,9,Task_13,Moving
129,AGV_3,16,9,Task_5,Moving
129,AGV_4,19,10,Task_25,Loading
129,AGV_5,3,3,Task_78,Moving
129,AGV_6,4,8,Task_97,Moving
129,AGV_7,3,2,WAIT,WAIT
129,AGV_8,11,2,WAIT,WAIT
129,AGV_9,7,6,WAIT,WAIT
129,AGV_10,11,14,WAIT,WAIT
129,AGV_11,7,7,WAIT,WAIT
129,AGV_12,3,2,WAIT,WAIT
129,AGV_1,7,7,WAIT,WAIT
130,AGV_2,8,9,Task_13,Moving
130,AGV_3,15,9,Task_5,Moving
130,AGV_4,19,10,Task_25,Moving
130,AGV_5,3,4,Task_78,Moving
130,AGV_6,5,8,Task_97,Moving
130,AGV_7,3,2,Task_9,Moving
130,AGV_8,11,2,WAIT,WAIT
130,AGV_9,7,6,WAIT,WAIT
130,AGV_10,11,14,WAIT,WAIT
130,AGV_11,7,7,WAIT,WAIT
130,AGV_12,3,2,WAIT,WAIT
130,AGV_1,7,7,WAIT,WAIT
131,AGV_2,7,9,Task_13,Moving
131,AGV_3,14,9,Task_5,Moving
131,AGV_4,18,10,Task_25,Moving
131,AGV_5,3,5,Task_78,Moving
131,AGV_6,6,8,Task_97,Moving
131,AGV_7,3,1,Task_9,Moving
131,AGV_8,11,2,WAIT,WAIT
131,AGV_9,7,6,WAIT,WAIT
131,AGV_10,11,14,WAIT,WAIT
131,AGV_11,7,7,WAIT,WAIT
131,AGV_12,3,2,WAIT,WAIT
131,AGV_1,7,7,WAIT,WAIT
132,AGV_2,7,10,Task_13,Moving
132,AGV_3,13,9,Task_5,Moving
132,AGV_4,17,10,Task_25,Moving
132,AGV_5,3,6,Task_78,Moving
132,AGV_6,7,8,Task_97,Moving
132,AGV_7,3,2,Task_9,Moving
132,AGV_8,11,2,WAIT,WAIT
132,AGV_9,7,6,WAIT,WAIT
132,AGV_10,11,14,WAIT,WAIT
132,AGV_11,7,7,WAIT,WAIT
132,AGV_12,3,2,WAIT,WAIT
132,AGV_1,7,7,WAIT,WAIT
133,AGV_3,12,9,Task_5,Moving
133,AGV_4,17,9,Task_25,Moving
133,AGV_5,3,7,Task_78,Moving
133,AGV_6,8,8,Task_97,Moving
133,AGV_7,3,3,Task_9,Moving
133,AGV_8,11,2,WAIT,WAIT
133,AGV_9,7,6,WAIT,WAIT
133,AGV_10,11,14,WAIT,WAIT
133,AGV_11,7,7,WAIT,WAIT
133,AGV_12,3,2,WAIT,WAIT
133,AGV_1,7,7,WAIT,WAIT
133,AGV_2,7,10,WAIT,WAIT
134,AGV_3,11,9,Task_5,Moving
134,AGV_4,16,9,Task_25,Moving
134,AGV_5,3,8,Task_78,Moving
134,AGV_6,9,8,Task_97,Moving
134,AGV_7,3,4,Task_9,Moving
134,AGV_8,11,2,WAIT,WAIT
134,AGV_9,7,6,WAIT,WAIT
134,AGV_10,11,14,WAIT,WAIT
134,AGV_11,7,7,WAIT,WAIT
134,AGV_12,3,2,WAIT,WAIT
134,AGV_1,7,7,WAIT,WAIT
134,AGV_2,7,10,WAIT,WAIT
135,AGV_3,11,8,Task_5,Moving
135,AGV_4,15,9,Task_25,Moving
135,AGV_5,4,8,Task_78,Moving
135,AGV_6,10,8,Task_97,Moving
135,AGV_7,3,5,Task_9,Moving
135,AGV_8,11,2,WAIT,WAIT
135,AGV_9,7,6,WAIT,WAIT
135,AGV_10,11,14,WAIT,WAIT
135,AGV_11,7,7,WAIT,WAIT
135,AGV_12,3,2,WAIT,WAIT
135,AGV_1,7,7,WAIT,WAIT
135,AGV_2,7,10,WAIT,WAIT
136,AGV_3,11,7,Task_5,Moving
136,AGV_4,14,9,Task_25,Moving
136,AGV_5,5,8,Task_78,Moving
136,AGV_6,11,8,Task_97,Moving
136,AGV_7,3,6,Task_9,Moving
136,AGV_8,11,2,WAIT,WAIT
136,AGV_9,7,6,WAIT,WAIT
136,AGV_10,11,14,WAIT,WAIT
136,AGV_11,7,7,WAIT,WAIT
136,AGV_12,3,2,WAIT,WAIT
136,AGV_1,7,7,WAIT,WAIT
136,AGV_2,7,10,WAIT,WAIT
137,AGV_4,13,9,Task_25,Moving
137,AGV_5,6,8,Task_78,Moving
137,AGV_6,12,8,Task_97,Moving
137,AGV_7,3,7,Task_9,Moving
137,AGV_8,11,2,WAIT,WAIT
137,AGV_9,7,6,WAIT,WAIT
137,AGV_10,11,14,WAIT,WAIT
137,AGV_11,7,7,WAIT,WAIT
137,AGV_12,3,2,WAIT,WAIT
137,AGV_1,7,7,WAIT,WAIT
137,AGV_2,7,10,WAIT,WAIT
137,AGV_3,11,7,WAIT,WAIT
138,AGV_4,12,9,Task_25,Moving
138,AGV_5,7,8,Task_78,Moving
138,AGV_6,13,8,Task_97,Moving
138,AGV_7,3,8,Task_9,Moving
138,AGV_8,11,2,WAIT,WAIT
138,AGV_9,7,6,WAIT,WAIT
138,AGV_10,11,14,WAIT,WAIT
138,AGV_11,7,7,WAIT,WAIT
138,AGV_12,3,2,WAIT,WAIT
138,AGV_1,7,7,WAIT,WAIT
138,AGV_2,7,10,WAIT,WAIT
138,AGV_3,11,7,WAIT,WAIT
139,AGV_4,11,9,Task_25,Moving
139,AGV_5,8,8,Task_78,Moving
139,AGV_6,13,9,Task_97,Moving
139,AGV_7,4,8,Task_9,Moving
139,AGV_8,11,2,WAIT,WAIT
139,AGV_9,7,6,WAIT,WAIT
139,AGV_10,11,14,WAIT,WAIT
139,AGV_11,7,7,WAIT,WAIT
139,AGV_12,3,2,WAIT,WAIT
139,AGV_1,7,7,WAIT,WAIT
139,AGV_2,7,10,WAIT,WAIT
139,AGV_3,11,7,WAIT,WAIT
140,AGV_4,10,9,Task_25,Moving
140,AGV_5,9,8,Task_78,Moving
140,AGV_6,14,9,Task_97,Moving
140,AGV_7,5,8,Task_9,Moving
140,AGV_8,11,2,WAIT,WAIT
140,AGV_9,7,6,WAIT,WAIT
140,AGV_10,11,14,WAIT,WAIT
140,AGV_11,7,7,WAIT,WAIT
140,AGV_12,3,2,WAIT,WAIT
140,AGV_1,7,7,WAIT,WAIT
140,AGV_2,7,10,WAIT,WAIT
140,AGV_3,11,7,WAIT,WAIT
141,AGV_4,9,9,Task_25,Moving
141,AGV_5,10,8,Task_78,Moving
141,AGV_6,15,9,Task_97,Moving
141,AGV_7,6,8,Task_9,Moving
141,AGV_8,11,2,WAIT,WAIT
141,AGV_9,7,6,WAIT,WAIT
141,AGV_10,11,14,WAIT,WAIT
141,AGV_11,7,7,WAIT,WAIT
141,AGV_12,3,2,WAIT,WAIT
141,AGV_1,7,7,WAIT,WAIT
141,AGV_2,7,10,WAIT,WAIT
141,AGV_3,11,7,WAIT,WAIT
142,AGV_4,8,9,Task_25,Moving
142,AGV_5,10,9,Task_78,Moving
142,AGV_6,16,9,Task_97,Moving
142,AGV_7,7,8,Task_9,Moving
142,AGV_8,11,2,WAIT,WAIT
142,AGV_9,7,6,WAIT,WAIT
142,AGV_10,11,14,WAIT,WAIT
142,AGV_11,7,7,WAIT,WAIT
142,AGV_12,3,2,WAIT,WAIT
142,AGV_1,7,7,WAIT,WAIT
142,AGV_2,7,10,WAIT,WAIT
142,AGV_3,11,7,WAIT,WAIT
143,AGV_4,7,9,Task_25,Moving
143,AGV_5,11,9,Task_78,Moving
143,AGV_6,17,9,Task_97,Moving
143,AGV_7,8,8,Task_9,Moving
143,AGV_8,11,2,WAIT,WAIT
143,AGV_9,7,6,WAIT,WAIT
143,AGV_10,11,14,WAIT,WAIT
143,AGV_11,7,7,WAIT,WAIT
143,AGV_12,3,2,WAIT,WAIT
143,AGV_1,7,7,WAIT,WAIT
143,AGV_2,7,10,WAIT,WAIT
143,AGV_3,11,7,WAIT,WAIT
144,AGV_4,7,10,Task_25,Moving
144,AGV_5,12,9,Task_78,Moving
144,AGV_6,18,9,Task_97,Moving
144,AGV_7,9,8,Task_9,Moving
144,AGV_8,11,2,WAIT,WAIT
144,AGV_9,7,6,WAIT,WAIT
144,AGV_10,11,14,WAIT,WAIT
144,AGV_11,7,7,WAIT,WAIT
144,AGV_12,3,2,WAIT,WAIT
144,AGV_1,7,7,WAIT,WAIT
144,AGV_2,7,10,WAIT,WAIT
144,AGV_3,11,7,WAIT,WAIT
145,AGV_5,13,9,Task_78,Moving
145,AGV_6,19,9,Task_97,Moving
145,AGV_7,10,8,Task_9,Moving
145,AGV_8,11,2,WAIT,WAIT
145,AGV_9,7,6,WAIT,WAIT
145,AGV_10,11,14,WAIT,WAIT
145,AGV_11,7,7,WAIT,WAIT
145,AGV_12,3,2,WAIT,WAIT
145,AGV_1,7,7,WAIT,WAIT
145,AGV_2,7,10,WAIT,WAIT
145,AGV_3,11,7,WAIT,WAIT
145,AGV_4,7,10,WAIT,WAIT
146,AGV_5,14,9,Task_78,Moving
146,AGV_6,19,10,Task_97,Moving
146,AGV_7,11,8,Task_9,Moving
146,AGV_8,11,2,Task_1,Moving
146,AGV_9,7,6,WAIT,WAIT
146,AGV_10,11,14,WAIT,WAIT
146,AGV_11,7,7,WAIT,WAIT
146,AGV_12,3,2,WAIT,WAIT
146,AGV_1,7,7,WAIT,WAIT
146,AGV_2,7,10,WAIT,WAIT
146,AGV_3,11,7,WAIT,WAIT
146,AGV_4,7,10,WAIT,WAIT
147,AGV_5,15,9,Task_78,Moving
147,AGV_6,19,10,Task_97,Loading
147,AGV_7,12,8,Task_9,Moving
147,AGV_8,11,3,Task_1,Moving
147,AGV_9,7,6,WAIT,WAIT
147,AGV_10,11,14,WAIT,WAIT
147,AGV_11,7,7,WAIT,WAIT
147,AGV_12,3,2,WAIT,WAIT
147,AGV_1,7,7,WAIT,WAIT
147,AGV_2,7,10,WAIT,WAIT
147,AGV_3,11,7,WAIT,WAIT
147,AGV_4,7,10,WAIT,WAIT
148,AGV_5,16,9,Task_78,Moving
148,AGV_6,19,10,Task_97,Loading
148,AGV_7,13,8,Task_9,Moving
148,AGV_8,11,4,Task_1,Moving
148,AGV_9,7,6,WAIT,WAIT
148,AGV_10,11,14,WAIT,WAIT
148,AGV_11,7,7,WAIT,WAIT
148,AGV_12,3,2,WAIT,WAIT
148,AGV_1,7,7,WAIT,WAIT
148,AGV_2,7,10,WAIT,WAIT
148,AGV_3,11,7,WAIT,WAIT
148,AGV_4,7,10,WAIT,WAIT
149,AGV_5,17,9,Task_78,Moving
149,AGV_6,19,10,Task_97,Moving
149,AGV_7,14,8,Task_9,Moving
149,AGV_8,11,5,Task_1,Moving
149,AGV_9,7,6,WAIT,WAIT
149,AGV_10,11,14,WAIT,WAIT
149,AGV_11,7,7,WAIT,WAIT
149,AGV_12,3,2,WAIT,WAIT
149,AGV_1,7,7,WAIT,WAIT
149,AGV_2,7,10,WAIT,WAIT
149,AGV_3,11,7,WAIT,WAIT
149,AGV_4,7,10,WAIT,WAIT
150,AGV_5,18,9,Task_78,Moving
150,AGV_6,18,10,Task_97,Moving
150,AGV_7,15,8,Task_9,Moving
150,AGV_8,11,6,Task_1,Moving
150,AGV_9,7,6,WAIT,WAIT
150,AGV_10,11,14,WAIT,WAIT
150,AGV_11,7,7,WAIT,WAIT
150,AGV_12,3,2,WAIT,WAIT
150,AGV_1,7,7,WAIT,WAIT
150,AGV_2,7,10,WAIT,WAIT
150,AGV_3,11,7,WAIT,WAIT
150,AGV_4,7,10,WAIT,WAIT
151,AGV_5,19,9,Task_78,Moving
151,AGV_6,17,10,Task_97,Moving
151,AGV_7,16,8,Task_9,Moving
151,AGV_8,11,7,Task_1,Moving
151,AGV_9,7,6,WAIT,WAIT
151,AGV_10,11,14,WAIT,WAIT
151,AGV_11,7,7,WAIT,WAIT
151,AGV_12,3,2,WAIT,WAIT
151,AGV_1,7,7,WAIT,WAIT
151,AGV_2,7,10,WAIT,WAIT
151,AGV_3,11,7,WAIT,WAIT
151,AGV_4,7,10,WAIT,WAIT
152,AGV_5,19,10,Task_78,Moving
152,AGV_6,17,9,Task_97,Moving
152,AGV_7,17,8,Task_9,Moving
152,AGV_8,11,8,Task_1,Moving
152,AGV_9,7,6,WAIT,WAIT
152,AGV_10,11,14,WAIT,WAIT
152,AGV_11,7,7,WAIT,WAIT
152,AGV_12,3,2,WAIT,WAIT
152,AGV_1,7,7,WAIT,WAIT
152,AGV_2,7,10,WAIT,WAIT
152,AGV_3,11,7,WAIT,WAIT
152,AGV_4,7,10,WAIT,WAIT
153,AGV_5,19,10,Task_78,Loading
153,AGV_6,16,9,Task_97,Moving
153,AGV_7,17,9,Task_9,Moving
153,AGV_8,12,8,Task_1,Moving
153,AGV_9,7,6,WAIT,WAIT
153,AGV_10,11,14,WAIT,WAIT
153,AGV_11,7,7,WAIT,WAIT
153,AGV_12,3,2,Task_57,Moving
153,AGV_1,7,7,WAIT,WAIT
153,AGV_2,7,10,WAIT,WAIT
153,AGV_3,11,7,WAIT,WAIT
153,AGV_4,7,10,WAIT,WAIT
154,AGV_5,19,10,Task_78,Loading
154,AGV_6,15,9,Task_97,Moving
154,AGV_7,18,9,Task_9,Moving
154,AGV_8,13,8,Task_1,Moving
154,AGV_9,7,6,WAIT,WAIT
154,AGV_10,11,14,WAIT,WAIT
154,AGV_11,7,7,WAIT,WAIT
154,AGV_12,3,3,Task_57,Moving
154,AGV_1,7,7,WAIT,WAIT
154,AGV_2,7,10,WAIT,WAIT
154,AGV_3,11,7,WAIT,WAIT
154,AGV_4,7,10,WAIT,WAIT
155,AGV_5,19,10,Task_78,Moving
155,AGV_6,14,9,Task_97,Moving
155,AGV_7,19,9,Task_9,Moving
155,AGV_8,14,8,Task_1,Moving
155,AGV_9,7,6,Task_20,Moving
155,AGV_10,11,14,WAIT,WAIT
155,AGV_11,7,7,WAIT,WAIT
155,AGV_12,3,4,Task_57,Moving
155,AGV_1,7,7,WAIT,WAIT
155,AGV_2,7,10,WAIT,WAIT
155,AGV_3,11,7,WAIT,WAIT
155,AGV_4,7,10,WAIT,WAIT
156,AGV_5,18,10,Task_78,Moving
156,AGV_6,13,9,Task_97,Moving
156,AGV_7,19,10,Task_9,Moving
156,AGV_8,15,8,Task_1,Moving
156,AGV_9,7,7,Task_20,Moving
156,AGV_10,11,14,Task_88,Moving
156,AGV_11,7,7,WAIT,WAIT
156,AGV_12,3,5,Task_57,Moving
156,AGV_1,7,7,WAIT,WAIT
156,AGV_2,7,10,WAIT,WAIT
156,AGV_3,11,7,WAIT,WAIT
156,AGV_4,7,10,WAIT,WAIT
157,AGV_5,17,10,Task_78,Moving
157,AGV_6,12,9,Task_97,Moving
157,AGV_7,19,10,Task_9,Loading
157,AGV_8,16,8,Task_1,Moving
157,AGV_9,7,8,Task_20,Moving
157,AGV_10,11,13,Task_88,Moving
157,AGV_11,7,7,WAIT,WAIT
157,AGV_12,4,5,Task_57,Moving
157,AGV_1,7,7,WAIT,WAIT
157,AGV_2,7,10,WAIT,WAIT
157,AGV_3,11,7,WAIT,WAIT
157,AGV_4,7,10,WAIT,WAIT
158,AGV_5,17,9,Task_78,Moving
158,AGV_6,11,9,Task_97,Moving
158,AGV_7,19,10,Task_9,Loading
158,AGV_8,17,8,Task_1,Moving
158,AGV_9,8,8,Task_20,Moving
158,AGV_10,11,12,Task_88,Moving
158,AGV_11,7,7,WAIT,WAIT
158,AGV_12,5,5,Task_57,Moving
158,AGV_1,7,7,WAIT,WAIT
158,AGV_2,7,10,WAIT,WAIT
158,AGV_3,11,7,WAIT,WAIT
158,AGV_4,7,10,WAIT,WAIT
159,AGV_5,16,9,Task_78,Moving
159,AGV_6,10,9,Task_97,Moving
159,AGV_7,19,10,Task_9,Moving
159,AGV_8,17,9,Task_1,Moving
159,AGV_9,9,8,Task_20,Moving
159,AGV_10,12,12,Task_88,Moving
159,AGV_11,7,7,WAIT,WAIT
159,AGV_12,6,5,Task_57,Moving
159,AGV_1,7,7,WAIT,WAIT
159,AGV_2,7,10,WAIT,WAIT
159,AGV_3,11,7,WAIT,WAIT
159,AGV_4,7,10,WAIT,WAIT
160,AGV_5,15,9,Task_78,Moving
160,AGV_6,9,9,Task_97,Moving
160,AGV_7,18,10,Task_9,Moving
160,AGV_8,18,9,Task_1,Moving
160,AGV_9,10,8,Task_20,Moving
160,AGV_10,13,12,Task_88,Moving
160,AGV_11,7,7,WAIT,WAIT
160,AGV_12,7,5,Task_57,Moving
160,AGV_1,7,7,WAIT,WAIT
160,AGV_2,7,10,WAIT,WAIT
160,AGV_3,11,7,WAIT,WAIT
160,AGV_4,7,10,WAIT,WAIT
161,AGV_5,15,8,Task_78,Moving
161,AGV_6,8,9,Task_97,Moving
161,AGV_7,17,10,Task_9,Moving
161,AGV_8,19,9,Task_1,Moving
161,AGV_9,11,8,Task_20,Moving
161,AGV_10,14,12,Task_88,Moving
161,AGV_11,7,7,WAIT,WAIT
161,AGV_12,8,5,Task_57,Moving
161,AGV_1,7,7,Task_21,Moving
161,AGV_2,7,10,WAIT,WAIT
161,AGV_3,11,7,WAIT,WAIT
161,AGV_4,7,10,WAIT,WAIT
162,AGV_5,15,7,Task_78,Moving
162,AGV_6,7,9,Task_97,Moving
162,AGV_7,17,9,Task_9,Moving
162,AGV_8,19,10,Task_1,Moving
162,AGV_9,12,8,Task_20,Moving
162,AGV_10,15,12,Task_88,Moving
162,AGV_11,7,7,WAIT,WAIT
162,AGV_12,9,5,Task_57,Moving
162,AGV_1,7,8,Task_21,Moving
162,AGV_2,7,10,WAIT,WAIT
162,AGV_3,11,7,WAIT,WAIT
162,AGV_4,7,10,WAIT,WAIT
163,AGV_5,15,6,Task_78,Moving
163,AGV_6,7,8,Task_97,Moving
163,AGV_7,16,9,Task_9,Moving
163,AGV_8,19,10,Task_1,Loading
163,AGV_9,13,8,Task_20,Moving
163,AGV_10,16,12,Task_88,Moving
163,AGV_11,7,7,WAIT,WAIT
163,AGV_12,9,6,Task_57,Moving
163,AGV_1,8,8,Task_21,Moving
163,AGV_2,7,10,WAIT,WAIT
163,AGV_3,11,7,WAIT,WAIT
163,AGV_4,7,10,WAIT,WAIT
164,AGV_5,15,5,Task_78,Moving
164,AGV_6,7,7,Task_97,Moving
164,AGV_7,15,9,Task_9,Moving
164,AGV_8,19,10,Task_1,Loading
164,AGV_9,14,8,Task_20,Moving
164,AGV_10,17,12,Task_88,Moving
164,AGV_11,7,7,Task_93,Moving
164,AGV_12,9,7,Task_57,Moving
164,AGV_1,9,8,Task_21,Moving
164,AGV_2,7,10,WAIT,WAIT
164,AGV_3,11,7,WAIT,WAIT
164,AGV_4,7,10,WAIT,WAIT
165,AGV_5,15,4,Task_78,Moving
165,AGV_6,7,6,Task_97,Moving
165,AGV_7,14,9,Task_9,Moving
165,AGV_8,19,10,Task_1,Moving
165,AGV_9,15,8,Task_20,Moving
165,AGV_10,18,12,Task_88,Moving
165,AGV_11,7,7,Task_93,Moving
165,AGV_12,9,8,Task_57,Moving
165,AGV_1,10,8,Task_21,Moving
165,AGV_2,7,10,WAIT,WAIT
165,AGV_3,11,7,WAIT,WAIT
165,AGV_4,7,10,WAIT,WAIT
166,AGV_5,15,3,Task_78,Moving
166,AGV_6,7,5,Task_97,Moving
166,AGV_7,13,9,Task_9,Moving
166,AGV_8,18,10,Task_1,Moving
166,AGV_9,16,8,Task_20,Moving
166,AGV_10,19,12,Task_88,Moving
166,AGV_11,7,8,Task_93,Moving
166,AGV_12,10,8,Task_57,Moving
166,AGV_1,11,8,Task_21,Moving
166,AGV_2,7,10,WAIT,WAIT
166,AGV_3,11,7,WAIT,WAIT
166,AGV_4,7,10,WAIT,WAIT
167,AGV_5,15,2,Task_78,Moving
167,AGV_6,7,4,Task_97,Moving
167,AGV_7,12,9,Task_9,Moving
167,AGV_8,17,10,Task_1,Moving
167,AGV_9,17,8,Task_20,Moving
167,AGV_10,19,11,Task_88,Moving
167,AGV_11,8,8,Task_93,Moving
167,AGV_12,11,8,Task_57,Moving
167,AGV_1,12,8,Task_21,Moving
167,AGV_2,7,10,WAIT,WAIT
167,AGV_3,11,7,WAIT,WAIT
167,AGV_4,7,10,WAIT,WAIT
168,AGV_6,7,3,Task_97,Moving
168,AGV_7,11,9,Task_9,Moving
168,AGV_8,17,9,Task_1,Moving
168,AGV_9,18,8,Task_20,Moving
168,AGV_10,19,10,Task_88,Moving
168,AGV_11,9,8,Task_93,Moving
168,AGV_12,12,8,Task_57,Moving
168,AGV_1,13,8,Task_21,Moving
168,AGV_2,7,10,WAIT,WAIT
168,AGV_3,11,7,WAIT,WAIT
168,AGV_4,7,10,WAIT,WAIT
168,AGV_5,15,2,WAIT,WAIT
169,AGV_7,11,8,Task_9,Moving
169,AGV_8,16,9,Task_1,Moving
169,AGV_9,18,9,Task_20,Moving
169,AGV_10,19,10,Task_88,Loading
169,AGV_11,10,8,Task_93,Moving
169,AGV_12,13,8,Task_57,Moving
169,AGV_1,14,8,Task_21,Moving
169,AGV_2,7,10,WAIT,WAIT
169,AGV_3,11,7,WAIT,WAIT
169,AGV_4,7,10,WAIT,WAIT
169,AGV_5,15,2,WAIT,WAIT
169,AGV_6,7,3,WAIT,WAIT
170,AGV_7,11,7,Task_9,Moving
170,AGV_8,15,9,Task_1,Moving
170,AGV_9,19,9,Task_20,Moving
170,AGV_10,19,10,Task_88,Loading
170,AGV_11,11,8,Task_93,Moving
170,AGV_12,14,8,Task_57,Moving
170,AGV_1,15,8,Task_21,Moving
170,AGV_2,7,10,WAIT,WAIT
170,AGV_3,11,7,WAIT,WAIT
170,AGV_4,7,10,WAIT,WAIT
170,AGV_5,15,2,WAIT,WAIT
170,AGV_6,7,3,WAIT,WAIT
171,AGV_7,11,6,Task_9,Moving
171,AGV_8,14,9,Task_1,Moving
171,AGV_9,19,10,Task_20,Moving
171,AGV_10,19,10,Task_88,Moving
171,AGV_11,12,8,Task_93,Moving
171,AGV_12,15,8,Task_57,Moving
171,AGV_1,15,9,Task_21,Moving
171,AGV_2,7,10,WAIT,WAIT
171,AGV_3,11,7,WAIT,WAIT
171,AGV_4,7,10,WAIT,WAIT
171,AGV_5,15,2,WAIT,WAIT
171,AGV_6,7,3,WAIT,WAIT
172,AGV_7,11,5,Task_9,Moving
172,AGV_8,13,9,Task_1,Moving
172,AGV_9,19,10,Task_20,Loading
172,AGV_10,18,10,Task_88,Moving
172,AGV_11,13,8,Task_93,Moving
172,AGV_12,16,8,Task_57,Moving
172,AGV_1,16,9,Task_21,Moving
172,AGV_2,7,10,WAIT,WAIT
172,AGV_3,11,7,WAIT,WAIT
172,AGV_4,7,10,WAIT,WAIT
172,AGV_5,15,2,WAIT,WAIT
172,AGV_6,7,3,WAIT,WAIT
173,AGV_7,11,4,Task_9,Moving
173,AGV_8,12,9,Task_1,Moving
173,AGV_9,19,10,Task_20,Loading
173,AGV_10,17,10,Task_88,Moving
173,AGV_11,14,8,Task_93,Moving
173,AGV_12,17,8,Task_57,Moving
173,AGV_1,17,9,Task_21,Moving
173,AGV_2,7,10,WAIT,WAIT
173,AGV_3,11,7,WAIT,WAIT
173,AGV_4,7,10,WAIT,WAIT
173,AGV_5,15,2,WAIT,WAIT
173,AGV_6,7,3,WAIT,WAIT
174,AGV_7,11,3,Task_9,Moving
174,AGV_8,11,9,Task_1,Moving
174,AGV_9,19,10,Task_20,Moving
174,AGV_10,17,9,Task_88,Moving
174,AGV_11,15,8,Task_93,Moving
174,AGV_12,18,8,Task_57,Moving
174,AGV_1,18,9,Task_21,Moving
174,AGV_2,7,10,WAIT,WAIT
174,AGV_3,11,7,WAIT,WAIT
174,AGV_4,7,10,WAIT,WAIT
174,AGV_5,15,2,WAIT,WAIT
174,AGV_6,7,3,WAIT,WAIT
175,AGV_8,11,8,Task_1,Moving
175,AGV_9,18,10,Task_20,Moving
175,AGV_10,16,9,Task_88,Moving
175,AGV_11,16,8,Task_93,Moving
175,AGV_12,18,9,Task_57,Moving
175,AGV_1,19,9,Task_21,Moving
175,AGV_2,7,10,WAIT,WAIT
175,AGV_3,11,7,WAIT,WAIT
175,AGV_4,7,10,WAIT,WAIT
175,AGV_5,15,2,WAIT,WAIT
175,AGV_6,7,3,WAIT,WAIT
175,AGV_7,11,3,WAIT,WAIT
176,AGV_8,11,7,Task_1,Moving
176,AGV_9,17,10,Task_20,Moving
176,AGV_10,15,9,Task_88,Moving
176,AGV_11,17,8,Task_93,Moving
176,AGV_12,19,9,Task_57,Moving
176,AGV_1,19,10,Task_21,Moving
176,AGV_2,7,10,WAIT,WAIT
176,AGV_3,11,7,WAIT,WAIT
176,AGV_4,7,10,WAIT,WAIT
176,AGV_5,15,2,WAIT,WAIT
176,AGV_6,7,3,WAIT,WAIT
176,AGV_7,11,3,WAIT,WAIT
177,AGV_8,11,6,Task_1,Moving
177,AGV_9,17,9,Task_20,Moving
177,AGV_10,14,9,Task_88,Moving
177,AGV_11,18,8,Task_93,Moving
177,AGV_12,19,10,Task_57,Moving
177,AGV_1,19,10,Task_21,Loading
177,AGV_2,7,10,Task_10,Moving
177,AGV_3,11,7,WAIT,WAIT
177,AGV_4,7,10,WAIT,WAIT
177,AGV_5,15,2,WAIT,WAIT
177,AGV_6,7,3,WAIT,WAIT
177,AGV_7,11,3,WAIT,WAIT
178,AGV_8,11,5,Task_1,Moving
178,AGV_9,16,9,Task_20,Moving
178,AGV_10,13,9,Task_88,Moving
178,AGV_11,18,9,Task_93,Moving
178,AGV_12,19,10,Task_57,Loading
178,AGV_1,19,10,Task_21,Loading
178,AGV_2,7,9,Task_10,Moving
178,AGV_3,11,7,WAIT,WAIT
178,AGV_4,7,10,WAIT,WAIT
178,AGV_5,15,2,WAIT,WAIT
178,AGV_6,7,3,WAIT,WAIT
178,AGV_7,11,3,WAIT,WAIT
179,AGV_8,11,4,Task_1,Moving
179,AGV_9,15,9,Task_20,Moving
179,AGV_10,12,9,Task_88,Moving
179,AGV_11,19,9,Task_93,Moving
179,AGV_12,19,10,Task_57,Loading
179,AGV_1,19,10,Task_21,Moving
179,AGV_2,7,8,Task_10,Moving
179,AGV_3,11,7,WAIT,WAIT
179,AGV_4,7,10,WAIT,WAIT
179,AGV_5,15,2,WAIT,WAIT
179,AGV_6,7,3,WAIT,WAIT
179,AGV_7,11,3,WAIT,WAIT
180,AGV_8,11,3,Task_1,Moving
180,AGV_9,14,9,Task_20,Moving
180,AGV_10,11,9,Task_88,Moving
180,AGV_11,19,10,Task_93,Moving
180,AGV_12,19,10,Task_57,Moving
180,AGV_1,18,10,Task_21,Moving
180,AGV_2,8,8,Task_10,Moving
180,AGV_3,11,7,WAIT,WAIT
180,AGV_4,7,10,WAIT,WAIT
180,AGV_5,15,2,WAIT,WAIT
180,AGV_6,7,3,WAIT,WAIT
180,AGV_7,11,3,WAIT,WAIT
181,AGV_9,13,9,Task_20,Moving
181,AGV_10,10,9,Task_88,Moving
181,AGV_11,19,10,Task_93,Loading
181,AGV_12,18,10,Task_57,Moving
181,AGV_1,17,10,Task_21,Moving
181,AGV_2,9,8,Task_10,Moving
181,AGV_3,11,7,WAIT,WAIT
181,AGV_4,7,10,WAIT,WAIT
181,AGV_5,15,2,WAIT,WAIT
181,AGV_6,7,3,WAIT,WAIT
181,AGV_7,11,3,WAIT,WAIT
181,AGV_8,11,3,WAIT,WAIT
182,AGV_9,12,9,Task_20,Moving
182,AGV_10,9,9,Task_88,Moving
182,AGV_11,19,10,Task_93,Loading
182,AGV_12,17,10,Task_57,Moving
182,AGV_1,17,9,Task_21,Moving
182,AGV_2,10,8,Task_10,Moving
182,AGV_3,11,7,WAIT,WAIT
182,AGV_4,7,10,WAIT,WAIT
182,AGV_5,15,2,WAIT,WAIT
182,AGV_6,7,3,WAIT,WAIT
182,AGV_7,11,3,WAIT,WAIT
182,AGV_8,11,3,WAIT,WAIT
183,AGV_9,11,9,Task_20,Moving
183,AGV_10,8,9,Task_88,Moving
183,AGV_11,19,10,Task_93,Moving
183,AGV_12,17,9,Task_57,Moving
183,AGV_1,16,9,Task_21,Moving
183,AGV_2,11,8,Task_10,Moving
183,AGV_3,11,7,WAIT,WAIT
183,AGV_4,7,10,WAIT,WAIT
183,AGV_5,15,2,WAIT,WAIT
183,AGV_6,7,3,WAIT,WAIT
183,AGV_7,11,3,WAIT,WAIT
183,AGV_8,11,3,WAIT,WAIT
184,AGV_9,10,9,Task_20,Moving
184,AGV_10,7,9,Task_88,Moving
184,AGV_11,18,10,Task_93,Moving
184,AGV_12,16,9,Task_57,Moving
184,AGV_1,15,9,Task_21,Moving
184,AGV_2,12,8,Task_10,Moving
184,AGV_3,11,7,WAIT,WAIT
184,AGV_4,7,10,WAIT,WAIT
184,AGV_5,15,2,WAIT,WAIT
184,AGV_6,7,3,WAIT,WAIT
184,AGV_7,11,3,WAIT,WAIT
184,AGV_8,11,3,WAIT,WAIT
185,AGV_9,9,9,Task_20,Moving
185,AGV_10,7,8,Task_88,Moving
185,AGV_11,17,10,Task_93,Moving
185,AGV_12,15,9,Task_57,Moving
185,AGV_1,14,9,Task_21,Moving
185,AGV_2,13,8,Task_10,Moving
185,AGV_3,11,7,WAIT,WAIT
185,AGV_4,7,10,WAIT,WAIT
185,AGV_5,15,2,WAIT,WAIT
185,AGV_6,7,3,WAIT,WAIT
185,AGV_7,11,3,WAIT,WAIT
185,AGV_8,11,3,WAIT,WAIT
186,AGV_9,8,9,Task_20,Moving
186,AGV_10,7,7,Task_88,Moving
186,AGV_11,17,9,Task_93,Moving
186,AGV_12,14,9,Task_57,Moving
186,AGV_1,13,9,Task_21,Moving
186,AGV_2,14,8,Task_10,Moving
186,AGV_3,11,7,WAIT,WAIT
186,AGV_4,7,10,WAIT,WAIT
186,AGV_5,15,2,WAIT,WAIT
186,AGV_6,7,3,WAIT,WAIT
186,AGV_7,11,3,WAIT,WAIT
186,AGV_8,11,3,WAIT,WAIT
187,AGV_9,7,9,Task_20,Moving
187,AGV_10,7,6,Task_88,Moving
187,AGV_11,16,9,Task_93,Moving
187,AGV_12,13,9,Task_57,Moving
187,AGV_1,12,9,Task_21,Moving
187,AGV_2,15,8,Task_10,Moving
187,AGV_3,11,7,WAIT,WAIT
187,AGV_4,7,10,WAIT,WAIT
187,AGV_5,15,2,WAIT,WAIT
187,AGV_6,7,3,WAIT,WAIT
187,AGV_7,11,3,WAIT,WAIT
187,AGV_8,11,3,WAIT,WAIT
188,AGV_9,7,10,Task_20,Moving
188,AGV_10,7,5,Task_88,Moving
188,AGV_11,15,9,Task_93,Moving
188,AGV_12,12,9,Task_57,Moving
188,AGV_1,11,9,Task_21,Moving
188,AGV_2,16,8,Task_10,Moving
188,AGV_3,11,7,WAIT,WAIT
188,AGV_4,7,10,WAIT,WAIT
188,AGV_5,15,2,WAIT,WAIT
188,AGV_6,7,3,WAIT,WAIT
188,AGV_7,11,3,WAIT,WAIT
188,AGV_8,11,3,WAIT,WAIT
189,AGV_9,7,11,Task_20,Moving
189,AGV_10,7,4,Task_88,Moving
189,AGV_11,15,8,Task_93,Moving
189,AGV_12,11,9,Task_57,Moving
189,AGV_1,10,9,Task_21,Moving
189,AGV_2,16,9,Task_10,Moving
189,AGV_3,11,7,WAIT,WAIT
189,AGV_4,7,10,WAIT,WAIT
189,AGV_5,15,2,WAIT,WAIT
189,AGV_6,7,3,WAIT,WAIT
189,AGV_7,11,3,WAIT,WAIT
189,AGV_8,11,3,WAIT,WAIT
190,AGV_10,7,3,Task_88,Moving
190,AGV_11,15,7,Task_93,Moving
190,AGV_12,10,9,Task_57,Moving
190,AGV_1,9,9,Task_21,Moving
190,AGV_2,17,9,Task_10,Moving
190,AGV_3,11,7,WAIT,WAIT
190,AGV_4,7,10,WAIT,WAIT
190,AGV_5,15,2,WAIT,WAIT
190,AGV_6,7,3,WAIT,WAIT
190,AGV_7,11,3,WAIT,WAIT
190,AGV_8,11,3,WAIT,WAIT
190,AGV_9,7,11,WAIT,WAIT
191,AGV_11,15,6,Task_93,Moving
191,AGV_12,9,9,Task_57,Moving
191,AGV_1,8,9,Task_21,Moving
191,AGV_2,18,9,Task_10,Moving
191,AGV_3,11,7,WAIT,WAIT
191,AGV_4,7,10,WAIT,WAIT
191,AGV_5,15,2,WAIT,WAIT
191,AGV_6,7,3,WAIT,WAIT
191,AGV_7,11,3,WAIT,WAIT
191,AGV_8,11,3,WAIT,WAIT
191,AGV_9,7,11,WAIT,WAIT
191,AGV_10,7,3,WAIT,WAIT
192,AGV_11,15,5,Task_93,Moving
192,AGV_12,8,9,Task_57,Moving
192,AGV_1,7,9,Task_21,Moving
192,AGV_2,19,9,Task_10,Moving
192,AGV_3,11,7,WAIT,WAIT
192,AGV_4,7,10,WAIT,WAIT
192,AGV_5,15,2,WAIT,WAIT
192,AGV_6,7,3,WAIT,WAIT
192,AGV_7,11,3,WAIT,WAIT
192,AGV_8,11,3,WAIT,WAIT
192,AGV_9,7,11,WAIT,WAIT
192,AGV_10,7,3,WAIT,WAIT
193,AGV_11,15,4,Task_93,Moving
193,AGV_12,7,9,Task_57,Moving
193,AGV_1,6,9,Task_21,Moving
193,AGV_2,19,10,Task_10,Moving
193,AGV_3,11,7,Task_76,Moving
193,AGV_4,7,10,WAIT,WAIT
193,AGV_5,15,2,WAIT,WAIT
193,AGV_6,7,3,WAIT,WAIT
193,AGV_7,11,3,WAIT,WAIT
193,AGV_8,11,3,WAIT,WAIT
193,AGV_9,7,11,WAIT,WAIT
193,AGV_10,7,3,WAIT,WAIT
194,AGV_11,15,3,Task_93,Moving
194,AGV_12,6,9,Task_57,Moving
194,AGV_1,5,9,Task_21,Moving
194,AGV_2,19,10,Task_10,Loading
194,AGV_3,11,8,Task_76,Moving
194,AGV_4,7,10,WAIT,WAIT
194,AGV_5,15,2,WAIT,WAIT
194,AGV_6,7,3,WAIT,WAIT
194,AGV_7,11,3,WAIT,WAIT
194,AGV_8,11,3,WAIT,WAIT
194,AGV_9,7,11,WAIT,WAIT
194,AGV_10,7,3,WAIT,WAIT
195,AGV_11,15,2,Task_93,Moving
195,AGV_12,5,9,Task_57,Moving
195,AGV_1,4,9,Task_21,Moving
195,AGV_2,19,10,Task_10,Loading
195,AGV_3,12,8,Task_76,Moving
195,AGV_4,7,10,WAIT,WAIT
195,AGV_5,15,2,WAIT,WAIT
195,AGV_6,7,3,WAIT,WAIT
195,AGV_7,11,3,WAIT,WAIT
195,AGV_8,11,3,WAIT,WAIT
195,AGV_9,7,11,WAIT,WAIT
195,AGV_10,7,3,WAIT,WAIT
196,AGV_12,4,9,Task_57,Moving
196,AGV_1,3,9,Task_21,Moving
196,AGV_2,19,10,Task_10,Moving
196,AGV_3,13,8,Task_76,Moving
196,AGV_4,7,10,WAIT,WAIT
196,AGV_5,15,2,WAIT,WAIT
196,AGV_6,7,3,WAIT,WAIT
196,AGV_7,11,3,WAIT,WAIT
196,AGV_8,11,3,WAIT,WAIT
196,AGV_9,7,11,WAIT,WAIT
196,AGV_10,7,3,WAIT,WAIT
196,AGV_11,15,2,WAIT,WAIT
197,AGV_12,3,9,Task_57,Moving
197,AGV_1,3,8,Task_21,Moving
197,AGV_2,18,10,Task_10,Moving
197,AGV_3,14,8,Task_76,Moving
197,AGV_4,7,10,WAIT,WAIT
197,AGV_5,15,2,WAIT,WAIT
197,AGV_6,7,3,Task_70,Moving
197,AGV_7,11,3,WAIT,WAIT
197,AGV_8,11,3,WAIT,WAIT
197,AGV_9,7,11,WAIT,WAIT
197,AGV_10,7,3,WAIT,WAIT
197,AGV_11,15,2,WAIT,WAIT
198,AGV_12,3,10,Task_57,Moving
198,AGV_1,3,7,Task_21,Moving
198,AGV_2,17,10,Task_10,Moving
198,AGV_3,15,8,Task_76,Moving
198,AGV_4,7,10,WAIT,WAIT
198,AGV_5,15,2,WAIT,WAIT
198,AGV_6,7,4,Task_70,Moving
198,AGV_7,11,3,WAIT,WAIT
198,AGV_8,11,3,WAIT,WAIT
198,AGV_9,7,11,WAIT,WAIT
198,AGV_10,7,3,WAIT,WAIT
198,AGV_11,15,2,WAIT,WAIT
199,AGV_1,3,6,Task_21,Moving
199,AGV_2,17,9,Task_10,Moving
199,AGV_3,16,8,Task_76,Moving
199,AGV_4,7,10,WAIT,WAIT
199,AGV_5,15,2,WAIT,WAIT
199,AGV_6,7,5,Task_70,Moving
199,AGV_7,11,3,WAIT,WAIT
199,AGV_8,11,3,WAIT,WAIT
199,AGV_9,7,11,WAIT,WAIT
199,AGV_10,7,3,WAIT,WAIT
199,AGV_11,15,2,WAIT,WAIT
199,AGV_12,3,10,WAIT,WAIT
200,AGV_1,3,5,Task_21,Moving
200,AGV_2,16,9,Task_10,Moving
200,AGV_3,17,8,Task_76,Moving
200,AGV_4,7,10,WAIT,WAIT
200,AGV_5,15,2,WAIT,WAIT
200,AGV_6,7,6,Task_70,Moving
200,AGV_7,11,3,WAIT,WAIT
200,AGV_8,11,3,WAIT,WAIT
200,AGV_9,7,11,WAIT,WAIT
200,AGV_10,7,3,WAIT,WAIT
200,AGV_11,15,2,WAIT,WAIT
200,AGV_12,3,10,WAIT,WAIT
201,AGV_1,3,4,Task_21,Moving
201,AGV_2,15,9,Task_10,Moving
201,AGV_3,17,9,Task_76,Moving
201,AGV_4,7,10,Task_32,Moving
201,AGV_5,15,2,WAIT,WAIT
201,AGV_6,7,7,Task_70,Moving
201,AGV_7,11,3,WAIT,WAIT
201,AGV_8,11,3,WAIT,WAIT
201,AGV_9,7,11,WAIT,WAIT
201,AGV_10,7,3,WAIT,WAIT
201,AGV_11,15,2,WAIT,WAIT
201,AGV_12,3,10,WAIT,WAIT
202,AGV_1,3,3,Task_21,Moving
202,AGV_2,14,9,Task_10,Moving
202,AGV_3,18,9,Task_76,Moving
202,AGV_4,7,9,Task_32,Moving
202,AGV_5,15,2,WAIT,WAIT
202,AGV_6,7,8,Task_70,Moving
202,AGV_7,11,3,WAIT,WAIT
202,AGV_8,11,3,WAIT,WAIT
202,AGV_9,7,11,WAIT,WAIT
202,AGV_10,7,3,WAIT,WAIT
202,AGV_11,15,2,WAIT,WAIT
202,AGV_12,3,10,WAIT,WAIT
203,AGV_2,13,9,Task_10,Moving
203,AGV_3,19,9,Task_76,Moving
203,AGV_4,7,8,Task_32,Moving
203,AGV_5,15,2,WAIT,WAIT
203,AGV_6,8,8,Task_70,Moving
203,AGV_7,11,3,WAIT,WAIT
203,AGV_8,11,3,WAIT,WAIT
203,AGV_9,7,11,WAIT,WAIT
203,AGV_10,7,3,WAIT,WAIT
203,AGV_11,15,2,WAIT,WAIT
203,AGV_12,3,10,WAIT,WAIT
203,AGV_1,3,3,WAIT,WAIT
204,AGV_2,12,9,Task_10,Moving
204,AGV_3,19,10,Task_76,Moving
204,AGV_4,8,8,Task_32,Moving
204,AGV_5,15,2,WAIT,WAIT
204,AGV_6,9,8,Task_70,Moving
204,AGV_7,11,3,WAIT,WAIT
204,AGV_8,11,3,WAIT,WAIT
204,AGV_9,7,11,WAIT,WAIT
204,AGV_10,7,3,WAIT,WAIT
204,AGV_11,15,2,WAIT,WAIT
204,AGV_12,3,10,WAIT,WAIT
204,AGV_1,3,3,WAIT,WAIT
205,AGV_2,11,9,Task_10,Moving
205,AGV_3,19,10,Task_76,Loading
205,AGV_4,9,8,Task_32,Moving
205,AGV_5,15,2,WAIT,WAIT
205,AGV_6,10,8,Task_70,Moving
205,AGV_7,11,3,WAIT,WAIT
205,AGV_8,11,3,WAIT,WAIT
205,AGV_9,7,11,WAIT,WAIT
205,AGV_10,7,3,WAIT,WAIT
205,AGV_11,15,2,WAIT,WAIT
205,AGV_12,3,10,WAIT,WAIT
205,AGV_1,3,3,WAIT,WAIT
206,AGV_2,10,9,Task_10,Moving
206,AGV_3,19,10,Task_76,Loading
206,AGV_4,10,8,Task_32,Moving
206,AGV_5,15,2,WAIT,WAIT
206,AGV_6,11,8,Task_70,Moving
206,AGV_7,11,3,WAIT,WAIT
206,AGV_8,11,3,WAIT,WAIT
206,AGV_9,7,11,WAIT,WAIT
206,AGV_10,7,3,WAIT,WAIT
206,AGV_11,15,2,WAIT,WAIT
206,AGV_12,3,10,WAIT,WAIT
206,AGV_1,3,3,WAIT,WAIT
207,AGV_2,9,9,Task_10,Moving
207,AGV_3,19,10,Task_76,Moving
207,AGV_4,10,9,Task_32,Moving
207,AGV_5,15,2,WAIT,WAIT
207,AGV_6,11,9,Task_70,Moving
207,AGV_7,11,3,WAIT,WAIT
207,AGV_8,11,3,WAIT,WAIT
207,AGV_9,7,11,WAIT,WAIT
207,AGV_10,7,3,WAIT,WAIT
207,AGV_11,15,2,WAIT,WAIT
207,AGV_12,3,10,WAIT,WAIT
207,AGV_1,3,3,WAIT,WAIT
208,AGV_2,8,9,Task_10,Moving
208,AGV_3,18,10,Task_76,Moving
208,AGV_4,11,9,Task_32,Moving
208,AGV_5,15,2,WAIT,WAIT
208,AGV_6,12,9,Task_70,Moving
208,AGV_7,11,3,WAIT,WAIT
208,AGV_8,11,3,WAIT,WAIT
208,AGV_9,7,11,WAIT,WAIT
208,AGV_10,7,3,WAIT,WAIT
208,AGV_11,15,2,WAIT,WAIT
208,AGV_12,3,10,WAIT,WAIT
208,AGV_1,3,3,WAIT,WAIT
209,AGV_2,7,9,Task_10,Moving
209,AGV_3,17,10,Task_76,Moving
209,AGV_4,12,9,Task_32,Moving
209,AGV_5,15,2,WAIT,WAIT
209,AGV_6,13,9,Task_70,Moving
209,AGV_7,11,3,WAIT,WAIT
209,AGV_8,11,3,WAIT,WAIT
209,AGV_9,7,11,WAIT,WAIT
209,AGV_10,7,3,WAIT,WAIT
209,AGV_11,15,2,WAIT,WAIT
209,AGV_12,3,10,WAIT,WAIT
209,AGV_1,3,3,WAIT,WAIT
210,AGV_2,7,8,Task_10,Moving
210,AGV_3,17,11,Task_76,Moving
210,AGV_4,13,9,Task_32,Moving
210,AGV_5,15,2,WAIT,WAIT
210,AGV_6,14,9,Task_70,Moving
210,AGV_7,11,3,WAIT,WAIT
210,AGV_8,11,3,WAIT,WAIT
210,AGV_9,7,11,WAIT,WAIT
210,AGV_10,7,3,WAIT,WAIT
210,AGV_11,15,2,WAIT,WAIT
210,AGV_12,3,10,WAIT,WAIT
210,AGV_1,3,3,WAIT,WAIT
211,AGV_2,7,7,Task_10,Moving
211,AGV_3,17,12,Task_76,Moving
211,AGV_4,14,9,Task_32,Moving
211,AGV_5,15,2,Task_77,Moving
211,AGV_6,15,9,Task_70,Moving
211,AGV_7,11,3,WAIT,WAIT
211,AGV_8,11,3,WAIT,WAIT
211,AGV_9,7,11,WAIT,WAIT
211,AGV_10,7,3,WAIT,WAIT
211,AGV_11,15,2,WAIT,WAIT
211,AGV_12,3,10,WAIT,WAIT
211,AGV_1,3,3,WAIT,WAIT
212,AGV_2,7,6,Task_10,Moving
212,AGV_3,16,12,Task_76,Moving
212,AGV_4,15,9,Task_32,Moving
212,AGV_5,15,3,Task_77,Moving
212,AGV_6,16,9,Task_70,Moving
212,AGV_7,11,3,WAIT,WAIT
212,AGV_8,11,3,WAIT,WAIT
212,AGV_9,7,11,WAIT,WAIT
212,AGV_10,7,3,WAIT,WAIT
212,AGV_11,15,2,WAIT,WAIT
212,AGV_12,3,10,WAIT,WAIT
212,AGV_1,3,3,WAIT,WAIT
213,AGV_2,7,5,Task_10,Moving
213,AGV_3,15,12,Task_76,Moving
213,AGV_4,16,9,Task_32,Moving
213,AGV_5,15,4,Task_77,Moving
213,AGV_6,17,9,Task_70,Moving
213,AGV_7,11,3,WAIT,WAIT
213,AGV_8,11,3,WAIT,WAIT
213,AGV_9,7,11,WAIT,WAIT
213,AGV_10,7,3,WAIT,WAIT
213,AGV_11,15,2,WAIT,WAIT
213,AGV_12,3,10,WAIT,WAIT
213,AGV_1,3,3,WAIT,WAIT
214,AGV_2,7,4,Task_10,Moving
214,AGV_3,15,13,Task_76,Moving
214,AGV_4,17,9,Task_32,Moving
214,AGV_5,15,5,Task_77,Moving
214,AGV_6,18,9,Task_70,Moving
214,AGV_7,11,3,WAIT,WAIT
214,AGV_8,11,3,WAIT,WAIT
214,AGV_9,7,11,WAIT,WAIT
214,AGV_10,7,3,WAIT,WAIT
214,AGV_11,15,2,WAIT,WAIT
214,AGV_12,3,10,WAIT,WAIT
214,AGV_1,3,3,WAIT,WAIT
215,AGV_2,7,3,Task_10,Moving
215,AGV_3,15,14,Task_76,Moving
215,AGV_4,18,9,Task_32,Moving
215,AGV_5,15,6,Task_77,Moving
215,AGV_6,19,9,Task_70,Moving
215,AGV_7,11,3,WAIT,WAIT
215,AGV_8,11,3,WAIT,WAIT
215,AGV_9,7,11,WAIT,WAIT
215,AGV_10,7,3,WAIT,WAIT
215,AGV_11,15,2,WAIT,WAIT
215,AGV_12,3,10,WAIT,WAIT
215,AGV_1,3,3,WAIT,WAIT
216,AGV_2,7,2,Task_10,Moving
216,AGV_4,19,9,Task_32,Moving
216,AGV_5,15,7,Task_77,Moving
216,AGV_6,19,10,Task_70,Moving
216,AGV_7,11,3,WAIT,WAIT
216,AGV_8,11,3,WAIT,WAIT
216,AGV_9,7,11,WAIT,WAIT
216,AGV_10,7,3,WAIT,WAIT
216,AGV_11,15,2,WAIT,WAIT
216,AGV_12,3,10,WAIT,WAIT
216,AGV_1,3,3,WAIT,WAIT
216,AGV_3,15,14,WAIT,WAIT
217,AGV_4,19,10,Task_32,Moving
217,AGV_5,15,8,Task_77,Moving
217,AGV_6,19,10,Task_70,Loading
217,AGV_7,11,3,WAIT,WAIT
217,AGV_8,11,3,WAIT,WAIT
217,AGV_9,7,11,WAIT,WAIT
217,AGV_10,7,3,WAIT,WAIT
217,AGV_11,15,2,WAIT,WAIT
217,AGV_12,3,10,WAIT,WAIT
217,AGV_1,3,3,WAIT,WAIT
217,AGV_3,15,14,WAIT,WAIT
217,AGV_2,7,2,WAIT,WAIT
218,AGV_4,19,10,Task_32,Loading
218,AGV_5,15,9,Task_77,Moving
218,AGV_6,19,10,Task_70,Loading
218,AGV_7,11,3,WAIT,WAIT
218,AGV_8,11,3,WAIT,WAIT
218,AGV_9,7,11,WAIT,WAIT
218,AGV_10,7,3,WAIT,WAIT
218,AGV_11,15,2,WAIT,WAIT
218,AGV_12,3,10,WAIT,WAIT
218,AGV_1,3,3,WAIT,WAIT
218,AGV_3,15,14,WAIT,WAIT
218,AGV_2,7,2,WAIT,WAIT
219,AGV_4,19,10,Task_32,Loading
219,AGV_5,16,9,Task_77,Moving
219,AGV_6,19,10,Task_70,Moving
219,AGV_7,11,3,WAIT,WAIT
219,AGV_8,11,3,WAIT,WAIT
219,AGV_9,7,11,WAIT,WAIT
219,AGV_10,7,3,WAIT,WAIT
219,AGV_11,15,2,WAIT,WAIT
219,AGV_12,3,10,WAIT,WAIT
219,AGV_1,3,3,WAIT,WAIT
219,AGV_3,15,14,WAIT,WAIT
219,AGV_2,7,2,WAIT,WAIT
220,AGV_4,19,10,Task_32,Moving
220,AGV_5,17,9,Task_77,Moving
220,AGV_6,18,10,Task_70,Moving
220,AGV_7,11,3,WAIT,WAIT
220,AGV_8,11,3,WAIT,WAIT
220,AGV_9,7,11,WAIT,WAIT
220,AGV_10,7,3,WAIT,WAIT
220,AGV_11,15,2,WAIT,WAIT
220,AGV_12,3,10,WAIT,WAIT
220,AGV_1,3,3,WAIT,WAIT
220,AGV_3,15,14,WAIT,WAIT
220,AGV_2,7,2,WAIT,WAIT
221,AGV_4,18,10,Task_32,Moving
221,AGV_5,18,9,Task_77,Moving
221,AGV_6,17,10,Task_70,Moving
221,AGV_7,11,3,WAIT,WAIT
221,AGV_8,11,3,WAIT,WAIT
221,AGV_9,7,11,WAIT,WAIT
221,AGV_10,7,3,WAIT,WAIT
221,AGV_11,15,2,WAIT,WAIT
221,AGV_12,3,10,WAIT,WAIT
221,AGV_1,3,3,WAIT,WAIT
221,AGV_3,15,14,WAIT,WAIT
221,AGV_2,7,2,WAIT,WAIT
222,AGV_4,17,10,Task_32,Moving
222,AGV_5,19,9,Task_77,Moving
222,AGV_6,17,9,Task_70,Moving
222,AGV_7,11,3,WAIT,WAIT
222,AGV_8,11,3,WAIT,WAIT
222,AGV_9,7,11,WAIT,WAIT
222,AGV_10,7,3,WAIT,WAIT
222,AGV_11,15,2,WAIT,WAIT
222,AGV_12,3,10,WAIT,WAIT
222,AGV_1,3,3,WAIT,WAIT
222,AGV_3,15,14,WAIT,WAIT
222,AGV_2,7,2,WAIT,WAIT
223,AGV_4,17,9,Task_32,Moving
223,AGV_5,19,10,Task_77,Moving
223,AGV_6,16,9,Task_70,Moving
223,AGV_7,11,3,WAIT,WAIT
223,AGV_8,11,3,WAIT,WAIT
223,AGV_9,7,11,WAIT,WAIT
223,AGV_10,7,3,WAIT,WAIT
223,AGV_11,15,2,WAIT,WAIT
223,AGV_12,3,10,WAIT,WAIT
223,AGV_1,3,3,WAIT,WAIT
223,AGV_3,15,14,WAIT,WAIT
223,AGV_2,7,2,WAIT,WAIT
224,AGV_4,16,9,Task_32,Moving
224,AGV_5,19,10,Task_77,Loading
224,AGV_6,15,9,Task_70,Moving
224,AGV_7,11,3,WAIT,WAIT
224,AGV_8,11,3,WAIT,WAIT
224,AGV_9,7,11,WAIT,WAIT
224,AGV_10,7,3,WAIT,WAIT
224,AGV_11,15,2,WAIT,WAIT
224,AGV_12,3,10,WAIT,WAIT
224,AGV_1,3,3,WAIT,WAIT
224,AGV_3,15,14,WAIT,WAIT
224,AGV_2,7,2,WAIT,WAIT
225,AGV_4,15,9,Task_32,Moving
225,AGV_5,19,10,Task_77,Loading
225,AGV_6,14,9,Task_70,Moving
225,AGV_7,11,3,Task_82,Moving
225,AGV_8,11,3,WAIT,WAIT
225,AGV_9,7,11,WAIT,WAIT
225,AGV_10,7,3,WAIT,WAIT
225,AGV_11,15,2,WAIT,WAIT
225,AGV_12,3,10,WAIT,WAIT
225,AGV_1,3,3,WAIT,WAIT
225,AGV_3,15,14,WAIT,WAIT
225,AGV_2,7,2,WAIT,WAIT
226,AGV_4,15,8,Task_32,Moving
226,AGV_5,19,10,Task_77,Moving
226,AGV_6,13,9,Task_70,Moving
226,AGV_7,11,4,Task_82,Moving
226,AGV_8,11,3,WAIT,WAIT
226,AGV_9,7,11,WAIT,WAIT
226,AGV_10,7,3,WAIT,WAIT
226,AGV_11,15,2,WAIT,WAIT
226,AGV_12,3,10,WAIT,WAIT
226,AGV_1,3,3,WAIT,WAIT
226,AGV_3,15,14,WAIT,WAIT
226,AGV_2,7,2,WAIT,WAIT
227,AGV_4,15,7,Task_32,Moving
227,AGV_5,18,10,Task_77,Moving
227,AGV_6,12,9,Task_70,Moving
227,AGV_7,11,5,Task_82,Moving
227,AGV_8,11,3,WAIT,WAIT
227,AGV_9,7,11,WAIT,WAIT
227,AGV_10,7,3,WAIT,WAIT
227,AGV_11,15,2,WAIT,WAIT
227,AGV_12,3,10,WAIT,WAIT
227,AGV_1,3,3,WAIT,WAIT
227,AGV_3,15,14,WAIT,WAIT
227,AGV_2,7,2,WAIT,WAIT
228,AGV_4,15,6,Task_32,Moving
228,AGV_5,17,10,Task_77,Moving
228,AGV_6,11,9,Task_70,Moving
228,AGV_7,11,6,Task_82,Moving
228,AGV_8,11,3,WAIT,WAIT
228,AGV_9,7,11,WAIT,WAIT
228,AGV_10,7,3,WAIT,WAIT
228,AGV_11,15,2,WAIT,WAIT
228,AGV_12,3,10,WAIT,WAIT
228,AGV_1,3,3,WAIT,WAIT
228,AGV_3,15,14,WAIT,WAIT
228,AGV_2,7,2,WAIT,WAIT
229,AGV_5,17,11,Task_77,Moving
229,AGV_6,10,9,Task_70,Moving
229,AGV_7,11,7,Task_82,Moving
229,AGV_8,11,3,WAIT,WAIT
229,AGV_9,7,11,WAIT,WAIT
229,AGV_10,7,3,WAIT,WAIT
229,AGV_11,15,2,WAIT,WAIT
229,AGV_12,3,10,WAIT,WAIT
229,AGV_1,3,3,WAIT,WAIT
229,AGV_3,15,14,WAIT,WAIT
229,AGV_2,7,2,WAIT,WAIT
229,AGV_4,15,6,WAIT,WAIT
230,AGV_5,17,12,Task_77,Moving
230,AGV_6,9,9,Task_70,Moving
230,AGV_7,11,8,Task_82,Moving
230,AGV_8,11,3,WAIT,WAIT
230,AGV_9,7,11,WAIT,WAIT
230,AGV_10,7,3,WAIT,WAIT
230,AGV_11,15,2,WAIT,WAIT
230,AGV_12,3,10,WAIT,WAIT
230,AGV_1,3,3,WAIT,WAIT
230,AGV_3,15,14,WAIT,WAIT
230,AGV_2,7,2,WAIT,WAIT
230,AGV_4,15,6,WAIT,WAIT
231,AGV_5,16,12,Task_77,Moving
231,AGV_6,8,9,Task_70,Moving
231,AGV_7,11,9,Task_82,Moving
231,AGV_8,11,3,WAIT,WAIT
231,AGV_9,7,11,WAIT,WAIT
231,AGV_10,7,3,WAIT,WAIT
231,AGV_11,15,2,WAIT,WAIT
231,AGV_12,3,10,WAIT,WAIT
231,AGV_1,3,3,WAIT,WAIT
231,AGV_3,15,14,WAIT,WAIT
231,AGV_2,7,2,WAIT,WAIT
231,AGV_4,15,6,WAIT,WAIT
232,AGV_5,15,12,Task_77,Moving
232,AGV_6,7,9,Task_70,Moving
232,AGV_7,12,9,Task_82,Moving
232,AGV_8,11,3,WAIT,WAIT
232,AGV_9,7,11,WAIT,WAIT
232,AGV_10,7,3,WAIT,WAIT
232,AGV_11,15,2,WAIT,WAIT
232,AGV_12,3,10,WAIT,WAIT
232,AGV_1,3,3,WAIT,WAIT
232,AGV_3,15,14,WAIT,WAIT
232,AGV_2,7,2,WAIT,WAIT
232,AGV_4,15,6,WAIT,WAIT
233,AGV_5,14,12,Task_77,Moving
233,AGV_6,6,9,Task_70,Moving
233,AGV_7,13,9,Task_82,Moving
233,AGV_8,11,3,WAIT,WAIT
233,AGV_9,7,11,WAIT,WAIT
233,AGV_10,7,3,WAIT,WAIT
233,AGV_11,15,2,WAIT,WAIT
233,AGV_12,3,10,WAIT,WAIT
233,AGV_1,3,3,WAIT,WAIT
233,AGV_3,15,14,WAIT,WAIT
233,AGV_2,7,2,WAIT,WAIT
233,AGV_4,15,6,WAIT,WAIT
234,AGV_5,13,12,Task_77,Moving
234,AGV_6,5,9,Task_70,Moving
234,AGV_7,14,9,Task_82,Moving
234,AGV_8,11,3,WAIT,WAIT
234,AGV_9,7,11,WAIT,WAIT
234,AGV_10,7,3,WAIT,WAIT
234,AGV_11,15,2,WAIT,WAIT
234,AGV_12,3,10,WAIT,WAIT
234,AGV_1,3,3,WAIT,WAIT
234,AGV_3,15,14,WAIT,WAIT
234,AGV_2,7,2,WAIT,WAIT
234,AGV_4,15,6,WAIT,WAIT
235,AGV_5,12,12,Task_77,Moving
235,AGV_6,4,9,Task_70,Moving
235,AGV_7,15,9,Task_82,Moving
235,AGV_8,11,3,WAIT,WAIT
235,AGV_9,7,11,WAIT,WAIT
235,AGV_10,7,3,WAIT,WAIT
235,AGV_11,15,2,WAIT,WAIT
235,AGV_12,3,10,WAIT,WAIT
235,AGV_1,3,3,WAIT,WAIT
235,AGV_3,15,14,WAIT,WAIT
235,AGV_2,7,2,WAIT,WAIT
235,AGV_4,15,6,WAIT,WAIT
236,AGV_5,11,12,Task_77,Moving
236,AGV_6,3,9,Task_70,Moving
236,AGV_7,16,9,Task_82,Moving
236,AGV_8,11,3,WAIT,WAIT
236,AGV_9,7,11,WAIT,WAIT
236,AGV_10,7,3,WAIT,WAIT
236,AGV_11,15,2,WAIT,WAIT
236,AGV_12,3,10,WAIT,WAIT
236,AGV_1,3,3,WAIT,WAIT
236,AGV_3,15,14,WAIT,WAIT
236,AGV_2,7,2,WAIT,WAIT
236,AGV_4,15,6,WAIT,WAIT
237,AGV_5,11,13,Task_77,Moving
237,AGV_6,3,8,Task_70,Moving
237,AGV_7,17,9,Task_82,Moving
237,AGV_8,11,3,WAIT,WAIT
237,AGV_9,7,11,WAIT,WAIT
237,AGV_10,7,3,WAIT,WAIT
237,AGV_11,15,2,WAIT,WAIT
237,AGV_12,3,10,WAIT,WAIT
237,AGV_1,3,3,WAIT,WAIT
237,AGV_3,15,14,WAIT,WAIT
237,AGV_2,7,2,WAIT,WAIT
237,AGV_4,15,6,WAIT,WAIT
238,AGV_5,11,14,Task_77,Moving
238,AGV_6,3,7,Task_70,Moving
238,AGV_7,18,9,Task_82,Moving
238,AGV_8,11,3,WAIT,WAIT
238,AGV_9,7,11,WAIT,WAIT
238,AGV_10,7,3,WAIT,WAIT
238,AGV_11,15,2,WAIT,WAIT
238,AGV_12,3,10,WAIT,WAIT
238,AGV_1,3,3,WAIT,WAIT
238,AGV_3,15,14,WAIT,WAIT
238,AGV_2,7,2,WAIT,WAIT
238,AGV_4,15,6,WAIT,WAIT
239,AGV_6,3,6,Task_70,Moving
239,AGV_7,19,9,Task_82,Moving
239,AGV_8,11,3,WAIT,WAIT
239,AGV_9,7,11,WAIT,WAIT
239,AGV_10,7,3,WAIT,WAIT
239,AGV_11,15,2,WAIT,WAIT
239,AGV_12,3,10,WAIT,WAIT
239,AGV_1,3,3,WAIT,WAIT
239,AGV_3,15,14,WAIT,WAIT
239,AGV_2,7,2,WAIT,WAIT
239,AGV_4,15,6,WAIT,WAIT
239,AGV_5,11,14,WAIT,WAIT
240,AGV_6,3,5,Task_70,Moving
240,AGV_7,19,10,Task_82,Moving
240,AGV_8,11,3,WAIT,WAIT
240,AGV_9,7,11,WAIT,WAIT
240,AGV_10,7,3,WAIT,WAIT
240,AGV_11,15,2,WAIT,WAIT
240,AGV_12,3,10,WAIT,WAIT
240,AGV_1,3,3,WAIT,WAIT
240,AGV_3,15,14,WAIT,WAIT
240,AGV_2,7,2,WAIT,WAIT
240,AGV_4,15,6,WAIT,WAIT
240,AGV_5,11,14,WAIT,WAIT
241,AGV_6,3,4,Task_70,Moving
241,AGV_7,19,10,Task_82,Loading
241,AGV_8,11,3,Task_92,Moving
241,AGV_9,7,11,WAIT,WAIT
241,AGV_10,7,3,WAIT,WAIT
241,AGV_11,15,2,WAIT,WAIT
241,AGV_12,3,10,WAIT,WAIT
241,AGV_1,3,3,WAIT,WAIT
241,AGV_3,15,14,WAIT,WAIT
241,AGV_2,7,2,WAIT,WAIT
241,AGV_4,15,6,WAIT,WAIT
241,AGV_5,11,14,WAIT,WAIT
242,AGV_6,3,3,Task_70,Moving
242,AGV_7,19,10,Task_82,Loading
242,AGV_8,11,4,Task_92,Moving
242,AGV_9,7,11,WAIT,WAIT
242,AGV_10,7,3,WAIT,WAIT
242,AGV_11,15,2,WAIT,WAIT
242,AGV_12,3,10,WAIT,WAIT
242,AGV_1,3,3,WAIT,WAIT
242,AGV_3,15,14,WAIT,WAIT
242,AGV_2,7,2,WAIT,WAIT
242,AGV_4,15,6,WAIT,WAIT
242,AGV_5,11,14,WAIT,WAIT
243,AGV_6,3,2,Task_70,Moving
243,AGV_7,19,10,Task_82,Moving
243,AGV_8,11,5,Task_92,Moving
243,AGV_9,7,11,WAIT,WAIT
243,AGV_10,7,3,WAIT,WAIT
243,AGV_11,15,2,WAIT,WAIT
243,AGV_12,3,10,WAIT,WAIT
243,AGV_1,3,3,WAIT,WAIT
243,AGV_3,15,14,WAIT,WAIT
243,AGV_2,7,2,WAIT,WAIT
243,AGV_4,15,6,WAIT,WAIT
243,AGV_5,11,14,WAIT,WAIT
244,AGV_7,18,10,Task_82,Moving
244,AGV_8,11,6,Task_92,Moving
244,AGV_9,7,11,WAIT,WAIT
244,AGV_10,7,3,WAIT,WAIT
244,AGV_11,15,2,WAIT,WAIT
244,AGV_12,3,10,WAIT,WAIT
244,AGV_1,3,3,WAIT,WAIT
244,AGV_3,15,14,WAIT,WAIT
244,AGV_2,7,2,WAIT,WAIT
244,AGV_4,15,6,WAIT,WAIT
244,AGV_5,11,14,WAIT,WAIT
244,AGV_6,3,2,WAIT,WAIT
245,AGV_7,17,10,Task_82,Moving
245,AGV_8,11,7,Task_92,Moving
245,AGV_9,7,11,WAIT,WAIT
245,AGV_10,7,3,Task_51,Moving
245,AGV_11,15,2,WAIT,WAIT
245,AGV_12,3,10,WAIT,WAIT
245,AGV_1,3,3,WAIT,WAIT
245,AGV_3,15,14,WAIT,WAIT
245,AGV_2,7,2,WAIT,WAIT
245,AGV_4,15,6,WAIT,WAIT
245,AGV_5,11,14,WAIT,WAIT
245,AGV_6,3,2,WAIT,WAIT
246,AGV_7,17,9,Task_82,Moving
246,AGV_8,11,8,Task_92,Moving
246,AGV_9,7,11,WAIT,WAIT
246,AGV_10,7,2,Task_51,Moving
246,AGV_11,15,2,WAIT,WAIT
246,AGV_12,3,10,WAIT,WAIT
246,AGV_1,3,3,WAIT,WAIT
246,AGV_3,15,14,WAIT,WAIT
246,AGV_2,7,2,WAIT,WAIT
246,AGV_4,15,6,WAIT,WAIT
246,AGV_5,11,14,WAIT,WAIT
246,AGV_6,3,2,WAIT,WAIT
247,AGV_7,16,9,Task_82,Moving
247,AGV_8,11,9,Task_92,Moving
247,AGV_9,7,11,WAIT,WAIT
247,AGV_10,7,2,Task_51,Moving
247,AGV_11,15,2,WAIT,WAIT
247,AGV_12,3,10,WAIT,WAIT
247,AGV_1,3,3,WAIT,WAIT
247,AGV_3,15,14,WAIT,WAIT
247,AGV_2,7,2,WAIT,WAIT
247,AGV_4,15,6,WAIT,WAIT
247,AGV_5,11,14,WAIT,WAIT
247,AGV_6,3,2,WAIT,WAIT
248,AGV_7,15,9,Task_82,Moving
248,AGV_8,12,9,Task_92,Moving
248,AGV_9,7,11,Task_74,Moving
248,AGV_10,7,3,Task_51,Moving
248,AGV_11,15,2,WAIT,WAIT
248,AGV_12,3,10,WAIT,WAIT
248,AGV_1,3,3,WAIT,WAIT
248,AGV_3,15,14,WAIT,WAIT
248,AGV_2,7,2,WAIT,WAIT
248,AGV_4,15,6,WAIT,WAIT
248,AGV_5,11,14,WAIT,WAIT
248,AGV_6,3,2,WAIT,WAIT
249,AGV_7,15,10,Task_82,Moving
249,AGV_8,13,9,Task_92,Moving
249,AGV_9,7,10,Task_74,Moving
249,AGV_10,7,4,Task_51,Moving
249,AGV_11,15,2,WAIT,WAIT
249,AGV_12,3,10,WAIT,WAIT
249,AGV_1,3,3,Task_101,Moving
249,AGV_3,15,14,WAIT,WAIT
249,AGV_2,7,2,WAIT,WAIT
249,AGV_4,15,6,WAIT,WAIT
249,AGV_5,11,14,WAIT,WAIT
249,AGV_6,3,2,WAIT,WAIT
250,AGV_8,14,9,Task_92,Moving
250,AGV_9,7,9,Task_74,Moving
250,AGV_10,7,5,Task_51,Moving
250,AGV_11,15,2,WAIT,WAIT
250,AGV_12,3,10,Task_54,Moving
250,AGV_1,3,2,Task_101,Moving
250,AGV_3,15,14,WAIT,WAIT
250,AGV_2,7,2,WAIT,WAIT
250,AGV_4,15,6,WAIT,WAIT
250,AGV_5,11,14,WAIT,WAIT
250,AGV_6,3,2,WAIT,WAIT
250,AGV_7,15,10,WAIT,WAIT
251,AGV_8,15,9,Task_92,Moving
251,AGV_9,8,9,Task_74,Moving
251,AGV_10,7,6,Task_51,Moving
251,AGV_11,15,2,WAIT,WAIT
251,AGV_12,3,9,Task_54,Moving
251,AGV_1,3,1,Task_101,Moving
251,AGV_3,15,14,WAIT,WAIT
251,AGV_2,7,2,WAIT,WAIT
251,AGV_4,15,6,WAIT,WAIT
251,AGV_5,11,14,WAIT,WAIT
251,AGV_6,3,2,WAIT,WAIT
251,AGV_7,15,10,WAIT,WAIT
252,AGV_8,16,9,Task_92,Moving
252,AGV_9,9,9,Task_74,Moving
252,AGV_10,7,7,Task_51,Moving
252,AGV_11,15,2,WAIT,WAIT
252,AGV_12,2,9,Task_54,Moving
252,AGV_1,3,0,Task_101,Moving
252,AGV_3,15,14,WAIT,WAIT
252,AGV_2,7,2,WAIT,WAIT
252,AGV_4,15,6,WAIT,WAIT
252,AGV_5,11,14,WAIT,WAIT
252,AGV_6,3,2,WAIT,WAIT
252,AGV_7,15,10,WAIT,WAIT
253,AGV_8,17,9,Task_92,Moving
253,AGV_9,10,9,Task_74,Moving
253,AGV_10,7,8,Task_51,Moving
253,AGV_11,15,2,WAIT,WAIT
253,AGV_12,1,9,Task_54,Moving
253,AGV_1,3,0,Task_101,Moving
253,AGV_3,15,14,WAIT,WAIT
253,AGV_2,7,2,WAIT,WAIT
253,AGV_4,15,6,WAIT,WAIT
253,AGV_5,11,14,WAIT,WAIT
253,AGV_6,3,2,WAIT,WAIT
253,AGV_7,15,10,WAIT,WAIT
254,AGV_8,18,9,Task_92,Moving
254,AGV_9,11,9,Task_74,Moving
254,AGV_10,8,8,Task_51,Moving
254,AGV_11,15,2,Task_89,Moving
254,AGV_12,1,8,Task_54,Moving
254,AGV_1,3,1,Task_101,Moving
254,AGV_3,15,14,WAIT,WAIT
254,AGV_2,7,2,WAIT,WAIT
254,AGV_4,15,6,WAIT,WAIT
254,AGV_5,11,14,WAIT,WAIT
254,AGV_6,3,2,WAIT,WAIT
254,AGV_7,15,10,WAIT,WAIT
255,AGV_8,19,9,Task_92,Moving
255,AGV_9,12,9,Task_74,Moving
255,AGV_10,9,8,Task_51,Moving
255,AGV_11,15,1,Task_89,Moving
255,AGV_12,1,8,Task_54,Moving
255,AGV_1,3,2,Task_101,Moving
255,AGV_3,15,14,WAIT,WAIT
255,AGV_2,7,2,WAIT,WAIT
255,AGV_4,15,6,WAIT,WAIT
255,AGV_5,11,14,WAIT,WAIT
255,AGV_6,3,2,WAIT,WAIT
255,AGV_7,15,10,WAIT,WAIT
256,AGV_8,19,10,Task_92,Moving
256,AGV_9,13,9,Task_74,Moving
256,AGV_10,10,8,Task_51,Moving
256,AGV_11,15,0,Task_89,Moving
256,AGV_12,2,8,Task_54,Moving
256,AGV_1,3,3,Task_101,Moving
256,AGV_3,15,14,WAIT,WAIT
256,AGV_2,7,2,WAIT,WAIT
256,AGV_4,15,6,WAIT,WAIT
256,AGV_5,11,14,WAIT,WAIT
256,AGV_6,3,2,WAIT,WAIT
256,AGV_7,15,10,WAIT,WAIT
257,AGV_8,19,10,Task_92,Loading
257,AGV_9,14,9,Task_74,Moving
257,AGV_10,11,8,Task_51,Moving
257,AGV_11,15,0,Task_89,Moving
257,AGV_12,3,8,Task_54,Moving
257,AGV_1,3,4,Task_101,Moving
257,AGV_3,15,14,WAIT,WAIT
257,AGV_2,7,2,WAIT,WAIT
257,AGV_4,15,6,WAIT,WAIT
257,AGV_5,11,14,WAIT,WAIT
257,AGV_6,3,2,WAIT,WAIT
257,AGV_7,15,10,WAIT,WAIT
258,AGV_8,19,10,Task_92,Loading
258,AGV_9,15,9,Task_74,Moving
258,AGV_10,12,8,Task_51,Moving
258,AGV_11,15,1,Task_89,Moving
258,AGV_12,4,8,Task_54,Moving
258,AGV_1,3,5,Task_101,Moving
258,AGV_3,15,14,WAIT,WAIT
258,AGV_2,7,2,WAIT,WAIT
258,AGV_4,15,6,WAIT,WAIT
258,AGV_5,11,14,WAIT,WAIT
258,AGV_6,3,2,WAIT,WAIT
258,AGV_7,15,10,WAIT,WAIT
259,AGV_8,19,10,Task_92,Moving
259,AGV_9,16,9,Task_74,Moving
259,AGV_10,13,8,Task_51,Moving
259,AGV_11,15,2,Task_89,Moving
259,AGV_12,5,8,Task_54,Moving
259,AGV_1,3,6,Task_101,Moving
259,AGV_3,15,14,WAIT,WAIT
259,AGV_2,7,2,WAIT,WAIT
259,AGV_4,15,6,WAIT,WAIT
259,AGV_5,11,14,WAIT,WAIT
259,AGV_6,3,2,WAIT,WAIT
259,AGV_7,15,10,WAIT,WAIT
260,AGV_8,18,10,Task_92,Moving
260,AGV_9,17,9,Task_74,Moving
260,AGV_10,14,8,Task_51,Moving
260,AGV_11,15,3,Task_89,Moving
260,AGV_12,6,8,Task_54,Moving
260,AGV_1,3,7,Task_101,Moving
260,AGV_3,15,14,WAIT,WAIT
260,AGV_2,7,2,WAIT,WAIT
260,AGV_4,15,6,WAIT,WAIT
260,AGV_5,11,14,WAIT,WAIT
260,AGV_6,3,2,WAIT,WAIT
260,AGV_7,15,10,WAIT,WAIT
261,AGV_8,17,10,Task_92,Moving
261,AGV_9,18,9,Task_74,Moving
261,AGV_10,15,8,Task_51,Moving
261,AGV_11,15,4,Task_89,Moving
261,AGV_12,7,8,Task_54,Moving
261,AGV_1,3,8,Task_101,Moving
261,AGV_3,15,14,WAIT,WAIT
261,AGV_2,7,2,WAIT,WAIT
261,AGV_4,15,6,WAIT,WAIT
261,AGV_5,11,14,WAIT,WAIT
261,AGV_6,3,2,WAIT,WAIT
261,AGV_7,15,10,WAIT,WAIT
262,AGV_8,17,9,Task_92,Moving
262,AGV_9,19,9,Task_74,Moving
262,AGV_10,16,8,Task_51,Moving
262,AGV_11,15,5,Task_89,Moving
262,AGV_12,8,8,Task_54,Moving
262,AGV_1,4,8,Task_101,Moving
262,AGV_3,15,14,WAIT,WAIT
262,AGV_2,7,2,WAIT,WAIT
262,AGV_4,15,6,WAIT,WAIT
262,AGV_5,11,14,WAIT,WAIT
262,AGV_6,3,2,WAIT,WAIT
262,AGV_7,15,10,WAIT,WAIT
263,AGV_8,16,9,Task_92,Moving
263,AGV_9,19,10,Task_74,Moving
263,AGV_10,17,8,Task_51,Moving
263,AGV_11,16,5,Task_89,Moving
263,AGV_12,9,8,Task_54,Moving
263,AGV_1,5,8,Task_101,Moving
263,AGV_3,15,14,WAIT,WAIT
263,AGV_2,7,2,WAIT,WAIT
263,AGV_4,15,6,WAIT,WAIT
263,AGV_5,11,14,WAIT,WAIT
263,AGV_6,3,2,WAIT,WAIT
263,AGV_7,15,10,WAIT,WAIT
264,AGV_8,15,9,Task_92,Moving
264,AGV_9,19,10,Task_74,Loading
264,AGV_10,17,9,Task_51,Moving
264,AGV_11,17,5,Task_89,Moving
264,AGV_12,10,8,Task_54,Moving
264,AGV_1,6,8,Task_101,Moving
264,AGV_3,15,14,WAIT,WAIT
264,AGV_2,7,2,WAIT,WAIT
264,AGV_4,15,6,WAIT,WAIT
264,AGV_5,11,14,WAIT,WAIT
264,AGV_6,3,2,WAIT,WAIT
264,AGV_7,15,10,WAIT,WAIT
265,AGV_8,15,8,Task_92,Moving
265,AGV_9,19,10,Task_74,Loading
265,AGV_10,18,9,Task_51,Moving
265,AGV_11,17,6,Task_89,Moving
265,AGV_12,11,8,Task_54,Moving
265,AGV_1,7,8,Task_101,Moving
265,AGV_3,15,14,WAIT,WAIT
265,AGV_2,7,2,WAIT,WAIT
265,AGV_4,15,6,WAIT,WAIT
265,AGV_5,11,14,WAIT,WAIT
265,AGV_6,3,2,WAIT,WAIT
265,AGV_7,15,10,WAIT,WAIT
266,AGV_8,15,7,Task_92,Moving
266,AGV_9,19,10,Task_74,Moving
266,AGV_10,19,9,Task_51,Moving
266,AGV_11,17,7,Task_89,Moving
266,AGV_12,12,8,Task_54,Moving
266,AGV_1,8,8,Task_101,Moving
266,AGV_3,15,14,WAIT,WAIT
266,AGV_2,7,2,WAIT,WAIT
266,AGV_4,15,6,WAIT,WAIT
266,AGV_5,11,14,WAIT,WAIT
266,AGV_6,3,2,WAIT,WAIT
266,AGV_7,15,10,WAIT,WAIT
267,AGV_9,18,10,Task_74,Moving
267,AGV_10,19,10,Task_51,Moving
267,AGV_11,17,8,Task_89,Moving
267,AGV_12,13,8,Task_54,Moving
267,AGV_1,9,8,Task_101,Moving
267,AGV_3,15,14,WAIT,WAIT
267,AGV_2,7,2,WAIT,WAIT
267,AGV_4,15,6,WAIT,WAIT
267,AGV_5,11,14,WAIT,WAIT
267,AGV_6,3,2,WAIT,WAIT
267,AGV_7,15,10,WAIT,WAIT
267,AGV_8,15,7,WAIT,WAIT
268,AGV_9,17,10,Task_74,Moving
268,AGV_10,19,10,Task_51,Loading
268,AGV_11,17,9,Task_89,Moving
268,AGV_12,14,8,Task_54,Moving
268,AGV_1,10,8,Task_101,Moving
268,AGV_3,15,14,WAIT,WAIT
268,AGV_2,7,2,WAIT,WAIT
268,AGV_4,15,6,WAIT,WAIT
268,AGV_5,11,14,WAIT,WAIT
268,AGV_6,3,2,WAIT,WAIT
268,AGV_7,15,10,WAIT,WAIT
268,AGV_8,15,7,WAIT,WAIT
269,AGV_9,17,9,Task_74,Moving
269,AGV_10,19,10,Task_51,Loading
269,AGV_11,18,9,Task_89,Moving
269,AGV_12,15,8,Task_54,Moving
269,AGV_1,11,8,Task_101,Moving
269,AGV_3,15,14,WAIT,WAIT
269,AGV_2,7,2,WAIT,WAIT
269,AGV_4,15,6,WAIT,WAIT
269,AGV_5,11,14,WAIT,WAIT
269,AGV_6,3,2,WAIT,WAIT
269,AGV_7,15,10,WAIT,WAIT
269,AGV_8,15,7,WAIT,WAIT
270,AGV_9,16,9,Task_74,Moving
270,AGV_10,19,10,Task_51,Moving
270,AGV_11,19,9,Task_89,Moving
270,AGV_12,16,8,Task_54,Moving
270,AGV_1,12,8,Task_101,Moving
270,AGV_3,15,14,WAIT,WAIT
270,AGV_2,7,2,WAIT,WAIT
270,AGV_4,15,6,WAIT,WAIT
270,AGV_5,11,14,WAIT,WAIT
270,AGV_6,3,2,WAIT,WAIT
270,AGV_7,15,10,WAIT,WAIT
270,AGV_8,15,7,WAIT,WAIT
271,AGV_9,15,9,Task_74,Moving
271,AGV_10,18,10,Task_51,Moving
271,AGV_11,19,10,Task_89,Moving
271,AGV_12,16,9,Task_54,Moving
271,AGV_1,13,8,Task_101,Moving
271,AGV_3,15,14,WAIT,WAIT
271,AGV_2,7,2,WAIT,WAIT
271,AGV_4,15,6,WAIT,WAIT
271,AGV_5,11,14,WAIT,WAIT
271,AGV_6,3,2,WAIT,WAIT
271,AGV_7,15,10,WAIT,WAIT
271,AGV_8,15,7,WAIT,WAIT
272,AGV_9,15,8,Task_74,Moving
272,AGV_10,17,10,Task_51,Moving
272,AGV_11,19,10,Task_89,Loading
272,AGV_12,17,9,Task_54,Moving
272,AGV_1,14,8,Task_101,Moving
272,AGV_3,15,14,WAIT,WAIT
272,AGV_2,7,2,WAIT,WAIT
272,AGV_4,15,6,WAIT,WAIT
272,AGV_5,11,14,WAIT,WAIT
272,AGV_6,3,2,WAIT,WAIT
272,AGV_7,15,10,WAIT,WAIT
272,AGV_8,15,7,WAIT,WAIT
273,AGV_9,15,7,Task_74,Moving
273,AGV_10,17,9,Task_51,Moving
273,AGV_11,19,10,Task_89,Loading
273,AGV_12,18,9,Task_54,Moving
273,AGV_1,15,8,Task_101,Moving
273,AGV_3,15,14,WAIT,WAIT
273,AGV_2,7,2,Task_96,Moving
273,AGV_4,15,6,WAIT,WAIT
273,AGV_5,11,14,WAIT,WAIT
273,AGV_6,3,2,WAIT,WAIT
273,AGV_7,15,10,WAIT,WAIT
273,AGV_8,15,7,WAIT,WAIT
274,AGV_10,16,9,Task_51,Moving
274,AGV_11,19,10,Task_89,Moving
274,AGV_12,19,9,Task_54,Moving
274,AGV_1,16,8,Task_101,Moving
274,AGV_3,15,14,Task_26,Moving
274,AGV_2,7,3,Task_96,Moving
274,AGV_4,15,6,WAIT,WAIT
274,AGV_5,11,14,WAIT,WAIT
274,AGV_6,3,2,WAIT,WAIT
274,AGV_7,15,10,WAIT,WAIT
274,AGV_8,15,7,WAIT,WAIT
274,AGV_9,15,7,WAIT,WAIT
275,AGV_10,15,9,Task_51,Moving
275,AGV_11,18,10,Task_89,Moving
275,AGV_12,19,10,Task_54,Moving
275,AGV_1,16,9,Task_101,Moving
275,AGV_3,15,13,Task_26,Moving
275,AGV_2,7,4,Task_96,Moving
275,AGV_4,15,6,WAIT,WAIT
275,AGV_5,11,14,WAIT,WAIT
275,AGV_6,3,2,WAIT,WAIT
275,AGV_7,15,10,WAIT,WAIT
275,AGV_8,15,7,WAIT,WAIT
275,AGV_9,15,7,WAIT,WAIT
276,AGV_10,15,8,Task_51,Moving
276,AGV_11,17,10,Task_89,Moving
276,AGV_12,19,10,Task_54,Loading
276,AGV_1,17,9,Task_101,Moving
276,AGV_3,15,12,Task_26,Moving
276,AGV_2,7,5,Task_96,Moving
276,AGV_4,15,6,WAIT,WAIT
276,AGV_5,11,14,WAIT,WAIT
276,AGV_6,3,2,WAIT,WAIT
276,AGV_7,15,10,WAIT,WAIT
276,AGV_8,15,7,WAIT,WAIT
276,AGV_9,15,7,WAIT,WAIT
277,AGV_10,15,7,Task_51,Moving
277,AGV_11,17,9,Task_89,Moving
277,AGV_12,19,10,Task_54,Loading
277,AGV_1,18,9,Task_101,Moving
277,AGV_3,15,12,Task_26,Moving
277,AGV_2,7,6,Task_96,Moving
277,AGV_4,15,6,WAIT,WAIT
277,AGV_5,11,14,WAIT,WAIT
277,AGV_6,3,2,WAIT,WAIT
277,AGV_7,15,10,WAIT,WAIT
277,AGV_8,15,7,WAIT,WAIT
277,AGV_9,15,7,WAIT,WAIT
278,AGV_10,15,6,Task_51,Moving
278,AGV_11,16,9,Task_89,Moving
278,AGV_12,19,10,Task_54,Moving
278,AGV_1,19,9,Task_101,Moving
278,AGV_3,16,12,Task_26,Moving
278,AGV_2,7,7,Task_96,Moving
278,AGV_4,15,6,WAIT,WAIT
278,AGV_5,11,14,WAIT,WAIT
278,AGV_6,3,2,WAIT,WAIT
278,AGV_7,15,10,WAIT,WAIT
278,AGV_8,15,7,WAIT,WAIT
278,AGV_9,15,7,WAIT,WAIT
279,AGV_10,15,5,Task_51,Moving
279,AGV_11,15,9,Task_89,Moving
279,AGV_12,18,10,Task_54,Moving
279,AGV_1,19,10,Task_101,Moving
279,AGV_3,17,12,Task_26,Moving
279,AGV_2,7,8,Task_96,Moving
279,AGV_4,15,6,WAIT,WAIT
279,AGV_5,11,14,WAIT,WAIT
279,AGV_6,3,2,WAIT,WAIT
279,AGV_7,15,10,WAIT,WAIT
279,AGV_8,15,7,WAIT,WAIT
279,AGV_9,15,7,WAIT,WAIT
280,AGV_10,15,4,Task_51,Moving
280,AGV_11,14,9,Task_89,Moving
280,AGV_12,17,10,Task_54,Moving
280,AGV_1,19,10,Task_101,Loading
280,AGV_3,18,12,Task_26,Moving
280,AGV_2,8,8,Task_96,Moving
280,AGV_4,15,6,WAIT,WAIT
280,AGV_5,11,14,WAIT,WAIT
280,AGV_6,3,2,WAIT,WAIT
280,AGV_7,15,10,WAIT,WAIT
280,AGV_8,15,7,WAIT,WAIT
280,AGV_9,15,7,WAIT,WAIT
281,AGV_10,15,3,Task_51,Moving
281,AGV_11,13,9,Task_89,Moving
281,AGV_12,17,9,Task_54,Moving
281,AGV_1,19,10,Task_101,Loading
281,AGV_3,19,12,Task_26,Moving
281,AGV_2,9,8,Task_96,Moving
281,AGV_4,15,6,WAIT,WAIT
281,AGV_5,11,14,WAIT,WAIT
281,AGV_6,3,2,WAIT,WAIT
281,AGV_7,15,10,WAIT,WAIT
281,AGV_8,15,7,WAIT,WAIT
281,AGV_9,15,7,WAIT,WAIT
282,AGV_10,15,2,Task_51,Moving
282,AGV_11,12,9,Task_89,Moving
282,AGV_12,16,9,Task_54,Moving
282,AGV_1,19,10,Task_101,Moving
282,AGV_3,19,11,Task_26,Moving
282,AGV_2,10,8,Task_96,Moving
282,AGV_4,15,6,WAIT,WAIT
282,AGV_5,11,14,WAIT,WAIT
282,AGV_6,3,2,WAIT,WAIT
282,AGV_7,15,10,WAIT,WAIT
282,AGV_8,15,7,WAIT,WAIT
282,AGV_9,15,7,WAIT,WAIT
283,AGV_11,11,9,Task_89,Moving
283,AGV_12,15,9,Task_54,Moving
283,AGV_1,18,10,Task_101,Moving
283,AGV_3,19,10,Task_26,Moving
283,AGV_2,11,8,Task_96,Moving
283,AGV_4,15,6,WAIT,WAIT
283,AGV_5,11,14,WAIT,WAIT
283,AGV_6,3,2,WAIT,WAIT
283,AGV_7,15,10,WAIT,WAIT
283,AGV_8,15,7,WAIT,WAIT
283,AGV_9,15,7,WAIT,WAIT
283,AGV_10,15,2,WAIT,WAIT
284,AGV_11,10,9,Task_89,Moving
284,AGV_12,14,9,Task_54,Moving
284,AGV_1,17,10,Task_101,Moving
284,AGV_3,19,10,Task_26,Loading
284,AGV_2,12,8,Task_96,Moving
284,AGV_4,15,6,WAIT,WAIT
284,AGV_5,11,14,WAIT,WAIT
284,AGV_6,3,2,WAIT,WAIT
284,AGV_7,15,10,WAIT,WAIT
284,AGV_8,15,7,WAIT,WAIT
284,AGV_9,15,7,WAIT,WAIT
284,AGV_10,15,2,WAIT,WAIT
285,AGV_11,9,9,Task_89,Moving
285,AGV_12,13,9,Task_54,Moving
285,AGV_1,17,9,Task_101,Moving
285,AGV_3,19,10,Task_26,Loading
285,AGV_2,13,8,Task_96,Moving
285,AGV_4,15,6,WAIT,WAIT
285,AGV_5,11,14,WAIT,WAIT
285,AGV_6,3,2,WAIT,WAIT
285,AGV_7,15,10,WAIT,WAIT
285,AGV_8,15,7,WAIT,WAIT
285,AGV_9,15,7,WAIT,WAIT
285,AGV_10,15,2,WAIT,WAIT
286,AGV_11,8,9,Task_89,Moving
286,AGV_12,12,9,Task_54,Moving
286,AGV_1,16,9,Task_101,Moving
286,AGV_3,19,10,Task_26,Moving
286,AGV_2,13,9,Task_96,Moving
286,AGV_4,15,6,WAIT,WAIT
286,AGV_5,11,14,WAIT,WAIT
286,AGV_6,3,2,WAIT,WAIT
286,AGV_7,15,10,WAIT,WAIT
286,AGV_8,15,7,WAIT,WAIT
286,AGV_9,15,7,WAIT,WAIT
286,AGV_10,15,2,WAIT,WAIT
287,AGV_11,7,9,Task_89,Moving
287,AGV_12,11,9,Task_54,Moving
287,AGV_1,15,9,Task_101,Moving
287,AGV_3,18,10,Task_26,Moving
287,AGV_2,14,9,Task_96,Moving
287,AGV_4,15,6,WAIT,WAIT
287,AGV_5,11,14,WAIT,WAIT
287,AGV_6,3,2,WAIT,WAIT
287,AGV_7,15,10,WAIT,WAIT
287,AGV_8,15,7,WAIT,WAIT
287,AGV_9,15,7,WAIT,WAIT
287,AGV_10,15,2,WAIT,WAIT
288,AGV_11,7,8,Task_89,Moving
288,AGV_12,10,9,Task_54,Moving
288,AGV_1,15,8,Task_101,Moving
288,AGV_3,17,10,Task_26,Moving
288,AGV_2,15,9,Task_96,Moving
288,AGV_4,15,6,WAIT,WAIT
288,AGV_5,11,14,WAIT,WAIT
288,AGV_6,3,2,WAIT,WAIT
288,AGV_7,15,10,WAIT,WAIT
288,AGV_8,15,7,WAIT,WAIT
288,AGV_9,15,7,WAIT,WAIT
288,AGV_10,15,2,WAIT,WAIT
289,AGV_11,7,7,Task_89,Moving
289,AGV_12,9,9,Task_54,Moving
289,AGV_1,15,7,Task_101,Moving
289,AGV_3,17,11,Task_26,Moving
289,AGV_2,16,9,Task_96,Moving
289,AGV_4,15,6,WAIT,WAIT
289,AGV_5,11,14,WAIT,WAIT
289,AGV_6,3,2,WAIT,WAIT
289,AGV_7,15,10,WAIT,WAIT
289,AGV_8,15,7,WAIT,WAIT
289,AGV_9,15,7,WAIT,WAIT
289,AGV_10,15,2,WAIT,WAIT
290,AGV_12,8,9,Task_54,Moving
290,AGV_1,15,6,Task_101,Moving
290,AGV_3,17,12,Task_26,Moving
290,AGV_2,17,9,Task_96,Moving
290,AGV_4,15,6,WAIT,WAIT
290,AGV_5,11,14,WAIT,WAIT
290,AGV_6,3,2,WAIT,WAIT
290,AGV_7,15,10,WAIT,WAIT
290,AGV_8,15,7,WAIT,WAIT
290,AGV_9,15,7,WAIT,WAIT
290,AGV_10,15,2,WAIT,WAIT
290,AGV_11,7,7,WAIT,WAIT
291,AGV_12,7,9,Task_54,Moving
291,AGV_1,15,5,Task_101,Moving
291,AGV_3,16,12,Task_26,Moving
291,AGV_2,18,9,Task_96,Moving
291,AGV_4,15,6,WAIT,WAIT
291,AGV_5,11,14,WAIT,WAIT
291,AGV_6,3,2,WAIT,WAIT
291,AGV_7,15,10,WAIT,WAIT
291,AGV_8,15,7,WAIT,WAIT
291,AGV_9,15,7,WAIT,WAIT
291,AGV_10,15,2,WAIT,WAIT
291,AGV_11,7,7,WAIT,WAIT
292,AGV_12,7,10,Task_54,Moving
292,AGV_1,15,4,Task_101,Moving
292,AGV_3,15,12,Task_26,Moving
292,AGV_2,19,9,Task_96,Moving
292,AGV_4,15,6,WAIT,WAIT
292,AGV_5,11,14,WAIT,WAIT
292,AGV_6,3,2,WAIT,WAIT
292,AGV_7,15,10,WAIT,WAIT
292,AGV_8,15,7,WAIT,WAIT
292,AGV_9,15,7,WAIT,WAIT
292,AGV_10,15,2,WAIT,WAIT
292,AGV_11,7,7,WAIT,WAIT
293,AGV_12,7,11,Task_54,Moving
293,AGV_1,15,3,Task_101,Moving
293,AGV_3,15,13,Task_26,Moving
293,AGV_2,19,10,Task_96,Moving
293,AGV_4,15,6,WAIT,WAIT
293,AGV_5,11,14,WAIT,WAIT
293,AGV_6,3,2,WAIT,WAIT
293,AGV_7,15,10,WAIT,WAIT
293,AGV_8,15,7,WAIT,WAIT
293,AGV_9,15,7,WAIT,WAIT
293,AGV_10,15,2,WAIT,WAIT
293,AGV_11,7,7,WAIT,WAIT
294,AGV_3,15,14,Task_26,Moving
294,AGV_2,19,10,Task_96,Loading
294,AGV_4,15,6,WAIT,WAIT
294,AGV_5,11,14,WAIT,WAIT
294,AGV_6,3,2,WAIT,WAIT
294,AGV_7,15,10,WAIT,WAIT
294,AGV_8,15,7,WAIT,WAIT
294,AGV_9,15,7,WAIT,WAIT
294,AGV_10,15,2,WAIT,WAIT
294,AGV_11,7,7,WAIT,WAIT
294,AGV_1,15,3,WAIT,WAIT
294,AGV_12,7,11,WAIT,WAIT
295,AGV_3,15,15,Task_26,Moving
295,AGV_2,19,10,Task_96,Loading
295,AGV_4,15,6,WAIT,WAIT
295,AGV_5,11,14,WAIT,WAIT
295,AGV_6,3,2,WAIT,WAIT
295,AGV_7,15,10,WAIT,WAIT
295,AGV_8,15,7,WAIT,WAIT
295,AGV_9,15,7,WAIT,WAIT
295,AGV_10,15,2,WAIT,WAIT
295,AGV_11,7,7,WAIT,WAIT
295,AGV_1,15,3,WAIT,WAIT
295,AGV_12,7,11,WAIT,WAIT
296,AGV_2,19,10,Task_96,Moving
296,AGV_4,15,6,WAIT,WAIT
296,AGV_5,11,14,WAIT,WAIT
296,AGV_6,3,2,WAIT,WAIT
296,AGV_7,15,10,WAIT,WAIT
296,AGV_8,15,7,WAIT,WAIT
296,AGV_9,15,7,WAIT,WAIT
296,AGV_10,15,2,WAIT,WAIT
296,AGV_11,7,7,WAIT,WAIT
296,AGV_1,15,3,WAIT,WAIT
296,AGV_12,7,11,WAIT,WAIT
296,AGV_3,15,15,WAIT,WAIT
297,AGV_2,18,10,Task_96,Moving
297,AGV_4,15,6,WAIT,WAIT
297,AGV_5,11,14,Task_87,Moving
297,AGV_6,3,2,WAIT,WAIT
297,AGV_7,15,10,WAIT,WAIT
297,AGV_8,15,7,WAIT,WAIT
297,AGV_9,15,7,WAIT,WAIT
297,AGV_10,15,2,WAIT,WAIT
297,AGV_11,7,7,WAIT,WAIT
297,AGV_1,15,3,WAIT,WAIT
297,AGV_12,7,11,WAIT,WAIT
297,AGV_3,15,15,WAIT,WAIT
298,AGV_2,17,10,Task_96,Moving
298,AGV_4,15,6,WAIT,WAIT
298,AGV_5,11,13,Task_87,Moving
298,AGV_6,3,2,WAIT,WAIT
298,AGV_7,15,10,WAIT,WAIT
298,AGV_8,15,7,WAIT,WAIT
298,AGV_9,15,7,WAIT,WAIT
298,AGV_10,15,2,WAIT,WAIT
298,AGV_11,7,7,WAIT,WAIT
298,AGV_1,15,3,WAIT,WAIT
298,AGV_12,7,11,WAIT,WAIT
298,AGV_3,15,15,WAIT,WAIT
299,AGV_2,17,9,Task_96,Moving
299,AGV_4,15,6,Task_3,Moving
299,AGV_5,10,13,Task_87,Moving
299,AGV_6,3,2,WAIT,WAIT
299,AGV_7,15,10,WAIT,WAIT
299,AGV_8,15,7,WAIT,WAIT
299,AGV_9,15,7,WAIT,WAIT
299,AGV_10,15,2,WAIT,WAIT
299,AGV_11,7,7,WAIT,WAIT
299,AGV_1,15,3,WAIT,WAIT
299,AGV_12,7,11,WAIT,WAIT
299,AGV_3,15,15,WAIT,WAIT
300,AGV_2,16,9,Task_96,Moving
300,AGV_4,15,7,Task_3,Moving
300,AGV_5,10,12,Task_87,Moving
300,AGV_6,3,2,WAIT,WAIT
300,AGV_7,15,10,WAIT,WAIT
300,AGV_8,15,7,WAIT,WAIT
300,AGV_9,15,7,WAIT,WAIT
300,AGV_10,15,2,WAIT,WAIT
300,AGV_11,7,7,WAIT,WAIT
300,AGV_1,15,3,WAIT,WAIT
300,AGV_12,7,11,WAIT,WAIT
300,AGV_3,15,15,WAIT,WAIT
301,AGV_2,15,9,Task_96,Moving
301,AGV_4,15,8,Task_3,Moving
301,AGV_5,11,12,Task_87,Moving
301,AGV_6,3,2,WAIT,WAIT
301,AGV_7,15,10,WAIT,WAIT
301,AGV_8,15,7,WAIT,WAIT
301,AGV_9,15,7,WAIT,WAIT
301,AGV_10,15,2,WAIT,WAIT
301,AGV_11,7,7,WAIT,WAIT
301,AGV_1,15,3,WAIT,WAIT
301,AGV_12,7,11,WAIT,WAIT
301,AGV_3,15,15,WAIT,WAIT
302,AGV_2,14,9,Task_96,Moving
302,AGV_4,15,9,Task_3,Moving
302,AGV_5,12,12,Task_87,Moving
302,AGV_6,3,2,WAIT,WAIT
302,AGV_7,15,10,WAIT,WAIT
302,AGV_8,15,7,WAIT,WAIT
302,AGV_9,15,7,WAIT,WAIT
302,AGV_10,15,2,WAIT,WAIT
302,AGV_11,7,7,WAIT,WAIT
302,AGV_1,15,3,WAIT,WAIT
302,AGV_12,7,11,WAIT,WAIT
302,AGV_3,15,15,WAIT,WAIT
303,AGV_2,13,9,Task_96,Moving
303,AGV_4,16,9,Task_3,Moving
303,AGV_5,13,12,Task_87,Moving
303,AGV_6,3,2,WAIT,WAIT
303,AGV_7,15,10,WAIT,WAIT
303,AGV_8,15,7,WAIT,WAIT
303,AGV_9,15,7,WAIT,WAIT
303,AGV_10,15,2,WAIT,WAIT
303,AGV_11,7,7,WAIT,WAIT
303,AGV_1,15,3,WAIT,WAIT
303,AGV_12,7,11,WAIT,WAIT
303,AGV_3,15,15,WAIT,WAIT
304,AGV_2,12,9,Task_96,Moving
304,AGV_4,17,9,Task_3,Moving
304,AGV_5,14,12,Task_87,Moving
304,AGV_6,3,2,WAIT,WAIT
304,AGV_7,15,10,WAIT,WAIT
304,AGV_8,15,7,WAIT,WAIT
304,AGV_9,15,7,WAIT,WAIT
304,AGV_10,15,2,WAIT,WAIT
304,AGV_11,7,7,WAIT,WAIT
304,AGV_1,15,3,WAIT,WAIT
304,AGV_12,7,11,WAIT,WAIT
304,AGV_3,15,15,WAIT,WAIT
305,AGV_2,11,9,Task_96,Moving
305,AGV_4,18,9,Task_3,Moving
305,AGV_5,15,12,Task_87,Moving
305,AGV_6,3,2,WAIT,WAIT
305,AGV_7,15,10,WAIT,WAIT
305,AGV_8,15,7,WAIT,WAIT
305,AGV_9,15,7,WAIT,WAIT
305,AGV_10,15,2,WAIT,WAIT
305,AGV_11,7,7,WAIT,WAIT
305,AGV_1,15,3,WAIT,WAIT
305,AGV_12,7,11,WAIT,WAIT
305,AGV_3,15,15,WAIT,WAIT
306,AGV_2,11,10,Task_96,Moving
306,AGV_4,19,9,Task_3,Moving
306,AGV_5,16,12,Task_87,Moving
306,AGV_6,3,2,Task_94,Moving
306,AGV_7,15,10,WAIT,WAIT
306,AGV_8,15,7,WAIT,WAIT
306,AGV_9,15,7,WAIT,WAIT
306,AGV_10,15,2,WAIT,WAIT
306,AGV_11,7,7,WAIT,WAIT
306,AGV_1,15,3,WAIT,WAIT
306,AGV_12,7,11,WAIT,WAIT
306,AGV_3,15,15,WAIT,WAIT
307,AGV_4,19,10,Task_3,Moving
307,AGV_5,17,12,Task_87,Moving
307,AGV_6,3,3,Task_94,Moving
307,AGV_7,15,10,WAIT,WAIT
307,AGV_8,15,7,WAIT,WAIT
307,AGV_9,15,7,WAIT,WAIT
307,AGV_10,15,2,WAIT,WAIT
307,AGV_11,7,7,WAIT,WAIT
307,AGV_1,15,3,WAIT,WAIT
307,AGV_12,7,11,WAIT,WAIT
307,AGV_3,15,15,WAIT,WAIT
307,AGV_2,11,10,WAIT,WAIT
308,AGV_4,19,10,Task_3,Loading
308,AGV_5,18,12,Task_87,Moving
308,AGV_6,3,4,Task_94,Moving
308,AGV_7,15,10,WAIT,WAIT
308,AGV_8,15,7,WAIT,WAIT
308,AGV_9,15,7,WAIT,WAIT
308,AGV_10,15,2,WAIT,WAIT
308,AGV_11,7,7,WAIT,WAIT
308,AGV_1,15,3,WAIT,WAIT
308,AGV_12,7,11,WAIT,WAIT
308,AGV_3,15,15,WAIT,WAIT
308,AGV_2,11,10,WAIT,WAIT
309,AGV_4,19,10,Task_3,Loading
309,AGV_5,19,12,Task_87,Moving
309,AGV_6,3,5,Task_94,Moving
309,AGV_7,15,10,WAIT,WAIT
309,AGV_8,15,7,WAIT,WAIT
309,AGV_9,15,7,WAIT,WAIT
309,AGV_10,15,2,WAIT,WAIT
309,AGV_11,7,7,WAIT,WAIT
309,AGV_1,15,3,WAIT,WAIT
309,AGV_12,7,11,WAIT,WAIT
309,AGV_3,15,15,WAIT,WAIT
309,AGV_2,11,10,WAIT,WAIT
310,AGV_4,19,10,Task_3,Moving
310,AGV_5,19,11,Task_87,Moving
310,AGV_6,3,6,Task_94,Moving
310,AGV_7,15,10,WAIT,WAIT
310,AGV_8,15,7,WAIT,WAIT
310,AGV_9,15,7,WAIT,WAIT
310,AGV_10,15,2,WAIT,WAIT
310,AGV_11,7,7,WAIT,WAIT
310,AGV_1,15,3,WAIT,WAIT
310,AGV_12,7,11,WAIT,WAIT
310,AGV_3,15,15,WAIT,WAIT
310,AGV_2,11,10,WAIT,WAIT
311,AGV_4,18,10,Task_3,Moving
311,AGV_5,19,10,Task_87,Moving
311,AGV_6,3,7,Task_94,Moving
311,AGV_7,15,10,WAIT,WAIT
311,AGV_8,15,7,WAIT,WAIT
311,AGV_9,15,7,WAIT,WAIT
311,AGV_10,15,2,WAIT,WAIT
311,AGV_11,7,7,WAIT,WAIT
311,AGV_1,15,3,WAIT,WAIT
311,AGV_12,7,11,WAIT,WAIT
311,AGV_3,15,15,WAIT,WAIT
311,AGV_2,11,10,WAIT,WAIT
312,AGV_4,17,10,Task_3,Moving
312,AGV_5,19,10,Task_87,Loading
312,AGV_6,3,8,Task_94,Moving
312,AGV_7,15,10,WAIT,WAIT
312,AGV_8,15,7,WAIT,WAIT
312,AGV_9,15,7,WAIT,WAIT
312,AGV_10,15,2,WAIT,WAIT
312,AGV_11,7,7,WAIT,WAIT
312,AGV_1,15,3,WAIT,WAIT
312,AGV_12,7,11,WAIT,WAIT
312,AGV_3,15,15,WAIT,WAIT
312,AGV_2,11,10,WAIT,WAIT
313,AGV_4,17,9,Task_3,Moving
313,AGV_5,19,10,Task_87,Loading
313,AGV_6,4,8,Task_94,Moving
313,AGV_7,15,10,WAIT,WAIT
313,AGV_8,15,7,WAIT,WAIT
313,AGV_9,15,7,WAIT,WAIT
313,AGV_10,15,2,WAIT,WAIT
313,AGV_11,7,7,WAIT,WAIT
313,AGV_1,15,3,WAIT,WAIT
313,AGV_12,7,11,WAIT,WAIT
313,AGV_3,15,15,WAIT,WAIT
313,AGV_2,11,10,WAIT,WAIT
314,AGV_4,16,9,Task_3,Moving
314,AGV_5,19,10,Task_87,Moving
314,AGV_6,5,8,Task_94,Moving
314,AGV_7,15,10,WAIT,WAIT
314,AGV_8,15,7,WAIT,WAIT
314,AGV_9,15,7,WAIT,WAIT
314,AGV_10,15,2,WAIT,WAIT
314,AGV_11,7,7,WAIT,WAIT
314,AGV_1,15,3,WAIT,WAIT
314,AGV_12,7,11,WAIT,WAIT
314,AGV_3,15,15,WAIT,WAIT
314,AGV_2,11,10,WAIT,WAIT
315,AGV_4,15,9,Task_3,Moving
315,AGV_5,18,10,Task_87,Moving
315,AGV_6,6,8,Task_94,Moving
315,AGV_7,15,10,WAIT,WAIT
315,AGV_8,15,7,WAIT,WAIT
315,AGV_9,15,7,WAIT,WAIT
315,AGV_10,15,2,WAIT,WAIT
315,AGV_11,7,7,WAIT,WAIT
315,AGV_1,15,3,WAIT,WAIT
315,AGV_12,7,11,WAIT,WAIT
315,AGV_3,15,15,WAIT,WAIT
315,AGV_2,11,10,WAIT,WAIT
316,AGV_4,14,9,Task_3,Moving
316,AGV_5,17,10,Task_87,Moving
316,AGV_6,7,8,Task_94,Moving
316,AGV_7,15,10,WAIT,WAIT
316,AGV_8,15,7,WAIT,WAIT
316,AGV_9,15,7,WAIT,WAIT
316,AGV_10,15,2,WAIT,WAIT
316,AGV_11,7,7,WAIT,WAIT
316,AGV_1,15,3,WAIT,WAIT
316,AGV_12,7,11,WAIT,WAIT
316,AGV_3,15,15,WAIT,WAIT
316,AGV_2,11,10,WAIT,WAIT
317,AGV_4,13,9,Task_3,Moving
317,AGV_5,17,9,Task_87,Moving
317,AGV_6,8,8,Task_94,Moving
317,AGV_7,15,10,WAIT,WAIT
317,AGV_8,15,7,WAIT,WAIT
317,AGV_9,15,7,WAIT,WAIT
317,AGV_10,15,2,WAIT,WAIT
317,AGV_11,7,7,WAIT,WAIT
317,AGV_1,15,3,WAIT,WAIT
317,AGV_12,7,11,WAIT,WAIT
317,AGV_3,15,15,WAIT,WAIT
317,AGV_2,11,10,WAIT,WAIT
318,AGV_4,12,9,Task_3,Moving
318,AGV_5,16,9,Task_87,Moving
318,AGV_6,9,8,Task_94,Moving
318,AGV_7,15,10,WAIT,WAIT
318,AGV_8,15,7,WAIT,WAIT
318,AGV_9,15,7,WAIT,WAIT
318,AGV_10,15,2,WAIT,WAIT
318,AGV_11,7,7,WAIT,WAIT
318,AGV_1,15,3,WAIT,WAIT
318,AGV_12,7,11,WAIT,WAIT
318,AGV_3,15,15,WAIT,WAIT
318,AGV_2,11,10,WAIT,WAIT
319,AGV_4,11,9,Task_3,Moving
319,AGV_5,15,9,Task_87,Moving
319,AGV_6,10,8,Task_94,Moving
319,AGV_7,15,10,WAIT,WAIT
319,AGV_8,15,7,WAIT,WAIT
319,AGV_9,15,7,WAIT,WAIT
319,AGV_10,15,2,WAIT,WAIT
319,AGV_11,7,7,WAIT,WAIT
319,AGV_1,15,3,WAIT,WAIT
319,AGV_12,7,11,WAIT,WAIT
319,AGV_3,15,15,WAIT,WAIT
319,AGV_2,11,10,WAIT,WAIT
320,AGV_4,10,9,Task_3,Moving
320,AGV_5,14,9,Task_87,Moving
320,AGV_6,11,8,Task_94,Moving
320,AGV_7,15,10,WAIT,WAIT
320,AGV_8,15,7,WAIT,WAIT
320,AGV_9,15,7,WAIT,WAIT
320,AGV_10,15,2,WAIT,WAIT
320,AGV_11,7,7,WAIT,WAIT
320,AGV_1,15,3,WAIT,WAIT
320,AGV_12,7,11,WAIT,WAIT
320,AGV_3,15,15,WAIT,WAIT
320,AGV_2,11,10,WAIT,WAIT
321,AGV_4,9,9,Task_3,Moving
321,AGV_5,13,9,Task_87,Moving
321,AGV_6,12,8,Task_94,Moving
321,AGV_7,15,10,WAIT,WAIT
321,AGV_8,15,7,WAIT,WAIT
321,AGV_9,15,7,WAIT,WAIT
321,AGV_10,15,2,WAIT,WAIT
321,AGV_11,7,7,WAIT,WAIT
321,AGV_1,15,3,WAIT,WAIT
321,AGV_12,7,11,WAIT,WAIT
321,AGV_3,15,15,WAIT,WAIT
321,AGV_2,11,10,WAIT,WAIT
322,AGV_4,8,9,Task_3,Moving
322,AGV_5,12,9,Task_87,Moving
322,AGV_6,13,8,Task_94,Moving
322,AGV_7,15,10,WAIT,WAIT
322,AGV_8,15,7,WAIT,WAIT
322,AGV_9,15,7,WAIT,WAIT
322,AGV_10,15,2,WAIT,WAIT
322,AGV_11,7,7,WAIT,WAIT
322,AGV_1,15,3,WAIT,WAIT
322,AGV_12,7,11,WAIT,WAIT
322,AGV_3,15,15,WAIT,WAIT
322,AGV_2,11,10,WAIT,WAIT
323,AGV_4,7,9,Task_3,Moving
323,AGV_5,11,9,Task_87,Moving
323,AGV_6,13,9,Task_94,Moving
323,AGV_7,15,10,WAIT,WAIT
323,AGV_8,15,7,WAIT,WAIT
323,AGV_9,15,7,WAIT,WAIT
323,AGV_10,15,2,WAIT,WAIT
323,AGV_11,7,7,WAIT,WAIT
323,AGV_1,15,3,WAIT,WAIT
323,AGV_12,7,11,WAIT,WAIT
323,AGV_3,15,15,WAIT,WAIT
323,AGV_2,11,10,WAIT,WAIT
324,AGV_4,7,8,Task_3,Moving
324,AGV_5,10,9,Task_87,Moving
324,AGV_6,14,9,Task_94,Moving
324,AGV_7,15,10,WAIT,WAIT
324,AGV_8,15,7,WAIT,WAIT
324,AGV_9,15,7,WAIT,WAIT
324,AGV_10,15,2,WAIT,WAIT
324,AGV_11,7,7,WAIT,WAIT
324,AGV_1,15,3,WAIT,WAIT
324,AGV_12,7,11,WAIT,WAIT
324,AGV_3,15,15,WAIT,WAIT
324,AGV_2,11,10,WAIT,WAIT
325,AGV_4,7,7,Task_3,Moving
325,AGV_5,9,9,Task_87,Moving
325,AGV_6,15,9,Task_94,Moving
325,AGV_7,15,10,WAIT,WAIT
325,AGV_8,15,7,WAIT,WAIT
325,AGV_9,15,7,WAIT,WAIT
325,AGV_10,15,2,WAIT,WAIT
325,AGV_11,7,7,WAIT,WAIT
325,AGV_1,15,3,WAIT,WAIT
325,AGV_12,7,11,WAIT,WAIT
325,AGV_3,15,15,WAIT,WAIT
325,AGV_2,11,10,WAIT,WAIT
326,AGV_4,7,6,Task_3,Moving
326,AGV_5,8,9,Task_87,Moving
326,AGV_6,16,9,Task_94,Moving
326,AGV_7,15,10,WAIT,WAIT
326,AGV_8,15,7,WAIT,WAIT
326,AGV_9,15,7,WAIT,WAIT
326,AGV_10,15,2,WAIT,WAIT
326,AGV_11,7,7,WAIT,WAIT
326,AGV_1,15,3,WAIT,WAIT
326,AGV_12,7,11,WAIT,WAIT
326,AGV_3,15,15,WAIT,WAIT
326,AGV_2,11,10,WAIT,WAIT
327,AGV_4,7,5,Task_3,Moving
327,AGV_5,7,9,Task_87,Moving
327,AGV_6,17,9,Task_94,Moving
327,AGV_7,15,10,WAIT,WAIT
327,AGV_8,15,7,WAIT,WAIT
327,AGV_9,15,7,WAIT,WAIT
327,AGV_10,15,2,WAIT,WAIT
327,AGV_11,7,7,WAIT,WAIT
327,AGV_1,15,3,WAIT,WAIT
327,AGV_12,7,11,WAIT,WAIT
327,AGV_3,15,15,WAIT,WAIT
327,AGV_2,11,10,WAIT,WAIT
328,AGV_4,7,4,Task_3,Moving
328,AGV_5,6,9,Task_87,Moving
328,AGV_6,18,9,Task_94,Moving
328,AGV_7,15,10,Task_58,Moving
328,AGV_8,15,7,WAIT,WAIT
328,AGV_9,15,7,WAIT,WAIT
328,AGV_10,15,2,WAIT,WAIT
328,AGV_11,7,7,WAIT,WAIT
328,AGV_1,15,3,WAIT,WAIT
328,AGV_12,7,11,WAIT,WAIT
328,AGV_3,15,15,WAIT,WAIT
328,AGV_2,11,10,WAIT,WAIT
329,AGV_4,7,3,Task_3,Moving
329,AGV_5,5,9,Task_87,Moving
329,AGV_6,19,9,Task_94,Moving
329,AGV_7,15,9,Task_58,Moving
329,AGV_8,15,7,WAIT,WAIT
329,AGV_9,15,7,WAIT,WAIT
329,AGV_10,15,2,WAIT,WAIT
329,AGV_11,7,7,WAIT,WAIT
329,AGV_1,15,3,WAIT,WAIT
329,AGV_12,7,11,WAIT,WAIT
329,AGV_3,15,15,WAIT,WAIT
329,AGV_2,11,10,WAIT,WAIT
330,AGV_4,7,2,Task_3,Moving
330,AGV_5,4,9,Task_87,Moving
330,AGV_6,19,10,Task_94,Moving
330,AGV_7,16,9,Task_58,Moving
330,AGV_8,15,7,WAIT,WAIT
330,AGV_9,15,7,WAIT,WAIT
330,AGV_10,15,2,WAIT,WAIT
330,AGV_11,7,7,WAIT,WAIT
330,AGV_1,15,3,WAIT,WAIT
330,AGV_12,7,11,WAIT,WAIT
330,AGV_3,15,15,WAIT,WAIT
330,AGV_2,11,10,WAIT,WAIT
331,AGV_5,3,9,Task_87,Moving
331,AGV_6,19,10,Task_94,Loading
331,AGV_7,17,9,Task_58,Moving
331,AGV_8,15,7,WAIT,WAIT
331,AGV_9,15,7,WAIT,WAIT
331,AGV_10,15,2,WAIT,WAIT
331,AGV_11,7,7,WAIT,WAIT
331,AGV_1,15,3,WAIT,WAIT
331,AGV_12,7,11,WAIT,WAIT
331,AGV_3,15,15,WAIT,WAIT
331,AGV_2,11,10,WAIT,WAIT
331,AGV_4,7,2,WAIT,WAIT
332,AGV_5,3,8,Task_87,Moving
332,AGV_6,19,10,Task_94,Loading
332,AGV_7,18,9,Task_58,Moving
332,AGV_8,15,7,WAIT,WAIT
332,AGV_9,15,7,WAIT,WAIT
332,AGV_10,15,2,WAIT,WAIT
332,AGV_11,7,7,WAIT,WAIT
332,AGV_1,15,3,WAIT,WAIT
332,AGV_12,7,11,WAIT,WAIT
332,AGV_3,15,15,WAIT,WAIT
332,AGV_2,11,10,WAIT,WAIT
332,AGV_4,7,2,WAIT,WAIT
333,AGV_5,3,7,Task_87,Moving
333,AGV_6,19,10,Task_94,Moving
333,AGV_7,19,9,Task_58,Moving
333,AGV_8,15,7,Task_2,Moving
333,AGV_9,15,7,WAIT,WAIT
333,AGV_10,15,2,WAIT,WAIT
333,AGV_11,7,7,WAIT,WAIT
333,AGV_1,15,3,WAIT,WAIT
333,AGV_12,7,11,WAIT,WAIT
333,AGV_3,15,15,WAIT,WAIT
333,AGV_2,11,10,WAIT,WAIT
333,AGV_4,7,2,WAIT,WAIT
334,AGV_6,18,10,Task_94,Moving
334,AGV_7,19,10,Task_58,Moving
334,AGV_8,15,8,Task_2,Moving
334,AGV_9,15,7,WAIT,WAIT
334,AGV_10,15,2,WAIT,WAIT
334,AGV_11,7,7,WAIT,WAIT
334,AGV_1,15,3,WAIT,WAIT
334,AGV_12,7,11,WAIT,WAIT
334,AGV_3,15,15,WAIT,WAIT
334,AGV_2,11,10,WAIT,WAIT
334,AGV_4,7,2,WAIT,WAIT
334,AGV_5,3,7,WAIT,WAIT
335,AGV_6,17,10,Task_94,Moving
335,AGV_7,19,10,Task_58,Loading
335,AGV_8,16,8,Task_2,Moving
335,AGV_9,15,7,WAIT,WAIT
335,AGV_10,15,2,WAIT,WAIT
335,AGV_11,7,7,WAIT,WAIT
335,AGV_1,15,3,WAIT,WAIT
335,AGV_12,7,11,WAIT,WAIT
335,AGV_3,15,15,WAIT,WAIT
335,AGV_2,11,10,WAIT,WAIT
335,AGV_4,7,2,WAIT,WAIT
335,AGV_5,3,7,WAIT,WAIT
336,AGV_6,17,9,Task_94,Moving
336,AGV_7,19,10,Task_58,Loading
336,AGV_8,17,8,Task_2,Moving
336,AGV_9,15,7,WAIT,WAIT
336,AGV_10,15,2,WAIT,WAIT
336,AGV_11,7,7,WAIT,WAIT
336,AGV_1,15,3,WAIT,WAIT
336,AGV_12,7,11,WAIT,WAIT
336,AGV_3,15,15,WAIT,WAIT
336,AGV_2,11,10,WAIT,WAIT
336,AGV_4,7,2,WAIT,WAIT
336,AGV_5,3,7,WAIT,WAIT
337,AGV_6,16,9,Task_94,Moving
337,AGV_7,19,10,Task_58,Moving
337,AGV_8,17,9,Task_2,Moving
337,AGV_9,15,7,WAIT,WAIT
337,AGV_10,15,2,WAIT,WAIT
337,AGV_11,7,7,WAIT,WAIT
337,AGV_1,15,3,WAIT,WAIT
337,AGV_12,7,11,WAIT,WAIT
337,AGV_3,15,15,WAIT,WAIT
337,AGV_2,11,10,WAIT,WAIT
337,AGV_4,7,2,WAIT,WAIT
337,AGV_5,3,7,WAIT,WAIT
338,AGV_6,15,9,Task_94,Moving
338,AGV_7,18,10,Task_58,Moving
338,AGV_8,18,9,Task_2,Moving
338,AGV_9,15,7,WAIT,WAIT
338,AGV_10,15,2,WAIT,WAIT
338,AGV_11,7,7,WAIT,WAIT
338,AGV_1,15,3,WAIT,WAIT
338,AGV_12,7,11,WAIT,WAIT
338,AGV_3,15,15,WAIT,WAIT
338,AGV_2,11,10,WAIT,WAIT
338,AGV_4,7,2,WAIT,WAIT
338,AGV_5,3,7,WAIT,WAIT
339,AGV_6,15,8,Task_94,Moving
339,AGV_7,17,10,Task_58,Moving
339,AGV_8,19,9,Task_2,Moving
339,AGV_9,15,7,Task_14,Moving
339,AGV_10,15,2,WAIT,WAIT
339,AGV_11,7,7,WAIT,WAIT
339,AGV_1,15,3,WAIT,WAIT
339,AGV_12,7,11,WAIT,WAIT
339,AGV_3,15,15,WAIT,WAIT
339,AGV_2,11,10,WAIT,WAIT
339,AGV_4,7,2,WAIT,WAIT
339,AGV_5,3,7,WAIT,WAIT
340,AGV_6,15,7,Task_94,Moving
340,AGV_7,17,11,Task_58,Moving
340,AGV_8,19,10,Task_2,Moving
340,AGV_9,15,6,Task_14,Moving
340,AGV_10,15,2,WAIT,WAIT
340,AGV_11,7,7,WAIT,WAIT
340,AGV_1,15,3,WAIT,WAIT
340,AGV_12,7,11,WAIT,WAIT
340,AGV_3,15,15,WAIT,WAIT
340,AGV_2,11,10,WAIT,WAIT
340,AGV_4,7,2,WAIT,WAIT
340,AGV_5,3,7,WAIT,WAIT
341,AGV_6,15,6,Task_94,Moving
341,AGV_7,17,12,Task_58,Moving
341,AGV_8,19,10,Task_2,Loading
341,AGV_9,15,5,Task_14,Moving
341,AGV_10,15,2,WAIT,WAIT
341,AGV_11,7,7,WAIT,WAIT
341,AGV_1,15,3,WAIT,WAIT
341,AGV_12,7,11,WAIT,WAIT
341,AGV_3,15,15,WAIT,WAIT
341,AGV_2,11,10,WAIT,WAIT
341,AGV_4,7,2,WAIT,WAIT
341,AGV_5,3,7,WAIT,WAIT
342,AGV_6,15,5,Task_94,Moving
342,AGV_7,16,12,Task_58,Moving
342,AGV_8,19,10,Task_2,Loading
342,AGV_9,16,5,Task_14,Moving
342,AGV_10,15,2,WAIT,WAIT
342,AGV_11,7,7,WAIT,WAIT
342,AGV_1,15,3,WAIT,WAIT
342,AGV_12,7,11,WAIT,WAIT
342,AGV_3,15,15,WAIT,WAIT
342,AGV_2,11,10,WAIT,WAIT
342,AGV_4,7,2,WAIT,WAIT
342,AGV_5,3,7,WAIT,WAIT
343,AGV_6,15,4,Task_94,Moving
343,AGV_7,15,12,Task_58,Moving
343,AGV_8,19,10,Task_2,Moving
343,AGV_9,17,5,Task_14,Moving
343,AGV_10,15,2,WAIT,WAIT
343,AGV_11,7,7,WAIT,WAIT
343,AGV_1,15,3,WAIT,WAIT
343,AGV_12,7,11,WAIT,WAIT
343,AGV_3,15,15,WAIT,WAIT
343,AGV_2,11,10,WAIT,WAIT
343,AGV_4,7,2,WAIT,WAIT
343,AGV_5,3,7,WAIT,WAIT
344,AGV_6,15,3,Task_94,Moving
344,AGV_7,14,12,Task_58,Moving
344,AGV_8,18,10,Task_2,Moving
344,AGV_9,17,6,Task_14,Moving
344,AGV_10,15,2,WAIT,WAIT
344,AGV_11,7,7,WAIT,WAIT
344,AGV_1,15,3,WAIT,WAIT
344,AGV_12,7,11,WAIT,WAIT
344,AGV_3,15,15,WAIT,WAIT
344,AGV_2,11,10,WAIT,WAIT
344,AGV_4,7,2,WAIT,WAIT
344,AGV_5,3,7,WAIT,WAIT
345,AGV_6,15,2,Task_94,Moving
345,AGV_7,13,12,Task_58,Moving
345,AGV_8,17,10,Task_2,Moving
345,AGV_9,17,7,Task_14,Moving
345,AGV_10,15,2,WAIT,WAIT
345,AGV_11,7,7,WAIT,WAIT
345,AGV_1,15,3,WAIT,WAIT
345,AGV_12,7,11,WAIT,WAIT
345,AGV_3,15,15,WAIT,WAIT
345,AGV_2,11,10,WAIT,WAIT
345,AGV_4,7,2,WAIT,WAIT
345,AGV_5,3,7,WAIT,WAIT
346,AGV_7,12,12,Task_58,Moving
346,AGV_8,17,11,Task_2,Moving
346,AGV_9,17,8,Task_14,Moving
346,AGV_10,15,2,WAIT,WAIT
346,AGV_11,7,7,WAIT,WAIT
346,AGV_1,15,3,WAIT,WAIT
346,AGV_12,7,11,WAIT,WAIT
346,AGV_3,15,15,WAIT,WAIT
346,AGV_2,11,10,WAIT,WAIT
346,AGV_4,7,2,WAIT,WAIT
346,AGV_5,3,7,WAIT,WAIT
346,AGV_6,15,2,WAIT,WAIT
347,AGV_7,11,12,Task_58,Moving
347,AGV_8,17,12,Task_2,Moving
347,AGV_9,17,9,Task_14,Moving
347,AGV_10,15,2,WAIT,WAIT
347,AGV_11,7,7,WAIT,WAIT
347,AGV_1,15,3,WAIT,WAIT
347,AGV_12,7,11,WAIT,WAIT
347,AGV_3,15,15,WAIT,WAIT
347,AGV_2,11,10,WAIT,WAIT
347,AGV_4,7,2,WAIT,WAIT
347,AGV_5,3,7,WAIT,WAIT
347,AGV_6,15,2,WAIT,WAIT
348,AGV_7,11,13,Task_58,Moving
348,AGV_8,16,12,Task_2,Moving
348,AGV_9,18,9,Task_14,Moving
348,AGV_10,15,2,WAIT,WAIT
348,AGV_11,7,7,WAIT,WAIT
348,AGV_1,15,3,WAIT,WAIT
348,AGV_12,7,11,WAIT,WAIT
348,AGV_3,15,15,WAIT,WAIT
348,AGV_2,11,10,WAIT,WAIT
348,AGV_4,7,2,WAIT,WAIT
348,AGV_5,3,7,WAIT,WAIT
348,AGV_6,15,2,WAIT,WAIT
349,AGV_7,11,14,Task_58,Moving
349,AGV_8,15,12,Task_2,Moving
349,AGV_9,19,9,Task_14,Moving
349,AGV_10,15,2,WAIT,WAIT
349,AGV_11,7,7,WAIT,WAIT
349,AGV_1,15,3,WAIT,WAIT
349,AGV_12,7,11,WAIT,WAIT
349,AGV_3,15,15,WAIT,WAIT
349,AGV_2,11,10,WAIT,WAIT
349,AGV_4,7,2,WAIT,WAIT
349,AGV_5,3,7,WAIT,WAIT
349,AGV_6,15,2,WAIT,WAIT
350,AGV_7,11,15,Task_58,Moving
350,AGV_8,15,13,Task_2,Moving
350,AGV_9,19,10,Task_14,Moving
350,AGV_10,15,2,WAIT,WAIT
350,AGV_11,7,7,WAIT,WAIT
350,AGV_1,15,3,WAIT,WAIT
350,AGV_12,7,11,WAIT,WAIT
350,AGV_3,15,15,WAIT,WAIT
350,AGV_2,11,10,WAIT,WAIT
350,AGV_4,7,2,WAIT,WAIT
350,AGV_5,3,7,WAIT,WAIT
350,AGV_6,15,2,WAIT,WAIT
351,AGV_8,15,14,Task_2,Moving
351,AGV_9,19,10,Task_14,Loading
351,AGV_10,15,2,Task_46,Moving
351,AGV_11,7,7,WAIT,WAIT
351,AGV_1,15,3,WAIT,WAIT
351,AGV_12,7,11,WAIT,WAIT
351,AGV_3,15,15,WAIT,WAIT
351,AGV_2,11,10,WAIT,WAIT
351,AGV_4,7,2,WAIT,WAIT
351,AGV_5,3,7,WAIT,WAIT
351,AGV_6,15,2,WAIT,WAIT
351,AGV_7,11,15,WAIT,WAIT
352,AGV_9,19,10,Task_14,Loading
352,AGV_10,15,3,Task_46,Moving
352,AGV_11,7,7,WAIT,WAIT
352,AGV_1,15,3,WAIT,WAIT
352,AGV_12,7,11,WAIT,WAIT
352,AGV_3,15,15,WAIT,WAIT
352,AGV_2,11,10,WAIT,WAIT
352,AGV_4,7,2,WAIT,WAIT
352,AGV_5,3,7,WAIT,WAIT
352,AGV_6,15,2,WAIT,WAIT
352,AGV_7,11,15,WAIT,WAIT
352,AGV_8,15,14,WAIT,WAIT
353,AGV_9,19,10,Task_14,Moving
353,AGV_10,15,4,Task_46,Moving
353,AGV_11,7,7,WAIT,WAIT
353,AGV_1,15,3,WAIT,WAIT
353,AGV_12,7,11,WAIT,WAIT
353,AGV_3,15,15,WAIT,WAIT
353,AGV_2,11,10,WAIT,WAIT
353,AGV_4,7,2,WAIT,WAIT
353,AGV_5,3,7,WAIT,WAIT
353,AGV_6,15,2,WAIT,WAIT
353,AGV_7,11,15,WAIT,WAIT
353,AGV_8,15,14,WAIT,WAIT
354,AGV_9,18,10,Task_14,Moving
354,AGV_10,15,5,Task_46,Moving
354,AGV_11,7,7,WAIT,WAIT
354,AGV_1,15,3,WAIT,WAIT
354,AGV_12,7,11,WAIT,WAIT
354,AGV_3,15,15,WAIT,WAIT
354,AGV_2,11,10,WAIT,WAIT
354,AGV_4,7,2,WAIT,WAIT
354,AGV_5,3,7,WAIT,WAIT
354,AGV_6,15,2,WAIT,WAIT
354,AGV_7,11,15,WAIT,WAIT
354,AGV_8,15,14,WAIT,WAIT
355,AGV_9,17,10,Task_14,Moving
355,AGV_10,15,6,Task_46,Moving
355,AGV_11,7,7,WAIT,WAIT
355,AGV_1,15,3,WAIT,WAIT
355,AGV_12,7,11,WAIT,WAIT
355,AGV_3,15,15,WAIT,WAIT
355,AGV_2,11,10,WAIT,WAIT
355,AGV_4,7,2,WAIT,WAIT
355,AGV_5,3,7,WAIT,WAIT
355,AGV_6,15,2,WAIT,WAIT
355,AGV_7,11,15,WAIT,WAIT
355,AGV_8,15,14,WAIT,WAIT
356,AGV_9,17,9,Task_14,Moving
356,AGV_10,15,7,Task_46,Moving
356,AGV_11,7,7,WAIT,WAIT
356,AGV_1,15,3,WAIT,WAIT
356,AGV_12,7,11,WAIT,WAIT
356,AGV_3,15,15,WAIT,WAIT
356,AGV_2,11,10,WAIT,WAIT
356,AGV_4,7,2,WAIT,WAIT
356,AGV_5,3,7,WAIT,WAIT
356,AGV_6,15,2,WAIT,WAIT
356,AGV_7,11,15,WAIT,WAIT
356,AGV_8,15,14,WAIT,WAIT
357,AGV_9,16,9,Task_14,Moving
357,AGV_10,15,8,Task_46,Moving
357,AGV_11,7,7,WAIT,WAIT
357,AGV_1,15,3,WAIT,WAIT
357,AGV_12,7,11,WAIT,WAIT
357,AGV_3,15,15,WAIT,WAIT
357,AGV_2,11,10,WAIT,WAIT
357,AGV_4,7,2,WAIT,WAIT
357,AGV_5,3,7,WAIT,WAIT
357,AGV_6,15,2,WAIT,WAIT
357,AGV_7,11,15,WAIT,WAIT
357,AGV_8,15,14,WAIT,WAIT
358,AGV_9,15,9,Task_14,Moving
358,AGV_10,16,8,Task_46,Moving
358,AGV_11,7,7,WAIT,WAIT
358,AGV_1,15,3,WAIT,WAIT
358,AGV_12,7,11,WAIT,WAIT
358,AGV_3,15,15,WAIT,WAIT
358,AGV_2,11,10,WAIT,WAIT
358,AGV_4,7,2,WAIT,WAIT
358,AGV_5,3,7,WAIT,WAIT
358,AGV_6,15,2,WAIT,WAIT
358,AGV_7,11,15,WAIT,WAIT
358,AGV_8,15,14,WAIT,WAIT
359,AGV_9,14,9,Task_14,Moving
359,AGV_10,16,9,Task_46,Moving
359,AGV_11,7,7,WAIT,WAIT
359,AGV_1,15,3,WAIT,WAIT
359,AGV_12,7,11,WAIT,WAIT
359,AGV_3,15,15,WAIT,WAIT
359,AGV_2,11,10,WAIT,WAIT
359,AGV_4,7,2,WAIT,WAIT
359,AGV_5,3,7,WAIT,WAIT
359,AGV_6,15,2,WAIT,WAIT
359,AGV_7,11,15,WAIT,WAIT
359,AGV_8,15,14,WAIT,WAIT
360,AGV_9,13,9,Task_14,Moving
360,AGV_10,17,9,Task_46,Moving
360,AGV_11,7,7,WAIT,WAIT
360,AGV_1,15,3,WAIT,WAIT
360,AGV_12,7,11,WAIT,WAIT
360,AGV_3,15,15,WAIT,WAIT
360,AGV_2,11,10,WAIT,WAIT
360,AGV_4,7,2,WAIT,WAIT
360,AGV_5,3,7,WAIT,WAIT
360,AGV_6,15,2,WAIT,WAIT
360,AGV_7,11,15,WAIT,WAIT
360,AGV_8,15,14,WAIT,WAIT
361,AGV_9,12,9,Task_14,Moving
361,AGV_10,18,9,Task_46,Moving
361,AGV_11,7,7,WAIT,WAIT
361,AGV_1,15,3,WAIT,WAIT
361,AGV_12,7,11,WAIT,WAIT
361,AGV_3,15,15,WAIT,WAIT
361,AGV_2,11,10,WAIT,WAIT
361,AGV_4,7,2,WAIT,WAIT
361,AGV_5,3,7,WAIT,WAIT
361,AGV_6,15,2,WAIT,WAIT
361,AGV_7,11,15,WAIT,WAIT
361,AGV_8,15,14,WAIT,WAIT
362,AGV_9,11,9,Task_14,Moving
362,AGV_10,19,9,Task_46,Moving
362,AGV_11,7,7,WAIT,WAIT
362,AGV_1,15,3,WAIT,WAIT
362,AGV_12,7,11,WAIT,WAIT
362,AGV_3,15,15,WAIT,WAIT
362,AGV_2,11,10,WAIT,WAIT
362,AGV_4,7,2,WAIT,WAIT
362,AGV_5,3,7,WAIT,WAIT
362,AGV_6,15,2,WAIT,WAIT
362,AGV_7,11,15,WAIT,WAIT
362,AGV_8,15,14,WAIT,WAIT
363,AGV_9,10,9,Task_14,Moving
363,AGV_10,19,10,Task_46,Moving
363,AGV_11,7,7,WAIT,WAIT
363,AGV_1,15,3,WAIT,WAIT
363,AGV_12,7,11,WAIT,WAIT
363,AGV_3,15,15,WAIT,WAIT
363,AGV_2,11,10,WAIT,WAIT
363,AGV_4,7,2,WAIT,WAIT
363,AGV_5,3,7,WAIT,WAIT
363,AGV_6,15,2,WAIT,WAIT
363,AGV_7,11,15,WAIT,WAIT
363,AGV_8,15,14,WAIT,WAIT
364,AGV_9,9,9,Task_14,Moving
364,AGV_10,19,10,Task_46,Loading
364,AGV_11,7,7,WAIT,WAIT
364,AGV_1,15,3,WAIT,WAIT
364,AGV_12,7,11,WAIT,WAIT
364,AGV_3,15,15,WAIT,WAIT
364,AGV_2,11,10,WAIT,WAIT
364,AGV_4,7,2,WAIT,WAIT
364,AGV_5,3,7,WAIT,WAIT
364,AGV_6,15,2,WAIT,WAIT
364,AGV_7,11,15,WAIT,WAIT
364,AGV_8,15,14,WAIT,WAIT
365,AGV_9,8,9,Task_14,Moving
365,AGV_10,19,10,Task_46,Loading
365,AGV_11,7,7,WAIT,WAIT
365,AGV_1,15,3,WAIT,WAIT
365,AGV_12,7,11,WAIT,WAIT
365,AGV_3,15,15,WAIT,WAIT
365,AGV_2,11,10,WAIT,WAIT
365,AGV_4,7,2,WAIT,WAIT
365,AGV_5,3,7,WAIT,WAIT
365,AGV_6,15,2,WAIT,WAIT
365,AGV_7,11,15,WAIT,WAIT
365,AGV_8,15,14,WAIT,WAIT
366,AGV_9,7,9,Task_14,Moving
366,AGV_10,19,10,Task_46,Moving
366,AGV_11,7,7,WAIT,WAIT
366,AGV_1,15,3,WAIT,WAIT
366,AGV_12,7,11,WAIT,WAIT
366,AGV_3,15,15,WAIT,WAIT
366,AGV_2,11,10,WAIT,WAIT
366,AGV_4,7,2,WAIT,WAIT
366,AGV_5,3,7,WAIT,WAIT
366,AGV_6,15,2,WAIT,WAIT
366,AGV_7,11,15,WAIT,WAIT
366,AGV_8,15,14,WAIT,WAIT
367,AGV_9,7,10,Task_14,Moving
367,AGV_10,18,10,Task_46,Moving
367,AGV_11,7,7,WAIT,WAIT
367,AGV_1,15,3,WAIT,WAIT
367,AGV_12,7,11,WAIT,WAIT
367,AGV_3,15,15,WAIT,WAIT
367,AGV_2,11,10,WAIT,WAIT
367,AGV_4,7,2,WAIT,WAIT
367,AGV_5,3,7,WAIT,WAIT
367,AGV_6,15,2,WAIT,WAIT
367,AGV_7,11,15,WAIT,WAIT
367,AGV_8,15,14,WAIT,WAIT
368,AGV_10,17,10,Task_46,Moving
368,AGV_11,7,7,WAIT,WAIT
368,AGV_1,15,3,WAIT,WAIT
368,AGV_12,7,11,WAIT,WAIT
368,AGV_3,15,15,WAIT,WAIT
368,AGV_2,11,10,WAIT,WAIT
368,AGV_4,7,2,WAIT,WAIT
368,AGV_5,3,7,WAIT,WAIT
368,AGV_6,15,2,WAIT,WAIT
368,AGV_7,11,15,WAIT,WAIT
368,AGV_8,15,14,WAIT,WAIT
368,AGV_9,7,10,WAIT,WAIT
369,AGV_10,17,9,Task_46,Moving
369,AGV_11,7,7,WAIT,WAIT
369,AGV_1,15,3,WAIT,WAIT
369,AGV_12,7,11,WAIT,WAIT
369,AGV_3,15,15,WAIT,WAIT
369,AGV_2,11,10,WAIT,WAIT
369,AGV_4,7,2,WAIT,WAIT
369,AGV_5,3,7,WAIT,WAIT
369,AGV_6,15,2,WAIT,WAIT
369,AGV_7,11,15,WAIT,WAIT
369,AGV_8,15,14,WAIT,WAIT
369,AGV_9,7,10,WAIT,WAIT
370,AGV_10,16,9,Task_46,Moving
370,AGV_11,7,7,WAIT,WAIT
370,AGV_1,15,3,WAIT,WAIT
370,AGV_12,7,11,WAIT,WAIT
370,AGV_3,15,15,WAIT,WAIT
370,AGV_2,11,10,WAIT,WAIT
370,AGV_4,7,2,WAIT,WAIT
370,AGV_5,3,7,WAIT,WAIT
370,AGV_6,15,2,WAIT,WAIT
370,AGV_7,11,15,WAIT,WAIT
370,AGV_8,15,14,WAIT,WAIT
370,AGV_9,7,10,WAIT,WAIT
371,AGV_10,15,9,Task_46,Moving
371,AGV_11,7,7,WAIT,WAIT
371,AGV_1,15,3,WAIT,WAIT
371,AGV_12,7,11,WAIT,WAIT
371,AGV_3,15,15,WAIT,WAIT
371,AGV_2,11,10,WAIT,WAIT
371,AGV_4,7,2,WAIT,WAIT
371,AGV_5,3,7,WAIT,WAIT
371,AGV_6,15,2,WAIT,WAIT
371,AGV_7,11,15,WAIT,WAIT
371,AGV_8,15,14,WAIT,WAIT
371,AGV_9,7,10,WAIT,WAIT
372,AGV_10,14,9,Task_46,Moving
372,AGV_11,7,7,WAIT,WAIT
372,AGV_1,15,3,WAIT,WAIT
372,AGV_12,7,11,WAIT,WAIT
372,AGV_3,15,15,WAIT,WAIT
372,AGV_2,11,10,WAIT,WAIT
372,AGV_4,7,2,WAIT,WAIT
372,AGV_5,3,7,WAIT,WAIT
372,AGV_6,15,2,WAIT,WAIT
372,AGV_7,11,15,WAIT,WAIT
372,AGV_8,15,14,WAIT,WAIT
372,AGV_9,7,10,WAIT,WAIT
373,AGV_10,13,9,Task_46,Moving
373,AGV_11,7,7,WAIT,WAIT
373,AGV_1,15,3,WAIT,WAIT
373,AGV_12,7,11,WAIT,WAIT
373,AGV_3,15,15,WAIT,WAIT
373,AGV_2,11,10,WAIT,WAIT
373,AGV_4,7,2,WAIT,WAIT
373,AGV_5,3,7,WAIT,WAIT
373,AGV_6,15,2,WAIT,WAIT
373,AGV_7,11,15,WAIT,WAIT
373,AGV_8,15,14,WAIT,WAIT
373,AGV_9,7,10,WAIT,WAIT
374,AGV_10,12,9,Task_46,Moving
374,AGV_11,7,7,WAIT,WAIT
374,AGV_1,15,3,WAIT,WAIT
374,AGV_12,7,11,WAIT,WAIT
374,AGV_3,15,15,WAIT,WAIT
374,AGV_2,11,10,WAIT,WAIT
374,AGV_4,7,2,WAIT,WAIT
374,AGV_5,3,7,WAIT,WAIT
374,AGV_6,15,2,WAIT,WAIT
374,AGV_7,11,15,WAIT,WAIT
374,AGV_8,15,14,WAIT,WAIT
374,AGV_9,7,10,WAIT,WAIT
375,AGV_10,11,9,Task_46,Moving
375,AGV_11,7,7,WAIT,WAIT
375,AGV_1,15,3,WAIT,WAIT
375,AGV_12,7,11,WAIT,WAIT
375,AGV_3,15,15,WAIT,WAIT
375,AGV_2,11,10,WAIT,WAIT
375,AGV_4,7,2,WAIT,WAIT
375,AGV_5,3,7,WAIT,WAIT
375,AGV_6,15,2,WAIT,WAIT
375,AGV_7,11,15,WAIT,WAIT
375,AGV_8,15,14,WAIT,WAIT
375,AGV_9,7,10,WAIT,WAIT
376,AGV_10,10,9,Task_46,Moving
376,AGV_11,7,7,WAIT,WAIT
376,AGV_1,15,3,WAIT,WAIT
376,AGV_12,7,11,WAIT,WAIT
376,AGV_3,15,15,WAIT,WAIT
376,AGV_2,11,10,WAIT,WAIT
376,AGV_4,7,2,WAIT,WAIT
376,AGV_5,3,7,WAIT,WAIT
376,AGV_6,15,2,WAIT,WAIT
376,AGV_7,11,15,WAIT,WAIT
376,AGV_8,15,14,WAIT,WAIT
376,AGV_9,7,10,WAIT,WAIT
377,AGV_10,9,9,Task_46,Moving
377,AGV_11,7,7,WAIT,WAIT
377,AGV_1,15,3,WAIT,WAIT
377,AGV_12,7,11,WAIT,WAIT
377,AGV_3,15,15,WAIT,WAIT
377,AGV_2,11,10,WAIT,WAIT
377,AGV_4,7,2,WAIT,WAIT
377,AGV_5,3,7,WAIT,WAIT
377,AGV_6,15,2,WAIT,WAIT
377,AGV_7,11,15,WAIT,WAIT
377,AGV_8,15,14,WAIT,WAIT
377,AGV_9,7,10,WAIT,WAIT
378,AGV_10,8,9,Task_46,Moving
378,AGV_11,7,7,WAIT,WAIT
378,AGV_1,15,3,WAIT,WAIT
378,AGV_12,7,11,WAIT,WAIT
378,AGV_3,15,15,WAIT,WAIT
378,AGV_2,11,10,WAIT,WAIT
378,AGV_4,7,2,WAIT,WAIT
378,AGV_5,3,7,WAIT,WAIT
378,AGV_6,15,2,WAIT,WAIT
378,AGV_7,11,15,WAIT,WAIT
378,AGV_8,15,14,WAIT,WAIT
378,AGV_9,7,10,WAIT,WAIT
379,AGV_10,7,9,Task_46,Moving
379,AGV_11,7,7,WAIT,WAIT
379,AGV_1,15,3,WAIT,WAIT
379,AGV_12,7,11,WAIT,WAIT
379,AGV_3,15,15,WAIT,WAIT
379,AGV_2,11,10,WAIT,WAIT
379,AGV_4,7,2,WAIT,WAIT
379,AGV_5,3,7,WAIT,WAIT
379,AGV_6,15,2,WAIT,WAIT
379,AGV_7,11,15,WAIT,WAIT
379,AGV_8,15,14,WAIT,WAIT
379,AGV_9,7,10,WAIT,WAIT
380,AGV_10,6,9,Task_46,Moving
380,AGV_11,7,7,WAIT,WAIT
380,AGV_1,15,3,WAIT,WAIT
380,AGV_12,7,11,WAIT,WAIT
380,AGV_3,15,15,WAIT,WAIT
380,AGV_2,11,10,WAIT,WAIT
380,AGV_4,7,2,WAIT,WAIT
380,AGV_5,3,7,WAIT,WAIT
380,AGV_6,15,2,WAIT,WAIT
380,AGV_7,11,15,WAIT,WAIT
380,AGV_8,15,14,WAIT,WAIT
380,AGV_9,7,10,WAIT,WAIT
381,AGV_10,5,9,Task_46,Moving
381,AGV_11,7,7,WAIT,WAIT
381,AGV_1,15,3,WAIT,WAIT
381,AGV_12,7,11,WAIT,WAIT
381,AGV_3,15,15,WAIT,WAIT
381,AGV_2,11,10,WAIT,WAIT
381,AGV_4,7,2,WAIT,WAIT
381,AGV_5,3,7,WAIT,WAIT
381,AGV_6,15,2,WAIT,WAIT
381,AGV_7,11,15,WAIT,WAIT
381,AGV_8,15,14,WAIT,WAIT
381,AGV_9,7,10,WAIT,WAIT
382,AGV_10,4,9,Task_46,Moving
382,AGV_11,7,7,WAIT,WAIT
382,AGV_1,15,3,WAIT,WAIT
382,AGV_12,7,11,WAIT,WAIT
382,AGV_3,15,15,WAIT,WAIT
382,AGV_2,11,10,WAIT,WAIT
382,AGV_4,7,2,WAIT,WAIT
382,AGV_5,3,7,WAIT,WAIT
382,AGV_6,15,2,WAIT,WAIT
382,AGV_7,11,15,WAIT,WAIT
382,AGV_8,15,14,WAIT,WAIT
382,AGV_9,7,10,WAIT,WAIT
383,AGV_10,3,9,Task_46,Moving
383,AGV_11,7,7,WAIT,WAIT
383,AGV_1,15,3,WAIT,WAIT
383,AGV_12,7,11,WAIT,WAIT
383,AGV_3,15,15,WAIT,WAIT
383,AGV_2,11,10,WAIT,WAIT
383,AGV_4,7,2,WAIT,WAIT
383,AGV_5,3,7,WAIT,WAIT
383,AGV_6,15,2,WAIT,WAIT
383,AGV_7,11,15,WAIT,WAIT
383,AGV_8,15,14,WAIT,WAIT
383,AGV_9,7,10,WAIT,WAIT
384,AGV_10,3,8,Task_46,Moving
384,AGV_11,7,7,WAIT,WAIT
384,AGV_1,15,3,WAIT,WAIT
384,AGV_12,7,11,WAIT,WAIT
384,AGV_3,15,15,WAIT,WAIT
384,AGV_2,11,10,WAIT,WAIT
384,AGV_4,7,2,WAIT,WAIT
384,AGV_5,3,7,WAIT,WAIT
384,AGV_6,15,2,WAIT,WAIT
384,AGV_7,11,15,WAIT,WAIT
384,AGV_8,15,14,WAIT,WAIT
384,AGV_9,7,10,WAIT,WAIT
385,AGV_10,3,7,Task_46,Moving
385,AGV_11,7,7,WAIT,WAIT
385,AGV_1,15,3,WAIT,WAIT
385,AGV_12,7,11,WAIT,WAIT
385,AGV_3,15,15,WAIT,WAIT
385,AGV_2,11,10,WAIT,WAIT
385,AGV_4,7,2,WAIT,WAIT
385,AGV_5,3,7,WAIT,WAIT
385,AGV_6,15,2,WAIT,WAIT
385,AGV_7,11,15,WAIT,WAIT
385,AGV_8,15,14,WAIT,WAIT
385,AGV_9,7,10,WAIT,WAIT
386,AGV_11,7,7,WAIT,WAIT
386,AGV_1,15,3,WAIT,WAIT
386,AGV_12,7,11,WAIT,WAIT
386,AGV_3,15,15,WAIT,WAIT
386,AGV_2,11,10,WAIT,WAIT
386,AGV_4,7,2,WAIT,WAIT
386,AGV_5,3,7,WAIT,WAIT
386,AGV_6,15,2,WAIT,WAIT
386,AGV_7,11,15,WAIT,WAIT
386,AGV_8,15,14,WAIT,WAIT
386,AGV_9,7,10,WAIT,WAIT
386,AGV_10,3,7,WAIT,WAIT
387,AGV_11,7,7,WAIT,WAIT
387,AGV_1,15,3,WAIT,WAIT
387,AGV_12,7,11,WAIT,WAIT
387,AGV_3,15,15,WAIT,WAIT
387,AGV_2,11,10,WAIT,WAIT
387,AGV_4,7,2,WAIT,WAIT
387,AGV_5,3,7,WAIT,WAIT
387,AGV_6,15,2,WAIT,WAIT
387,AGV_7,11,15,WAIT,WAIT
387,AGV_8,15,14,WAIT,WAIT
387,AGV_9,7,10,WAIT,WAIT
387,AGV_10,3,7,WAIT,WAIT
388,AGV_11,7,7,WAIT,WAIT
388,AGV_1,15,3,Task_69,Moving
388,AGV_12,7,11,WAIT,WAIT
388,AGV_3,15,15,WAIT,WAIT
388,AGV_2,11,10,WAIT,WAIT
388,AGV_4,7,2,WAIT,WAIT
388,AGV_5,3,7,WAIT,WAIT
388,AGV_6,15,2,WAIT,WAIT
388,AGV_7,11,15,WAIT,WAIT
388,AGV_8,15,14,WAIT,WAIT
388,AGV_9,7,10,WAIT,WAIT
388,AGV_10,3,7,WAIT,WAIT
389,AGV_11,7,7,WAIT,WAIT
389,AGV_1,15,4,Task_69,Moving
389,AGV_12,7,11,WAIT,WAIT
389,AGV_3,15,15,WAIT,WAIT
389,AGV_2,11,10,WAIT,WAIT
389,AGV_4,7,2,WAIT,WAIT
389,AGV_5,3,7,WAIT,WAIT
389,AGV_6,15,2,WAIT,WAIT
389,AGV_7,11,15,WAIT,WAIT
389,AGV_8,15,14,WAIT,WAIT
389,AGV_9,7,10,WAIT,WAIT
389,AGV_10,3,7,WAIT,WAIT
390,AGV_11,7,7,WAIT,WAIT
390,AGV_1,15,5,Task_69,Moving
390,AGV_12,7,11,WAIT,WAIT
390,AGV_3,15,15,WAIT,WAIT
390,AGV_2,11,10,WAIT,WAIT
390,AGV_4,7,2,WAIT,WAIT
390,AGV_5,3,7,WAIT,WAIT
390,AGV_6,15,2,WAIT,WAIT
390,AGV_7,11,15,WAIT,WAIT
390,AGV_8,15,14,WAIT,WAIT
390,AGV_9,7,10,WAIT,WAIT
390,AGV_10,3,7,WAIT,WAIT
391,AGV_11,7,7,Task_47,Moving
391,AGV_1,15,6,Task_69,Moving
391,AGV_12,7,11,WAIT,WAIT
391,AGV_3,15,15,WAIT,WAIT
391,AGV_2,11,10,WAIT,WAIT
391,AGV_4,7,2,WAIT,WAIT
391,AGV_5,3,7,WAIT,WAIT
391,AGV_6,15,2,WAIT,WAIT
391,AGV_7,11,15,WAIT,WAIT
391,AGV_8,15,14,WAIT,WAIT
391,AGV_9,7,10,WAIT,WAIT
391,AGV_10,3,7,WAIT,WAIT
392,AGV_11,7,8,Task_47,Moving
392,AGV_1,15,7,Task_69,Moving
392,AGV_12,7,11,Task_15,Moving
392,AGV_3,15,15,WAIT,WAIT
392,AGV_2,11,10,WAIT,WAIT
392,AGV_4,7,2,WAIT,WAIT
392,AGV_5,3,7,WAIT,WAIT
392,AGV_6,15,2,WAIT,WAIT
392,AGV_7,11,15,WAIT,WAIT
392,AGV_8,15,14,WAIT,WAIT
392,AGV_9,7,10,WAIT,WAIT
392,AGV_10,3,7,WAIT,WAIT
393,AGV_11,7,9,Task_47,Moving
393,AGV_1,15,8,Task_69,Moving
393,AGV_12,7,10,Task_15,Moving
393,AGV_3,15,15,WAIT,WAIT
393,AGV_2,11,10,WAIT,WAIT
393,AGV_4,7,2,WAIT,WAIT
393,AGV_5,3,7,WAIT,WAIT
393,AGV_6,15,2,WAIT,WAIT
393,AGV_7,11,15,WAIT,WAIT
393,AGV_8,15,14,WAIT,WAIT
393,AGV_9,7,10,WAIT,WAIT
393,AGV_10,3,7,WAIT,WAIT
394,AGV_11,8,9,Task_47,Moving
394,AGV_1,15,9,Task_69,Moving
394,AGV_12,7,9,Task_15,Moving
394,AGV_3,15,15,WAIT,WAIT
394,AGV_2,11,10,WAIT,WAIT
394,AGV_4,7,2,WAIT,WAIT
394,AGV_5,3,7,WAIT,WAIT
394,AGV_6,15,2,WAIT,WAIT
394,AGV_7,11,15,WAIT,WAIT
394,AGV_8,15,14,WAIT,WAIT
394,AGV_9,7,10,WAIT,WAIT
394,AGV_10,3,7,WAIT,WAIT
395,AGV_11,9,9,Task_47,Moving
395,AGV_1,16,9,Task_69,Moving
395,AGV_12,7,8,Task_15,Moving
395,AGV_3,15,15,WAIT,WAIT
395,AGV_2,11,10,WAIT,WAIT
395,AGV_4,7,2,WAIT,WAIT
395,AGV_5,3,7,WAIT,WAIT
395,AGV_6,15,2,WAIT,WAIT
395,AGV_7,11,15,WAIT,WAIT
395,AGV_8,15,14,WAIT,WAIT
395,AGV_9,7,10,WAIT,WAIT
395,AGV_10,3,7,WAIT,WAIT
396,AGV_11,10,9,Task_47,Moving
396,AGV_1,17,9,Task_69,Moving
396,AGV_12,7,8,Task_15,Moving
396,AGV_3,15,15,Task_68,Moving
396,AGV_2,11,10,WAIT,WAIT
396,AGV_4,7,2,WAIT,WAIT
396,AGV_5,3,7,WAIT,WAIT
396,AGV_6,15,2,WAIT,WAIT
396,AGV_7,11,15,WAIT,WAIT
396,AGV_8,15,14,WAIT,WAIT
396,AGV_9,7,10,WAIT,WAIT
396,AGV_10,3,7,WAIT,WAIT
397,AGV_11,11,9,Task_47,Moving
397,AGV_1,18,9,Task_69,Moving
397,AGV_12,8,8,Task_15,Moving
397,AGV_3,15,14,Task_68,Moving
397,AGV_2,11,10,WAIT,WAIT
397,AGV_4,7,2,WAIT,WAIT
397,AGV_5,3,7,WAIT,WAIT
397,AGV_6,15,2,WAIT,WAIT
397,AGV_7,11,15,WAIT,WAIT
397,AGV_8,15,14,WAIT,WAIT
397,AGV_9,7,10,WAIT,WAIT
397,AGV_10,3,7,WAIT,WAIT
398,AGV_11,12,9,Task_47,Moving
398,AGV_1,19,9,Task_69,Moving
398,AGV_12,9,8,Task_15,Moving
398,AGV_3,15,13,Task_68,Moving
398,AGV_2,11,10,WAIT,WAIT
398,AGV_4,7,2,WAIT,WAIT
398,AGV_5,3,7,WAIT,WAIT
398,AGV_6,15,2,WAIT,WAIT
398,AGV_7,11,15,WAIT,WAIT
398,AGV_8,15,14,WAIT,WAIT
398,AGV_9,7,10,WAIT,WAIT
398,AGV_10,3,7,WAIT,WAIT
399,AGV_11,13,9,Task_47,Moving
399,AGV_1,19,10,Task_69,Moving
399,AGV_12,10,8,Task_15,Moving
399,AGV_3,15,12,Task_68,Moving
399,AGV_2,11,10,WAIT,WAIT
399,AGV_4,7,2,WAIT,WAIT
399,AGV_5,3,7,WAIT,WAIT
399,AGV_6,15,2,WAIT,WAIT
399,AGV_7,11,15,WAIT,WAIT
399,AGV_8,15,14,WAIT,WAIT
399,AGV_9,7,10,WAIT,WAIT
399,AGV_10,3,7,WAIT,WAIT
400,AGV_11,14,9,Task_47,Moving
400,AGV_1,19,10,Task_69,Loading
400,AGV_12,11,8,Task_15,Moving
400,AGV_3,16,12,Task_68,Moving
400,AGV_2,11,10,WAIT,WAIT
400,AGV_4,7,2,WAIT,WAIT
400,AGV_5,3,7,WAIT,WAIT
400,AGV_6,15,2,WAIT,WAIT
400,AGV_7,11,15,WAIT,WAIT
400,AGV_8,15,14,WAIT,WAIT
400,AGV_9,7,10,WAIT,WAIT
400,AGV_10,3,7,WAIT,WAIT
401,AGV_11,15,9,Task_47,Moving
401,AGV_1,19,10,Task_69,Loading
401,AGV_12,12,8,Task_15,Moving
401,AGV_3,17,12,Task_68,Moving
401,AGV_2,11,10,WAIT,WAIT
401,AGV_4,7,2,WAIT,WAIT
401,AGV_5,3,7,WAIT,WAIT
401,AGV_6,15,2,WAIT,WAIT
401,AGV_7,11,15,WAIT,WAIT
401,AGV_8,15,14,WAIT,WAIT
401,AGV_9,7,10,WAIT,WAIT
401,AGV_10,3,7,WAIT,WAIT
402,AGV_11,16,9,Task_47,Moving
402,AGV_1,19,10,Task_69,Moving
402,AGV_12,13,8,Task_15,Moving
402,AGV_3,18,12,Task_68,Moving
402,AGV_2,11,10,WAIT,WAIT
402,AGV_4,7,2,WAIT,WAIT
402,AGV_5,3,7,WAIT,WAIT
402,AGV_6,15,2,WAIT,WAIT
402,AGV_7,11,15,WAIT,WAIT
402,AGV_8,15,14,WAIT,WAIT
402,AGV_9,7,10,WAIT,WAIT
402,AGV_10,3,7,WAIT,WAIT
403,AGV_11,17,9,Task_47,Moving
403,AGV_1,18,10,Task_69,Moving
403,AGV_12,14,8,Task_15,Moving
403,AGV_3,19,12,Task_68,Moving
403,AGV_2,11,10,WAIT,WAIT
403,AGV_4,7,2,WAIT,WAIT
403,AGV_5,3,7,WAIT,WAIT
403,AGV_6,15,2,WAIT,WAIT
403,AGV_7,11,15,WAIT,WAIT
403,AGV_8,15,14,WAIT,WAIT
403,AGV_9,7,10,WAIT,WAIT
403,AGV_10,3,7,WAIT,WAIT
404,AGV_11,18,9,Task_47,Moving
404,AGV_1,17,10,Task_69,Moving
404,AGV_12,15,8,Task_15,Moving
404,AGV_3,19,11,Task_68,Moving
404,AGV_2,11,10,WAIT,WAIT
404,AGV_4,7,2,WAIT,WAIT
404,AGV_5,3,7,WAIT,WAIT
404,AGV_6,15,2,WAIT,WAIT
404,AGV_7,11,15,WAIT,WAIT
404,AGV_8,15,14,WAIT,WAIT
404,AGV_9,7,10,WAIT,WAIT
404,AGV_10,3,7,WAIT,WAIT
405,AGV_11,19,9,Task_47,Moving
405,AGV_1,17,9,Task_69,Moving
405,AGV_12,16,8,Task_15,Moving
405,AGV_3,19,10,Task_68,Moving
405,AGV_2,11,10,WAIT,WAIT
405,AGV_4,7,2,WAIT,WAIT
405,AGV_5,3,7,WAIT,WAIT
405,AGV_6,15,2,WAIT,WAIT
405,AGV_7,11,15,WAIT,WAIT
405,AGV_8,15,14,WAIT,WAIT
405,AGV_9,7,10,WAIT,WAIT
405,AGV_10,3,7,WAIT,WAIT
406,AGV_11,19,10,Task_47,Moving
406,AGV_1,16,9,Task_69,Moving
406,AGV_12,17,8,Task_15,Moving
406,AGV_3,19,10,Task_68,Loading
406,AGV_2,11,10,WAIT,WAIT
406,AGV_4,7,2,WAIT,WAIT
406,AGV_5,3,7,WAIT,WAIT
406,AGV_6,15,2,WAIT,WAIT
406,AGV_7,11,15,WAIT,WAIT
406,AGV_8,15,14,WAIT,WAIT
406,AGV_9,7,10,WAIT,WAIT
406,AGV_10,3,7,WAIT,WAIT
407,AGV_11,19,10,Task_47,Loading
407,AGV_1,15,9,Task_69,Moving
407,AGV_12,17,9,Task_15,Moving
407,AGV_3,19,10,Task_68,Loading
407,AGV_2,11,10,WAIT,WAIT
407,AGV_4,7,2,WAIT,WAIT
407,AGV_5,3,7,WAIT,WAIT
407,AGV_6,15,2,WAIT,WAIT
407,AGV_7,11,15,WAIT,WAIT
407,AGV_8,15,14,WAIT,WAIT
407,AGV_9,7,10,WAIT,WAIT
407,AGV_10,3,7,WAIT,WAIT
408,AGV_11,19,10,Task_47,Loading
408,AGV_1,14,9,Task_69,Moving
408,AGV_12,18,9,Task_15,Moving
408,AGV_3,19,10,Task_68,Moving
408,AGV_2,11,10,WAIT,WAIT
408,AGV_4,7,2,WAIT,WAIT
408,AGV_5,3,7,WAIT,WAIT
408,AGV_6,15,2,WAIT,WAIT
408,AGV_7,11,15,WAIT,WAIT
408,AGV_8,15,14,WAIT,WAIT
408,AGV_9,7,10,WAIT,WAIT
408,AGV_10,3,7,WAIT,WAIT
409,AGV_11,19,10,Task_47,Moving
409,AGV_1,13,9,Task_69,Moving
409,AGV_12,19,9,Task_15,Moving
409,AGV_3,18,10,Task_68,Moving
409,AGV_2,11,10,WAIT,WAIT
409,AGV_4,7,2,WAIT,WAIT
409,AGV_5,3,7,WAIT,WAIT
409,AGV_6,15,2,WAIT,WAIT
409,AGV_7,11,15,WAIT,WAIT
409,AGV_8,15,14,WAIT,WAIT
409,AGV_9,7,10,WAIT,WAIT
409,AGV_10,3,7,WAIT,WAIT
410,AGV_11,18,10,Task_47,Moving
410,AGV_1,12,9,Task_69,Moving
410,AGV_12,19,10,Task_15,Moving
410,AGV_3,17,10,Task_68,Moving
410,AGV_2,11,10,WAIT,WAIT
410,AGV_4,7,2,WAIT,WAIT
410,AGV_5,3,7,WAIT,WAIT
410,AGV_6,15,2,WAIT,WAIT
410,AGV_7,11,15,WAIT,WAIT
410,AGV_8,15,14,WAIT,WAIT
410,AGV_9,7,10,WAIT,WAIT
410,AGV_10,3,7,WAIT,WAIT
411,AGV_11,17,10,Task_47,Moving
411,AGV_1,11,9,Task_69,Moving
411,AGV_12,19,10,Task_15,Loading
411,AGV_3,17,9,Task_68,Moving
411,AGV_2,11,10,WAIT,WAIT
411,AGV_4,7,2,WAIT,WAIT
411,AGV_5,3,7,WAIT,WAIT
411,AGV_6,15,2,WAIT,WAIT
411,AGV_7,11,15,WAIT,WAIT
411,AGV_8,15,14,WAIT,WAIT
411,AGV_9,7,10,WAIT,WAIT
411,AGV_10,3,7,WAIT,WAIT
412,AGV_11,17,9,Task_47,Moving
412,AGV_1,10,9,Task_69,Moving
412,AGV_12,19,10,Task_15,Loading
412,AGV_3,16,9,Task_68,Moving
412,AGV_2,11,10,WAIT,WAIT
412,AGV_4,7,2,WAIT,WAIT
412,AGV_5,3,7,WAIT,WAIT
412,AGV_6,15,2,WAIT,WAIT
412,AGV_7,11,15,WAIT,WAIT
412,AGV_8,15,14,WAIT,WAIT
412,AGV_9,7,10,WAIT,WAIT
412,AGV_10,3,7,WAIT,WAIT
413,AGV_11,16,9,Task_47,Moving
413,AGV_1,9,9,Task_69,Moving
413,AGV_12,19,10,Task_15,Moving
413,AGV_3,15,9,Task_68,Moving
413,AGV_2,11,10,WAIT,WAIT
413,AGV_4,7,2,WAIT,WAIT
413,AGV_5,3,7,WAIT,WAIT
413,AGV_6,15,2,WAIT,WAIT
413,AGV_7,11,15,WAIT,WAIT
413,AGV_8,15,14,WAIT,WAIT
413,AGV_9,7,10,WAIT,WAIT
413,AGV_10,3,7,WAIT,WAIT
414,AGV_11,15,9,Task_47,Moving
414,AGV_1,8,9,Task_69,Moving
414,AGV_12,18,10,Task_15,Moving
414,AGV_3,14,9,Task_68,Moving
414,AGV_2,11,10,WAIT,WAIT
414,AGV_4,7,2,WAIT,WAIT
414,AGV_5,3,7,WAIT,WAIT
414,AGV_6,15,2,WAIT,WAIT
414,AGV_7,11,15,WAIT,WAIT
414,AGV_8,15,14,WAIT,WAIT
414,AGV_9,7,10,WAIT,WAIT
414,AGV_10,3,7,WAIT,WAIT
415,AGV_11,15,8,Task_47,Moving
415,AGV_1,7,9,Task_69,Moving
415,AGV_12,17,10,Task_15,Moving
415,AGV_3,13,9,Task_68,Moving
415,AGV_2,11,10,WAIT,WAIT
415,AGV_4,7,2,WAIT,WAIT
415,AGV_5,3,7,WAIT,WAIT
415,AGV_6,15,2,WAIT,WAIT
415,AGV_7,11,15,WAIT,WAIT
415,AGV_8,15,14,WAIT,WAIT
415,AGV_9,7,10,WAIT,WAIT
415,AGV_10,3,7,WAIT,WAIT
416,AGV_11,15,7,Task_47,Moving
416,AGV_1,6,9,Task_69,Moving
416,AGV_12,17,9,Task_15,Moving
416,AGV_3,12,9,Task_68,Moving
416,AGV_2,11,10,WAIT,WAIT
416,AGV_4,7,2,WAIT,WAIT
416,AGV_5,3,7,WAIT,WAIT
416,AGV_6,15,2,WAIT,WAIT
416,AGV_7,11,15,WAIT,WAIT
416,AGV_8,15,14,WAIT,WAIT
416,AGV_9,7,10,WAIT,WAIT
416,AGV_10,3,7,WAIT,WAIT
417,AGV_11,15,6,Task_47,Moving
417,AGV_1,5,9,Task_69,Moving
417,AGV_12,16,9,Task_15,Moving
417,AGV_3,11,9,Task_68,Moving
417,AGV_2,11,10,WAIT,WAIT
417,AGV_4,7,2,WAIT,WAIT
417,AGV_5,3,7,WAIT,WAIT
417,AGV_6,15,2,WAIT,WAIT
417,AGV_7,11,15,WAIT,WAIT
417,AGV_8,15,14,WAIT,WAIT
417,AGV_9,7,10,WAIT,WAIT
417,AGV_10,3,7,WAIT,WAIT
418,AGV_11,15,5,Task_47,Moving
418,AGV_1,4,9,Task_69,Moving
418,AGV_12,15,9,Task_15,Moving
418,AGV_3,10,9,Task_68,Moving
418,AGV_2,11,10,WAIT,WAIT
418,AGV_4,7,2,WAIT,WAIT
418,AGV_5,3,7,WAIT,WAIT
418,AGV_6,15,2,WAIT,WAIT
418,AGV_7,11,15,WAIT,WAIT
418,AGV_8,15,14,WAIT,WAIT
418,AGV_9,7,10,WAIT,WAIT
418,AGV_10,3,7,WAIT,WAIT
419,AGV_11,15,4,Task_47,Moving
419,AGV_1,3,9,Task_69,Moving
419,AGV_12,14,9,Task_15,Moving
419,AGV_3,9,9,Task_68,Moving
419,AGV_2,11,10,WAIT,WAIT
419,AGV_4,7,2,WAIT,WAIT
419,AGV_5,3,7,WAIT,WAIT
419,AGV_6,15,2,WAIT,WAIT
419,AGV_7,11,15,WAIT,WAIT
419,AGV_8,15,14,WAIT,WAIT
419,AGV_9,7,10,WAIT,WAIT
419,AGV_10,3,7,WAIT,WAIT
420,AGV_11,15,3,Task_47,Moving
420,AGV_1,3,8,Task_69,Moving
420,AGV_12,13,9,Task_15,Moving
420,AGV_3,8,9,Task_68,Moving
420,AGV_2,11,10,WAIT,WAIT
420,AGV_4,7,2,WAIT,WAIT
420,AGV_5,3,7,WAIT,WAIT
420,AGV_6,15,2,WAIT,WAIT
420,AGV_7,11,15,WAIT,WAIT
420,AGV_8,15,14,WAIT,WAIT
420,AGV_9,7,10,WAIT,WAIT
420,AGV_10,3,7,WAIT,WAIT
421,AGV_1,3,7,Task_69,Moving
421,AGV_12,12,9,Task_15,Moving
421,AGV_3,7,9,Task_68,Moving
421,AGV_2,11,10,WAIT,WAIT
421,AGV_4,7,2,WAIT,WAIT
421,AGV_5,3,7,WAIT,WAIT
421,AGV_6,15,2,WAIT,WAIT
421,AGV_7,11,15,WAIT,WAIT
421,AGV_8,15,14,WAIT,WAIT
421,AGV_9,7,10,WAIT,WAIT
421,AGV_10,3,7,WAIT,WAIT
421,AGV_11,15,3,WAIT,WAIT
422,AGV_12,11,9,Task_15,Moving
422,AGV_3,7,8,Task_68,Moving
422,AGV_2,11,10,WAIT,WAIT
422,AGV_4,7,2,WAIT,WAIT
422,AGV_5,3,7,WAIT,WAIT
422,AGV_6,15,2,WAIT,WAIT
422,AGV_7,11,15,WAIT,WAIT
422,AGV_8,15,14,WAIT,WAIT
422,AGV_9,7,10,WAIT,WAIT
422,AGV_10,3,7,WAIT,WAIT
422,AGV_11,15,3,WAIT,WAIT
422,AGV_1,3,7,WAIT,WAIT
423,AGV_12,11,8,Task_15,Moving
423,AGV_3,7,7,Task_68,Moving
423,AGV_2,11,10,WAIT,WAIT
423,AGV_4,7,2,WAIT,WAIT
423,AGV_5,3,7,WAIT,WAIT
423,AGV_6,15,2,WAIT,WAIT
423,AGV_7,11,15,WAIT,WAIT
423,AGV_8,15,14,WAIT,WAIT
423,AGV_9,7,10,WAIT,WAIT
423,AGV_10,3,7,WAIT,WAIT
423,AGV_11,15,3,WAIT,WAIT
423,AGV_1,3,7,WAIT,WAIT
424,AGV_12,11,7,Task_15,Moving
424,AGV_2,11,10,WAIT,WAIT
424,AGV_4,7,2,WAIT,WAIT
424,AGV_5,3,7,WAIT,WAIT
424,AGV_6,15,2,WAIT,WAIT
424,AGV_7,11,15,WAIT,WAIT
424,AGV_8,15,14,WAIT,WAIT
424,AGV_9,7,10,WAIT,WAIT
424,AGV_10,3,7,WAIT,WAIT
424,AGV_11,15,3,WAIT,WAIT
424,AGV_1,3,7,WAIT,WAIT
424,AGV_3,7,7,WAIT,WAIT
425,AGV_12,11,6,Task_15,Moving
425,AGV_2,11,10,WAIT,WAIT
425,AGV_4,7,2,WAIT,WAIT
425,AGV_5,3,7,WAIT,WAIT
425,AGV_6,15,2,WAIT,WAIT
425,AGV_7,11,15,WAIT,WAIT
425,AGV_8,15,14,WAIT,WAIT
425,AGV_9,7,10,WAIT,WAIT
425,AGV_10,3,7,WAIT,WAIT
425,AGV_11,15,3,WAIT,WAIT
425,AGV_1,3,7,WAIT,WAIT
425,AGV_3,7,7,WAIT,WAIT
426,AGV_2,11,10,WAIT,WAIT
426,AGV_4,7,2,WAIT,WAIT
426,AGV_5,3,7,WAIT,WAIT
426,AGV_6,15,2,WAIT,WAIT
426,AGV_7,11,15,WAIT,WAIT
426,AGV_8,15,14,WAIT,WAIT
426,AGV_9,7,10,WAIT,WAIT
426,AGV_10,3,7,WAIT,WAIT
426,AGV_11,15,3,WAIT,WAIT
426,AGV_1,3,7,WAIT,WAIT
426,AGV_3,7,7,WAIT,WAIT
426,AGV_12,11,6,WAIT,WAIT
427,AGV_2,11,10,WAIT,WAIT
427,AGV_4,7,2,WAIT,WAIT
427,AGV_5,3,7,WAIT,WAIT
427,AGV_6,15,2,WAIT,WAIT
427,AGV_7,11,15,WAIT,WAIT
427,AGV_8,15,14,WAIT,WAIT
427,AGV_9,7,10,WAIT,WAIT
427,AGV_10,3,7,WAIT,WAIT
427,AGV_11,15,3,WAIT,WAIT
427,AGV_1,3,7,WAIT,WAIT
427,AGV_3,7,7,WAIT,WAIT
427,AGV_12,11,6,WAIT,WAIT
428,AGV_2,11,10,WAIT,WAIT
428,AGV_4,7,2,WAIT,WAIT
428,AGV_5,3,7,WAIT,WAIT
428,AGV_6,15,2,WAIT,WAIT
428,AGV_7,11,15,WAIT,WAIT
428,AGV_8,15,14,WAIT,WAIT
428,AGV_9,7,10,WAIT,WAIT
428,AGV_10,3,7,WAIT,WAIT
428,AGV_11,15,3,WAIT,WAIT
428,AGV_1,3,7,WAIT,WAIT
428,AGV_3,7,7,WAIT,WAIT
428,AGV_12,11,6,WAIT,WAIT
429,AGV_2,11,10,WAIT,WAIT
429,AGV_4,7,2,WAIT,WAIT
429,AGV_5,3,7,WAIT,WAIT
429,AGV_6,15,2,WAIT,WAIT
429,AGV_7,11,15,WAIT,WAIT
429,AGV_8,15,14,WAIT,WAIT
429,AGV_9,7,10,WAIT,WAIT
429,AGV_10,3,7,WAIT,WAIT
429,AGV_11,15,3,WAIT,WAIT
429,AGV_1,3,7,WAIT,WAIT
429,AGV_3,7,7,WAIT,WAIT
429,AGV_12,11,6,WAIT,WAIT
430,AGV_2,11,10,WAIT,WAIT
430,AGV_4,7,2,WAIT,WAIT
430,AGV_5,3,7,WAIT,WAIT
430,AGV_6,15,2,WAIT,WAIT
430,AGV_7,11,15,WAIT,WAIT
430,AGV_8,15,14,WAIT,WAIT
430,AGV_9,7,10,WAIT,WAIT
430,AGV_10,3,7,WAIT,WAIT
430,AGV_11,15,3,WAIT,WAIT
430,AGV_1,3,7,WAIT,WAIT
430,AGV_3,7,7,WAIT,WAIT
430,AGV_12,11,6,WAIT,WAIT
431,AGV_2,11,10,WAIT,WAIT
431,AGV_4,7,2,WAIT,WAIT
431,AGV_5,3,7,Task_27,Moving
431,AGV_6,15,2,WAIT,WAIT
431,AGV_7,11,15,WAIT,WAIT
431,AGV_8,15,14,WAIT,WAIT
431,AGV_9,7,10,WAIT,WAIT
431,AGV_10,3,7,WAIT,WAIT
431,AGV_11,15,3,WAIT,WAIT
431,AGV_1,3,7,WAIT,WAIT
431,AGV_3,7,7,WAIT,WAIT
431,AGV_12,11,6,WAIT,WAIT
432,AGV_2,11,10,WAIT,WAIT
432,AGV_4,7,2,WAIT,WAIT
432,AGV_5,3,7,Task_27,Moving
432,AGV_6,15,2,WAIT,WAIT
432,AGV_7,11,15,WAIT,WAIT
432,AGV_8,15,14,WAIT,WAIT
432,AGV_9,7,10,WAIT,WAIT
432,AGV_10,3,7,WAIT,WAIT
432,AGV_11,15,3,WAIT,WAIT
432,AGV_1,3,7,WAIT,WAIT
432,AGV_3,7,7,WAIT,WAIT
432,AGV_12,11,6,WAIT,WAIT
433,AGV_2,11,10,WAIT,WAIT
433,AGV_4,7,2,WAIT,WAIT
433,AGV_5,3,8,Task_27,Moving
433,AGV_6,15,2,WAIT,WAIT
433,AGV_7,11,15,WAIT,WAIT
433,AGV_8,15,14,WAIT,WAIT
433,AGV_9,7,10,WAIT,WAIT
433,AGV_10,3,7,WAIT,WAIT
433,AGV_11,15,3,WAIT,WAIT
433,AGV_1,3,7,WAIT,WAIT
433,AGV_3,7,7,WAIT,WAIT
433,AGV_12,11,6,WAIT,WAIT
434,AGV_2,11,10,WAIT,WAIT
434,AGV_4,7,2,WAIT,WAIT
434,AGV_5,3,9,Task_27,Moving
434,AGV_6,15,2,WAIT,WAIT
434,AGV_7,11,15,WAIT,WAIT
434,AGV_8,15,14,WAIT,WAIT
434,AGV_9,7,10,WAIT,WAIT
434,AGV_10,3,7,WAIT,WAIT
434,AGV_11,15,3,WAIT,WAIT
434,AGV_1,3,7,WAIT,WAIT
434,AGV_3,7,7,WAIT,WAIT
434,AGV_12,11,6,WAIT,WAIT
435,AGV_2,11,10,WAIT,WAIT
435,AGV_4,7,2,WAIT,WAIT
435,AGV_5,4,9,Task_27,Moving
435,AGV_6,15,2,WAIT,WAIT
435,AGV_7,11,15,WAIT,WAIT
435,AGV_8,15,14,WAIT,WAIT
435,AGV_9,7,10,WAIT,WAIT
435,AGV_10,3,7,WAIT,WAIT
435,AGV_11,15,3,WAIT,WAIT
435,AGV_1,3,7,WAIT,WAIT
435,AGV_3,7,7,WAIT,WAIT
435,AGV_12,11,6,WAIT,WAIT
436,AGV_2,11,10,WAIT,WAIT
436,AGV_4,7,2,Task_79,Moving
436,AGV_5,5,9,Task_27,Moving
436,AGV_6,15,2,WAIT,WAIT
436,AGV_7,11,15,WAIT,WAIT
436,AGV_8,15,14,WAIT,WAIT
436,AGV_9,7,10,WAIT,WAIT
436,AGV_10,3,7,WAIT,WAIT
436,AGV_11,15,3,WAIT,WAIT
436,AGV_1,3,7,WAIT,WAIT
436,AGV_3,7,7,WAIT,WAIT
436,AGV_12,11,6,WAIT,WAIT
437,AGV_2,11,10,Task_4,Moving
437,AGV_4,7,3,Task_79,Moving
437,AGV_5,6,9,Task_27,Moving
437,AGV_6,15,2,WAIT,WAIT
437,AGV_7,11,15,WAIT,WAIT
437,AGV_8,15,14,WAIT,WAIT
437,AGV_9,7,10,WAIT,WAIT
437,AGV_10,3,7,WAIT,WAIT
437,AGV_11,15,3,WAIT,WAIT
437,AGV_1,3,7,WAIT,WAIT
437,AGV_3,7,7,WAIT,WAIT
437,AGV_12,11,6,WAIT,WAIT
438,AGV_2,11,9,Task_4,Moving
438,AGV_4,7,4,Task_79,Moving
438,AGV_5,7,9,Task_27,Moving
438,AGV_6,15,2,WAIT,WAIT
438,AGV_7,11,15,WAIT,WAIT
438,AGV_8,15,14,WAIT,WAIT
438,AGV_9,7,10,WAIT,WAIT
438,AGV_10,3,7,WAIT,WAIT
438,AGV_11,15,3,WAIT,WAIT
438,AGV_1,3,7,WAIT,WAIT
438,AGV_3,7,7,WAIT,WAIT
438,AGV_12,11,6,WAIT,WAIT
439,AGV_2,12,9,Task_4,Moving
439,AGV_4,7,5,Task_79,Moving
439,AGV_5,8,9,Task_27,Moving
439,AGV_6,15,2,WAIT,WAIT
439,AGV_7,11,15,WAIT,WAIT
439,AGV_8,15,14,WAIT,WAIT
439,AGV_9,7,10,WAIT,WAIT
439,AGV_10,3,7,WAIT,WAIT
439,AGV_11,15,3,WAIT,WAIT
439,AGV_1,3,7,WAIT,WAIT
439,AGV_3,7,7,WAIT,WAIT
439,AGV_12,11,6,WAIT,WAIT
440,AGV_2,13,9,Task_4,Moving
440,AGV_4,7,6,Task_79,Moving
440,AGV_5,9,9,Task_27,Moving
440,AGV_6,15,2,WAIT,WAIT
440,AGV_7,11,15,WAIT,WAIT
440,AGV_8,15,14,WAIT,WAIT
440,AGV_9,7,10,WAIT,WAIT
440,AGV_10,3,7,WAIT,WAIT
440,AGV_11,15,3,WAIT,WAIT
440,AGV_1,3,7,WAIT,WAIT
440,AGV_3,7,7,WAIT,WAIT
440,AGV_12,11,6,WAIT,WAIT
441,AGV_2,14,9,Task_4,Moving
441,AGV_4,7,7,Task_79,Moving
441,AGV_5,10,9,Task_27,Moving
441,AGV_6,15,2,WAIT,WAIT
441,AGV_7,11,15,WAIT,WAIT
441,AGV_8,15,14,WAIT,WAIT
441,AGV_9,7,10,WAIT,WAIT
441,AGV_10,3,7,WAIT,WAIT
441,AGV_11,15,3,WAIT,WAIT
441,AGV_1,3,7,WAIT,WAIT
441,AGV_3,7,7,WAIT,WAIT
441,AGV_12,11,6,WAIT,WAIT
442,AGV_2,15,9,Task_4,Moving
442,AGV_4,7,8,Task_79,Moving
442,AGV_5,11,9,Task_27,Moving
442,AGV_6,15,2,WAIT,WAIT
442,AGV_7,11,15,WAIT,WAIT
442,AGV_8,15,14,WAIT,WAIT
442,AGV_9,7,10,WAIT,WAIT
442,AGV_10,3,7,WAIT,WAIT
442,AGV_11,15,3,WAIT,WAIT
442,AGV_1,3,7,WAIT,WAIT
442,AGV_3,7,7,WAIT,WAIT
442,AGV_12,11,6,WAIT,WAIT
443,AGV_2,16,9,Task_4,Moving
443,AGV_4,7,9,Task_79,Moving
443,AGV_5,12,9,Task_27,Moving
443,AGV_6,15,2,WAIT,WAIT
443,AGV_7,11,15,WAIT,WAIT
443,AGV_8,15,14,WAIT,WAIT
443,AGV_9,7,10,WAIT,WAIT
443,AGV_10,3,7,WAIT,WAIT
443,AGV_11,15,3,WAIT,WAIT
443,AGV_1,3,7,WAIT,WAIT
443,AGV_3,7,7,WAIT,WAIT
443,AGV_12,11,6,WAIT,WAIT
444,AGV_2,17,9,Task_4,Moving
444,AGV_4,8,9,Task_79,Moving
444,AGV_5,13,9,Task_27,Moving
444,AGV_6,15,2,WAIT,WAIT
444,AGV_7,11,15,WAIT,WAIT
444,AGV_8,15,14,WAIT,WAIT
444,AGV_9,7,10,WAIT,WAIT
444,AGV_10,3,7,WAIT,WAIT
444,AGV_11,15,3,WAIT,WAIT
444,AGV_1,3,7,WAIT,WAIT
444,AGV_3,7,7,WAIT,WAIT
444,AGV_12,11,6,WAIT,WAIT
445,AGV_2,18,9,Task_4,Moving
445,AGV_4,9,9,Task_79,Moving
445,AGV_5,14,9,Task_27,Moving
445,AGV_6,15,2,WAIT,WAIT
445,AGV_7,11,15,WAIT,WAIT
445,AGV_8,15,14,WAIT,WAIT
445,AGV_9,7,10,WAIT,WAIT
445,AGV_10,3,7,WAIT,WAIT
445,AGV_11,15,3,WAIT,WAIT
445,AGV_1,3,7,WAIT,WAIT
445,AGV_3,7,7,WAIT,WAIT
445,AGV_12,11,6,WAIT,WAIT
446,AGV_2,19,9,Task_4,Moving
446,AGV_4,10,9,Task_79,Moving
446,AGV_5,15,9,Task_27,Moving
446,AGV_6,15,2,WAIT,WAIT
446,AGV_7,11,15,WAIT,WAIT
446,AGV_8,15,14,WAIT,WAIT
446,AGV_9,7,10,WAIT,WAIT
446,AGV_10,3,7,WAIT,WAIT
446,AGV_11,15,3,WAIT,WAIT
446,AGV_1,3,7,WAIT,WAIT
446,AGV_3,7,7,WAIT,WAIT
446,AGV_12,11,6,WAIT,WAIT
447,AGV_2,19,10,Task_4,Moving
447,AGV_4,11,9,Task_79,Moving
447,AGV_5,16,9,Task_27,Moving
447,AGV_6,15,2,WAIT,WAIT
447,AGV_7,11,15,WAIT,WAIT
447,AGV_8,15,14,WAIT,WAIT
447,AGV_9,7,10,WAIT,WAIT
447,AGV_10,3,7,WAIT,WAIT
447,AGV_11,15,3,WAIT,WAIT
447,AGV_1,3,7,WAIT,WAIT
447,AGV_3,7,7,WAIT,WAIT
447,AGV_12,11,6,WAIT,WAIT
448,AGV_2,19,10,Task_4,Loading
448,AGV_4,12,9,Task_79,Moving
448,AGV_5,17,9,Task_27,Moving
448,AGV_6,15,2,WAIT,WAIT
448,AGV_7,11,15,WAIT,WAIT
448,AGV_8,15,14,WAIT,WAIT
448,AGV_9,7,10,WAIT,WAIT
448,AGV_10,3,7,WAIT,WAIT
448,AGV_11,15,3,WAIT,WAIT
448,AGV_1,3,7,WAIT,WAIT
448,AGV_3,7,7,WAIT,WAIT
448,AGV_12,11,6,WAIT,WAIT
449,AGV_2,19,10,Task_4,Loading
449,AGV_4,13,9,Task_79,Moving
449,AGV_5,18,9,Task_27,Moving
449,AGV_6,15,2,WAIT,WAIT
449,AGV_7,11,15,WAIT,WAIT
449,AGV_8,15,14,WAIT,WAIT
449,AGV_9,7,10,WAIT,WAIT
449,AGV_10,3,7,WAIT,WAIT
449,AGV_11,15,3,WAIT,WAIT
449,AGV_1,3,7,WAIT,WAIT
449,AGV_3,7,7,WAIT,WAIT
449,AGV_12,11,6,WAIT,WAIT
450,AGV_2,19,10,Task_4,Moving
450,AGV_4,14,9,Task_79,Moving
450,AGV_5,19,9,Task_27,Moving
450,AGV_6,15,2,WAIT,WAIT
450,AGV_7,11,15,WAIT,WAIT
450,AGV_8,15,14,WAIT,WAIT
450,AGV_9,7,10,WAIT,WAIT
450,AGV_10,3,7,WAIT,WAIT
450,AGV_11,15,3,WAIT,WAIT
450,AGV_1,3,7,WAIT,WAIT
450,AGV_3,7,7,WAIT,WAIT
450,AGV_12,11,6,WAIT,WAIT
451,AGV_2,18,10,Task_4,Moving
451,AGV_4,15,9,Task_79,Moving
451,AGV_5,19,10,Task_27,Moving
451,AGV_6,15,2,WAIT,WAIT
451,AGV_7,11,15,WAIT,WAIT
451,AGV_8,15,14,WAIT,WAIT
451,AGV_9,7,10,WAIT,WAIT
451,AGV_10,3,7,WAIT,WAIT
451,AGV_11,15,3,WAIT,WAIT
451,AGV_1,3,7,WAIT,WAIT
451,AGV_3,7,7,WAIT,WAIT
451,AGV_12,11,6,WAIT,WAIT
452,AGV_2,17,10,Task_4,Moving
452,AGV_4,16,9,Task_79,Moving
452,AGV_5,19,10,Task_27,Loading
452,AGV_6,15,2,WAIT,WAIT
452,AGV_7,11,15,WAIT,WAIT
452,AGV_8,15,14,WAIT,WAIT
452,AGV_9,7,10,WAIT,WAIT
452,AGV_10,3,7,WAIT,WAIT
452,AGV_11,15,3,WAIT,WAIT
452,AGV_1,3,7,WAIT,WAIT
452,AGV_3,7,7,WAIT,WAIT
452,AGV_12,11,6,WAIT,WAIT
453,AGV_2,17,11,Task_4,Moving
453,AGV_4,17,9,Task_79,Moving
453,AGV_5,19,10,Task_27,Loading
453,AGV_6,15,2,WAIT,WAIT
453,AGV_7,11,15,WAIT,WAIT
453,AGV_8,15,14,WAIT,WAIT
453,AGV_9,7,10,WAIT,WAIT
453,AGV_10,3,7,WAIT,WAIT
453,AGV_11,15,3,WAIT,WAIT
453,AGV_1,3,7,WAIT,WAIT
453,AGV_3,7,7,WAIT,WAIT
453,AGV_12,11,6,WAIT,WAIT
454,AGV_2,17,12,Task_4,Moving
454,AGV_4,18,9,Task_79,Moving
454,AGV_5,19,10,Task_27,Moving
454,AGV_6,15,2,WAIT,WAIT
454,AGV_7,11,15,WAIT,WAIT
454,AGV_8,15,14,WAIT,WAIT
454,AGV_9,7,10,WAIT,WAIT
454,AGV_10,3,7,WAIT,WAIT
454,AGV_11,15,3,WAIT,WAIT
454,AGV_1,3,7,WAIT,WAIT
454,AGV_3,7,7,WAIT,WAIT
454,AGV_12,11,6,WAIT,WAIT
455,AGV_2,16,12,Task_4,Moving
455,AGV_4,19,9,Task_79,Moving
455,AGV_5,18,10,Task_27,Moving
455,AGV_6,15,2,Task_99,Moving
455,AGV_7,11,15,WAIT,WAIT
455,AGV_8,15,14,WAIT,WAIT
455,AGV_9,7,10,WAIT,WAIT
455,AGV_10,3,7,WAIT,WAIT
455,AGV_11,15,3,WAIT,WAIT
455,AGV_1,3,7,WAIT,WAIT
455,AGV_3,7,7,WAIT,WAIT
455,AGV_12,11,6,WAIT,WAIT
456,AGV_2,15,12,Task_4,Moving
456,AGV_4,19,10,Task_79,Moving
456,AGV_5,17,10,Task_27,Moving
456,AGV_6,15,3,Task_99,Moving
456,AGV_7,11,15,WAIT,WAIT
456,AGV_8,15,14,WAIT,WAIT
456,AGV_9,7,10,WAIT,WAIT
456,AGV_10,3,7,WAIT,WAIT
456,AGV_11,15,3,WAIT,WAIT
456,AGV_1,3,7,WAIT,WAIT
456,AGV_3,7,7,WAIT,WAIT
456,AGV_12,11,6,WAIT,WAIT
457,AGV_2,15,13,Task_4,Moving
457,AGV_4,19,10,Task_79,Loading
457,AGV_5,17,9,Task_27,Moving
457,AGV_6,15,4,Task_99,Moving
457,AGV_7,11,15,WAIT,WAIT
457,AGV_8,15,14,WAIT,WAIT
457,AGV_9,7,10,WAIT,WAIT
457,AGV_10,3,7,WAIT,WAIT
457,AGV_11,15,3,WAIT,WAIT
457,AGV_1,3,7,WAIT,WAIT
457,AGV_3,7,7,WAIT,WAIT
457,AGV_12,11,6,WAIT,WAIT
458,AGV_2,15,14,Task_4,Moving
458,AGV_4,19,10,Task_79,Loading
458,AGV_5,16,9,Task_27,Moving
458,AGV_6,15,5,Task_99,Moving
458,AGV_7,11,15,WAIT,WAIT
458,AGV_8,15,14,WAIT,WAIT
458,AGV_9,7,10,WAIT,WAIT
458,AGV_10,3,7,WAIT,WAIT
458,AGV_11,15,3,WAIT,WAIT
458,AGV_1,3,7,WAIT,WAIT
458,AGV_3,7,7,WAIT,WAIT
458,AGV_12,11,6,WAIT,WAIT
459,AGV_4,19,10,Task_79,Moving
459,AGV_5,15,9,Task_27,Moving
459,AGV_6,15,6,Task_99,Moving
459,AGV_7,11,15,WAIT,WAIT
459,AGV_8,15,14,WAIT,WAIT
459,AGV_9,7,10,WAIT,WAIT
459,AGV_10,3,7,WAIT,WAIT
459,AGV_11,15,3,WAIT,WAIT
459,AGV_1,3,7,WAIT,WAIT
459,AGV_3,7,7,WAIT,WAIT
459,AGV_12,11,6,WAIT,WAIT
459,AGV_2,15,14,WAIT,WAIT
460,AGV_4,18,10,Task_79,Moving
460,AGV_5,14,9,Task_27,Moving
460,AGV_6,15,7,Task_99,Moving
460,AGV_7,11,15,WAIT,WAIT
460,AGV_8,15,14,WAIT,WAIT
460,AGV_9,7,10,WAIT,WAIT
460,AGV_10,3,7,WAIT,WAIT
460,AGV_11,15,3,WAIT,WAIT
460,AGV_1,3,7,WAIT,WAIT
460,AGV_3,7,7,WAIT,WAIT
460,AGV_12,11,6,WAIT,WAIT
460,AGV_2,15,14,WAIT,WAIT
461,AGV_4,17,10,Task_79,Moving
461,AGV_5,13,9,Task_27,Moving
461,AGV_6,15,8,Task_99,Moving
461,AGV_7,11,15,Task_43,Moving
461,AGV_8,15,14,WAIT,WAIT
461,AGV_9,7,10,WAIT,WAIT
461,AGV_10,3,7,WAIT,WAIT
461,AGV_11,15,3,WAIT,WAIT
461,AGV_1,3,7,WAIT,WAIT
461,AGV_3,7,7,WAIT,WAIT
461,AGV_12,11,6,WAIT,WAIT
461,AGV_2,15,14,WAIT,WAIT
462,AGV_4,17,9,Task_79,Moving
462,AGV_5,12,9,Task_27,Moving
462,AGV_6,16,8,Task_99,Moving
462,AGV_7,11,14,Task_43,Moving
462,AGV_8,15,14,WAIT,WAIT
462,AGV_9,7,10,WAIT,WAIT
462,AGV_10,3,7,WAIT,WAIT
462,AGV_11,15,3,WAIT,WAIT
462,AGV_1,3,7,WAIT,WAIT
462,AGV_3,7,7,WAIT,WAIT
462,AGV_12,11,6,WAIT,WAIT
462,AGV_2,15,14,WAIT,WAIT
463,AGV_4,16,9,Task_79,Moving
463,AGV_5,11,9,Task_27,Moving
463,AGV_6,17,8,Task_99,Moving
463,AGV_7,11,13,Task_43,Moving
463,AGV_8,15,14,Task_37,Moving
463,AGV_9,7,10,WAIT,WAIT
463,AGV_10,3,7,WAIT,WAIT
463,AGV_11,15,3,WAIT,WAIT
463,AGV_1,3,7,WAIT,WAIT
463,AGV_3,7,7,WAIT,WAIT
463,AGV_12,11,6,WAIT,WAIT
463,AGV_2,15,14,WAIT,WAIT
464,AGV_4,15,9,Task_79,Moving
464,AGV_5,10,9,Task_27,Moving
464,AGV_6,17,9,Task_99,Moving
464,AGV_7,11,12,Task_43,Moving
464,AGV_8,15,13,Task_37,Moving
464,AGV_9,7,10,WAIT,WAIT
464,AGV_10,3,7,WAIT,WAIT
464,AGV_11,15,3,WAIT,WAIT
464,AGV_1,3,7,WAIT,WAIT
464,AGV_3,7,7,WAIT,WAIT
464,AGV_12,11,6,WAIT,WAIT
464,AGV_2,15,14,WAIT,WAIT
465,AGV_4,14,9,Task_79,Moving
465,AGV_5,9,9,Task_27,Moving
465,AGV_6,18,9,Task_99,Moving
465,AGV_7,12,12,Task_43,Moving
465,AGV_8,15,12,Task_37,Moving
465,AGV_9,7,10,Task_55,Moving
465,AGV_10,3,7,WAIT,WAIT
465,AGV_11,15,3,WAIT,WAIT
465,AGV_1,3,7,WAIT,WAIT
465,AGV_3,7,7,WAIT,WAIT
465,AGV_12,11,6,WAIT,WAIT
465,AGV_2,15,14,WAIT,WAIT
466,AGV_4,13,9,Task_79,Moving
466,AGV_5,8,9,Task_27,Moving
466,AGV_6,19,9,Task_99,Moving
466,AGV_7,13,12,Task_43,Moving
466,AGV_8,16,12,Task_37,Moving
466,AGV_9,7,9,Task_55,Moving
466,AGV_10,3,7,WAIT,WAIT
466,AGV_11,15,3,WAIT,WAIT
466,AGV_1,3,7,WAIT,WAIT
466,AGV_3,7,7,WAIT,WAIT
466,AGV_12,11,6,WAIT,WAIT
466,AGV_2,15,14,WAIT,WAIT
467,AGV_4,12,9,Task_79,Moving
467,AGV_5,7,9,Task_27,Moving
467,AGV_6,19,10,Task_99,Moving
467,AGV_7,14,12,Task_43,Moving
467,AGV_8,17,12,Task_37,Moving
467,AGV_9,7,8,Task_55,Moving
467,AGV_10,3,7,WAIT,WAIT
467,AGV_11,15,3,WAIT,WAIT
467,AGV_1,3,7,WAIT,WAIT
467,AGV_3,7,7,WAIT,WAIT
467,AGV_12,11,6,WAIT,WAIT
467,AGV_2,15,14,WAIT,WAIT
468,AGV_4,11,9,Task_79,Moving
468,AGV_5,6,9,Task_27,Moving
468,AGV_6,19,10,Task_99,Loading
468,AGV_7,15,12,Task_43,Moving
468,AGV_8,18,12,Task_37,Moving
468,AGV_9,8,8,Task_55,Moving
468,AGV_10,3,7,WAIT,WAIT
468,AGV_11,15,3,WAIT,WAIT
468,AGV_1,3,7,WAIT,WAIT
468,AGV_3,7,7,WAIT,WAIT
468,AGV_12,11,6,WAIT,WAIT
468,AGV_2,15,14,WAIT,WAIT
469,AGV_4,11,8,Task_79,Moving
469,AGV_5,5,9,Task_27,Moving
469,AGV_6,19,10,Task_99,Loading
469,AGV_7,16,12,Task_43,Moving
469,AGV_8,19,12,Task_37,Moving
469,AGV_9,9,8,Task_55,Moving
469,AGV_10,3,7,Task_29,Moving
469,AGV_11,15,3,WAIT,WAIT
469,AGV_1,3,7,WAIT,WAIT
469,AGV_3,7,7,WAIT,WAIT
469,AGV_12,11,6,WAIT,WAIT
469,AGV_2,15,14,WAIT,WAIT
470,AGV_4,11,7,Task_79,Moving
470,AGV_5,4,9,Task_27,Moving
470,AGV_6,19,10,Task_99,Moving
470,AGV_7,17,12,Task_43,Moving
470,AGV_8,19,11,Task_37,Moving
470,AGV_9,10,8,Task_55,Moving
470,AGV_10,3,8,Task_29,Moving
470,AGV_11,15,3,WAIT,WAIT
470,AGV_1,3,7,WAIT,WAIT
470,AGV_3,7,7,WAIT,WAIT
470,AGV_12,11,6,WAIT,WAIT
470,AGV_2,15,14,WAIT,WAIT
471,AGV_4,11,6,Task_79,Moving
471,AGV_5,3,9,Task_27,Moving
471,AGV_6,18,10,Task_99,Moving
471,AGV_7,18,12,Task_43,Moving
471,AGV_8,19,10,Task_37,Moving
471,AGV_9,11,8,Task_55,Moving
471,AGV_10,4,8,Task_29,Moving
471,AGV_11,15,3,WAIT,WAIT
471,AGV_1,3,7,WAIT,WAIT
471,AGV_3,7,7,WAIT,WAIT
471,AGV_12,11,6,WAIT,WAIT
471,AGV_2,15,14,WAIT,WAIT
472,AGV_4,11,5,Task_79,Moving
472,AGV_5,3,8,Task_27,Moving
472,AGV_6,17,10,Task_99,Moving
472,AGV_7,19,12,Task_43,Moving
472,AGV_8,19,10,Task_37,Loading
472,AGV_9,12,8,Task_55,Moving
472,AGV_10,5,8,Task_29,Moving
472,AGV_11,15,3,WAIT,WAIT
472,AGV_1,3,7,WAIT,WAIT
472,AGV_3,7,7,WAIT,WAIT
472,AGV_12,11,6,WAIT,WAIT
472,AGV_2,15,14,WAIT,WAIT
473,AGV_4,11,4,Task_79,Moving
473,AGV_5,3,7,Task_27,Moving
473,AGV_6,17,9,Task_99,Moving
473,AGV_7,19,11,Task_43,Moving
473,AGV_8,19,10,Task_37,Loading
473,AGV_9,13,8,Task_55,Moving
473,AGV_10,6,8,Task_29,Moving
473,AGV_11,15,3,WAIT,WAIT
473,AGV_1,3,7,WAIT,WAIT
473,AGV_3,7,7,WAIT,WAIT
473,AGV_12,11,6,WAIT,WAIT
473,AGV_2,15,14,WAIT,WAIT
474,AGV_4,11,3,Task_79,Moving
474,AGV_5,3,6,Task_27,Moving
474,AGV_6,16,9,Task_99,Moving
474,AGV_7,19,10,Task_43,Moving
474,AGV_8,19,10,Task_37,Moving
474,AGV_9,14,8,Task_55,Moving
474,AGV_10,7,8,Task_29,Moving
474,AGV_11,15,3,WAIT,WAIT
474,AGV_1,3,7,WAIT,WAIT
474,AGV_3,7,7,WAIT,WAIT
474,AGV_12,11,6,WAIT,WAIT
474,AGV_2,15,14,WAIT,WAIT
475,AGV_5,3,5,Task_27,Moving
475,AGV_6,15,9,Task_99,Moving
475,AGV_7,19,10,Task_43,Loading
475,AGV_8,18,10,Task_37,Moving
475,AGV_9,15,8,Task_55,Moving
475,AGV_10,8,8,Task_29,Moving
475,AGV_11,15,3,WAIT,WAIT
475,AGV_1,3,7,WAIT,WAIT
475,AGV_3,7,7,WAIT,WAIT
475,AGV_12,11,6,WAIT,WAIT
475,AGV_2,15,14,WAIT,WAIT
475,AGV_4,11,3,WAIT,WAIT
476,AGV_5,3,4,Task_27,Moving
476,AGV_6,15,8,Task_99,Moving
476,AGV_7,19,10,Task_43,Loading
476,AGV_8,17,10,Task_37,Moving
476,AGV_9,16,8,Task_55,Moving
476,AGV_10,9,8,Task_29,Moving
476,AGV_11,15,3,WAIT,WAIT
476,AGV_1,3,7,WAIT,WAIT
476,AGV_3,7,7,WAIT,WAIT
476,AGV_12,11,6,WAIT,WAIT
476,AGV_2,15,14,WAIT,WAIT
476,AGV_4,11,3,WAIT,WAIT
477,AGV_5,3,3,Task_27,Moving
477,AGV_6,15,7,Task_99,Moving
477,AGV_7,19,10,Task_43,Moving
477,AGV_8,17,9,Task_37,Moving
477,AGV_9,17,8,Task_55,Moving
477,AGV_10,10,8,Task_29,Moving
477,AGV_11,15,3,WAIT,WAIT
477,AGV_1,3,7,WAIT,WAIT
477,AGV_3,7,7,WAIT,WAIT
477,AGV_12,11,6,WAIT,WAIT
477,AGV_2,15,14,WAIT,WAIT
477,AGV_4,11,3,WAIT,WAIT
478,AGV_6,15,6,Task_99,Moving
478,AGV_7,18,10,Task_43,Moving
478,AGV_8,16,9,Task_37,Moving
478,AGV_9,17,9,Task_55,Moving
478,AGV_10,11,8,Task_29,Moving
478,AGV_11,15,3,WAIT,WAIT
478,AGV_1,3,7,WAIT,WAIT
478,AGV_3,7,7,WAIT,WAIT
478,AGV_12,11,6,WAIT,WAIT
478,AGV_2,15,14,WAIT,WAIT
478,AGV_4,11,3,WAIT,WAIT
478,AGV_5,3,3,WAIT,WAIT
479,AGV_7,17,10,Task_43,Moving
479,AGV_8,15,9,Task_37,Moving
479,AGV_9,18,9,Task_55,Moving
479,AGV_10,12,8,Task_29,Moving
479,AGV_11,15,3,WAIT,WAIT
479,AGV_1,3,7,WAIT,WAIT
479,AGV_3,7,7,WAIT,WAIT
479,AGV_12,11,6,WAIT,WAIT
479,AGV_2,15,14,WAIT,WAIT
479,AGV_4,11,3,WAIT,WAIT
479,AGV_5,3,3,WAIT,WAIT
479,AGV_6,15,6,WAIT,WAIT
480,AGV_7,17,9,Task_43,Moving
480,AGV_8,14,9,Task_37,Moving
480,AGV_9,19,9,Task_55,Moving
480,AGV_10,13,8,Task_29,Moving
480,AGV_11,15,3,WAIT,WAIT
480,AGV_1,3,7,WAIT,WAIT
480,AGV_3,7,7,WAIT,WAIT
480,AGV_12,11,6,WAIT,WAIT
480,AGV_2,15,14,WAIT,WAIT
480,AGV_4,11,3,WAIT,WAIT
480,AGV_5,3,3,WAIT,WAIT
480,AGV_6,15,6,WAIT,WAIT
481,AGV_7,16,9,Task_43,Moving
481,AGV_8,13,9,Task_37,Moving
481,AGV_9,19,10,Task_55,Moving
481,AGV_10,14,8,Task_29,Moving
481,AGV_11,15,3,WAIT,WAIT
481,AGV_1,3,7,WAIT,WAIT
481,AGV_3,7,7,WAIT,WAIT
481,AGV_12,11,6,WAIT,WAIT
481,AGV_2,15,14,WAIT,WAIT
481,AGV_4,11,3,WAIT,WAIT
481,AGV_5,3,3,WAIT,WAIT
481,AGV_6,15,6,WAIT,WAIT
482,AGV_7,15,9,Task_43,Moving
482,AGV_8,12,9,Task_37,Moving
482,AGV_9,19,10,Task_55,Loading
482,AGV_10,14,9,Task_29,Moving
482,AGV_11,15,3,WAIT,WAIT
482,AGV_1,3,7,WAIT,WAIT
482,AGV_3,7,7,WAIT,WAIT
482,AGV_12,11,6,WAIT,WAIT
482,AGV_2,15,14,WAIT,WAIT
482,AGV_4,11,3,WAIT,WAIT
482,AGV_5,3,3,WAIT,WAIT
482,AGV_6,15,6,WAIT,WAIT
483,AGV_7,15,10,Task_43,Moving
483,AGV_8,11,9,Task_37,Moving
483,AGV_9,19,10,Task_55,Loading
483,AGV_10,15,9,Task_29,Moving
483,AGV_11,15,3,Task_24,Moving
483,AGV_1,3,7,Task_33,Moving
483,AGV_3,7,7,WAIT,WAIT
483,AGV_12,11,6,WAIT,WAIT
483,AGV_2,15,14,WAIT,WAIT
483,AGV_4,11,3,WAIT,WAIT
483,AGV_5,3,3,WAIT,WAIT
483,AGV_6,15,6,WAIT,WAIT
484,AGV_8,10,9,Task_37,Moving
484,AGV_9,19,10,Task_55,Moving
484,AGV_10,16,9,Task_29,Moving
484,AGV_11,15,4,Task_24,Moving
484,AGV_1,3,8,Task_33,Moving
484,AGV_3,7,7,WAIT,WAIT
484,AGV_12,11,6,WAIT,WAIT
484,AGV_2,15,14,WAIT,WAIT
484,AGV_4,11,3,WAIT,WAIT
484,AGV_5,3,3,WAIT,WAIT
484,AGV_6,15,6,WAIT,WAIT
484,AGV_7,15,10,WAIT,WAIT
485,AGV_8,9,9,Task_37,Moving
485,AGV_9,18,10,Task_55,Moving
485,AGV_10,17,9,Task_29,Moving
485,AGV_11,15,5,Task_24,Moving
485,AGV_1,4,8,Task_33,Moving
485,AGV_3,7,7,WAIT,WAIT
485,AGV_12,11,6,WAIT,WAIT
485,AGV_2,15,14,WAIT,WAIT
485,AGV_4,11,3,WAIT,WAIT
485,AGV_5,3,3,WAIT,WAIT
485,AGV_6,15,6,WAIT,WAIT
485,AGV_7,15,10,WAIT,WAIT
486,AGV_8,8,9,Task_37,Moving
486,AGV_9,17,10,Task_55,Moving
486,AGV_10,18,9,Task_29,Moving
486,AGV_11,15,6,Task_24,Moving
486,AGV_1,5,8,Task_33,Moving
486,AGV_3,7,7,Task_64,Moving
486,AGV_12,11,6,WAIT,WAIT
486,AGV_2,15,14,WAIT,WAIT
486,AGV_4,11,3,WAIT,WAIT
486,AGV_5,3,3,WAIT,WAIT
486,AGV_6,15,6,WAIT,WAIT
486,AGV_7,15,10,WAIT,WAIT
487,AGV_8,7,9,Task_37,Moving
487,AGV_9,17,9,Task_55,Moving
487,AGV_10,19,9,Task_29,Moving
487,AGV_11,15,7,Task_24,Moving
487,AGV_1,6,8,Task_33,Moving
487,AGV_3,7,8,Task_64,Moving
487,AGV_12,11,6,WAIT,WAIT
487,AGV_2,15,14,WAIT,WAIT
487,AGV_4,11,3,WAIT,WAIT
487,AGV_5,3,3,WAIT,WAIT
487,AGV_6,15,6,WAIT,WAIT
487,AGV_7,15,10,WAIT,WAIT
488,AGV_8,7,10,Task_37,Moving
488,AGV_9,16,9,Task_55,Moving
488,AGV_10,19,10,Task_29,Moving
488,AGV_11,15,8,Task_24,Moving
488,AGV_1,7,8,Task_33,Moving
488,AGV_3,8,8,Task_64,Moving
488,AGV_12,11,6,WAIT,WAIT
488,AGV_2,15,14,WAIT,WAIT
488,AGV_4,11,3,WAIT,WAIT
488,AGV_5,3,3,WAIT,WAIT
488,AGV_6,15,6,WAIT,WAIT
488,AGV_7,15,10,WAIT,WAIT
489,AGV_8,7,11,Task_37,Moving
489,AGV_9,15,9,Task_55,Moving
489,AGV_10,19,10,Task_29,Loading
489,AGV_11,16,8,Task_24,Moving
489,AGV_1,8,8,Task_33,Moving
489,AGV_3,9,8,Task_64,Moving
489,AGV_12,11,6,WAIT,WAIT
489,AGV_2,15,14,WAIT,WAIT
489,AGV_4,11,3,WAIT,WAIT
489,AGV_5,3,3,WAIT,WAIT
489,AGV_6,15,6,WAIT,WAIT
489,AGV_7,15,10,WAIT,WAIT
490,AGV_9,14,9,Task_55,Moving
490,AGV_10,19,10,Task_29,Loading
490,AGV_11,16,9,Task_24,Moving
490,AGV_1,9,8,Task_33,Moving
490,AGV_3,10,8,Task_64,Moving
490,AGV_12,11,6,WAIT,WAIT
490,AGV_2,15,14,WAIT,WAIT
490,AGV_4,11,3,WAIT,WAIT
490,AGV_5,3,3,WAIT,WAIT
490,AGV_6,15,6,WAIT,WAIT
490,AGV_7,15,10,WAIT,WAIT
490,AGV_8,7,11,WAIT,WAIT
491,AGV_9,13,9,Task_55,Moving
491,AGV_10,19,10,Task_29,Moving
491,AGV_11,17,9,Task_24,Moving
491,AGV_1,10,8,Task_33,Moving
491,AGV_3,11,8,Task_64,Moving
491,AGV_12,11,6,WAIT,WAIT
491,AGV_2,15,14,WAIT,WAIT
491,AGV_4,11,3,WAIT,WAIT
491,AGV_5,3,3,WAIT,WAIT
491,AGV_6,15,6,WAIT,WAIT
491,AGV_7,15,10,WAIT,WAIT
491,AGV_8,7,11,WAIT,WAIT
492,AGV_9,12,9,Task_55,Moving
492,AGV_10,18,10,Task_29,Moving
492,AGV_11,18,9,Task_24,Moving
492,AGV_1,11,8,Task_33,Moving
492,AGV_3,12,8,Task_64,Moving
492,AGV_12,11,6,WAIT,WAIT
492,AGV_2,15,14,WAIT,WAIT
492,AGV_4,11,3,WAIT,WAIT
492,AGV_5,3,3,WAIT,WAIT
492,AGV_6,15,6,WAIT,WAIT
492,AGV_7,15,10,WAIT,WAIT
492,AGV_8,7,11,WAIT,WAIT
493,AGV_9,11,9,Task_55,Moving
493,AGV_10,17,10,Task_29,Moving
493,AGV_11,19,9,Task_24,Moving
493,AGV_1,12,8,Task_33,Moving
493,AGV_3,13,8,Task_64,Moving
493,AGV_12,11,6,WAIT,WAIT
493,AGV_2,15,14,WAIT,WAIT
493,AGV_4,11,3,WAIT,WAIT
493,AGV_5,3,3,WAIT,WAIT
493,AGV_6,15,6,WAIT,WAIT
493,AGV_7,15,10,WAIT,WAIT
493,AGV_8,7,11,WAIT,WAIT
494,AGV_9,10,9,Task_55,Moving
494,AGV_10,17,9,Task_29,Moving
494,AGV_11,19,10,Task_24,Moving
494,AGV_1,13,8,Task_33,Moving
494,AGV_3,14,8,Task_64,Moving
494,AGV_12,11,6,WAIT,WAIT
494,AGV_2,15,14,WAIT,WAIT
494,AGV_4,11,3,WAIT,WAIT
494,AGV_5,3,3,WAIT,WAIT
494,AGV_6,15,6,WAIT,WAIT
494,AGV_7,15,10,WAIT,WAIT
494,AGV_8,7,11,WAIT,WAIT
495,AGV_9,9,9,Task_55,Moving
495,AGV_10,16,9,Task_29,Moving
495,AGV_11,19,10,Task_24,Loading
495,AGV_1,14,8,Task_33,Moving
495,AGV_3,15,8,Task_64,Moving
495,AGV_12,11,6,WAIT,WAIT
495,AGV_2,15,14,WAIT,WAIT
495,AGV_4,11,3,WAIT,WAIT
495,AGV_5,3,3,WAIT,WAIT
495,AGV_6,15,6,WAIT,WAIT
495,AGV_7,15,10,WAIT,WAIT
495,AGV_8,7,11,WAIT,WAIT
496,AGV_9,8,9,Task_55,Moving
496,AGV_10,15,9,Task_29,Moving
496,AGV_11,19,10,Task_24,Loading
496,AGV_1,15,8,Task_33,Moving
496,AGV_3,16,8,Task_64,Moving
496,AGV_12,11,6,WAIT,WAIT
496,AGV_2,15,14,WAIT,WAIT
496,AGV_4,11,3,WAIT,WAIT
496,AGV_5,3,3,WAIT,WAIT
496,AGV_6,15,6,WAIT,WAIT
496,AGV_7,15,10,WAIT,WAIT
496,AGV_8,7,11,WAIT,WAIT
497,AGV_9,7,9,Task_55,Moving
497,AGV_10,14,9,Task_29,Moving
497,AGV_11,19,10,Task_24,Moving
497,AGV_1,15,9,Task_33,Moving
497,AGV_3,16,9,Task_64,Moving
497,AGV_12,11,6,WAIT,WAIT
497,AGV_2,15,14,WAIT,WAIT
497,AGV_4,11,3,WAIT,WAIT
497,AGV_5,3,3,WAIT,WAIT
497,AGV_6,15,6,WAIT,WAIT
497,AGV_7,15,10,WAIT,WAIT
497,AGV_8,7,11,WAIT,WAIT
498,AGV_9,7,8,Task_55,Moving
498,AGV_10,13,9,Task_29,Moving
498,AGV_11,18,10,Task_24,Moving
498,AGV_1,16,9,Task_33,Moving
498,AGV_3,17,9,Task_64,Moving
498,AGV_12,11,6,WAIT,WAIT
498,AGV_2,15,14,WAIT,WAIT
498,AGV_4,11,3,WAIT,WAIT
498,AGV_5,3,3,WAIT,WAIT
498,AGV_6,15,6,WAIT,WAIT
498,AGV_7,15,10,WAIT,WAIT
498,AGV_8,7,11,WAIT,WAIT
499,AGV_9,7,7,Task_55,Moving
499,AGV_10,12,9,Task_29,Moving
499,AGV_11,17,10,Task_24,Moving
499,AGV_1,17,9,Task_33,Moving
499,AGV_3,18,9,Task_64,Moving
499,AGV_12,11,6,WAIT,WAIT
499,AGV_2,15,14,WAIT,WAIT
499,AGV_4,11,3,WAIT,WAIT
499,AGV_5,3,3,WAIT,WAIT
499,AGV_6,15,6,WAIT,WAIT
499,AGV_7,15,10,WAIT,WAIT
499,AGV_8,7,11,WAIT,WAIT
500,AGV_10,11,9,Task_29,Moving
500,AGV_11,17,11,Task_24,Moving
500,AGV_1,18,9,Task_33,Moving
500,AGV_3,19,9,Task_64,Moving
500,AGV_12,11,6,WAIT,WAIT
500,AGV_2,15,14,WAIT,WAIT
500,AGV_4,11,3,WAIT,WAIT
500,AGV_5,3,3,WAIT,WAIT
500,AGV_6,15,6,WAIT,WAIT
500,AGV_7,15,10,WAIT,WAIT
500,AGV_8,7,11,WAIT,WAIT
500,AGV_9,7,7,WAIT,WAIT
501,AGV_10,10,9,Task_29,Moving
501,AGV_11,17,12,Task_24,Moving
501,AGV_1,19,9,Task_33,Moving
501,AGV_3,19,10,Task_64,Moving
501,AGV_12,11,6,WAIT,WAIT
501,AGV_2,15,14,WAIT,WAIT
501,AGV_4,11,3,WAIT,WAIT
501,AGV_5,3,3,WAIT,WAIT
501,AGV_6,15,6,WAIT,WAIT
501,AGV_7,15,10,WAIT,WAIT
501,AGV_8,7,11,WAIT,WAIT
501,AGV_9,7,7,WAIT,WAIT
502,AGV_10,9,9,Task_29,Moving
502,AGV_11,16,12,Task_24,Moving
502,AGV_1,19,10,Task_33,Moving
502,AGV_3,19,10,Task_64,Loading
502,AGV_12,11,6,Task_44,Moving
502,AGV_2,15,14,WAIT,WAIT
502,AGV_4,11,3,WAIT,WAIT
502,AGV_5,3,3,WAIT,WAIT
502,AGV_6,15,6,WAIT,WAIT
502,AGV_7,15,10,WAIT,WAIT
502,AGV_8,7,11,WAIT,WAIT
502,AGV_9,7,7,WAIT,WAIT
503,AGV_10,8,9,Task_29,Moving
503,AGV_11,15,12,Task_24,Moving
503,AGV_1,19,10,Task_33,Loading
503,AGV_3,19,10,Task_64,Loading
503,AGV_12,11,7,Task_44,Moving
503,AGV_2,15,14,WAIT,WAIT
503,AGV_4,11,3,WAIT,WAIT
503,AGV_5,3,3,WAIT,WAIT
503,AGV_6,15,6,WAIT,WAIT
503,AGV_7,15,10,WAIT,WAIT
503,AGV_8,7,11,WAIT,WAIT
503,AGV_9,7,7,WAIT,WAIT
504,AGV_10,7,9,Task_29,Moving
504,AGV_11,14,12,Task_24,Moving
504,AGV_1,19,10,Task_33,Loading
504,AGV_3,19,10,Task_64,Moving
504,AGV_12,11,8,Task_44,Moving
504,AGV_2,15,14,WAIT,WAIT
504,AGV_4,11,3,WAIT,WAIT
504,AGV_5,3,3,WAIT,WAIT
504,AGV_6,15,6,WAIT,WAIT
504,AGV_7,15,10,WAIT,WAIT
504,AGV_8,7,11,WAIT,WAIT
504,AGV_9,7,7,WAIT,WAIT
505,AGV_10,7,8,Task_29,Moving
505,AGV_11,13,12,Task_24,Moving
505,AGV_1,19,10,Task_33,Moving
505,AGV_3,18,10,Task_64,Moving
505,AGV_12,12,8,Task_44,Moving
505,AGV_2,15,14,WAIT,WAIT
505,AGV_4,11,3,WAIT,WAIT
505,AGV_5,3,3,WAIT,WAIT
505,AGV_6,15,6,WAIT,WAIT
505,AGV_7,15,10,WAIT,WAIT
505,AGV_8,7,11,WAIT,WAIT
505,AGV_9,7,7,WAIT,WAIT
506,AGV_10,7,7,Task_29,Moving
506,AGV_11,12,12,Task_24,Moving
506,AGV_1,18,10,Task_33,Moving
506,AGV_3,17,10,Task_64,Moving
506,AGV_12,13,8,Task_44,Moving
506,AGV_2,15,14,Task_45,Moving
506,AGV_4,11,3,WAIT,WAIT
506,AGV_5,3,3,WAIT,WAIT
506,AGV_6,15,6,WAIT,WAIT
506,AGV_7,15,10,WAIT,WAIT
506,AGV_8,7,11,WAIT,WAIT
506,AGV_9,7,7,WAIT,WAIT
507,AGV_10,7,6,Task_29,Moving
507,AGV_11,11,12,Task_24,Moving
507,AGV_1,17,10,Task_33,Moving
507,AGV_3,17,9,Task_64,Moving
507,AGV_12,14,8,Task_44,Moving
507,AGV_2,15,13,Task_45,Moving
507,AGV_4,11,3,WAIT,WAIT
507,AGV_5,3,3,WAIT,WAIT
507,AGV_6,15,6,WAIT,WAIT
507,AGV_7,15,10,WAIT,WAIT
507,AGV_8,7,11,WAIT,WAIT
507,AGV_9,7,7,WAIT,WAIT
508,AGV_11,11,13,Task_24,Moving
508,AGV_1,17,11,Task_33,Moving
508,AGV_3,16,9,Task_64,Moving
508,AGV_12,15,8,Task_44,Moving
508,AGV_2,14,13,Task_45,Moving
508,AGV_4,11,3,WAIT,WAIT
508,AGV_5,3,3,WAIT,WAIT
508,AGV_6,15,6,WAIT,WAIT
508,AGV_7,15,10,WAIT,WAIT
508,AGV_8,7,11,WAIT,WAIT
508,AGV_9,7,7,WAIT,WAIT
508,AGV_10,7,6,WAIT,WAIT
509,AGV_11,11,14,Task_24,Moving
509,AGV_1,17,12,Task_33,Moving
509,AGV_3,15,9,Task_64,Moving
509,AGV_12,16,8,Task_44,Moving
509,AGV_2,13,13,Task_45,Moving
509,AGV_4,11,3,WAIT,WAIT
509,AGV_5,3,3,WAIT,WAIT
509,AGV_6,15,6,WAIT,WAIT
509,AGV_7,15,10,WAIT,WAIT
509,AGV_8,7,11,WAIT,WAIT
509,AGV_9,7,7,WAIT,WAIT
509,AGV_10,7,6,WAIT,WAIT
510,AGV_1,16,12,Task_33,Moving
510,AGV_3,14,9,Task_64,Moving
510,AGV_12,16,9,Task_44,Moving
510,AGV_2,13,12,Task_45,Moving
510,AGV_4,11,3,WAIT,WAIT
510,AGV_5,3,3,WAIT,WAIT
510,AGV_6,15,6,WAIT,WAIT
510,AGV_7,15,10,WAIT,WAIT
510,AGV_8,7,11,WAIT,WAIT
510,AGV_9,7,7,WAIT,WAIT
510,AGV_10,7,6,WAIT,WAIT
510,AGV_11,11,14,WAIT,WAIT
511,AGV_1,15,12,Task_33,Moving
511,AGV_3,13,9,Task_64,Moving
511,AGV_12,17,9,Task_44,Moving
511,AGV_2,14,12,Task_45,Moving
511,AGV_4,11,3,WAIT,WAIT
511,AGV_5,3,3,WAIT,WAIT
511,AGV_6,15,6,WAIT,WAIT
511,AGV_7,15,10,WAIT,WAIT
511,AGV_8,7,11,WAIT,WAIT
511,AGV_9,7,7,WAIT,WAIT
511,AGV_10,7,6,WAIT,WAIT
511,AGV_11,11,14,WAIT,WAIT
512,AGV_1,15,13,Task_33,Moving
512,AGV_3,12,9,Task_64,Moving
512,AGV_12,18,9,Task_44,Moving
512,AGV_2,15,12,Task_45,Moving
512,AGV_4,11,3,WAIT,WAIT
512,AGV_5,3,3,WAIT,WAIT
512,AGV_6,15,6,WAIT,WAIT
512,AGV_7,15,10,WAIT,WAIT
512,AGV_8,7,11,WAIT,WAIT
512,AGV_9,7,7,WAIT,WAIT
512,AGV_10,7,6,WAIT,WAIT
512,AGV_11,11,14,WAIT,WAIT
513,AGV_1,15,14,Task_33,Moving
513,AGV_3,11,9,Task_64,Moving
513,AGV_12,19,9,Task_44,Moving
513,AGV_2,16,12,Task_45,Moving
513,AGV_4,11,3,WAIT,WAIT
513,AGV_5,3,3,WAIT,WAIT
513,AGV_6,15,6,WAIT,WAIT
513,AGV_7,15,10,WAIT,WAIT
513,AGV_8,7,11,WAIT,WAIT
513,AGV_9,7,7,WAIT,WAIT
513,AGV_10,7,6,WAIT,WAIT
513,AGV_11,11,14,WAIT,WAIT
514,AGV_3,11,8,Task_64,Moving
514,AGV_12,19,10,Task_44,Moving
514,AGV_2,17,12,Task_45,Moving
514,AGV_4,11,3,Task_17,Moving
514,AGV_5,3,3,WAIT,WAIT
514,AGV_6,15,6,WAIT,WAIT
514,AGV_7,15,10,WAIT,WAIT
514,AGV_8,7,11,WAIT,WAIT
514,AGV_9,7,7,WAIT,WAIT
514,AGV_10,7,6,WAIT,WAIT
514,AGV_11,11,14,WAIT,WAIT
514,AGV_1,15,14,WAIT,WAIT
515,AGV_3,11,7,Task_64,Moving
515,AGV_12,19,10,Task_44,Loading
515,AGV_2,18,12,Task_45,Moving
515,AGV_4,11,4,Task_17,Moving
515,AGV_5,3,3,Task_16,Moving
515,AGV_6,15,6,WAIT,WAIT
515,AGV_7,15,10,WAIT,WAIT
515,AGV_8,7,11,WAIT,WAIT
515,AGV_9,7,7,WAIT,WAIT
515,AGV_10,7,6,WAIT,WAIT
515,AGV_11,11,14,WAIT,WAIT
515,AGV_1,15,14,WAIT,WAIT
516,AGV_3,11,6,Task_64,Moving
516,AGV_12,19,10,Task_44,Loading
516,AGV_2,19,12,Task_45,Moving
516,AGV_4,11,5,Task_17,Moving
516,AGV_5,3,4,Task_16,Moving
516,AGV_6,15,6,WAIT,WAIT
516,AGV_7,15,10,WAIT,WAIT
516,AGV_8,7,11,WAIT,WAIT
516,AGV_9,7,7,WAIT,WAIT
516,AGV_10,7,6,WAIT,WAIT
516,AGV_11,11,14,WAIT,WAIT
516,AGV_1,15,14,WAIT,WAIT
517,AGV_12,19,10,Task_44,Moving
517,AGV_2,19,11,Task_45,Moving
517,AGV_4,11,6,Task_17,Moving
517,AGV_5,3,5,Task_16,Moving
517,AGV_6,15,6,WAIT,WAIT
517,AGV_7,15,10,WAIT,WAIT
517,AGV_8,7,11,WAIT,WAIT
517,AGV_9,7,7,WAIT,WAIT
517,AGV_10,7,6,WAIT,WAIT
517,AGV_11,11,14,WAIT,WAIT
517,AGV_1,15,14,WAIT,WAIT
517,AGV_3,11,6,WAIT,WAIT
518,AGV_12,18,10,Task_44,Moving
518,AGV_2,19,10,Task_45,Moving
518,AGV_4,11,7,Task_17,Moving
518,AGV_5,3,6,Task_16,Moving
518,AGV_6,15,6,WAIT,WAIT
518,AGV_7,15,10,WAIT,WAIT
518,AGV_8,7,11,WAIT,WAIT
518,AGV_9,7,7,WAIT,WAIT
518,AGV_10,7,6,WAIT,WAIT
518,AGV_11,11,14,WAIT,WAIT
518,AGV_1,15,14,WAIT,WAIT
518,AGV_3,11,6,WAIT,WAIT
519,AGV_12,17,10,Task_44,Moving
519,AGV_2,19,10,Task_45,Loading
519,AGV_4,11,8,Task_17,Moving
519,AGV_5,3,7,Task_16,Moving
519,AGV_6,15,6,WAIT,WAIT
519,AGV_7,15,10,WAIT,WAIT
519,AGV_8,7,11,WAIT,WAIT
519,AGV_9,7,7,WAIT,WAIT
519,AGV_10,7,6,WAIT,WAIT
519,AGV_11,11,14,WAIT,WAIT
519,AGV_1,15,14,WAIT,WAIT
519,AGV_3,11,6,WAIT,WAIT
520,AGV_12,17,11,Task_44,Moving
520,AGV_2,19,10,Task_45,Loading
520,AGV_4,11,9,Task_17,Moving
520,AGV_5,3,8,Task_16,Moving
520,AGV_6,15,6,WAIT,WAIT
520,AGV_7,15,10,WAIT,WAIT
520,AGV_8,7,11,WAIT,WAIT
520,AGV_9,7,7,WAIT,WAIT
520,AGV_10,7,6,WAIT,WAIT
520,AGV_11,11,14,WAIT,WAIT
520,AGV_1,15,14,WAIT,WAIT
520,AGV_3,11,6,WAIT,WAIT
521,AGV_12,17,12,Task_44,Moving
521,AGV_2,19,10,Task_45,Moving
521,AGV_4,12,9,Task_17,Moving
521,AGV_5,3,9,Task_16,Moving
521,AGV_6,15,6,WAIT,WAIT
521,AGV_7,15,10,WAIT,WAIT
521,AGV_8,7,11,WAIT,WAIT
521,AGV_9,7,7,WAIT,WAIT
521,AGV_10,7,6,WAIT,WAIT
521,AGV_11,11,14,WAIT,WAIT
521,AGV_1,15,14,WAIT,WAIT
521,AGV_3,11,6,WAIT,WAIT
522,AGV_12,16,12,Task_44,Moving
522,AGV_2,18,10,Task_45,Moving
522,AGV_4,13,9,Task_17,Moving
522,AGV_5,4,9,Task_16,Moving
522,AGV_6,15,6,WAIT,WAIT
522,AGV_7,15,10,WAIT,WAIT
522,AGV_8,7,11,WAIT,WAIT
522,AGV_9,7,7,WAIT,WAIT
522,AGV_10,7,6,WAIT,WAIT
522,AGV_11,11,14,WAIT,WAIT
522,AGV_1,15,14,WAIT,WAIT
522,AGV_3,11,6,WAIT,WAIT
523,AGV_12,15,12,Task_44,Moving
523,AGV_2,17,10,Task_45,Moving
523,AGV_4,14,9,Task_17,Moving
523,AGV_5,5,9,Task_16,Moving
523,AGV_6,15,6,WAIT,WAIT
523,AGV_7,15,10,WAIT,WAIT
523,AGV_8,7,11,WAIT,WAIT
523,AGV_9,7,7,WAIT,WAIT
523,AGV_10,7,6,WAIT,WAIT
523,AGV_11,11,14,WAIT,WAIT
523,AGV_1,15,14,WAIT,WAIT
523,AGV_3,11,6,WAIT,WAIT
524,AGV_12,14,12,Task_44,Moving
524,AGV_2,17,11,Task_45,Moving
524,AGV_4,15,9,Task_17,Moving
524,AGV_5,6,9,Task_16,Moving
524,AGV_6,15,6,WAIT,WAIT
524,AGV_7,15,10,WAIT,WAIT
524,AGV_8,7,11,WAIT,WAIT
524,AGV_9,7,7,WAIT,WAIT
524,AGV_10,7,6,WAIT,WAIT
524,AGV_11,11,14,WAIT,WAIT
524,AGV_1,15,14,WAIT,WAIT
524,AGV_3,11,6,WAIT,WAIT
525,AGV_12,13,12,Task_44,Moving
525,AGV_2,17,12,Task_45,Moving
525,AGV_4,16,9,Task_17,Moving
525,AGV_5,7,9,Task_16,Moving
525,AGV_6,15,6,WAIT,WAIT
525,AGV_7,15,10,WAIT,WAIT
525,AGV_8,7,11,WAIT,WAIT
525,AGV_9,7,7,WAIT,WAIT
525,AGV_10,7,6,WAIT,WAIT
525,AGV_11,11,14,WAIT,WAIT
525,AGV_1,15,14,WAIT,WAIT
525,AGV_3,11,6,WAIT,WAIT
526,AGV_12,12,12,Task_44,Moving
526,AGV_2,16,12,Task_45,Moving
526,AGV_4,17,9,Task_17,Moving
526,AGV_5,8,9,Task_16,Moving
526,AGV_6,15,6,WAIT,WAIT
526,AGV_7,15,10,WAIT,WAIT
526,AGV_8,7,11,WAIT,WAIT
526,AGV_9,7,7,WAIT,WAIT
526,AGV_10,7,6,WAIT,WAIT
526,AGV_11,11,14,WAIT,WAIT
526,AGV_1,15,14,WAIT,WAIT
526,AGV_3,11,6,WAIT,WAIT
527,AGV_12,11,12,Task_44,Moving
527,AGV_2,15,12,Task_45,Moving
527,AGV_4,18,9,Task_17,Moving
527,AGV_5,9,9,Task_16,Moving
527,AGV_6,15,6,WAIT,WAIT
527,AGV_7,15,10,WAIT,WAIT
527,AGV_8,7,11,WAIT,WAIT
527,AGV_9,7,7,WAIT,WAIT
527,AGV_10,7,6,WAIT,WAIT
527,AGV_11,11,14,WAIT,WAIT
527,AGV_1,15,14,WAIT,WAIT
527,AGV_3,11,6,WAIT,WAIT
528,AGV_12,10,12,Task_44,Moving
528,AGV_2,14,12,Task_45,Moving
528,AGV_4,19,9,Task_17,Moving
528,AGV_5,10,9,Task_16,Moving
528,AGV_6,15,6,WAIT,WAIT
528,AGV_7,15,10,WAIT,WAIT
528,AGV_8,7,11,WAIT,WAIT
528,AGV_9,7,7,WAIT,WAIT
528,AGV_10,7,6,WAIT,WAIT
528,AGV_11,11,14,WAIT,WAIT
528,AGV_1,15,14,WAIT,WAIT
528,AGV_3,11,6,WAIT,WAIT
529,AGV_12,9,12,Task_44,Moving
529,AGV_2,13,12,Task_45,Moving
529,AGV_4,19,10,Task_17,Moving
529,AGV_5,11,9,Task_16,Moving
529,AGV_6,15,6,WAIT,WAIT
529,AGV_7,15,10,WAIT,WAIT
529,AGV_8,7,11,WAIT,WAIT
529,AGV_9,7,7,WAIT,WAIT
529,AGV_10,7,6,WAIT,WAIT
529,AGV_11,11,14,WAIT,WAIT
529,AGV_1,15,14,WAIT,WAIT
529,AGV_3,11,6,WAIT,WAIT
530,AGV_12,8,12,Task_44,Moving
530,AGV_2,12,12,Task_45,Moving
530,AGV_4,19,10,Task_17,Loading
530,AGV_5,12,9,Task_16,Moving
530,AGV_6,15,6,WAIT,WAIT
530,AGV_7,15,10,WAIT,WAIT
530,AGV_8,7,11,WAIT,WAIT
530,AGV_9,7,7,WAIT,WAIT
530,AGV_10,7,6,WAIT,WAIT
530,AGV_11,11,14,WAIT,WAIT
530,AGV_1,15,14,WAIT,WAIT
530,AGV_3,11,6,WAIT,WAIT
531,AGV_12,7,12,Task_44,Moving
531,AGV_2,11,12,Task_45,Moving
531,AGV_4,19,10,Task_17,Loading
531,AGV_5,13,9,Task_16,Moving
531,AGV_6,15,6,WAIT,WAIT
531,AGV_7,15,10,WAIT,WAIT
531,AGV_8,7,11,WAIT,WAIT
531,AGV_9,7,7,WAIT,WAIT
531,AGV_10,7,6,WAIT,WAIT
531,AGV_11,11,14,WAIT,WAIT
531,AGV_1,15,14,WAIT,WAIT
531,AGV_3,11,6,WAIT,WAIT
532,AGV_12,7,13,Task_44,Moving
532,AGV_2,10,12,Task_45,Moving
532,AGV_4,19,10,Task_17,Moving
532,AGV_5,14,9,Task_16,Moving
532,AGV_6,15,6,WAIT,WAIT
532,AGV_7,15,10,WAIT,WAIT
532,AGV_8,7,11,WAIT,WAIT
532,AGV_9,7,7,WAIT,WAIT
532,AGV_10,7,6,WAIT,WAIT
532,AGV_11,11,14,WAIT,WAIT
532,AGV_1,15,14,WAIT,WAIT
532,AGV_3,11,6,WAIT,WAIT
533,AGV_12,7,14,Task_44,Moving
533,AGV_2,9,12,Task_45,Moving
533,AGV_4,18,10,Task_17,Moving
533,AGV_5,15,9,Task_16,Moving
533,AGV_6,15,6,WAIT,WAIT
533,AGV_7,15,10,WAIT,WAIT
533,AGV_8,7,11,WAIT,WAIT
533,AGV_9,7,7,WAIT,WAIT
533,AGV_10,7,6,WAIT,WAIT
533,AGV_11,11,14,WAIT,WAIT
533,AGV_1,15,14,WAIT,WAIT
533,AGV_3,11,6,WAIT,WAIT
534,AGV_12,7,15,Task_44,Moving
534,AGV_2,8,12,Task_45,Moving
534,AGV_4,17,10,Task_17,Moving
534,AGV_5,16,9,Task_16,Moving
534,AGV_6,15,6,WAIT,WAIT
534,AGV_7,15,10,WAIT,WAIT
534,AGV_8,7,11,WAIT,WAIT
534,AGV_9,7,7,WAIT,WAIT
534,AGV_10,7,6,WAIT,WAIT
534,AGV_11,11,14,WAIT,WAIT
534,AGV_1,15,14,WAIT,WAIT
534,AGV_3,11,6,WAIT,WAIT
535,AGV_2,7,12,Task_45,Moving
535,AGV_4,17,11,Task_17,Moving
535,AGV_5,17,9,Task_16,Moving
535,AGV_6,15,6,WAIT,WAIT
535,AGV_7,15,10,WAIT,WAIT
535,AGV_8,7,11,WAIT,WAIT
535,AGV_9,7,7,WAIT,WAIT
535,AGV_10,7,6,WAIT,WAIT
535,AGV_11,11,14,WAIT,WAIT
535,AGV_1,15,14,WAIT,WAIT
535,AGV_3,11,6,WAIT,WAIT
535,AGV_12,7,15,WAIT,WAIT
536,AGV_2,6,12,Task_45,Moving
536,AGV_4,17,12,Task_17,Moving
536,AGV_5,18,9,Task_16,Moving
536,AGV_6,15,6,WAIT,WAIT
536,AGV_7,15,10,WAIT,WAIT
536,AGV_8,7,11,WAIT,WAIT
536,AGV_9,7,7,WAIT,WAIT
536,AGV_10,7,6,WAIT,WAIT
536,AGV_11,11,14,WAIT,WAIT
536,AGV_1,15,14,WAIT,WAIT
536,AGV_3,11,6,WAIT,WAIT
536,AGV_12,7,15,WAIT,WAIT
537,AGV_2,5,12,Task_45,Moving
537,AGV_4,16,12,Task_17,Moving
537,AGV_5,19,9,Task_16,Moving
537,AGV_6,15,6,WAIT,WAIT
537,AGV_7,15,10,WAIT,WAIT
537,AGV_8,7,11,WAIT,WAIT
537,AGV_9,7,7,WAIT,WAIT
537,AGV_10,7,6,WAIT,WAIT
537,AGV_11,11,14,WAIT,WAIT
537,AGV_1,15,14,WAIT,WAIT
537,AGV_3,11,6,WAIT,WAIT
537,AGV_12,7,15,WAIT,WAIT
538,AGV_2,4,12,Task_45,Moving
538,AGV_4,15,12,Task_17,Moving
538,AGV_5,19,10,Task_16,Moving
538,AGV_6,15,6,WAIT,WAIT
538,AGV_7,15,10,WAIT,WAIT
538,AGV_8,7,11,WAIT,WAIT
538,AGV_9,7,7,WAIT,WAIT
538,AGV_10,7,6,WAIT,WAIT
538,AGV_11,11,14,WAIT,WAIT
538,AGV_1,15,14,WAIT,WAIT
538,AGV_3,11,6,WAIT,WAIT
538,AGV_12,7,15,WAIT,WAIT
539,AGV_2,3,12,Task_45,Moving
539,AGV_4,14,12,Task_17,Moving
539,AGV_5,19,10,Task_16,Loading
539,AGV_6,15,6,WAIT,WAIT
539,AGV_7,15,10,WAIT,WAIT
539,AGV_8,7,11,WAIT,WAIT
539,AGV_9,7,7,WAIT,WAIT
539,AGV_10,7,6,WAIT,WAIT
539,AGV_11,11,14,WAIT,WAIT
539,AGV_1,15,14,WAIT,WAIT
539,AGV_3,11,6,WAIT,WAIT
539,AGV_12,7,15,WAIT,WAIT
540,AGV_2,3,13,Task_45,Moving
540,AGV_4,13,12,Task_17,Moving
540,AGV_5,19,10,Task_16,Loading
540,AGV_6,15,6,WAIT,WAIT
540,AGV_7,15,10,WAIT,WAIT
540,AGV_8,7,11,WAIT,WAIT
540,AGV_9,7,7,WAIT,WAIT
540,AGV_10,7,6,WAIT,WAIT
540,AGV_11,11,14,WAIT,WAIT
540,AGV_1,15,14,WAIT,WAIT
540,AGV_3,11,6,WAIT,WAIT
540,AGV_12,7,15,WAIT,WAIT
541,AGV_2,3,14,Task_45,Moving
541,AGV_4,12,12,Task_17,Moving
541,AGV_5,19,10,Task_16,Moving
541,AGV_6,15,6,WAIT,WAIT
541,AGV_7,15,10,WAIT,WAIT
541,AGV_8,7,11,WAIT,WAIT
541,AGV_9,7,7,WAIT,WAIT
541,AGV_10,7,6,WAIT,WAIT
541,AGV_11,11,14,WAIT,WAIT
541,AGV_1,15,14,WAIT,WAIT
541,AGV_3,11,6,WAIT,WAIT
541,AGV_12,7,15,WAIT,WAIT
542,AGV_4,11,12,Task_17,Moving
542,AGV_5,18,10,Task_16,Moving
542,AGV_6,15,6,WAIT,WAIT
542,AGV_7,15,10,WAIT,WAIT
542,AGV_8,7,11,WAIT,WAIT
542,AGV_9,7,7,WAIT,WAIT
542,AGV_10,7,6,WAIT,WAIT
542,AGV_11,11,14,WAIT,WAIT
542,AGV_1,15,14,WAIT,WAIT
542,AGV_3,11,6,WAIT,WAIT
542,AGV_12,7,15,WAIT,WAIT
542,AGV_2,3,14,WAIT,WAIT
543,AGV_4,11,13,Task_17,Moving
543,AGV_5,17,10,Task_16,Moving
543,AGV_6,15,6,WAIT,WAIT
543,AGV_7,15,10,WAIT,WAIT
543,AGV_8,7,11,WAIT,WAIT
543,AGV_9,7,7,WAIT,WAIT
543,AGV_10,7,6,WAIT,WAIT
543,AGV_11,11,14,WAIT,WAIT
543,AGV_1,15,14,WAIT,WAIT
543,AGV_3,11,6,WAIT,WAIT
543,AGV_12,7,15,WAIT,WAIT
543,AGV_2,3,14,WAIT,WAIT
544,AGV_4,11,14,Task_17,Moving
544,AGV_5,17,9,Task_16,Moving
544,AGV_6,15,6,WAIT,WAIT
544,AGV_7,15,10,WAIT,WAIT
544,AGV_8,7,11,WAIT,WAIT
544,AGV_9,7,7,WAIT,WAIT
544,AGV_10,7,6,WAIT,WAIT
544,AGV_11,11,14,WAIT,WAIT
544,AGV_1,15,14,WAIT,WAIT
544,AGV_3,11,6,WAIT,WAIT
544,AGV_12,7,15,WAIT,WAIT
544,AGV_2,3,14,WAIT,WAIT
545,AGV_4,11,15,Task_17,Moving
545,AGV_5,16,9,Task_16,Moving
545,AGV_6,15,6,WAIT,WAIT
545,AGV_7,15,10,WAIT,WAIT
545,AGV_8,7,11,WAIT,WAIT
545,AGV_9,7,7,WAIT,WAIT
545,AGV_10,7,6,WAIT,WAIT
545,AGV_11,11,14,WAIT,WAIT
545,AGV_1,15,14,WAIT,WAIT
545,AGV_3,11,6,WAIT,WAIT
545,AGV_12,7,15,WAIT,WAIT
545,AGV_2,3,14,WAIT,WAIT
546,AGV_5,15,9,Task_16,Moving
546,AGV_6,15,6,WAIT,WAIT
546,AGV_7,15,10,WAIT,WAIT
546,AGV_8,7,11,WAIT,WAIT
546,AGV_9,7,7,WAIT,WAIT
546,AGV_10,7,6,WAIT,WAIT
546,AGV_11,11,14,WAIT,WAIT
546,AGV_1,15,14,WAIT,WAIT
546,AGV_3,11,6,WAIT,WAIT
546,AGV_12,7,15,WAIT,WAIT
546,AGV_2,3,14,WAIT,WAIT
546,AGV_4,11,15,WAIT,WAIT
547,AGV_5,14,9,Task_16,Moving
547,AGV_6,15,6,WAIT,WAIT
547,AGV_7,15,10,WAIT,WAIT
547,AGV_8,7,11,WAIT,WAIT
547,AGV_9,7,7,WAIT,WAIT
547,AGV_10,7,6,WAIT,WAIT
547,AGV_11,11,14,WAIT,WAIT
547,AGV_1,15,14,WAIT,WAIT
547,AGV_3,11,6,WAIT,WAIT
547,AGV_12,7,15,WAIT,WAIT
547,AGV_2,3,14,WAIT,WAIT
547,AGV_4,11,15,WAIT,WAIT
548,AGV_5,13,9,Task_16,Moving
548,AGV_6,15,6,WAIT,WAIT
548,AGV_7,15,10,WAIT,WAIT
548,AGV_8,7,11,WAIT,WAIT
548,AGV_9,7,7,WAIT,WAIT
548,AGV_10,7,6,WAIT,WAIT
548,AGV_11,11,14,WAIT,WAIT
548,AGV_1,15,14,WAIT,WAIT
548,AGV_3,11,6,WAIT,WAIT
548,AGV_12,7,15,WAIT,WAIT
548,AGV_2,3,14,WAIT,WAIT
548,AGV_4,11,15,WAIT,WAIT
549,AGV_5,12,9,Task_16,Moving
549,AGV_6,15,6,Task_100,Moving
549,AGV_7,15,10,WAIT,WAIT
549,AGV_8,7,11,WAIT,WAIT
549,AGV_9,7,7,WAIT,WAIT
549,AGV_10,7,6,WAIT,WAIT
549,AGV_11,11,14,WAIT,WAIT
549,AGV_1,15,14,WAIT,WAIT
549,AGV_3,11,6,WAIT,WAIT
549,AGV_12,7,15,WAIT,WAIT
549,AGV_2,3,14,WAIT,WAIT
549,AGV_4,11,15,WAIT,WAIT
550,AGV_5,11,9,Task_16,Moving
550,AGV_6,15,7,Task_100,Moving
550,AGV_7,15,10,WAIT,WAIT
550,AGV_8,7,11,WAIT,WAIT
550,AGV_9,7,7,WAIT,WAIT
550,AGV_10,7,6,WAIT,WAIT
550,AGV_11,11,14,WAIT,WAIT
550,AGV_1,15,14,WAIT,WAIT
550,AGV_3,11,6,WAIT,WAIT
550,AGV_12,7,15,WAIT,WAIT
550,AGV_2,3,14,WAIT,WAIT
550,AGV_4,11,15,WAIT,WAIT
551,AGV_5,10,9,Task_16,Moving
551,AGV_6,15,8,Task_100,Moving
551,AGV_7,15,10,WAIT,WAIT
551,AGV_8,7,11,WAIT,WAIT
551,AGV_9,7,7,WAIT,WAIT
551,AGV_10,7,6,WAIT,WAIT
551,AGV_11,11,14,WAIT,WAIT
551,AGV_1,15,14,WAIT,WAIT
551,AGV_3,11,6,WAIT,WAIT
551,AGV_12,7,15,WAIT,WAIT
551,AGV_2,3,14,WAIT,WAIT
551,AGV_4,11,15,WAIT,WAIT
552,AGV_5,9,9,Task_16,Moving
552,AGV_6,15,9,Task_100,Moving
552,AGV_7,15,10,WAIT,WAIT
552,AGV_8,7,11,WAIT,WAIT
552,AGV_9,7,7,WAIT,WAIT
552,AGV_10,7,6,WAIT,WAIT
552,AGV_11,11,14,WAIT,WAIT
552,AGV_1,15,14,WAIT,WAIT
552,AGV_3,11,6,WAIT,WAIT
552,AGV_12,7,15,WAIT,WAIT
552,AGV_2,3,14,WAIT,WAIT
552,AGV_4,11,15,WAIT,WAIT
553,AGV_5,8,9,Task_16,Moving
553,AGV_6,16,9,Task_100,Moving
553,AGV_7,15,10,WAIT,WAIT
553,AGV_8,7,11,WAIT,WAIT
553,AGV_9,7,7,WAIT,WAIT
553,AGV_10,7,6,WAIT,WAIT
553,AGV_11,11,14,WAIT,WAIT
553,AGV_1,15,14,WAIT,WAIT
553,AGV_3,11,6,WAIT,WAIT
553,AGV_12,7,15,WAIT,WAIT
553,AGV_2,3,14,WAIT,WAIT
553,AGV_4,11,15,WAIT,WAIT
554,AGV_5,7,9,Task_16,Moving
554,AGV_6,17,9,Task_100,Moving
554,AGV_7,15,10,WAIT,WAIT
554,AGV_8,7,11,WAIT,WAIT
554,AGV_9,7,7,WAIT,WAIT
554,AGV_10,7,6,WAIT,WAIT
554,AGV_11,11,14,WAIT,WAIT
554,AGV_1,15,14,WAIT,WAIT
554,AGV_3,11,6,WAIT,WAIT
554,AGV_12,7,15,WAIT,WAIT
554,AGV_2,3,14,WAIT,WAIT
554,AGV_4,11,15,WAIT,WAIT
555,AGV_5,6,9,Task_16,Moving
555,AGV_6,18,9,Task_100,Moving
555,AGV_7,15,10,WAIT,WAIT
555,AGV_8,7,11,WAIT,WAIT
555,AGV_9,7,7,WAIT,WAIT
555,AGV_10,7,6,WAIT,WAIT
555,AGV_11,11,14,WAIT,WAIT
555,AGV_1,15,14,WAIT,WAIT
555,AGV_3,11,6,WAIT,WAIT
555,AGV_12,7,15,WAIT,WAIT
555,AGV_2,3,14,WAIT,WAIT
555,AGV_4,11,15,WAIT,WAIT
556,AGV_5,5,9,Task_16,Moving
556,AGV_6,19,9,Task_100,Moving
556,AGV_7,15,10,WAIT,WAIT
556,AGV_8,7,11,WAIT,WAIT
556,AGV_9,7,7,WAIT,WAIT
556,AGV_10,7,6,WAIT,WAIT
556,AGV_11,11,14,WAIT,WAIT
556,AGV_1,15,14,WAIT,WAIT
556,AGV_3,11,6,WAIT,WAIT
556,AGV_12,7,15,WAIT,WAIT
556,AGV_2,3,14,WAIT,WAIT
556,AGV_4,11,15,WAIT,WAIT
557,AGV_5,4,9,Task_16,Moving
557,AGV_6,19,10,Task_100,Moving
557,AGV_7,15,10,WAIT,WAIT
557,AGV_8,7,11,WAIT,WAIT
557,AGV_9,7,7,WAIT,WAIT
557,AGV_10,7,6,WAIT,WAIT
557,AGV_11,11,14,WAIT,WAIT
557,AGV_1,15,14,WAIT,WAIT
557,AGV_3,11,6,WAIT,WAIT
557,AGV_12,7,15,WAIT,WAIT
557,AGV_2,3,14,WAIT,WAIT
557,AGV_4,11,15,WAIT,WAIT
558,AGV_5,3,9,Task_16,Moving
558,AGV_6,19,10,Task_100,Loading
558,AGV_7,15,10,WAIT,WAIT
558,AGV_8,7,11,WAIT,WAIT
558,AGV_9,7,7,WAIT,WAIT
558,AGV_10,7,6,WAIT,WAIT
558,AGV_11,11,14,WAIT,WAIT
558,AGV_1,15,14,WAIT,WAIT
558,AGV_3,11,6,WAIT,WAIT
558,AGV_12,7,15,WAIT,WAIT
558,AGV_2,3,14,WAIT,WAIT
558,AGV_4,11,15,WAIT,WAIT
559,AGV_5,3,10,Task_16,Moving
559,AGV_6,19,10,Task_100,Loading
559,AGV_7,15,10,WAIT,WAIT
559,AGV_8,7,11,WAIT,WAIT
559,AGV_9,7,7,WAIT,WAIT
559,AGV_10,7,6,WAIT,WAIT
559,AGV_11,11,14,WAIT,WAIT
559,AGV_1,15,14,WAIT,WAIT
559,AGV_3,11,6,WAIT,WAIT
559,AGV_12,7,15,WAIT,WAIT
559,AGV_2,3,14,WAIT,WAIT
559,AGV_4,11,15,WAIT,WAIT
560,AGV_5,3,11,Task_16,Moving
560,AGV_6,19,10,Task_100,Moving
560,AGV_7,15,10,WAIT,WAIT
560,AGV_8,7,11,WAIT,WAIT
560,AGV_9,7,7,WAIT,WAIT
560,AGV_10,7,6,WAIT,WAIT
560,AGV_11,11,14,WAIT,WAIT
560,AGV_1,15,14,WAIT,WAIT
560,AGV_3,11,6,WAIT,WAIT
560,AGV_12,7,15,WAIT,WAIT
560,AGV_2,3,14,WAIT,WAIT
560,AGV_4,11,15,WAIT,WAIT
561,AGV_6,18,10,Task_100,Moving
561,AGV_7,15,10,WAIT,WAIT
561,AGV_8,7,11,WAIT,WAIT
561,AGV_9,7,7,WAIT,WAIT
561,AGV_10,7,6,WAIT,WAIT
561,AGV_11,11,14,WAIT,WAIT
561,AGV_1,15,14,WAIT,WAIT
561,AGV_3,11,6,WAIT,WAIT
561,AGV_12,7,15,WAIT,WAIT
561,AGV_2,3,14,WAIT,WAIT
561,AGV_4,11,15,WAIT,WAIT
561,AGV_5,3,11,WAIT,WAIT
562,AGV_6,17,10,Task_100,Moving
562,AGV_7,15,10,WAIT,WAIT
562,AGV_8,7,11,WAIT,WAIT
562,AGV_9,7,7,WAIT,WAIT
562,AGV_10,7,6,WAIT,WAIT
562,AGV_11,11,14,WAIT,WAIT
562,AGV_1,15,14,WAIT,WAIT
562,AGV_3,11,6,WAIT,WAIT
562,AGV_12,7,15,WAIT,WAIT
562,AGV_2,3,14,WAIT,WAIT
562,AGV_4,11,15,WAIT,WAIT
562,AGV_5,3,11,WAIT,WAIT
563,AGV_6,17,11,Task_100,Moving
563,AGV_7,15,10,WAIT,WAIT
563,AGV_8,7,11,Task_39,Moving
563,AGV_9,7,7,WAIT,WAIT
563,AGV_10,7,6,WAIT,WAIT
563,AGV_11,11,14,WAIT,WAIT
563,AGV_1,15,14,WAIT,WAIT
563,AGV_3,11,6,WAIT,WAIT
563,AGV_12,7,15,WAIT,WAIT
563,AGV_2,3,14,WAIT,WAIT
563,AGV_4,11,15,WAIT,WAIT
563,AGV_5,3,11,WAIT,WAIT
564,AGV_6,17,12,Task_100,Moving
564,AGV_7,15,10,Task_85,Moving
564,AGV_8,7,10,Task_39,Moving
564,AGV_9,7,7,WAIT,WAIT
564,AGV_10,7,6,WAIT,WAIT
564,AGV_11,11,14,WAIT,WAIT
564,AGV_1,15,14,WAIT,WAIT
564,AGV_3,11,6,WAIT,WAIT
564,AGV_12,7,15,WAIT,WAIT
564,AGV_2,3,14,WAIT,WAIT
564,AGV_4,11,15,WAIT,WAIT
564,AGV_5,3,11,WAIT,WAIT
565,AGV_6,16,12,Task_100,Moving
565,AGV_7,15,9,Task_85,Moving
565,AGV_8,7,9,Task_39,Moving
565,AGV_9,7,7,WAIT,WAIT
565,AGV_10,7,6,WAIT,WAIT
565,AGV_11,11,14,WAIT,WAIT
565,AGV_1,15,14,WAIT,WAIT
565,AGV_3,11,6,WAIT,WAIT
565,AGV_12,7,15,WAIT,WAIT
565,AGV_2,3,14,WAIT,WAIT
565,AGV_4,11,15,WAIT,WAIT
565,AGV_5,3,11,WAIT,WAIT
566,AGV_6,15,12,Task_100,Moving
566,AGV_7,16,9,Task_85,Moving
566,AGV_8,8,9,Task_39,Moving
566,AGV_9,7,7,WAIT,WAIT
566,AGV_10,7,6,WAIT,WAIT
566,AGV_11,11,14,WAIT,WAIT
566,AGV_1,15,14,WAIT,WAIT
566,AGV_3,11,6,WAIT,WAIT
566,AGV_12,7,15,WAIT,WAIT
566,AGV_2,3,14,WAIT,WAIT
566,AGV_4,11,15,WAIT,WAIT
566,AGV_5,3,11,WAIT,WAIT
567,AGV_6,14,12,Task_100,Moving
567,AGV_7,17,9,Task_85,Moving
567,AGV_8,9,9,Task_39,Moving
567,AGV_9,7,7,WAIT,WAIT
567,AGV_10,7,6,WAIT,WAIT
567,AGV_11,11,14,WAIT,WAIT
567,AGV_1,15,14,WAIT,WAIT
567,AGV_3,11,6,WAIT,WAIT
567,AGV_12,7,15,WAIT,WAIT
567,AGV_2,3,14,WAIT,WAIT
567,AGV_4,11,15,WAIT,WAIT
567,AGV_5,3,11,WAIT,WAIT
568,AGV_6,13,12,Task_100,Moving
568,AGV_7,18,9,Task_85,Moving
568,AGV_8,10,9,Task_39,Moving
568,AGV_9,7,7,WAIT,WAIT
568,AGV_10,7,6,WAIT,WAIT
568,AGV_11,11,14,WAIT,WAIT
568,AGV_1,15,14,WAIT,WAIT
568,AGV_3,11,6,WAIT,WAIT
568,AGV_12,7,15,WAIT,WAIT
568,AGV_2,3,14,WAIT,WAIT
568,AGV_4,11,15,WAIT,WAIT
568,AGV_5,3,11,WAIT,WAIT
569,AGV_6,12,12,Task_100,Moving
569,AGV_7,19,9,Task_85,Moving
569,AGV_8,11,9,Task_39,Moving
569,AGV_9,7,7,WAIT,WAIT
569,AGV_10,7,6,WAIT,WAIT
569,AGV_11,11,14,WAIT,WAIT
569,AGV_1,15,14,WAIT,WAIT
569,AGV_3,11,6,WAIT,WAIT
569,AGV_12,7,15,WAIT,WAIT
569,AGV_2,3,14,WAIT,WAIT
569,AGV_4,11,15,WAIT,WAIT
569,AGV_5,3,11,WAIT,WAIT
570,AGV_6,11,12,Task_100,Moving
570,AGV_7,19,10,Task_85,Moving
570,AGV_8,12,9,Task_39,Moving
570,AGV_9,7,7,WAIT,WAIT
570,AGV_10,7,6,WAIT,WAIT
570,AGV_11,11,14,WAIT,WAIT
570,AGV_1,15,14,WAIT,WAIT
570,AGV_3,11,6,WAIT,WAIT
570,AGV_12,7,15,WAIT,WAIT
570,AGV_2,3,14,WAIT,WAIT
570,AGV_4,11,15,WAIT,WAIT
570,AGV_5,3,11,WAIT,WAIT
571,AGV_6,11,13,Task_100,Moving
571,AGV_7,19,10,Task_85,Loading
571,AGV_8,13,9,Task_39,Moving
571,AGV_9,7,7,WAIT,WAIT
571,AGV_10,7,6,WAIT,WAIT
571,AGV_11,11,14,WAIT,WAIT
571,AGV_1,15,14,WAIT,WAIT
571,AGV_3,11,6,WAIT,WAIT
571,AGV_12,7,15,WAIT,WAIT
571,AGV_2,3,14,WAIT,WAIT
571,AGV_4,11,15,WAIT,WAIT
571,AGV_5,3,11,WAIT,WAIT
572,AGV_6,11,14,Task_100,Moving
572,AGV_7,19,10,Task_85,Loading
572,AGV_8,14,9,Task_39,Moving
572,AGV_9,7,7,WAIT,WAIT
572,AGV_10,7,6,WAIT,WAIT
572,AGV_11,11,14,WAIT,WAIT
572,AGV_1,15,14,WAIT,WAIT
572,AGV_3,11,6,WAIT,WAIT
572,AGV_12,7,15,WAIT,WAIT
572,AGV_2,3,14,WAIT,WAIT
572,AGV_4,11,15,WAIT,WAIT
572,AGV_5,3,11,WAIT,WAIT
573,AGV_7,19,10,Task_85,Moving
573,AGV_8,15,9,Task_39,Moving
573,AGV_9,7,7,WAIT,WAIT
573,AGV_10,7,6,WAIT,WAIT
573,AGV_11,11,14,WAIT,WAIT
573,AGV_1,15,14,WAIT,WAIT
573,AGV_3,11,6,WAIT,WAIT
573,AGV_12,7,15,WAIT,WAIT
573,AGV_2,3,14,WAIT,WAIT
573,AGV_4,11,15,WAIT,WAIT
573,AGV_5,3,11,WAIT,WAIT
573,AGV_6,11,14,WAIT,WAIT
574,AGV_7,18,10,Task_85,Moving
574,AGV_8,16,9,Task_39,Moving
574,AGV_9,7,7,Task_61,Moving
574,AGV_10,7,6,WAIT,WAIT
574,AGV_11,11,14,WAIT,WAIT
574,AGV_1,15,14,WAIT,WAIT
574,AGV_3,11,6,WAIT,WAIT
574,AGV_12,7,15,WAIT,WAIT
574,AGV_2,3,14,WAIT,WAIT
574,AGV_4,11,15,WAIT,WAIT
574,AGV_5,3,11,WAIT,WAIT
574,AGV_6,11,14,WAIT,WAIT
575,AGV_7,17,10,Task_85,Moving
575,AGV_8,17,9,Task_39,Moving
575,AGV_9,7,8,Task_61,Moving
575,AGV_10,7,6,WAIT,WAIT
575,AGV_11,11,14,WAIT,WAIT
575,AGV_1,15,14,WAIT,WAIT
575,AGV_3,11,6,WAIT,WAIT
575,AGV_12,7,15,WAIT,WAIT
575,AGV_2,3,14,WAIT,WAIT
575,AGV_4,11,15,WAIT,WAIT
575,AGV_5,3,11,WAIT,WAIT
575,AGV_6,11,14,WAIT,WAIT
576,AGV_7,17,9,Task_85,Moving
576,AGV_8,18,9,Task_39,Moving
576,AGV_9,8,8,Task_61,Moving
576,AGV_10,7,6,WAIT,WAIT
576,AGV_11,11,14,WAIT,WAIT
576,AGV_1,15,14,WAIT,WAIT
576,AGV_3,11,6,WAIT,WAIT
576,AGV_12,7,15,WAIT,WAIT
576,AGV_2,3,14,WAIT,WAIT
576,AGV_4,11,15,WAIT,WAIT
576,AGV_5,3,11,WAIT,WAIT
576,AGV_6,11,14,WAIT,WAIT
577,AGV_7,16,9,Task_85,Moving
577,AGV_8,19,9,Task_39,Moving
577,AGV_9,9,8,Task_61,Moving
577,AGV_10,7,6,WAIT,WAIT
577,AGV_11,11,14,WAIT,WAIT
577,AGV_1,15,14,WAIT,WAIT
577,AGV_3,11,6,WAIT,WAIT
577,AGV_12,7,15,WAIT,WAIT
577,AGV_2,3,14,WAIT,WAIT
577,AGV_4,11,15,WAIT,WAIT
577,AGV_5,3,11,WAIT,WAIT
577,AGV_6,11,14,WAIT,WAIT
578,AGV_7,15,9,Task_85,Moving
578,AGV_8,19,10,Task_39,Moving
578,AGV_9,10,8,Task_61,Moving
578,AGV_10,7,6,WAIT,WAIT
578,AGV_11,11,14,WAIT,WAIT
578,AGV_1,15,14,WAIT,WAIT
578,AGV_3,11,6,WAIT,WAIT
578,AGV_12,7,15,WAIT,WAIT
578,AGV_2,3,14,WAIT,WAIT
578,AGV_4,11,15,WAIT,WAIT
578,AGV_5,3,11,WAIT,WAIT
578,AGV_6,11,14,WAIT,WAIT
579,AGV_7,14,9,Task_85,Moving
579,AGV_8,19,10,Task_39,Loading
579,AGV_9,11,8,Task_61,Moving
579,AGV_10,7,6,WAIT,WAIT
579,AGV_11,11,14,WAIT,WAIT
579,AGV_1,15,14,WAIT,WAIT
579,AGV_3,11,6,WAIT,WAIT
579,AGV_12,7,15,WAIT,WAIT
579,AGV_2,3,14,WAIT,WAIT
579,AGV_4,11,15,WAIT,WAIT
579,AGV_5,3,11,WAIT,WAIT
579,AGV_6,11,14,WAIT,WAIT
580,AGV_7,13,9,Task_85,Moving
580,AGV_8,19,10,Task_39,Loading
580,AGV_9,12,8,Task_61,Moving
580,AGV_10,7,6,WAIT,WAIT
580,AGV_11,11,14,WAIT,WAIT
580,AGV_1,15,14,WAIT,WAIT
580,AGV_3,11,6,WAIT,WAIT
580,AGV_12,7,15,WAIT,WAIT
580,AGV_2,3,14,WAIT,WAIT
580,AGV_4,11,15,WAIT,WAIT
580,AGV_5,3,11,WAIT,WAIT
580,AGV_6,11,14,WAIT,WAIT
581,AGV_7,12,9,Task_85,Moving
581,AGV_8,19,10,Task_39,Moving
581,AGV_9,13,8,Task_61,Moving
581,AGV_10,7,6,Task_63,Moving
581,AGV_11,11,14,WAIT,WAIT
581,AGV_1,15,14,WAIT,WAIT
581,AGV_3,11,6,WAIT,WAIT
581,AGV_12,7,15,WAIT,WAIT
581,AGV_2,3,14,WAIT,WAIT
581,AGV_4,11,15,WAIT,WAIT
581,AGV_5,3,11,WAIT,WAIT
581,AGV_6,11,14,WAIT,WAIT
582,AGV_7,11,9,Task_85,Moving
582,AGV_8,18,10,Task_39,Moving
582,AGV_9,13,9,Task_61,Moving
582,AGV_10,7,7,Task_63,Moving
582,AGV_11,11,14,WAIT,WAIT
582,AGV_1,15,14,WAIT,WAIT
582,AGV_3,11,6,WAIT,WAIT
582,AGV_12,7,15,WAIT,WAIT
582,AGV_2,3,14,WAIT,WAIT
582,AGV_4,11,15,WAIT,WAIT
582,AGV_5,3,11,WAIT,WAIT
582,AGV_6,11,14,WAIT,WAIT
583,AGV_7,11,8,Task_85,Moving
583,AGV_8,17,10,Task_39,Moving
583,AGV_9,14,9,Task_61,Moving
583,AGV_10,7,8,Task_63,Moving
583,AGV_11,11,14,WAIT,WAIT
583,AGV_1,15,14,WAIT,WAIT
583,AGV_3,11,6,WAIT,WAIT
583,AGV_12,7,15,WAIT,WAIT
583,AGV_2,3,14,WAIT,WAIT
583,AGV_4,11,15,WAIT,WAIT
583,AGV_5,3,11,WAIT,WAIT
583,AGV_6,11,14,WAIT,WAIT
584,AGV_7,11,7,Task_85,Moving
584,AGV_8,17,11,Task_39,Moving
584,AGV_9,15,9,Task_61,Moving
584,AGV_10,7,9,Task_63,Moving
584,AGV_11,11,14,WAIT,WAIT
584,AGV_1,15,14,WAIT,WAIT
584,AGV_3,11,6,WAIT,WAIT
584,AGV_12,7,15,WAIT,WAIT
584,AGV_2,3,14,WAIT,WAIT
584,AGV_4,11,15,WAIT,WAIT
584,AGV_5,3,11,WAIT,WAIT
584,AGV_6,11,14,WAIT,WAIT
585,AGV_8,17,12,Task_39,Moving
585,AGV_9,16,9,Task_61,Moving
585,AGV_10,8,9,Task_63,Moving
585,AGV_11,11,14,WAIT,WAIT
585,AGV_1,15,14,WAIT,WAIT
585,AGV_3,11,6,WAIT,WAIT
585,AGV_12,7,15,WAIT,WAIT
585,AGV_2,3,14,WAIT,WAIT
585,AGV_4,11,15,WAIT,WAIT
585,AGV_5,3,11,WAIT,WAIT
585,AGV_6,11,14,WAIT,WAIT
585,AGV_7,11,7,WAIT,WAIT
586,AGV_8,16,12,Task_39,Moving
586,AGV_9,17,9,Task_61,Moving
586,AGV_10,9,9,Task_63,Moving
586,AGV_11,11,14,WAIT,WAIT
586,AGV_1,15,14,WAIT,WAIT
586,AGV_3,11,6,WAIT,WAIT
586,AGV_12,7,15,WAIT,WAIT
586,AGV_2,3,14,WAIT,WAIT
586,AGV_4,11,15,WAIT,WAIT
586,AGV_5,3,11,WAIT,WAIT
586,AGV_6,11,14,WAIT,WAIT
586,AGV_7,11,7,WAIT,WAIT
587,AGV_8,15,12,Task_39,Moving
587,AGV_9,18,9,Task_61,Moving
587,AGV_10,10,9,Task_63,Moving
587,AGV_11,11,14,WAIT,WAIT
587,AGV_1,15,14,WAIT,WAIT
587,AGV_3,11,6,WAIT,WAIT
587,AGV_12,7,15,WAIT,WAIT
587,AGV_2,3,14,WAIT,WAIT
587,AGV_4,11,15,WAIT,WAIT
587,AGV_5,3,11,WAIT,WAIT
587,AGV_6,11,14,WAIT,WAIT
587,AGV_7,11,7,WAIT,WAIT
588,AGV_8,14,12,Task_39,Moving
588,AGV_9,19,9,Task_61,Moving
588,AGV_10,11,9,Task_63,Moving
588,AGV_11,11,14,WAIT,WAIT
588,AGV_1,15,14,WAIT,WAIT
588,AGV_3,11,6,WAIT,WAIT
588,AGV_12,7,15,WAIT,WAIT
588,AGV_2,3,14,WAIT,WAIT
588,AGV_4,11,15,WAIT,WAIT
588,AGV_5,3,11,WAIT,WAIT
588,AGV_6,11,14,WAIT,WAIT
588,AGV_7,11,7,WAIT,WAIT
589,AGV_8,13,12,Task_39,Moving
589,AGV_9,19,10,Task_61,Moving
589,AGV_10,12,9,Task_63,Moving
589,AGV_11,11,14,WAIT,WAIT
589,AGV_1,15,14,WAIT,WAIT
589,AGV_3,11,6,WAIT,WAIT
589,AGV_12,7,15,WAIT,WAIT
589,AGV_2,3,14,WAIT,WAIT
589,AGV_4,11,15,WAIT,WAIT
589,AGV_5,3,11,WAIT,WAIT
589,AGV_6,11,14,WAIT,WAIT
589,AGV_7,11,7,WAIT,WAIT
590,AGV_8,12,12,Task_39,Moving
590,AGV_9,19,10,Task_61,Loading
590,AGV_10,13,9,Task_63,Moving
590,AGV_11,11,14,WAIT,WAIT
590,AGV_1,15,14,WAIT,WAIT
590,AGV_3,11,6,WAIT,WAIT
590,AGV_12,7,15,WAIT,WAIT
590,AGV_2,3,14,WAIT,WAIT
590,AGV_4,11,15,WAIT,WAIT
590,AGV_5,3,11,WAIT,WAIT
590,AGV_6,11,14,WAIT,WAIT
590,AGV_7,11,7,WAIT,WAIT
591,AGV_8,11,12,Task_39,Moving
591,AGV_9,19,10,Task_61,Loading
591,AGV_10,14,9,Task_63,Moving
591,AGV_11,11,14,WAIT,WAIT
591,AGV_1,15,14,WAIT,WAIT
591,AGV_3,11,6,WAIT,WAIT
591,AGV_12,7,15,WAIT,WAIT
591,AGV_2,3,14,WAIT,WAIT
591,AGV_4,11,15,WAIT,WAIT
591,AGV_5,3,11,WAIT,WAIT
591,AGV_6,11,14,WAIT,WAIT
591,AGV_7,11,7,WAIT,WAIT
592,AGV_8,10,12,Task_39,Moving
592,AGV_9,19,10,Task_61,Moving
592,AGV_10,15,9,Task_63,Moving
592,AGV_11,11,14,WAIT,WAIT
592,AGV_1,15,14,WAIT,WAIT
592,AGV_3,11,6,WAIT,WAIT
592,AGV_12,7,15,WAIT,WAIT
592,AGV_2,3,14,WAIT,WAIT
592,AGV_4,11,15,WAIT,WAIT
592,AGV_5,3,11,WAIT,WAIT
592,AGV_6,11,14,WAIT,WAIT
592,AGV_7,11,7,WAIT,WAIT
593,AGV_8,9,12,Task_39,Moving
593,AGV_9,18,10,Task_61,Moving
593,AGV_10,16,9,Task_63,Moving
593,AGV_11,11,14,WAIT,WAIT
593,AGV_1,15,14,WAIT,WAIT
593,AGV_3,11,6,WAIT,WAIT
593,AGV_12,7,15,WAIT,WAIT
593,AGV_2,3,14,WAIT,WAIT
593,AGV_4,11,15,WAIT,WAIT
593,AGV_5,3,11,WAIT,WAIT
593,AGV_6,11,14,WAIT,WAIT
593,AGV_7,11,7,WAIT,WAIT
594,AGV_8,8,12,Task_39,Moving
594,AGV_9,17,10,Task_61,Moving
594,AGV_10,17,9,Task_63,Moving
594,AGV_11,11,14,WAIT,WAIT
594,AGV_1,15,14,WAIT,WAIT
594,AGV_3,11,6,WAIT,WAIT
594,AGV_12,7,15,WAIT,WAIT
594,AGV_2,3,14,WAIT,WAIT
594,AGV_4,11,15,WAIT,WAIT
594,AGV_5,3,11,WAIT,WAIT
594,AGV_6,11,14,WAIT,WAIT
594,AGV_7,11,7,WAIT,WAIT
595,AGV_8,7,12,Task_39,Moving
595,AGV_9,17,9,Task_61,Moving
595,AGV_10,18,9,Task_63,Moving
595,AGV_11,11,14,WAIT,WAIT
595,AGV_1,15,14,WAIT,WAIT
595,AGV_3,11,6,WAIT,WAIT
595,AGV_12,7,15,WAIT,WAIT
595,AGV_2,3,14,WAIT,WAIT
595,AGV_4,11,15,WAIT,WAIT
595,AGV_5,3,11,WAIT,WAIT
595,AGV_6,11,14,WAIT,WAIT
595,AGV_7,11,7,WAIT,WAIT
596,AGV_8,7,13,Task_39,Moving
596,AGV_9,16,9,Task_61,Moving
596,AGV_10,19,9,Task_63,Moving
596,AGV_11,11,14,WAIT,WAIT
596,AGV_1,15,14,WAIT,WAIT
596,AGV_3,11,6,WAIT,WAIT
596,AGV_12,7,15,WAIT,WAIT
596,AGV_2,3,14,WAIT,WAIT
596,AGV_4,11,15,WAIT,WAIT
596,AGV_5,3,11,WAIT,WAIT
596,AGV_6,11,14,WAIT,WAIT
596,AGV_7,11,7,WAIT,WAIT
597,AGV_8,7,14,Task_39,Moving
597,AGV_9,15,9,Task_61,Moving
597,AGV_10,19,10,Task_63,Moving
597,AGV_11,11,14,WAIT,WAIT
597,AGV_1,15,14,WAIT,WAIT
597,AGV_3,11,6,WAIT,WAIT
597,AGV_12,7,15,WAIT,WAIT
597,AGV_2,3,14,WAIT,WAIT
597,AGV_4,11,15,WAIT,WAIT
597,AGV_5,3,11,WAIT,WAIT
597,AGV_6,11,14,WAIT,WAIT
597,AGV_7,11,7,WAIT,WAIT
598,AGV_9,14,9,Task_61,Moving
598,AGV_10,19,10,Task_63,Loading
598,AGV_11,11,14,WAIT,WAIT
598,AGV_1,15,14,WAIT,WAIT
598,AGV_3,11,6,WAIT,WAIT
598,AGV_12,7,15,WAIT,WAIT
598,AGV_2,3,14,WAIT,WAIT
598,AGV_4,11,15,WAIT,WAIT
598,AGV_5,3,11,WAIT,WAIT
598,AGV_6,11,14,WAIT,WAIT
598,AGV_7,11,7,WAIT,WAIT
598,AGV_8,7,14,WAIT,WAIT
599,AGV_9,13,9,Task_61,Moving
599,AGV_10,19,10,Task_63,Loading
599,AGV_11,11,14,WAIT,WAIT
599,AGV_1,15,14,WAIT,WAIT
599,AGV_3,11,6,WAIT,WAIT
599,AGV_12,7,15,WAIT,WAIT
599,AGV_2,3,14,WAIT,WAIT
599,AGV_4,11,15,WAIT,WAIT
599,AGV_5,3,11,WAIT,WAIT
599,AGV_6,11,14,WAIT,WAIT
599,AGV_7,11,7,WAIT,WAIT
599,AGV_8,7,14,WAIT,WAIT
600,AGV_9,12,9,Task_61,Moving
600,AGV_10,19,10,Task_63,Moving
600,AGV_11,11,14,WAIT,WAIT
600,AGV_1,15,14,WAIT,WAIT
600,AGV_3,11,6,WAIT,WAIT
600,AGV_12,7,15,WAIT,WAIT
600,AGV_2,3,14,WAIT,WAIT
600,AGV_4,11,15,WAIT,WAIT
600,AGV_5,3,11,WAIT,WAIT
600,AGV_6,11,14,WAIT,WAIT
600,AGV_7,11,7,WAIT,WAIT
600,AGV_8,7,14,WAIT,WAIT
601,AGV_9,11,9,Task_61,Moving
601,AGV_10,18,10,Task_63,Moving
601,AGV_11,11,14,WAIT,WAIT
601,AGV_1,15,14,WAIT,WAIT
601,AGV_3,11,6,WAIT,WAIT
601,AGV_12,7,15,WAIT,WAIT
601,AGV_2,3,14,WAIT,WAIT
601,AGV_4,11,15,WAIT,WAIT
601,AGV_5,3,11,WAIT,WAIT
601,AGV_6,11,14,WAIT,WAIT
601,AGV_7,11,7,WAIT,WAIT
601,AGV_8,7,14,WAIT,WAIT
602,AGV_9,11,8,Task_61,Moving
602,AGV_10,17,10,Task_63,Moving
602,AGV_11,11,14,WAIT,WAIT
602,AGV_1,15,14,WAIT,WAIT
602,AGV_3,11,6,WAIT,WAIT
602,AGV_12,7,15,WAIT,WAIT
602,AGV_2,3,14,WAIT,WAIT
602,AGV_4,11,15,WAIT,WAIT
602,AGV_5,3,11,WAIT,WAIT
602,AGV_6,11,14,WAIT,WAIT
602,AGV_7,11,7,WAIT,WAIT
602,AGV_8,7,14,WAIT,WAIT
603,AGV_9,11,7,Task_61,Moving
603,AGV_10,17,11,Task_63,Moving
603,AGV_11,11,14,WAIT,WAIT
603,AGV_1,15,14,WAIT,WAIT
603,AGV_3,11,6,WAIT,WAIT
603,AGV_12,7,15,WAIT,WAIT
603,AGV_2,3,14,WAIT,WAIT
603,AGV_4,11,15,WAIT,WAIT
603,AGV_5,3,11,WAIT,WAIT
603,AGV_6,11,14,WAIT,WAIT
603,AGV_7,11,7,WAIT,WAIT
603,AGV_8,7,14,WAIT,WAIT
604,AGV_10,17,12,Task_63,Moving
604,AGV_11,11,14,WAIT,WAIT
604,AGV_1,15,14,WAIT,WAIT
604,AGV_3,11,6,WAIT,WAIT
604,AGV_12,7,15,WAIT,WAIT
604,AGV_2,3,14,WAIT,WAIT
604,AGV_4,11,15,WAIT,WAIT
604,AGV_5,3,11,WAIT,WAIT
604,AGV_6,11,14,WAIT,WAIT
604,AGV_7,11,7,WAIT,WAIT
604,AGV_8,7,14,WAIT,WAIT
604,AGV_9,11,7,WAIT,WAIT
605,AGV_10,16,12,Task_63,Moving
605,AGV_11,11,14,WAIT,WAIT
605,AGV_1,15,14,WAIT,WAIT
605,AGV_3,11,6,WAIT,WAIT
605,AGV_12,7,15,WAIT,WAIT
605,AGV_2,3,14,WAIT,WAIT
605,AGV_4,11,15,WAIT,WAIT
605,AGV_5,3,11,WAIT,WAIT
605,AGV_6,11,14,WAIT,WAIT
605,AGV_7,11,7,WAIT,WAIT
605,AGV_8,7,14,WAIT,WAIT
605,AGV_9,11,7,WAIT,WAIT
606,AGV_10,15,12,Task_63,Moving
606,AGV_11,11,14,WAIT,WAIT
606,AGV_1,15,14,WAIT,WAIT
606,AGV_3,11,6,WAIT,WAIT
606,AGV_12,7,15,WAIT,WAIT
606,AGV_2,3,14,WAIT,WAIT
606,AGV_4,11,15,WAIT,WAIT
606,AGV_5,3,11,WAIT,WAIT
606,AGV_6,11,14,WAIT,WAIT
606,AGV_7,11,7,WAIT,WAIT
606,AGV_8,7,14,WAIT,WAIT
606,AGV_9,11,7,WAIT,WAIT
607,AGV_10,14,12,Task_63,Moving
607,AGV_11,11,14,WAIT,WAIT
607,AGV_1,15,14,WAIT,WAIT
607,AGV_3,11,6,WAIT,WAIT
607,AGV_12,7,15,WAIT,WAIT
607,AGV_2,3,14,WAIT,WAIT
607,AGV_4,11,15,WAIT,WAIT
607,AGV_5,3,11,WAIT,WAIT
607,AGV_6,11,14,WAIT,WAIT
607,AGV_7,11,7,WAIT,WAIT
607,AGV_8,7,14,WAIT,WAIT
607,AGV_9,11,7,WAIT,WAIT
608,AGV_10,13,12,Task_63,Moving
608,AGV_11,11,14,WAIT,WAIT
608,AGV_1,15,14,WAIT,WAIT
608,AGV_3,11,6,WAIT,WAIT
608,AGV_12,7,15,WAIT,WAIT
608,AGV_2,3,14,WAIT,WAIT
608,AGV_4,11,15,WAIT,WAIT
608,AGV_5,3,11,WAIT,WAIT
608,AGV_6,11,14,WAIT,WAIT
608,AGV_7,11,7,WAIT,WAIT
608,AGV_8,7,14,WAIT,WAIT
608,AGV_9,11,7,WAIT,WAIT
609,AGV_10,12,12,Task_63,Moving
609,AGV_11,11,14,WAIT,WAIT
609,AGV_1,15,14,WAIT,WAIT
609,AGV_3,11,6,WAIT,WAIT
609,AGV_12,7,15,WAIT,WAIT
609,AGV_2,3,14,WAIT,WAIT
609,AGV_4,11,15,WAIT,WAIT
609,AGV_5,3,11,WAIT,WAIT
609,AGV_6,11,14,WAIT,WAIT
609,AGV_7,11,7,WAIT,WAIT
609,AGV_8,7,14,WAIT,WAIT
609,AGV_9,11,7,WAIT,WAIT
610,AGV_10,11,12,Task_63,Moving
610,AGV_11,11,14,WAIT,WAIT
610,AGV_1,15,14,WAIT,WAIT
610,AGV_3,11,6,WAIT,WAIT
610,AGV_12,7,15,WAIT,WAIT
610,AGV_2,3,14,WAIT,WAIT
610,AGV_4,11,15,WAIT,WAIT
610,AGV_5,3,11,WAIT,WAIT
610,AGV_6,11,14,WAIT,WAIT
610,AGV_7,11,7,WAIT,WAIT
610,AGV_8,7,14,WAIT,WAIT
610,AGV_9,11,7,WAIT,WAIT
611,AGV_10,10,12,Task_63,Moving
611,AGV_11,11,14,WAIT,WAIT
611,AGV_1,15,14,WAIT,WAIT
611,AGV_3,11,6,WAIT,WAIT
611,AGV_12,7,15,WAIT,WAIT
611,AGV_2,3,14,WAIT,WAIT
611,AGV_4,11,15,WAIT,WAIT
611,AGV_5,3,11,WAIT,WAIT
611,AGV_6,11,14,WAIT,WAIT
611,AGV_7,11,7,WAIT,WAIT
611,AGV_8,7,14,WAIT,WAIT
611,AGV_9,11,7,WAIT,WAIT
612,AGV_10,9,12,Task_63,Moving
612,AGV_11,11,14,WAIT,WAIT
612,AGV_1,15,14,WAIT,WAIT
612,AGV_3,11,6,WAIT,WAIT
612,AGV_12,7,15,WAIT,WAIT
612,AGV_2,3,14,WAIT,WAIT
612,AGV_4,11,15,WAIT,WAIT
612,AGV_5,3,11,WAIT,WAIT
612,AGV_6,11,14,WAIT,WAIT
612,AGV_7,11,7,WAIT,WAIT
612,AGV_8,7,14,WAIT,WAIT
612,AGV_9,11,7,WAIT,WAIT
613,AGV_10,8,12,Task_63,Moving
613,AGV_11,11,14,WAIT,WAIT
613,AGV_1,15,14,WAIT,WAIT
613,AGV_3,11,6,WAIT,WAIT
613,AGV_12,7,15,WAIT,WAIT
613,AGV_2,3,14,WAIT,WAIT
613,AGV_4,11,15,WAIT,WAIT
613,AGV_5,3,11,WAIT,WAIT
613,AGV_6,11,14,WAIT,WAIT
613,AGV_7,11,7,WAIT,WAIT
613,AGV_8,7,14,WAIT,WAIT
613,AGV_9,11,7,WAIT,WAIT
614,AGV_10,7,12,Task_63,Moving
614,AGV_11,11,14,WAIT,WAIT
614,AGV_1,15,14,WAIT,WAIT
614,AGV_3,11,6,WAIT,WAIT
614,AGV_12,7,15,WAIT,WAIT
614,AGV_2,3,14,WAIT,WAIT
614,AGV_4,11,15,WAIT,WAIT
614,AGV_5,3,11,WAIT,WAIT
614,AGV_6,11,14,WAIT,WAIT
614,AGV_7,11,7,WAIT,WAIT
614,AGV_8,7,14,WAIT,WAIT
614,AGV_9,11,7,WAIT,WAIT
615,AGV_10,6,12,Task_63,Moving
615,AGV_11,11,14,WAIT,WAIT
615,AGV_1,15,14,WAIT,WAIT
615,AGV_3,11,6,WAIT,WAIT
615,AGV_12,7,15,WAIT,WAIT
615,AGV_2,3,14,WAIT,WAIT
615,AGV_4,11,15,WAIT,WAIT
615,AGV_5,3,11,WAIT,WAIT
615,AGV_6,11,14,WAIT,WAIT
615,AGV_7,11,7,WAIT,WAIT
615,AGV_8,7,14,WAIT,WAIT
615,AGV_9,11,7,WAIT,WAIT
616,AGV_10,5,12,Task_63,Moving
616,AGV_11,11,14,WAIT,WAIT
616,AGV_1,15,14,WAIT,WAIT
616,AGV_3,11,6,WAIT,WAIT
616,AGV_12,7,15,WAIT,WAIT
616,AGV_2,3,14,WAIT,WAIT
616,AGV_4,11,15,WAIT,WAIT
616,AGV_5,3,11,WAIT,WAIT
616,AGV_6,11,14,WAIT,WAIT
616,AGV_7,11,7,WAIT,WAIT
616,AGV_8,7,14,WAIT,WAIT
616,AGV_9,11,7,WAIT,WAIT
617,AGV_10,4,12,Task_63,Moving
617,AGV_11,11,14,WAIT,WAIT
617,AGV_1,15,14,WAIT,WAIT
617,AGV_3,11,6,WAIT,WAIT
617,AGV_12,7,15,WAIT,WAIT
617,AGV_2,3,14,WAIT,WAIT
617,AGV_4,11,15,WAIT,WAIT
617,AGV_5,3,11,WAIT,WAIT
617,AGV_6,11,14,WAIT,WAIT
617,AGV_7,11,7,WAIT,WAIT
617,AGV_8,7,14,WAIT,WAIT
617,AGV_9,11,7,WAIT,WAIT
618,AGV_10,3,12,Task_63,Moving
618,AGV_11,11,14,WAIT,WAIT
618,AGV_1,15,14,WAIT,WAIT
618,AGV_3,11,6,WAIT,WAIT
618,AGV_12,7,15,WAIT,WAIT
618,AGV_2,3,14,WAIT,WAIT
618,AGV_4,11,15,WAIT,WAIT
618,AGV_5,3,11,WAIT,WAIT
618,AGV_6,11,14,WAIT,WAIT
618,AGV_7,11,7,WAIT,WAIT
618,AGV_8,7,14,WAIT,WAIT
618,AGV_9,11,7,WAIT,WAIT
619,AGV_10,3,13,Task_63,Moving
619,AGV_11,11,14,WAIT,WAIT
619,AGV_1,15,14,WAIT,WAIT
619,AGV_3,11,6,WAIT,WAIT
619,AGV_12,7,15,WAIT,WAIT
619,AGV_2,3,14,WAIT,WAIT
619,AGV_4,11,15,WAIT,WAIT
619,AGV_5,3,11,WAIT,WAIT
619,AGV_6,11,14,WAIT,WAIT
619,AGV_7,11,7,WAIT,WAIT
619,AGV_8,7,14,WAIT,WAIT
619,AGV_9,11,7,WAIT,WAIT
620,AGV_10,3,14,Task_63,Moving
620,AGV_11,11,14,WAIT,WAIT
620,AGV_1,15,14,WAIT,WAIT
620,AGV_3,11,6,WAIT,WAIT
620,AGV_12,7,15,WAIT,WAIT
620,AGV_2,3,14,WAIT,WAIT
620,AGV_4,11,15,WAIT,WAIT
620,AGV_5,3,11,WAIT,WAIT
620,AGV_6,11,14,WAIT,WAIT
620,AGV_7,11,7,WAIT,WAIT
620,AGV_8,7,14,WAIT,WAIT
620,AGV_9,11,7,WAIT,WAIT
621,AGV_10,3,15,Task_63,Moving
621,AGV_11,11,14,WAIT,WAIT
621,AGV_1,15,14,WAIT,WAIT
621,AGV_3,11,6,WAIT,WAIT
621,AGV_12,7,15,WAIT,WAIT
621,AGV_2,3,14,WAIT,WAIT
621,AGV_4,11,15,WAIT,WAIT
621,AGV_5,3,11,WAIT,WAIT
621,AGV_6,11,14,WAIT,WAIT
621,AGV_7,11,7,WAIT,WAIT
621,AGV_8,7,14,WAIT,WAIT
621,AGV_9,11,7,WAIT,WAIT
622,AGV_11,11,14,WAIT,WAIT
622,AGV_1,15,14,WAIT,WAIT
622,AGV_3,11,6,WAIT,WAIT
622,AGV_12,7,15,WAIT,WAIT
622,AGV_2,3,14,WAIT,WAIT
622,AGV_4,11,15,WAIT,WAIT
622,AGV_5,3,11,WAIT,WAIT
622,AGV_6,11,14,WAIT,WAIT
622,AGV_7,11,7,WAIT,WAIT
622,AGV_8,7,14,WAIT,WAIT
622,AGV_9,11,7,WAIT,WAIT
622,AGV_10,3,15,WAIT,WAIT
623,AGV_11,11,14,WAIT,WAIT
623,AGV_1,15,14,WAIT,WAIT
623,AGV_3,11,6,WAIT,WAIT
623,AGV_12,7,15,WAIT,WAIT
623,AGV_2,3,14,WAIT,WAIT
623,AGV_4,11,15,WAIT,WAIT
623,AGV_5,3,11,WAIT,WAIT
623,AGV_6,11,14,WAIT,WAIT
623,AGV_7,11,7,WAIT,WAIT
623,AGV_8,7,14,WAIT,WAIT
623,AGV_9,11,7,WAIT,WAIT
623,AGV_10,3,15,WAIT,WAIT
624,AGV_11,11,14,WAIT,WAIT
624,AGV_1,15,14,WAIT,WAIT
624,AGV_3,11,6,WAIT,WAIT
624,AGV_12,7,15,WAIT,WAIT
624,AGV_2,3,14,WAIT,WAIT
624,AGV_4,11,15,WAIT,WAIT
624,AGV_5,3,11,WAIT,WAIT
624,AGV_6,11,14,WAIT,WAIT
624,AGV_7,11,7,WAIT,WAIT
624,AGV_8,7,14,WAIT,WAIT
624,AGV_9,11,7,WAIT,WAIT
624,AGV_10,3,15,WAIT,WAIT
625,AGV_11,11,14,WAIT,WAIT
625,AGV_1,15,14,WAIT,WAIT
625,AGV_3,11,6,WAIT,WAIT
625,AGV_12,7,15,WAIT,WAIT
625,AGV_2,3,14,WAIT,WAIT
625,AGV_4,11,15,WAIT,WAIT
625,AGV_5,3,11,WAIT,WAIT
625,AGV_6,11,14,WAIT,WAIT
625,AGV_7,11,7,WAIT,WAIT
625,AGV_8,7,14,WAIT,WAIT
625,AGV_9,11,7,WAIT,WAIT
625,AGV_10,3,15,WAIT,WAIT
626,AGV_11,11,14,WAIT,WAIT
626,AGV_1,15,14,WAIT,WAIT
626,AGV_3,11,6,WAIT,WAIT
626,AGV_12,7,15,WAIT,WAIT
626,AGV_2,3,14,WAIT,WAIT
626,AGV_4,11,15,WAIT,WAIT
626,AGV_5,3,11,WAIT,WAIT
626,AGV_6,11,14,WAIT,WAIT
626,AGV_7,11,7,WAIT,WAIT
626,AGV_8,7,14,WAIT,WAIT
626,AGV_9,11,7,WAIT,WAIT
626,AGV_10,3,15,WAIT,WAIT
627,AGV_11,11,14,WAIT,WAIT
627,AGV_1,15,14,WAIT,WAIT
627,AGV_3,11,6,WAIT,WAIT
627,AGV_12,7,15,WAIT,WAIT
627,AGV_2,3,14,WAIT,WAIT
627,AGV_4,11,15,WAIT,WAIT
627,AGV_5,3,11,WAIT,WAIT
627,AGV_6,11,14,WAIT,WAIT
627,AGV_7,11,7,WAIT,WAIT
627,AGV_8,7,14,WAIT,WAIT
627,AGV_9,11,7,WAIT,WAIT
627,AGV_10,3,15,WAIT,WAIT
628,AGV_11,11,14,WAIT,WAIT
628,AGV_1,15,14,WAIT,WAIT
628,AGV_3,11,6,WAIT,WAIT
628,AGV_12,7,15,WAIT,WAIT
628,AGV_2,3,14,WAIT,WAIT
628,AGV_4,11,15,WAIT,WAIT
628,AGV_5,3,11,WAIT,WAIT
628,AGV_6,11,14,WAIT,WAIT
628,AGV_7,11,7,WAIT,WAIT
628,AGV_8,7,14,WAIT,WAIT
628,AGV_9,11,7,WAIT,WAIT
628,AGV_10,3,15,WAIT,WAIT
629,AGV_11,11,14,WAIT,WAIT
629,AGV_1,15,14,WAIT,WAIT
629,AGV_3,11,6,WAIT,WAIT
629,AGV_12,7,15,WAIT,WAIT
629,AGV_2,3,14,WAIT,WAIT
629,AGV_4,11,15,WAIT,WAIT
629,AGV_5,3,11,WAIT,WAIT
629,AGV_6,11,14,WAIT,WAIT
629,AGV_7,11,7,WAIT,WAIT
629,AGV_8,7,14,WAIT,WAIT
629,AGV_9,11,7,WAIT,WAIT
629,AGV_10,3,15,WAIT,WAIT
630,AGV_11,11,14,WAIT,WAIT
630,AGV_1,15,14,WAIT,WAIT
630,AGV_3,11,6,WAIT,WAIT
630,AGV_12,7,15,WAIT,WAIT
630,AGV_2,3,14,WAIT,WAIT
630,AGV_4,11,15,WAIT,WAIT
630,AGV_5,3,11,WAIT,WAIT
630,AGV_6,11,14,WAIT,WAIT
630,AGV_7,11,7,WAIT,WAIT
630,AGV_8,7,14,WAIT,WAIT
630,AGV_9,11,7,WAIT,WAIT
630,AGV_10,3,15,WAIT,WAIT
631,AGV_11,11,14,WAIT,WAIT
631,AGV_1,15,14,WAIT,WAIT
631,AGV_3,11,6,WAIT,WAIT
631,AGV_12,7,15,WAIT,WAIT
631,AGV_2,3,14,WAIT,WAIT
631,AGV_4,11,15,WAIT,WAIT
631,AGV_5,3,11,WAIT,WAIT
631,AGV_6,11,14,WAIT,WAIT
631,AGV_7,11,7,WAIT,WAIT
631,AGV_8,7,14,WAIT,WAIT
631,AGV_9,11,7,WAIT,WAIT
631,AGV_10,3,15,WAIT,WAIT
632,AGV_11,11,14,WAIT,WAIT
632,AGV_1,15,14,WAIT,WAIT
632,AGV_3,11,6,WAIT,WAIT
632,AGV_12,7,15,WAIT,WAIT
632,AGV_2,3,14,WAIT,WAIT
632,AGV_4,11,15,WAIT,WAIT
632,AGV_5,3,11,WAIT,WAIT
632,AGV_6,11,14,WAIT,WAIT
632,AGV_7,11,7,WAIT,WAIT
632,AGV_8,7,14,WAIT,WAIT
632,AGV_9,11,7,WAIT,WAIT
632,AGV_10,3,15,WAIT,WAIT
633,AGV_11,11,14,WAIT,WAIT
633,AGV_1,15,14,WAIT,WAIT
633,AGV_3,11,6,WAIT,WAIT
633,AGV_12,7,15,WAIT,WAIT
633,AGV_2,3,14,WAIT,WAIT
633,AGV_4,11,15,WAIT,WAIT
633,AGV_5,3,11,WAIT,WAIT
633,AGV_6,11,14,WAIT,WAIT
633,AGV_7,11,7,WAIT,WAIT
633,AGV_8,7,14,WAIT,WAIT
633,AGV_9,11,7,WAIT,WAIT
633,AGV_10,3,15,WAIT,WAIT
634,AGV_11,11,14,WAIT,WAIT
634,AGV_1,15,14,WAIT,WAIT
634,AGV_3,11,6,WAIT,WAIT
634,AGV_12,7,15,WAIT,WAIT
634,AGV_2,3,14,WAIT,WAIT
634,AGV_4,11,15,WAIT,WAIT
634,AGV_5,3,11,WAIT,WAIT
634,AGV_6,11,14,WAIT,WAIT
634,AGV_7,11,7,WAIT,WAIT
634,AGV_8,7,14,WAIT,WAIT
634,AGV_9,11,7,WAIT,WAIT
634,AGV_10,3,15,WAIT,WAIT
635,AGV_11,11,14,WAIT,WAIT
635,AGV_1,15,14,WAIT,WAIT
635,AGV_3,11,6,WAIT,WAIT
635,AGV_12,7,15,WAIT,WAIT
635,AGV_2,3,14,WAIT,WAIT
635,AGV_4,11,15,WAIT,WAIT
635,AGV_5,3,11,WAIT,WAIT
635,AGV_6,11,14,WAIT,WAIT
635,AGV_7,11,7,WAIT,WAIT
635,AGV_8,7,14,WAIT,WAIT
635,AGV_9,11,7,WAIT,WAIT
635,AGV_10,3,15,WAIT,WAIT
636,AGV_11,11,14,WAIT,WAIT
636,AGV_1,15,14,WAIT,WAIT
636,AGV_3,11,6,WAIT,WAIT
636,AGV_12,7,15,WAIT,WAIT
636,AGV_2,3,14,WAIT,WAIT
636,AGV_4,11,15,WAIT,WAIT
636,AGV_5,3,11,WAIT,WAIT
636,AGV_6,11,14,WAIT,WAIT
636,AGV_7,11,7,WAIT,WAIT
636,AGV_8,7,14,WAIT,WAIT
636,AGV_9,11,7,WAIT,WAIT
636,AGV_10,3,15,WAIT,WAIT
637,AGV_11,11,14,WAIT,WAIT
637,AGV_1,15,14,WAIT,WAIT
637,AGV_3,11,6,WAIT,WAIT
637,AGV_12,7,15,WAIT,WAIT
637,AGV_2,3,14,WAIT,WAIT
637,AGV_4,11,15,WAIT,WAIT
637,AGV_5,3,11,WAIT,WAIT
637,AGV_6,11,14,WAIT,WAIT
637,AGV_7,11,7,WAIT,WAIT
637,AGV_8,7,14,WAIT,WAIT
637,AGV_9,11,7,WAIT,WAIT
637,AGV_10,3,15,WAIT,WAIT
638,AGV_11,11,14,WAIT,WAIT
638,AGV_1,15,14,Task_95,Moving
638,AGV_3,11,6,WAIT,WAIT
638,AGV_12,7,15,WAIT,WAIT
638,AGV_2,3,14,WAIT,WAIT
638,AGV_4,11,15,WAIT,WAIT
638,AGV_5,3,11,WAIT,WAIT
638,AGV_6,11,14,WAIT,WAIT
638,AGV_7,11,7,WAIT,WAIT
638,AGV_8,7,14,WAIT,WAIT
638,AGV_9,11,7,WAIT,WAIT
638,AGV_10,3,15,WAIT,WAIT
639,AGV_11,11,14,WAIT,WAIT
639,AGV_1,15,13,Task_95,Moving
639,AGV_3,11,6,WAIT,WAIT
639,AGV_12,7,15,WAIT,WAIT
639,AGV_2,3,14,WAIT,WAIT
639,AGV_4,11,15,WAIT,WAIT
639,AGV_5,3,11,WAIT,WAIT
639,AGV_6,11,14,WAIT,WAIT
639,AGV_7,11,7,WAIT,WAIT
639,AGV_8,7,14,WAIT,WAIT
639,AGV_9,11,7,WAIT,WAIT
639,AGV_10,3,15,WAIT,WAIT
640,AGV_11,11,14,WAIT,WAIT
640,AGV_1,15,12,Task_95,Moving
640,AGV_3,11,6,WAIT,WAIT
640,AGV_12,7,15,WAIT,WAIT
640,AGV_2,3,14,WAIT,WAIT
640,AGV_4,11,15,WAIT,WAIT
640,AGV_5,3,11,WAIT,WAIT
640,AGV_6,11,14,WAIT,WAIT
640,AGV_7,11,7,WAIT,WAIT
640,AGV_8,7,14,WAIT,WAIT
640,AGV_9,11,7,WAIT,WAIT
640,AGV_10,3,15,WAIT,WAIT
641,AGV_11,11,14,WAIT,WAIT
641,AGV_1,16,12,Task_95,Moving
641,AGV_3,11,6,WAIT,WAIT
641,AGV_12,7,15,WAIT,WAIT
641,AGV_2,3,14,WAIT,WAIT
641,AGV_4,11,15,WAIT,WAIT
641,AGV_5,3,11,WAIT,WAIT
641,AGV_6,11,14,WAIT,WAIT
641,AGV_7,11,7,WAIT,WAIT
641,AGV_8,7,14,WAIT,WAIT
641,AGV_9,11,7,WAIT,WAIT
641,AGV_10,3,15,WAIT,WAIT
642,AGV_11,11,14,WAIT,WAIT
642,AGV_1,17,12,Task_95,Moving
642,AGV_3,11,6,WAIT,WAIT
642,AGV_12,7,15,WAIT,WAIT
642,AGV_2,3,14,WAIT,WAIT
642,AGV_4,11,15,WAIT,WAIT
642,AGV_5,3,11,WAIT,WAIT
642,AGV_6,11,14,WAIT,WAIT
642,AGV_7,11,7,WAIT,WAIT
642,AGV_8,7,14,WAIT,WAIT
642,AGV_9,11,7,WAIT,WAIT
642,AGV_10,3,15,WAIT,WAIT
643,AGV_11,11,14,WAIT,WAIT
643,AGV_1,18,12,Task_95,Moving
643,AGV_3,11,6,WAIT,WAIT
643,AGV_12,7,15,WAIT,WAIT
643,AGV_2,3,14,WAIT,WAIT
643,AGV_4,11,15,WAIT,WAIT
643,AGV_5,3,11,WAIT,WAIT
643,AGV_6,11,14,WAIT,WAIT
643,AGV_7,11,7,WAIT,WAIT
643,AGV_8,7,14,WAIT,WAIT
643,AGV_9,11,7,WAIT,WAIT
643,AGV_10,3,15,WAIT,WAIT
644,AGV_11,11,14,WAIT,WAIT
644,AGV_1,19,12,Task_95,Moving
644,AGV_3,11,6,WAIT,WAIT
644,AGV_12,7,15,WAIT,WAIT
644,AGV_2,3,14,WAIT,WAIT
644,AGV_4,11,15,WAIT,WAIT
644,AGV_5,3,11,WAIT,WAIT
644,AGV_6,11,14,WAIT,WAIT
644,AGV_7,11,7,WAIT,WAIT
644,AGV_8,7,14,WAIT,WAIT
644,AGV_9,11,7,WAIT,WAIT
644,AGV_10,3,15,WAIT,WAIT
645,AGV_11,11,14,Task_12,Moving
645,AGV_1,19,11,Task_95,Moving
645,AGV_3,11,6,WAIT,WAIT
645,AGV_12,7,15,WAIT,WAIT
645,AGV_2,3,14,WAIT,WAIT
645,AGV_4,11,15,WAIT,WAIT
645,AGV_5,3,11,WAIT,WAIT
645,AGV_6,11,14,WAIT,WAIT
645,AGV_7,11,7,WAIT,WAIT
645,AGV_8,7,14,WAIT,WAIT
645,AGV_9,11,7,WAIT,WAIT
645,AGV_10,3,15,WAIT,WAIT
646,AGV_11,11,13,Task_12,Moving
646,AGV_1,19,10,Task_95,Moving
646,AGV_3,11,6,Task_11,Moving
646,AGV_12,7,15,WAIT,WAIT
646,AGV_2,3,14,WAIT,WAIT
646,AGV_4,11,15,WAIT,WAIT
646,AGV_5,3,11,WAIT,WAIT
646,AGV_6,11,14,WAIT,WAIT
646,AGV_7,11,7,WAIT,WAIT
646,AGV_8,7,14,WAIT,WAIT
646,AGV_9,11,7,WAIT,WAIT
646,AGV_10,3,15,WAIT,WAIT
647,AGV_11,11,12,Task_12,Moving
647,AGV_1,19,10,Task_95,Loading
647,AGV_3,11,5,Task_11,Moving
647,AGV_12,7,15,WAIT,WAIT
647,AGV_2,3,14,WAIT,WAIT
647,AGV_4,11,15,WAIT,WAIT
647,AGV_5,3,11,WAIT,WAIT
647,AGV_6,11,14,WAIT,WAIT
647,AGV_7,11,7,WAIT,WAIT
647,AGV_8,7,14,WAIT,WAIT
647,AGV_9,11,7,WAIT,WAIT
647,AGV_10,3,15,WAIT,WAIT
648,AGV_11,12,12,Task_12,Moving
648,AGV_1,19,10,Task_95,Loading
648,AGV_3,11,5,Task_11,Moving
648,AGV_12,7,15,WAIT,WAIT
648,AGV_2,3,14,WAIT,WAIT
648,AGV_4,11,15,WAIT,WAIT
648,AGV_5,3,11,WAIT,WAIT
648,AGV_6,11,14,WAIT,WAIT
648,AGV_7,11,7,WAIT,WAIT
648,AGV_8,7,14,WAIT,WAIT
648,AGV_9,11,7,WAIT,WAIT
648,AGV_10,3,15,WAIT,WAIT
649,AGV_11,13,12,Task_12,Moving
649,AGV_1,19,10,Task_95,Moving
649,AGV_3,11,6,Task_11,Moving
649,AGV_12,7,15,WAIT,WAIT
649,AGV_2,3,14,WAIT,WAIT
649,AGV_4,11,15,WAIT,WAIT
649,AGV_5,3,11,WAIT,WAIT
649,AGV_6,11,14,WAIT,WAIT
649,AGV_7,11,7,WAIT,WAIT
649,AGV_8,7,14,WAIT,WAIT
649,AGV_9,11,7,WAIT,WAIT
649,AGV_10,3,15,WAIT,WAIT
650,AGV_11,14,12,Task_12,Moving
650,AGV_1,18,10,Task_95,Moving
650,AGV_3,11,7,Task_11,Moving
650,AGV_12,7,15,WAIT,WAIT
650,AGV_2,3,14,WAIT,WAIT
650,AGV_4,11,15,WAIT,WAIT
650,AGV_5,3,11,WAIT,WAIT
650,AGV_6,11,14,WAIT,WAIT
650,AGV_7,11,7,WAIT,WAIT
650,AGV_8,7,14,WAIT,WAIT
650,AGV_9,11,7,WAIT,WAIT
650,AGV_10,3,15,WAIT,WAIT
651,AGV_11,15,12,Task_12,Moving
651,AGV_1,17,10,Task_95,Moving
651,AGV_3,11,8,Task_11,Moving
651,AGV_12,7,15,WAIT,WAIT
651,AGV_2,3,14,WAIT,WAIT
651,AGV_4,11,15,WAIT,WAIT
651,AGV_5,3,11,WAIT,WAIT
651,AGV_6,11,14,WAIT,WAIT
651,AGV_7,11,7,WAIT,WAIT
651,AGV_8,7,14,WAIT,WAIT
651,AGV_9,11,7,WAIT,WAIT
651,AGV_10,3,15,WAIT,WAIT
652,AGV_11,16,12,Task_12,Moving
652,AGV_1,17,9,Task_95,Moving
652,AGV_3,12,8,Task_11,Moving
652,AGV_12,7,15,WAIT,WAIT
652,AGV_2,3,14,WAIT,WAIT
652,AGV_4,11,15,WAIT,WAIT
652,AGV_5,3,11,WAIT,WAIT
652,AGV_6,11,14,WAIT,WAIT
652,AGV_7,11,7,WAIT,WAIT
652,AGV_8,7,14,WAIT,WAIT
652,AGV_9,11,7,WAIT,WAIT
652,AGV_10,3,15,WAIT,WAIT
653,AGV_11,17,12,Task_12,Moving
653,AGV_1,16,9,Task_95,Moving
653,AGV_3,13,8,Task_11,Moving
653,AGV_12,7,15,WAIT,WAIT
653,AGV_2,3,14,WAIT,WAIT
653,AGV_4,11,15,WAIT,WAIT
653,AGV_5,3,11,WAIT,WAIT
653,AGV_6,11,14,WAIT,WAIT
653,AGV_7,11,7,WAIT,WAIT
653,AGV_8,7,14,WAIT,WAIT
653,AGV_9,11,7,WAIT,WAIT
653,AGV_10,3,15,WAIT,WAIT
654,AGV_11,18,12,Task_12,Moving
654,AGV_1,15,9,Task_95,Moving
654,AGV_3,14,8,Task_11,Moving
654,AGV_12,7,15,WAIT,WAIT
654,AGV_2,3,14,WAIT,WAIT
654,AGV_4,11,15,WAIT,WAIT
654,AGV_5,3,11,WAIT,WAIT
654,AGV_6,11,14,WAIT,WAIT
654,AGV_7,11,7,WAIT,WAIT
654,AGV_8,7,14,WAIT,WAIT
654,AGV_9,11,7,WAIT,WAIT
654,AGV_10,3,15,WAIT,WAIT
655,AGV_11,19,12,Task_12,Moving
655,AGV_1,14,9,Task_95,Moving
655,AGV_3,15,8,Task_11,Moving
655,AGV_12,7,15,WAIT,WAIT
655,AGV_2,3,14,WAIT,WAIT
655,AGV_4,11,15,WAIT,WAIT
655,AGV_5,3,11,WAIT,WAIT
655,AGV_6,11,14,WAIT,WAIT
655,AGV_7,11,7,WAIT,WAIT
655,AGV_8,7,14,WAIT,WAIT
655,AGV_9,11,7,WAIT,WAIT
655,AGV_10,3,15,WAIT,WAIT
656,AGV_11,19,11,Task_12,Moving
656,AGV_1,13,9,Task_95,Moving
656,AGV_3,15,9,Task_11,Moving
656,AGV_12,7,15,WAIT,WAIT
656,AGV_2,3,14,WAIT,WAIT
656,AGV_4,11,15,WAIT,WAIT
656,AGV_5,3,11,WAIT,WAIT
656,AGV_6,11,14,WAIT,WAIT
656,AGV_7,11,7,WAIT,WAIT
656,AGV_8,7,14,WAIT,WAIT
656,AGV_9,11,7,WAIT,WAIT
656,AGV_10,3,15,WAIT,WAIT
657,AGV_11,19,10,Task_12,Moving
657,AGV_1,12,9,Task_95,Moving
657,AGV_3,16,9,Task_11,Moving
657,AGV_12,7,15,WAIT,WAIT
657,AGV_2,3,14,WAIT,WAIT
657,AGV_4,11,15,WAIT,WAIT
657,AGV_5,3,11,WAIT,WAIT
657,AGV_6,11,14,WAIT,WAIT
657,AGV_7,11,7,WAIT,WAIT
657,AGV_8,7,14,WAIT,WAIT
657,AGV_9,11,7,WAIT,WAIT
657,AGV_10,3,15,WAIT,WAIT
658,AGV_11,19,10,Task_12,Loading
658,AGV_1,11,9,Task_95,Moving
658,AGV_3,17,9,Task_11,Moving
658,AGV_12,7,15,WAIT,WAIT
658,AGV_2,3,14,WAIT,WAIT
658,AGV_4,11,15,WAIT,WAIT
658,AGV_5,3,11,WAIT,WAIT
658,AGV_6,11,14,WAIT,WAIT
658,AGV_7,11,7,WAIT,WAIT
658,AGV_8,7,14,WAIT,WAIT
658,AGV_9,11,7,WAIT,WAIT
658,AGV_10,3,15,WAIT,WAIT
659,AGV_11,19,10,Task_12,Loading
659,AGV_1,10,9,Task_95,Moving
659,AGV_3,18,9,Task_11,Moving
659,AGV_12,7,15,WAIT,WAIT
659,AGV_2,3,14,WAIT,WAIT
659,AGV_4,11,15,WAIT,WAIT
659,AGV_5,3,11,WAIT,WAIT
659,AGV_6,11,14,WAIT,WAIT
659,AGV_7,11,7,WAIT,WAIT
659,AGV_8,7,14,WAIT,WAIT
659,AGV_9,11,7,WAIT,WAIT
659,AGV_10,3,15,WAIT,WAIT
660,AGV_11,19,10,Task_12,Moving
660,AGV_1,9,9,Task_95,Moving
660,AGV_3,19,9,Task_11,Moving
660,AGV_12,7,15,WAIT,WAIT
660,AGV_2,3,14,WAIT,WAIT
660,AGV_4,11,15,WAIT,WAIT
660,AGV_5,3,11,WAIT,WAIT
660,AGV_6,11,14,WAIT,WAIT
660,AGV_7,11,7,WAIT,WAIT
660,AGV_8,7,14,WAIT,WAIT
660,AGV_9,11,7,WAIT,WAIT
660,AGV_10,3,15,WAIT,WAIT
661,AGV_11,18,10,Task_12,Moving
661,AGV_1,8,9,Task_95,Moving
661,AGV_3,19,10,Task_11,Moving
661,AGV_12,7,15,WAIT,WAIT
661,AGV_2,3,14,WAIT,WAIT
661,AGV_4,11,15,WAIT,WAIT
661,AGV_5,3,11,WAIT,WAIT
661,AGV_6,11,14,WAIT,WAIT
661,AGV_7,11,7,WAIT,WAIT
661,AGV_8,7,14,WAIT,WAIT
661,AGV_9,11,7,WAIT,WAIT
661,AGV_10,3,15,WAIT,WAIT
662,AGV_11,17,10,Task_12,Moving
662,AGV_1,7,9,Task_95,Moving
662,AGV_3,19,10,Task_11,Loading
662,AGV_12,7,15,WAIT,WAIT
662,AGV_2,3,14,WAIT,WAIT
662,AGV_4,11,15,WAIT,WAIT
662,AGV_5,3,11,WAIT,WAIT
662,AGV_6,11,14,WAIT,WAIT
662,AGV_7,11,7,WAIT,WAIT
662,AGV_8,7,14,WAIT,WAIT
662,AGV_9,11,7,WAIT,WAIT
662,AGV_10,3,15,WAIT,WAIT
663,AGV_11,17,9,Task_12,Moving
663,AGV_1,6,9,Task_95,Moving
663,AGV_3,19,10,Task_11,Loading
663,AGV_12,7,15,WAIT,WAIT
663,AGV_2,3,14,WAIT,WAIT
663,AGV_4,11,15,WAIT,WAIT
663,AGV_5,3,11,WAIT,WAIT
663,AGV_6,11,14,WAIT,WAIT
663,AGV_7,11,7,WAIT,WAIT
663,AGV_8,7,14,WAIT,WAIT
663,AGV_9,11,7,WAIT,WAIT
663,AGV_10,3,15,WAIT,WAIT
664,AGV_11,16,9,Task_12,Moving
664,AGV_1,5,9,Task_95,Moving
664,AGV_3,19,10,Task_11,Moving
664,AGV_12,7,15,WAIT,WAIT
664,AGV_2,3,14,WAIT,WAIT
664,AGV_4,11,15,WAIT,WAIT
664,AGV_5,3,11,WAIT,WAIT
664,AGV_6,11,14,WAIT,WAIT
664,AGV_7,11,7,WAIT,WAIT
664,AGV_8,7,14,WAIT,WAIT
664,AGV_9,11,7,WAIT,WAIT
664,AGV_10,3,15,WAIT,WAIT
665,AGV_11,15,9,Task_12,Moving
665,AGV_1,4,9,Task_95,Moving
665,AGV_3,18,10,Task_11,Moving
665,AGV_12,7,15,WAIT,WAIT
665,AGV_2,3,14,WAIT,WAIT
665,AGV_4,11,15,WAIT,WAIT
665,AGV_5,3,11,WAIT,WAIT
665,AGV_6,11,14,WAIT,WAIT
665,AGV_7,11,7,WAIT,WAIT
665,AGV_8,7,14,WAIT,WAIT
665,AGV_9,11,7,WAIT,WAIT
665,AGV_10,3,15,WAIT,WAIT
666,AGV_11,14,9,Task_12,Moving
666,AGV_1,3,9,Task_95,Moving
666,AGV_3,17,10,Task_11,Moving
666,AGV_12,7,15,WAIT,WAIT
666,AGV_2,3,14,WAIT,WAIT
666,AGV_4,11,15,WAIT,WAIT
666,AGV_5,3,11,WAIT,WAIT
666,AGV_6,11,14,WAIT,WAIT
666,AGV_7,11,7,WAIT,WAIT
666,AGV_8,7,14,WAIT,WAIT
666,AGV_9,11,7,WAIT,WAIT
666,AGV_10,3,15,WAIT,WAIT
667,AGV_11,13,9,Task_12,Moving
667,AGV_1,3,8,Task_95,Moving
667,AGV_3,17,11,Task_11,Moving
667,AGV_12,7,15,WAIT,WAIT
667,AGV_2,3,14,WAIT,WAIT
667,AGV_4,11,15,WAIT,WAIT
667,AGV_5,3,11,WAIT,WAIT
667,AGV_6,11,14,WAIT,WAIT
667,AGV_7,11,7,WAIT,WAIT
667,AGV_8,7,14,WAIT,WAIT
667,AGV_9,11,7,WAIT,WAIT
667,AGV_10,3,15,WAIT,WAIT
668,AGV_11,12,9,Task_12,Moving
668,AGV_1,3,7,Task_95,Moving
668,AGV_3,17,12,Task_11,Moving
668,AGV_12,7,15,WAIT,WAIT
668,AGV_2,3,14,Task_38,Moving
668,AGV_4,11,15,WAIT,WAIT
668,AGV_5,3,11,WAIT,WAIT
668,AGV_6,11,14,WAIT,WAIT
668,AGV_7,11,7,WAIT,WAIT
668,AGV_8,7,14,WAIT,WAIT
668,AGV_9,11,7,WAIT,WAIT
668,AGV_10,3,15,WAIT,WAIT
669,AGV_11,11,9,Task_12,Moving
669,AGV_1,3,6,Task_95,Moving
669,AGV_3,16,12,Task_11,Moving
669,AGV_12,7,15,WAIT,WAIT
669,AGV_2,3,13,Task_38,Moving
669,AGV_4,11,15,WAIT,WAIT
669,AGV_5,3,11,WAIT,WAIT
669,AGV_6,11,14,WAIT,WAIT
669,AGV_7,11,7,WAIT,WAIT
669,AGV_8,7,14,WAIT,WAIT
669,AGV_9,11,7,WAIT,WAIT
669,AGV_10,3,15,WAIT,WAIT
670,AGV_11,11,10,Task_12,Moving
670,AGV_1,3,5,Task_95,Moving
670,AGV_3,15,12,Task_11,Moving
670,AGV_12,7,15,WAIT,WAIT
670,AGV_2,4,13,Task_38,Moving
670,AGV_4,11,15,WAIT,WAIT
670,AGV_5,3,11,WAIT,WAIT
670,AGV_6,11,14,WAIT,WAIT
670,AGV_7,11,7,WAIT,WAIT
670,AGV_8,7,14,WAIT,WAIT
670,AGV_9,11,7,WAIT,WAIT
670,AGV_10,3,15,WAIT,WAIT
671,AGV_11,11,11,Task_12,Moving
671,AGV_1,3,4,Task_95,Moving
671,AGV_3,14,12,Task_11,Moving
671,AGV_12,7,15,WAIT,WAIT
671,AGV_2,5,13,Task_38,Moving
671,AGV_4,11,15,WAIT,WAIT
671,AGV_5,3,11,WAIT,WAIT
671,AGV_6,11,14,WAIT,WAIT
671,AGV_7,11,7,WAIT,WAIT
671,AGV_8,7,14,WAIT,WAIT
671,AGV_9,11,7,WAIT,WAIT
671,AGV_10,3,15,WAIT,WAIT
672,AGV_1,3,3,Task_95,Moving
672,AGV_3,13,12,Task_11,Moving
672,AGV_12,7,15,WAIT,WAIT
672,AGV_2,6,13,Task_38,Moving
672,AGV_4,11,15,WAIT,WAIT
672,AGV_5,3,11,WAIT,WAIT
672,AGV_6,11,14,WAIT,WAIT
672,AGV_7,11,7,WAIT,WAIT
672,AGV_8,7,14,WAIT,WAIT
672,AGV_9,11,7,WAIT,WAIT
672,AGV_10,3,15,WAIT,WAIT
672,AGV_11,11,11,WAIT,WAIT
673,AGV_1,3,2,Task_95,Moving
673,AGV_3,12,12,Task_11,Moving
673,AGV_12,7,15,WAIT,WAIT
673,AGV_2,7,13,Task_38,Moving
673,AGV_4,11,15,WAIT,WAIT
673,AGV_5,3,11,WAIT,WAIT
673,AGV_6,11,14,WAIT,WAIT
673,AGV_7,11,7,WAIT,WAIT
673,AGV_8,7,14,WAIT,WAIT
673,AGV_9,11,7,WAIT,WAIT
673,AGV_10,3,15,WAIT,WAIT
673,AGV_11,11,11,WAIT,WAIT
674,AGV_3,11,12,Task_11,Moving
674,AGV_12,7,15,WAIT,WAIT
674,AGV_2,8,13,Task_38,Moving
674,AGV_4,11,15,WAIT,WAIT
674,AGV_5,3,11,WAIT,WAIT
674,AGV_6,11,14,WAIT,WAIT
674,AGV_7,11,7,WAIT,WAIT
674,AGV_8,7,14,WAIT,WAIT
674,AGV_9,11,7,WAIT,WAIT
674,AGV_10,3,15,WAIT,WAIT
674,AGV_11,11,11,WAIT,WAIT
674,AGV_1,3,2,WAIT,WAIT
675,AGV_3,10,12,Task_11,Moving
675,AGV_12,7,15,WAIT,WAIT
675,AGV_2,9,13,Task_38,Moving
675,AGV_4,11,15,WAIT,WAIT
675,AGV_5,3,11,WAIT,WAIT
675,AGV_6,11,14,WAIT,WAIT
675,AGV_7,11,7,WAIT,WAIT
675,AGV_8,7,14,WAIT,WAIT
675,AGV_9,11,7,WAIT,WAIT
675,AGV_10,3,15,WAIT,WAIT
675,AGV_11,11,11,WAIT,WAIT
675,AGV_1,3,2,WAIT,WAIT
676,AGV_3,9,12,Task_11,Moving
676,AGV_12,7,15,WAIT,WAIT
676,AGV_2,10,13,Task_38,Moving
676,AGV_4,11,15,WAIT,WAIT
676,AGV_5,3,11,WAIT,WAIT
676,AGV_6,11,14,WAIT,WAIT
676,AGV_7,11,7,WAIT,WAIT
676,AGV_8,7,14,WAIT,WAIT
676,AGV_9,11,7,WAIT,WAIT
676,AGV_10,3,15,WAIT,WAIT
676,AGV_11,11,11,WAIT,WAIT
676,AGV_1,3,2,WAIT,WAIT
677,AGV_3,8,12,Task_11,Moving
677,AGV_12,7,15,WAIT,WAIT
677,AGV_2,10,12,Task_38,Moving
677,AGV_4,11,15,WAIT,WAIT
677,AGV_5,3,11,WAIT,WAIT
677,AGV_6,11,14,WAIT,WAIT
677,AGV_7,11,7,WAIT,WAIT
677,AGV_8,7,14,WAIT,WAIT
677,AGV_9,11,7,WAIT,WAIT
677,AGV_10,3,15,WAIT,WAIT
677,AGV_11,11,11,WAIT,WAIT
677,AGV_1,3,2,WAIT,WAIT
678,AGV_3,7,12,Task_11,Moving
678,AGV_12,7,15,WAIT,WAIT
678,AGV_2,11,12,Task_38,Moving
678,AGV_4,11,15,WAIT,WAIT
678,AGV_5,3,11,WAIT,WAIT
678,AGV_6,11,14,WAIT,WAIT
678,AGV_7,11,7,WAIT,WAIT
678,AGV_8,7,14,WAIT,WAIT
678,AGV_9,11,7,WAIT,WAIT
678,AGV_10,3,15,WAIT,WAIT
678,AGV_11,11,11,WAIT,WAIT
678,AGV_1,3,2,WAIT,WAIT
679,AGV_3,6,12,Task_11,Moving
679,AGV_12,7,15,WAIT,WAIT
679,AGV_2,12,12,Task_38,Moving
679,AGV_4,11,15,WAIT,WAIT
679,AGV_5,3,11,WAIT,WAIT
679,AGV_6,11,14,WAIT,WAIT
679,AGV_7,11,7,WAIT,WAIT
679,AGV_8,7,14,WAIT,WAIT
679,AGV_9,11,7,WAIT,WAIT
679,AGV_10,3,15,WAIT,WAIT
679,AGV_11,11,11,WAIT,WAIT
679,AGV_1,3,2,WAIT,WAIT
680,AGV_3,5,12,Task_11,Moving
680,AGV_12,7,15,WAIT,WAIT
680,AGV_2,13,12,Task_38,Moving
680,AGV_4,11,15,WAIT,WAIT
680,AGV_5,3,11,WAIT,WAIT
680,AGV_6,11,14,WAIT,WAIT
680,AGV_7,11,7,WAIT,WAIT
680,AGV_8,7,14,WAIT,WAIT
680,AGV_9,11,7,WAIT,WAIT
680,AGV_10,3,15,WAIT,WAIT
680,AGV_11,11,11,WAIT,WAIT
680,AGV_1,3,2,WAIT,WAIT
681,AGV_3,4,12,Task_11,Moving
681,AGV_12,7,15,WAIT,WAIT
681,AGV_2,14,12,Task_38,Moving
681,AGV_4,11,15,WAIT,WAIT
681,AGV_5,3,11,WAIT,WAIT
681,AGV_6,11,14,WAIT,WAIT
681,AGV_7,11,7,WAIT,WAIT
681,AGV_8,7,14,WAIT,WAIT
681,AGV_9,11,7,WAIT,WAIT
681,AGV_10,3,15,WAIT,WAIT
681,AGV_11,11,11,WAIT,WAIT
681,AGV_1,3,2,WAIT,WAIT
682,AGV_3,3,12,Task_11,Moving
682,AGV_12,7,15,Task_62,Moving
682,AGV_2,15,12,Task_38,Moving
682,AGV_4,11,15,WAIT,WAIT
682,AGV_5,3,11,WAIT,WAIT
682,AGV_6,11,14,WAIT,WAIT
682,AGV_7,11,7,WAIT,WAIT
682,AGV_8,7,14,WAIT,WAIT
682,AGV_9,11,7,WAIT,WAIT
682,AGV_10,3,15,WAIT,WAIT
682,AGV_11,11,11,WAIT,WAIT
682,AGV_1,3,2,WAIT,WAIT
683,AGV_3,3,13,Task_11,Moving
683,AGV_12,7,14,Task_62,Moving
683,AGV_2,16,12,Task_38,Moving
683,AGV_4,11,15,WAIT,WAIT
683,AGV_5,3,11,WAIT,WAIT
683,AGV_6,11,14,WAIT,WAIT
683,AGV_7,11,7,WAIT,WAIT
683,AGV_8,7,14,WAIT,WAIT
683,AGV_9,11,7,WAIT,WAIT
683,AGV_10,3,15,WAIT,WAIT
683,AGV_11,11,11,WAIT,WAIT
683,AGV_1,3,2,WAIT,WAIT
684,AGV_3,3,14,Task_11,Moving
684,AGV_12,7,13,Task_62,Moving
684,AGV_2,17,12,Task_38,Moving
684,AGV_4,11,15,WAIT,WAIT
684,AGV_5,3,11,WAIT,WAIT
684,AGV_6,11,14,WAIT,WAIT
684,AGV_7,11,7,WAIT,WAIT
684,AGV_8,7,14,WAIT,WAIT
684,AGV_9,11,7,WAIT,WAIT
684,AGV_10,3,15,WAIT,WAIT
684,AGV_11,11,11,WAIT,WAIT
684,AGV_1,3,2,WAIT,WAIT
685,AGV_12,7,12,Task_62,Moving
685,AGV_2,18,12,Task_38,Moving
685,AGV_4,11,15,WAIT,WAIT
685,AGV_5,3,11,WAIT,WAIT
685,AGV_6,11,14,WAIT,WAIT
685,AGV_7,11,7,WAIT,WAIT
685,AGV_8,7,14,WAIT,WAIT
685,AGV_9,11,7,WAIT,WAIT
685,AGV_10,3,15,WAIT,WAIT
685,AGV_11,11,11,WAIT,WAIT
685,AGV_1,3,2,WAIT,WAIT
685,AGV_3,3,14,WAIT,WAIT
686,AGV_12,8,12,Task_62,Moving
686,AGV_2,19,12,Task_38,Moving
686,AGV_4,11,15,WAIT,WAIT
686,AGV_5,3,11,WAIT,WAIT
686,AGV_6,11,14,WAIT,WAIT
686,AGV_7,11,7,WAIT,WAIT
686,AGV_8,7,14,WAIT,WAIT
686,AGV_9,11,7,WAIT,WAIT
686,AGV_10,3,15,WAIT,WAIT
686,AGV_11,11,11,WAIT,WAIT
686,AGV_1,3,2,WAIT,WAIT
686,AGV_3,3,14,WAIT,WAIT
687,AGV_12,9,12,Task_62,Moving
687,AGV_2,19,11,Task_38,Moving
687,AGV_4,11,15,WAIT,WAIT
687,AGV_5,3,11,WAIT,WAIT
687,AGV_6,11,14,WAIT,WAIT
687,AGV_7,11,7,WAIT,WAIT
687,AGV_8,7,14,WAIT,WAIT
687,AGV_9,11,7,WAIT,WAIT
687,AGV_10,3,15,WAIT,WAIT
687,AGV_11,11,11,WAIT,WAIT
687,AGV_1,3,2,WAIT,WAIT
687,AGV_3,3,14,WAIT,WAIT
688,AGV_12,10,12,Task_62,Moving
688,AGV_2,19,10,Task_38,Moving
688,AGV_4,11,15,WAIT,WAIT
688,AGV_5,3,11,WAIT,WAIT
688,AGV_6,11,14,WAIT,WAIT
688,AGV_7,11,7,WAIT,WAIT
688,AGV_8,7,14,WAIT,WAIT
688,AGV_9,11,7,WAIT,WAIT
688,AGV_10,3,15,WAIT,WAIT
688,AGV_11,11,11,WAIT,WAIT
688,AGV_1,3,2,WAIT,WAIT
688,AGV_3,3,14,WAIT,WAIT
689,AGV_12,11,12,Task_62,Moving
689,AGV_2,19,10,Task_38,Loading
689,AGV_4,11,15,WAIT,WAIT
689,AGV_5,3,11,WAIT,WAIT
689,AGV_6,11,14,WAIT,WAIT
689,AGV_7,11,7,WAIT,WAIT
689,AGV_8,7,14,WAIT,WAIT
689,AGV_9,11,7,WAIT,WAIT
689,AGV_10,3,15,WAIT,WAIT
689,AGV_11,11,11,WAIT,WAIT
689,AGV_1,3,2,WAIT,WAIT
689,AGV_3,3,14,WAIT,WAIT
690,AGV_12,12,12,Task_62,Moving
690,AGV_2,19,10,Task_38,Loading
690,AGV_4,11,15,WAIT,WAIT
690,AGV_5,3,11,WAIT,WAIT
690,AGV_6,11,14,WAIT,WAIT
690,AGV_7,11,7,WAIT,WAIT
690,AGV_8,7,14,WAIT,WAIT
690,AGV_9,11,7,WAIT,WAIT
690,AGV_10,3,15,WAIT,WAIT
690,AGV_11,11,11,WAIT,WAIT
690,AGV_1,3,2,WAIT,WAIT
690,AGV_3,3,14,WAIT,WAIT
691,AGV_12,13,12,Task_62,Moving
691,AGV_2,19,10,Task_38,Moving
691,AGV_4,11,15,WAIT,WAIT
691,AGV_5,3,11,WAIT,WAIT
691,AGV_6,11,14,WAIT,WAIT
691,AGV_7,11,7,WAIT,WAIT
691,AGV_8,7,14,WAIT,WAIT
691,AGV_9,11,7,WAIT,WAIT
691,AGV_10,3,15,WAIT,WAIT
691,AGV_11,11,11,WAIT,WAIT
691,AGV_1,3,2,WAIT,WAIT
691,AGV_3,3,14,WAIT,WAIT
692,AGV_12,14,12,Task_62,Moving
692,AGV_2,18,10,Task_38,Moving
692,AGV_4,11,15,WAIT,WAIT
692,AGV_5,3,11,WAIT,WAIT
692,AGV_6,11,14,WAIT,WAIT
692,AGV_7,11,7,WAIT,WAIT
692,AGV_8,7,14,WAIT,WAIT
692,AGV_9,11,7,WAIT,WAIT
692,AGV_10,3,15,WAIT,WAIT
692,AGV_11,11,11,WAIT,WAIT
692,AGV_1,3,2,WAIT,WAIT
692,AGV_3,3,14,WAIT,WAIT
693,AGV_12,15,12,Task_62,Moving
693,AGV_2,17,10,Task_38,Moving
693,AGV_4,11,15,WAIT,WAIT
693,AGV_5,3,11,WAIT,WAIT
693,AGV_6,11,14,WAIT,WAIT
693,AGV_7,11,7,WAIT,WAIT
693,AGV_8,7,14,WAIT,WAIT
693,AGV_9,11,7,WAIT,WAIT
693,AGV_10,3,15,WAIT,WAIT
693,AGV_11,11,11,WAIT,WAIT
693,AGV_1,3,2,WAIT,WAIT
693,AGV_3,3,14,WAIT,WAIT
694,AGV_12,16,12,Task_62,Moving
694,AGV_2,17,9,Task_38,Moving
694,AGV_4,11,15,WAIT,WAIT
694,AGV_5,3,11,WAIT,WAIT
694,AGV_6,11,14,WAIT,WAIT
694,AGV_7,11,7,WAIT,WAIT
694,AGV_8,7,14,WAIT,WAIT
694,AGV_9,11,7,WAIT,WAIT
694,AGV_10,3,15,WAIT,WAIT
694,AGV_11,11,11,WAIT,WAIT
694,AGV_1,3,2,WAIT,WAIT
694,AGV_3,3,14,WAIT,WAIT
695,AGV_12,17,12,Task_62,Moving
695,AGV_2,16,9,Task_38,Moving
695,AGV_4,11,15,WAIT,WAIT
695,AGV_5,3,11,WAIT,WAIT
695,AGV_6,11,14,WAIT,WAIT
695,AGV_7,11,7,WAIT,WAIT
695,AGV_8,7,14,WAIT,WAIT
695,AGV_9,11,7,WAIT,WAIT
695,AGV_10,3,15,WAIT,WAIT
695,AGV_11,11,11,WAIT,WAIT
695,AGV_1,3,2,WAIT,WAIT
695,AGV_3,3,14,WAIT,WAIT
696,AGV_12,18,12,Task_62,Moving
696,AGV_2,15,9,Task_38,Moving
696,AGV_4,11,15,WAIT,WAIT
696,AGV_5,3,11,WAIT,WAIT
696,AGV_6,11,14,WAIT,WAIT
696,AGV_7,11,7,WAIT,WAIT
696,AGV_8,7,14,WAIT,WAIT
696,AGV_9,11,7,WAIT,WAIT
696,AGV_10,3,15,WAIT,WAIT
696,AGV_11,11,11,WAIT,WAIT
696,AGV_1,3,2,WAIT,WAIT
696,AGV_3,3,14,WAIT,WAIT
697,AGV_12,19,12,Task_62,Moving
697,AGV_2,14,9,Task_38,Moving
697,AGV_4,11,15,Task_65,Moving
697,AGV_5,3,11,WAIT,WAIT
697,AGV_6,11,14,WAIT,WAIT
697,AGV_7,11,7,WAIT,WAIT
697,AGV_8,7,14,WAIT,WAIT
697,AGV_9,11,7,WAIT,WAIT
697,AGV_10,3,15,WAIT,WAIT
697,AGV_11,11,11,WAIT,WAIT
697,AGV_1,3,2,WAIT,WAIT
697,AGV_3,3,14,WAIT,WAIT
698,AGV_12,19,11,Task_62,Moving
698,AGV_2,13,9,Task_38,Moving
698,AGV_4,11,14,Task_65,Moving
698,AGV_5,3,11,WAIT,WAIT
698,AGV_6,11,14,WAIT,WAIT
698,AGV_7,11,7,WAIT,WAIT
698,AGV_8,7,14,WAIT,WAIT
698,AGV_9,11,7,WAIT,WAIT
698,AGV_10,3,15,WAIT,WAIT
698,AGV_11,11,11,WAIT,WAIT
698,AGV_1,3,2,WAIT,WAIT
698,AGV_3,3,14,WAIT,WAIT
699,AGV_12,19,10,Task_62,Moving
699,AGV_2,12,9,Task_38,Moving
699,AGV_4,11,13,Task_65,Moving
699,AGV_5,3,11,WAIT,WAIT
699,AGV_6,11,14,WAIT,WAIT
699,AGV_7,11,7,WAIT,WAIT
699,AGV_8,7,14,WAIT,WAIT
699,AGV_9,11,7,WAIT,WAIT
699,AGV_10,3,15,WAIT,WAIT
699,AGV_11,11,11,WAIT,WAIT
699,AGV_1,3,2,WAIT,WAIT
699,AGV_3,3,14,WAIT,WAIT
700,AGV_12,19,10,Task_62,Loading
700,AGV_2,11,9,Task_38,Moving
700,AGV_4,11,12,Task_65,Moving
700,AGV_5,3,11,WAIT,WAIT
700,AGV_6,11,14,WAIT,WAIT
700,AGV_7,11,7,WAIT,WAIT
700,AGV_8,7,14,WAIT,WAIT
700,AGV_9,11,7,WAIT,WAIT
700,AGV_10,3,15,WAIT,WAIT
700,AGV_11,11,11,WAIT,WAIT
700,AGV_1,3,2,WAIT,WAIT
700,AGV_3,3,14,WAIT,WAIT
701,AGV_12,19,10,Task_62,Loading
701,AGV_2,10,9,Task_38,Moving
701,AGV_4,12,12,Task_65,Moving
701,AGV_5,3,11,Task_23,Moving
701,AGV_6,11,14,WAIT,WAIT
701,AGV_7,11,7,WAIT,WAIT
701,AGV_8,7,14,WAIT,WAIT
701,AGV_9,11,7,WAIT,WAIT
701,AGV_10,3,15,WAIT,WAIT
701,AGV_11,11,11,WAIT,WAIT
701,AGV_1,3,2,WAIT,WAIT
701,AGV_3,3,14,WAIT,WAIT
702,AGV_12,19,10,Task_62,Moving
702,AGV_2,9,9,Task_38,Moving
702,AGV_4,13,12,Task_65,Moving
702,AGV_5,3,12,Task_23,Moving
702,AGV_6,11,14,WAIT,WAIT
702,AGV_7,11,7,WAIT,WAIT
702,AGV_8,7,14,WAIT,WAIT
702,AGV_9,11,7,WAIT,WAIT
702,AGV_10,3,15,WAIT,WAIT
702,AGV_11,11,11,WAIT,WAIT
702,AGV_1,3,2,WAIT,WAIT
702,AGV_3,3,14,WAIT,WAIT
703,AGV_12,18,10,Task_62,Moving
703,AGV_2,8,9,Task_38,Moving
703,AGV_4,14,12,Task_65,Moving
703,AGV_5,4,12,Task_23,Moving
703,AGV_6,11,14,WAIT,WAIT
703,AGV_7,11,7,WAIT,WAIT
703,AGV_8,7,14,WAIT,WAIT
703,AGV_9,11,7,WAIT,WAIT
703,AGV_10,3,15,WAIT,WAIT
703,AGV_11,11,11,WAIT,WAIT
703,AGV_1,3,2,WAIT,WAIT
703,AGV_3,3,14,WAIT,WAIT
704,AGV_12,17,10,Task_62,Moving
704,AGV_2,7,9,Task_38,Moving
704,AGV_4,15,12,Task_65,Moving
704,AGV_5,5,12,Task_23,Moving
704,AGV_6,11,14,WAIT,WAIT
704,AGV_7,11,7,WAIT,WAIT
704,AGV_8,7,14,WAIT,WAIT
704,AGV_9,11,7,WAIT,WAIT
704,AGV_10,3,15,WAIT,WAIT
704,AGV_11,11,11,WAIT,WAIT
704,AGV_1,3,2,WAIT,WAIT
704,AGV_3,3,14,WAIT,WAIT
705,AGV_12,17,9,Task_62,Moving
705,AGV_2,6,9,Task_38,Moving
705,AGV_4,16,12,Task_65,Moving
705,AGV_5,6,12,Task_23,Moving
705,AGV_6,11,14,WAIT,WAIT
705,AGV_7,11,7,WAIT,WAIT
705,AGV_8,7,14,WAIT,WAIT
705,AGV_9,11,7,WAIT,WAIT
705,AGV_10,3,15,WAIT,WAIT
705,AGV_11,11,11,WAIT,WAIT
705,AGV_1,3,2,WAIT,WAIT
705,AGV_3,3,14,WAIT,WAIT
706,AGV_12,16,9,Task_62,Moving
706,AGV_2,5,9,Task_38,Moving
706,AGV_4,17,12,Task_65,Moving
706,AGV_5,7,12,Task_23,Moving
706,AGV_6,11,14,WAIT,WAIT
706,AGV_7,11,7,WAIT,WAIT
706,AGV_8,7,14,WAIT,WAIT
706,AGV_9,11,7,WAIT,WAIT
706,AGV_10,3,15,WAIT,WAIT
706,AGV_11,11,11,WAIT,WAIT
706,AGV_1,3,2,WAIT,WAIT
706,AGV_3,3,14,WAIT,WAIT
707,AGV_12,15,9,Task_62,Moving
707,AGV_2,4,9,Task_38,Moving
707,AGV_4,18,12,Task_65,Moving
707,AGV_5,8,12,Task_23,Moving
707,AGV_6,11,14,WAIT,WAIT
707,AGV_7,11,7,WAIT,WAIT
707,AGV_8,7,14,WAIT,WAIT
707,AGV_9,11,7,WAIT,WAIT
707,AGV_10,3,15,WAIT,WAIT
707,AGV_11,11,11,WAIT,WAIT
707,AGV_1,3,2,WAIT,WAIT
707,AGV_3,3,14,WAIT,WAIT
708,AGV_12,15,10,Task_62,Moving
708,AGV_2,3,9,Task_38,Moving
708,AGV_4,19,12,Task_65,Moving
708,AGV_5,9,12,Task_23,Moving
708,AGV_6,11,14,WAIT,WAIT
708,AGV_7,11,7,WAIT,WAIT
708,AGV_8,7,14,WAIT,WAIT
708,AGV_9,11,7,WAIT,WAIT
708,AGV_10,3,15,WAIT,WAIT
708,AGV_11,11,11,WAIT,WAIT
708,AGV_1,3,2,WAIT,WAIT
708,AGV_3,3,14,WAIT,WAIT
709,AGV_2,3,8,Task_38,Moving
709,AGV_4,19,11,Task_65,Moving
709,AGV_5,10,12,Task_23,Moving
709,AGV_6,11,14,WAIT,WAIT
709,AGV_7,11,7,WAIT,WAIT
709,AGV_8,7,14,WAIT,WAIT
709,AGV_9,11,7,WAIT,WAIT
709,AGV_10,3,15,WAIT,WAIT
709,AGV_11,11,11,WAIT,WAIT
709,AGV_1,3,2,WAIT,WAIT
709,AGV_3,3,14,WAIT,WAIT
709,AGV_12,15,10,WAIT,WAIT
710,AGV_2,3,7,Task_38,Moving
710,AGV_4,19,10,Task_65,Moving
710,AGV_5,11,12,Task_23,Moving
710,AGV_6,11,14,WAIT,WAIT
710,AGV_7,11,7,WAIT,WAIT
710,AGV_8,7,14,WAIT,WAIT
710,AGV_9,11,7,WAIT,WAIT
710,AGV_10,3,15,WAIT,WAIT
710,AGV_11,11,11,WAIT,WAIT
710,AGV_1,3,2,WAIT,WAIT
710,AGV_3,3,14,WAIT,WAIT
710,AGV_12,15,10,WAIT,WAIT
711,AGV_2,3,6,Task_38,Moving
711,AGV_4,19,10,Task_65,Loading
711,AGV_5,12,12,Task_23,Moving
711,AGV_6,11,14,WAIT,WAIT
711,AGV_7,11,7,WAIT,WAIT
711,AGV_8,7,14,WAIT,WAIT
711,AGV_9,11,7,WAIT,WAIT
711,AGV_10,3,15,WAIT,WAIT
711,AGV_11,11,11,WAIT,WAIT
711,AGV_1,3,2,WAIT,WAIT
711,AGV_3,3,14,WAIT,WAIT
711,AGV_12,15,10,WAIT,WAIT
712,AGV_4,19,10,Task_65,Loading
712,AGV_5,13,12,Task_23,Moving
712,AGV_6,11,14,WAIT,WAIT
712,AGV_7,11,7,WAIT,WAIT
712,AGV_8,7,14,WAIT,WAIT
712,AGV_9,11,7,WAIT,WAIT
712,AGV_10,3,15,WAIT,WAIT
712,AGV_11,11,11,WAIT,WAIT
712,AGV_1,3,2,WAIT,WAIT
712,AGV_3,3,14,WAIT,WAIT
712,AGV_12,15,10,WAIT,WAIT
712,AGV_2,3,6,WAIT,WAIT
713,AGV_4,19,10,Task_65,Moving
713,AGV_5,14,12,Task_23,Moving
713,AGV_6,11,14,WAIT,WAIT
713,AGV_7,11,7,WAIT,WAIT
713,AGV_8,7,14,WAIT,WAIT
713,AGV_9,11,7,WAIT,WAIT
713,AGV_10,3,15,WAIT,WAIT
713,AGV_11,11,11,WAIT,WAIT
713,AGV_1,3,2,WAIT,WAIT
713,AGV_3,3,14,WAIT,WAIT
713,AGV_12,15,10,WAIT,WAIT
713,AGV_2,3,6,WAIT,WAIT
714,AGV_4,18,10,Task_65,Moving
714,AGV_5,15,12,Task_23,Moving
714,AGV_6,11,14,WAIT,WAIT
714,AGV_7,11,7,WAIT,WAIT
714,AGV_8,7,14,WAIT,WAIT
714,AGV_9,11,7,WAIT,WAIT
714,AGV_10,3,15,WAIT,WAIT
714,AGV_11,11,11,WAIT,WAIT
714,AGV_1,3,2,WAIT,WAIT
714,AGV_3,3,14,WAIT,WAIT
714,AGV_12,15,10,WAIT,WAIT
714,AGV_2,3,6,WAIT,WAIT
715,AGV_4,17,10,Task_65,Moving
715,AGV_5,16,12,Task_23,Moving
715,AGV_6,11,14,WAIT,WAIT
715,AGV_7,11,7,WAIT,WAIT
715,AGV_8,7,14,WAIT,WAIT
715,AGV_9,11,7,WAIT,WAIT
715,AGV_10,3,15,WAIT,WAIT
715,AGV_11,11,11,WAIT,WAIT
715,AGV_1,3,2,WAIT,WAIT
715,AGV_3,3,14,WAIT,WAIT
715,AGV_12,15,10,WAIT,WAIT
715,AGV_2,3,6,WAIT,WAIT
716,AGV_4,17,9,Task_65,Moving
716,AGV_5,17,12,Task_23,Moving
716,AGV_6,11,14,WAIT,WAIT
716,AGV_7,11,7,WAIT,WAIT
716,AGV_8,7,14,WAIT,WAIT
716,AGV_9,11,7,WAIT,WAIT
716,AGV_10,3,15,WAIT,WAIT
716,AGV_11,11,11,WAIT,WAIT
716,AGV_1,3,2,WAIT,WAIT
716,AGV_3,3,14,WAIT,WAIT
716,AGV_12,15,10,WAIT,WAIT
716,AGV_2,3,6,WAIT,WAIT
717,AGV_4,16,9,Task_65,Moving
717,AGV_5,18,12,Task_23,Moving
717,AGV_6,11,14,WAIT,WAIT
717,AGV_7,11,7,WAIT,WAIT
717,AGV_8,7,14,WAIT,WAIT
717,AGV_9,11,7,WAIT,WAIT
717,AGV_10,3,15,WAIT,WAIT
717,AGV_11,11,11,WAIT,WAIT
717,AGV_1,3,2,WAIT,WAIT
717,AGV_3,3,14,WAIT,WAIT
717,AGV_12,15,10,WAIT,WAIT
717,AGV_2,3,6,WAIT,WAIT
718,AGV_4,15,9,Task_65,Moving
718,AGV_5,19,12,Task_23,Moving
718,AGV_6,11,14,WAIT,WAIT
718,AGV_7,11,7,WAIT,WAIT
718,AGV_8,7,14,Task_83,Moving
718,AGV_9,11,7,WAIT,WAIT
718,AGV_10,3,15,WAIT,WAIT
718,AGV_11,11,11,WAIT,WAIT
718,AGV_1,3,2,WAIT,WAIT
718,AGV_3,3,14,WAIT,WAIT
718,AGV_12,15,10,WAIT,WAIT
718,AGV_2,3,6,WAIT,WAIT
719,AGV_4,15,8,Task_65,Moving
719,AGV_5,19,11,Task_23,Moving
719,AGV_6,11,14,WAIT,WAIT
719,AGV_7,11,7,WAIT,WAIT
719,AGV_8,7,13,Task_83,Moving
719,AGV_9,11,7,WAIT,WAIT
719,AGV_10,3,15,WAIT,WAIT
719,AGV_11,11,11,WAIT,WAIT
719,AGV_1,3,2,WAIT,WAIT
719,AGV_3,3,14,WAIT,WAIT
719,AGV_12,15,10,WAIT,WAIT
719,AGV_2,3,6,WAIT,WAIT
720,AGV_4,15,7,Task_65,Moving
720,AGV_5,19,10,Task_23,Moving
720,AGV_6,11,14,WAIT,WAIT
720,AGV_7,11,7,WAIT,WAIT
720,AGV_8,7,12,Task_83,Moving
720,AGV_9,11,7,WAIT,WAIT
720,AGV_10,3,15,WAIT,WAIT
720,AGV_11,11,11,WAIT,WAIT
720,AGV_1,3,2,WAIT,WAIT
720,AGV_3,3,14,WAIT,WAIT
720,AGV_12,15,10,WAIT,WAIT
720,AGV_2,3,6,WAIT,WAIT
721,AGV_4,15,6,Task_65,Moving
721,AGV_5,19,10,Task_23,Loading
721,AGV_6,11,14,WAIT,WAIT
721,AGV_7,11,7,WAIT,WAIT
721,AGV_8,8,12,Task_83,Moving
721,AGV_9,11,7,WAIT,WAIT
721,AGV_10,3,15,Task_73,Moving
721,AGV_11,11,11,WAIT,WAIT
721,AGV_1,3,2,WAIT,WAIT
721,AGV_3,3,14,WAIT,WAIT
721,AGV_12,15,10,WAIT,WAIT
721,AGV_2,3,6,WAIT,WAIT
722,AGV_5,19,10,Task_23,Loading
722,AGV_6,11,14,WAIT,WAIT
722,AGV_7,11,7,WAIT,WAIT
722,AGV_8,9,12,Task_83,Moving
722,AGV_9,11,7,WAIT,WAIT
722,AGV_10,3,14,Task_73,Moving
722,AGV_11,11,11,WAIT,WAIT
722,AGV_1,3,2,WAIT,WAIT
722,AGV_3,3,14,WAIT,WAIT
722,AGV_12,15,10,WAIT,WAIT
722,AGV_2,3,6,WAIT,WAIT
722,AGV_4,15,6,WAIT,WAIT
723,AGV_5,19,10,Task_23,Moving
723,AGV_6,11,14,WAIT,WAIT
723,AGV_7,11,7,WAIT,WAIT
723,AGV_8,10,12,Task_83,Moving
723,AGV_9,11,7,WAIT,WAIT
723,AGV_10,3,13,Task_73,Moving
723,AGV_11,11,11,WAIT,WAIT
723,AGV_1,3,2,WAIT,WAIT
723,AGV_3,3,14,WAIT,WAIT
723,AGV_12,15,10,WAIT,WAIT
723,AGV_2,3,6,WAIT,WAIT
723,AGV_4,15,6,WAIT,WAIT
724,AGV_5,18,10,Task_23,Moving
724,AGV_6,11,14,WAIT,WAIT
724,AGV_7,11,7,WAIT,WAIT
724,AGV_8,11,12,Task_83,Moving
724,AGV_9,11,7,WAIT,WAIT
724,AGV_10,2,13,Task_73,Moving
724,AGV_11,11,11,WAIT,WAIT
724,AGV_1,3,2,WAIT,WAIT
724,AGV_3,3,14,WAIT,WAIT
724,AGV_12,15,10,WAIT,WAIT
724,AGV_2,3,6,WAIT,WAIT
724,AGV_4,15,6,WAIT,WAIT
725,AGV_5,17,10,Task_23,Moving
725,AGV_6,11,14,WAIT,WAIT
725,AGV_7,11,7,WAIT,WAIT
725,AGV_8,12,12,Task_83,Moving
725,AGV_9,11,7,WAIT,WAIT
725,AGV_10,1,13,Task_73,Moving
725,AGV_11,11,11,WAIT,WAIT
725,AGV_1,3,2,WAIT,WAIT
725,AGV_3,3,14,WAIT,WAIT
725,AGV_12,15,10,WAIT,WAIT
725,AGV_2,3,6,WAIT,WAIT
725,AGV_4,15,6,WAIT,WAIT
726,AGV_5,17,9,Task_23,Moving
726,AGV_6,11,14,WAIT,WAIT
726,AGV_7,11,7,WAIT,WAIT
726,AGV_8,13,12,Task_83,Moving
726,AGV_9,11,7,WAIT,WAIT
726,AGV_10,1,12,Task_73,Moving
726,AGV_11,11,11,WAIT,WAIT
726,AGV_1,3,2,WAIT,WAIT
726,AGV_3,3,14,WAIT,WAIT
726,AGV_12,15,10,WAIT,WAIT
726,AGV_2,3,6,WAIT,WAIT
726,AGV_4,15,6,WAIT,WAIT
727,AGV_5,16,9,Task_23,Moving
727,AGV_6,11,14,Task_81,Moving
727,AGV_7,11,7,WAIT,WAIT
727,AGV_8,14,12,Task_83,Moving
727,AGV_9,11,7,WAIT,WAIT
727,AGV_10,1,12,Task_73,Moving
727,AGV_11,11,11,WAIT,WAIT
727,AGV_1,3,2,WAIT,WAIT
727,AGV_3,3,14,WAIT,WAIT
727,AGV_12,15,10,WAIT,WAIT
727,AGV_2,3,6,WAIT,WAIT
727,AGV_4,15,6,WAIT,WAIT
728,AGV_5,15,9,Task_23,Moving
728,AGV_6,11,13,Task_81,Moving
728,AGV_7,11,7,WAIT,WAIT
728,AGV_8,15,12,Task_83,Moving
728,AGV_9,11,7,WAIT,WAIT
728,AGV_10,2,12,Task_73,Moving
728,AGV_11,11,11,WAIT,WAIT
728,AGV_1,3,2,WAIT,WAIT
728,AGV_3,3,14,WAIT,WAIT
728,AGV_12,15,10,WAIT,WAIT
728,AGV_2,3,6,WAIT,WAIT
728,AGV_4,15,6,WAIT,WAIT
729,AGV_5,15,8,Task_23,Moving
729,AGV_6,11,12,Task_81,Moving
729,AGV_7,11,7,WAIT,WAIT
729,AGV_8,16,12,Task_83,Moving
729,AGV_9,11,7,WAIT,WAIT
729,AGV_10,3,12,Task_73,Moving
729,AGV_11,11,11,WAIT,WAIT
729,AGV_1,3,2,WAIT,WAIT
729,AGV_3,3,14,WAIT,WAIT
729,AGV_12,15,10,WAIT,WAIT
729,AGV_2,3,6,WAIT,WAIT
729,AGV_4,15,6,WAIT,WAIT
730,AGV_5,15,7,Task_23,Moving
730,AGV_6,12,12,Task_81,Moving
730,AGV_7,11,7,WAIT,WAIT
730,AGV_8,17,12,Task_83,Moving
730,AGV_9,11,7,WAIT,WAIT
730,AGV_10,4,12,Task_73,Moving
730,AGV_11,11,11,WAIT,WAIT
730,AGV_1,3,2,WAIT,WAIT
730,AGV_3,3,14,WAIT,WAIT
730,AGV_12,15,10,WAIT,WAIT
730,AGV_2,3,6,WAIT,WAIT
730,AGV_4,15,6,WAIT,WAIT
731,AGV_6,13,12,Task_81,Moving
731,AGV_7,11,7,Task_98,Moving
731,AGV_8,18,12,Task_83,Moving
731,AGV_9,11,7,WAIT,WAIT
731,AGV_10,5,12,Task_73,Moving
731,AGV_11,11,11,WAIT,WAIT
731,AGV_1,3,2,WAIT,WAIT
731,AGV_3,3,14,WAIT,WAIT
731,AGV_12,15,10,WAIT,WAIT
731,AGV_2,3,6,WAIT,WAIT
731,AGV_4,15,6,WAIT,WAIT
731,AGV_5,15,7,WAIT,WAIT
732,AGV_6,14,12,Task_81,Moving
732,AGV_7,11,7,Task_98,Moving
732,AGV_8,19,12,Task_83,Moving
732,AGV_9,11,7,WAIT,WAIT
732,AGV_10,6,12,Task_73,Moving
732,AGV_11,11,11,WAIT,WAIT
732,AGV_1,3,2,WAIT,WAIT
732,AGV_3,3,14,WAIT,WAIT
732,AGV_12,15,10,WAIT,WAIT
732,AGV_2,3,6,WAIT,WAIT
732,AGV_4,15,6,WAIT,WAIT
732,AGV_5,15,7,WAIT,WAIT
733,AGV_6,15,12,Task_81,Moving
733,AGV_7,11,8,Task_98,Moving
733,AGV_8,19,11,Task_83,Moving
733,AGV_9,11,7,WAIT,WAIT
733,AGV_10,7,12,Task_73,Moving
733,AGV_11,11,11,WAIT,WAIT
733,AGV_1,3,2,WAIT,WAIT
733,AGV_3,3,14,WAIT,WAIT
733,AGV_12,15,10,WAIT,WAIT
733,AGV_2,3,6,WAIT,WAIT
733,AGV_4,15,6,WAIT,WAIT
733,AGV_5,15,7,WAIT,WAIT
734,AGV_6,16,12,Task_81,Moving
734,AGV_7,11,9,Task_98,Moving
734,AGV_8,19,10,Task_83,Moving
734,AGV_9,11,7,WAIT,WAIT
734,AGV_10,8,12,Task_73,Moving
734,AGV_11,11,11,Task_41,Moving
734,AGV_1,3,2,WAIT,WAIT
734,AGV_3,3,14,WAIT,WAIT
734,AGV_12,15,10,WAIT,WAIT
734,AGV_2,3,6,WAIT,WAIT
734,AGV_4,15,6,WAIT,WAIT
734,AGV_5,15,7,WAIT,WAIT
735,AGV_6,17,12,Task_81,Moving
735,AGV_7,12,9,Task_98,Moving
735,AGV_8,19,10,Task_83,Loading
735,AGV_9,11,7,WAIT,WAIT
735,AGV_10,9,12,Task_73,Moving
735,AGV_11,11,10,Task_41,Moving
735,AGV_1,3,2,WAIT,WAIT
735,AGV_3,3,14,WAIT,WAIT
735,AGV_12,15,10,WAIT,WAIT
735,AGV_2,3,6,WAIT,WAIT
735,AGV_4,15,6,WAIT,WAIT
735,AGV_5,15,7,WAIT,WAIT
736,AGV_6,18,12,Task_81,Moving
736,AGV_7,13,9,Task_98,Moving
736,AGV_8,19,10,Task_83,Loading
736,AGV_9,11,7,WAIT,WAIT
736,AGV_10,10,12,Task_73,Moving
736,AGV_11,11,9,Task_41,Moving
736,AGV_1,3,2,WAIT,WAIT
736,AGV_3,3,14,WAIT,WAIT
736,AGV_12,15,10,WAIT,WAIT
736,AGV_2,3,6,WAIT,WAIT
736,AGV_4,15,6,WAIT,WAIT
736,AGV_5,15,7,WAIT,WAIT
737,AGV_6,19,12,Task_81,Moving
737,AGV_7,14,9,Task_98,Moving
737,AGV_8,19,10,Task_83,Moving
737,AGV_9,11,7,WAIT,WAIT
737,AGV_10,11,12,Task_73,Moving
737,AGV_11,10,9,Task_41,Moving
737,AGV_1,3,2,WAIT,WAIT
737,AGV_3,3,14,WAIT,WAIT
737,AGV_12,15,10,WAIT,WAIT
737,AGV_2,3,6,WAIT,WAIT
737,AGV_4,15,6,WAIT,WAIT
737,AGV_5,15,7,WAIT,WAIT
738,AGV_6,19,11,Task_81,Moving
738,AGV_7,15,9,Task_98,Moving
738,AGV_8,18,10,Task_83,Moving
738,AGV_9,11,7,WAIT,WAIT
738,AGV_10,12,12,Task_73,Moving
738,AGV_11,9,9,Task_41,Moving
738,AGV_1,3,2,WAIT,WAIT
738,AGV_3,3,14,WAIT,WAIT
738,AGV_12,15,10,WAIT,WAIT
738,AGV_2,3,6,WAIT,WAIT
738,AGV_4,15,6,WAIT,WAIT
738,AGV_5,15,7,WAIT,WAIT
739,AGV_6,19,10,Task_81,Moving
739,AGV_7,16,9,Task_98,Moving
739,AGV_8,18,9,Task_83,Moving
739,AGV_9,11,7,WAIT,WAIT
739,AGV_10,13,12,Task_73,Moving
739,AGV_11,8,9,Task_41,Moving
739,AGV_1,3,2,WAIT,WAIT
739,AGV_3,3,14,WAIT,WAIT
739,AGV_12,15,10,WAIT,WAIT
739,AGV_2,3,6,WAIT,WAIT
739,AGV_4,15,6,WAIT,WAIT
739,AGV_5,15,7,WAIT,WAIT
740,AGV_6,19,10,Task_81,Loading
740,AGV_7,17,9,Task_98,Moving
740,AGV_8,18,8,Task_83,Moving
740,AGV_9,11,7,WAIT,WAIT
740,AGV_10,14,12,Task_73,Moving
740,AGV_11,9,9,Task_41,Moving
740,AGV_1,3,2,WAIT,WAIT
740,AGV_3,3,14,WAIT,WAIT
740,AGV_12,15,10,WAIT,WAIT
740,AGV_2,3,6,WAIT,WAIT
740,AGV_4,15,6,WAIT,WAIT
740,AGV_5,15,7,WAIT,WAIT
741,AGV_6,19,10,Task_81,Loading
741,AGV_7,18,9,Task_98,Moving
741,AGV_8,17,8,Task_83,Moving
741,AGV_9,11,7,WAIT,WAIT
741,AGV_10,15,12,Task_73,Moving
741,AGV_11,10,9,Task_41,Moving
741,AGV_1,3,2,WAIT,WAIT
741,AGV_3,3,14,WAIT,WAIT
741,AGV_12,15,10,WAIT,WAIT
741,AGV_2,3,6,WAIT,WAIT
741,AGV_4,15,6,WAIT,WAIT
741,AGV_5,15,7,WAIT,WAIT
742,AGV_6,19,10,Task_81,Moving
742,AGV_7,19,9,Task_98,Moving
742,AGV_8,16,8,Task_83,Moving
742,AGV_9,11,7,WAIT,WAIT
742,AGV_10,16,12,Task_73,Moving
742,AGV_11,11,9,Task_41,Moving
742,AGV_1,3,2,WAIT,WAIT
742,AGV_3,3,14,WAIT,WAIT
742,AGV_12,15,10,WAIT,WAIT
742,AGV_2,3,6,WAIT,WAIT
742,AGV_4,15,6,WAIT,WAIT
742,AGV_5,15,7,WAIT,WAIT
743,AGV_6,18,10,Task_81,Moving
743,AGV_7,19,10,Task_98,Moving
743,AGV_8,15,8,Task_83,Moving
743,AGV_9,11,7,WAIT,WAIT
743,AGV_10,17,12,Task_73,Moving
743,AGV_11,12,9,Task_41,Moving
743,AGV_1,3,2,WAIT,WAIT
743,AGV_3,3,14,WAIT,WAIT
743,AGV_12,15,10,WAIT,WAIT
743,AGV_2,3,6,WAIT,WAIT
743,AGV_4,15,6,WAIT,WAIT
743,AGV_5,15,7,WAIT,WAIT
744,AGV_6,17,10,Task_81,Moving
744,AGV_7,19,10,Task_98,Loading
744,AGV_8,14,8,Task_83,Moving
744,AGV_9,11,7,WAIT,WAIT
744,AGV_10,18,12,Task_73,Moving
744,AGV_11,13,9,Task_41,Moving
744,AGV_1,3,2,WAIT,WAIT
744,AGV_3,3,14,WAIT,WAIT
744,AGV_12,15,10,WAIT,WAIT
744,AGV_2,3,6,WAIT,WAIT
744,AGV_4,15,6,WAIT,WAIT
744,AGV_5,15,7,WAIT,WAIT
745,AGV_6,17,11,Task_81,Moving
745,AGV_7,19,10,Task_98,Loading
745,AGV_8,13,8,Task_83,Moving
745,AGV_9,11,7,WAIT,WAIT
745,AGV_10,19,12,Task_73,Moving
745,AGV_11,14,9,Task_41,Moving
745,AGV_1,3,2,WAIT,WAIT
745,AGV_3,3,14,WAIT,WAIT
745,AGV_12,15,10,WAIT,WAIT
745,AGV_2,3,6,WAIT,WAIT
745,AGV_4,15,6,WAIT,WAIT
745,AGV_5,15,7,WAIT,WAIT
746,AGV_6,17,12,Task_81,Moving
746,AGV_7,19,10,Task_98,Moving
746,AGV_8,12,8,Task_83,Moving
746,AGV_9,11,7,Task_42,Moving
746,AGV_10,19,11,Task_73,Moving
746,AGV_11,15,9,Task_41,Moving
746,AGV_1,3,2,WAIT,WAIT
746,AGV_3,3,14,WAIT,WAIT
746,AGV_12,15,10,WAIT,WAIT
746,AGV_2,3,6,WAIT,WAIT
746,AGV_4,15,6,WAIT,WAIT
746,AGV_5,15,7,WAIT,WAIT
747,AGV_6,16,12,Task_81,Moving
747,AGV_7,18,10,Task_98,Moving
747,AGV_8,11,8,Task_83,Moving
747,AGV_9,11,7,Task_42,Moving
747,AGV_10,19,10,Task_73,Moving
747,AGV_11,16,9,Task_41,Moving
747,AGV_1,3,2,WAIT,WAIT
747,AGV_3,3,14,WAIT,WAIT
747,AGV_12,15,10,WAIT,WAIT
747,AGV_2,3,6,WAIT,WAIT
747,AGV_4,15,6,WAIT,WAIT
747,AGV_5,15,7,WAIT,WAIT
748,AGV_6,15,12,Task_81,Moving
748,AGV_7,17,10,Task_98,Moving
748,AGV_8,10,8,Task_83,Moving
748,AGV_9,11,8,Task_42,Moving
748,AGV_10,19,10,Task_73,Loading
748,AGV_11,17,9,Task_41,Moving
748,AGV_1,3,2,WAIT,WAIT
748,AGV_3,3,14,WAIT,WAIT
748,AGV_12,15,10,WAIT,WAIT
748,AGV_2,3,6,WAIT,WAIT
748,AGV_4,15,6,WAIT,WAIT
748,AGV_5,15,7,WAIT,WAIT
749,AGV_6,14,12,Task_81,Moving
749,AGV_7,17,11,Task_98,Moving
749,AGV_8,9,8,Task_83,Moving
749,AGV_9,11,9,Task_42,Moving
749,AGV_10,19,10,Task_73,Loading
749,AGV_11,18,9,Task_41,Moving
749,AGV_1,3,2,WAIT,WAIT
749,AGV_3,3,14,WAIT,WAIT
749,AGV_12,15,10,WAIT,WAIT
749,AGV_2,3,6,WAIT,WAIT
749,AGV_4,15,6,WAIT,WAIT
749,AGV_5,15,7,WAIT,WAIT
750,AGV_6,13,12,Task_81,Moving
750,AGV_7,17,12,Task_98,Moving
750,AGV_8,8,8,Task_83,Moving
750,AGV_9,12,9,Task_42,Moving
750,AGV_10,19,10,Task_73,Moving
750,AGV_11,19,9,Task_41,Moving
750,AGV_1,3,2,WAIT,WAIT
750,AGV_3,3,14,WAIT,WAIT
750,AGV_12,15,10,WAIT,WAIT
750,AGV_2,3,6,WAIT,WAIT
750,AGV_4,15,6,WAIT,WAIT
750,AGV_5,15,7,WAIT,WAIT
751,AGV_6,12,12,Task_81,Moving
751,AGV_7,16,12,Task_98,Moving
751,AGV_8,7,8,Task_83,Moving
751,AGV_9,13,9,Task_42,Moving
751,AGV_10,18,10,Task_73,Moving
751,AGV_11,19,10,Task_41,Moving
751,AGV_1,3,2,WAIT,WAIT
751,AGV_3,3,14,WAIT,WAIT
751,AGV_12,15,10,WAIT,WAIT
751,AGV_2,3,6,WAIT,WAIT
751,AGV_4,15,6,WAIT,WAIT
751,AGV_5,15,7,WAIT,WAIT
752,AGV_6,11,12,Task_81,Moving
752,AGV_7,15,12,Task_98,Moving
752,AGV_8,6,8,Task_83,Moving
752,AGV_9,14,9,Task_42,Moving
752,AGV_10,17,10,Task_73,Moving
752,AGV_11,19,10,Task_41,Loading
752,AGV_1,3,2,WAIT,WAIT
752,AGV_3,3,14,WAIT,WAIT
752,AGV_12,15,10,WAIT,WAIT
752,AGV_2,3,6,WAIT,WAIT
752,AGV_4,15,6,WAIT,WAIT
752,AGV_5,15,7,WAIT,WAIT
753,AGV_6,11,13,Task_81,Moving
753,AGV_7,14,12,Task_98,Moving
753,AGV_8,5,8,Task_83,Moving
753,AGV_9,15,9,Task_42,Moving
753,AGV_10,17,9,Task_73,Moving
753,AGV_11,19,10,Task_41,Loading
753,AGV_1,3,2,WAIT,WAIT
753,AGV_3,3,14,WAIT,WAIT
753,AGV_12,15,10,WAIT,WAIT
753,AGV_2,3,6,WAIT,WAIT
753,AGV_4,15,6,WAIT,WAIT
753,AGV_5,15,7,WAIT,WAIT
754,AGV_6,11,14,Task_81,Moving
754,AGV_7,13,12,Task_98,Moving
754,AGV_8,4,8,Task_83,Moving
754,AGV_9,16,9,Task_42,Moving
754,AGV_10,17,8,Task_73,Moving
754,AGV_11,19,10,Task_41,Moving
754,AGV_1,3,2,WAIT,WAIT
754,AGV_3,3,14,WAIT,WAIT
754,AGV_12,15,10,WAIT,WAIT
754,AGV_2,3,6,WAIT,WAIT
754,AGV_4,15,6,WAIT,WAIT
754,AGV_5,15,7,WAIT,WAIT
755,AGV_6,11,15,Task_81,Moving
755,AGV_7,12,12,Task_98,Moving
755,AGV_8,3,8,Task_83,Moving
755,AGV_9,17,9,Task_42,Moving
755,AGV_10,16,8,Task_73,Moving
755,AGV_11,18,10,Task_41,Moving
755,AGV_1,3,2,WAIT,WAIT
755,AGV_3,3,14,WAIT,WAIT
755,AGV_12,15,10,WAIT,WAIT
755,AGV_2,3,6,WAIT,WAIT
755,AGV_4,15,6,WAIT,WAIT
755,AGV_5,15,7,WAIT,WAIT
756,AGV_7,11,12,Task_98,Moving
756,AGV_8,3,7,Task_83,Moving
756,AGV_9,18,9,Task_42,Moving
756,AGV_10,15,8,Task_73,Moving
756,AGV_11,17,10,Task_41,Moving
756,AGV_1,3,2,WAIT,WAIT
756,AGV_3,3,14,WAIT,WAIT
756,AGV_12,15,10,WAIT,WAIT
756,AGV_2,3,6,WAIT,WAIT
756,AGV_4,15,6,WAIT,WAIT
756,AGV_5,15,7,WAIT,WAIT
756,AGV_6,11,15,WAIT,WAIT
757,AGV_7,11,13,Task_98,Moving
757,AGV_8,3,6,Task_83,Moving
757,AGV_9,19,9,Task_42,Moving
757,AGV_10,14,8,Task_73,Moving
757,AGV_11,17,9,Task_41,Moving
757,AGV_1,3,2,WAIT,WAIT
757,AGV_3,3,14,WAIT,WAIT
757,AGV_12,15,10,WAIT,WAIT
757,AGV_2,3,6,WAIT,WAIT
757,AGV_4,15,6,WAIT,WAIT
757,AGV_5,15,7,WAIT,WAIT
757,AGV_6,11,15,WAIT,WAIT
758,AGV_7,11,14,Task_98,Moving
758,AGV_8,3,5,Task_83,Moving
758,AGV_9,19,10,Task_42,Moving
758,AGV_10,13,8,Task_73,Moving
758,AGV_11,16,9,Task_41,Moving
758,AGV_1,3,2,WAIT,WAIT
758,AGV_3,3,14,WAIT,WAIT
758,AGV_12,15,10,WAIT,WAIT
758,AGV_2,3,6,WAIT,WAIT
758,AGV_4,15,6,WAIT,WAIT
758,AGV_5,15,7,WAIT,WAIT
758,AGV_6,11,15,WAIT,WAIT
759,AGV_8,3,4,Task_83,Moving
759,AGV_9,19,10,Task_42,Loading
759,AGV_10,12,8,Task_73,Moving
759,AGV_11,15,9,Task_41,Moving
759,AGV_1,3,2,WAIT,WAIT
759,AGV_3,3,14,WAIT,WAIT
759,AGV_12,15,10,WAIT,WAIT
759,AGV_2,3,6,WAIT,WAIT
759,AGV_4,15,6,WAIT,WAIT
759,AGV_5,15,7,WAIT,WAIT
759,AGV_6,11,15,WAIT,WAIT
759,AGV_7,11,14,WAIT,WAIT
760,AGV_8,3,3,Task_83,Moving
760,AGV_9,19,10,Task_42,Loading
760,AGV_10,11,8,Task_73,Moving
760,AGV_11,14,9,Task_41,Moving
760,AGV_1,3,2,Task_80,Moving
760,AGV_3,3,14,WAIT,WAIT
760,AGV_12,15,10,WAIT,WAIT
760,AGV_2,3,6,WAIT,WAIT
760,AGV_4,15,6,WAIT,WAIT
760,AGV_5,15,7,WAIT,WAIT
760,AGV_6,11,15,WAIT,WAIT
760,AGV_7,11,14,WAIT,WAIT
761,AGV_9,19,10,Task_42,Moving
761,AGV_10,10,8,Task_73,Moving
761,AGV_11,13,9,Task_41,Moving
761,AGV_1,3,3,Task_80,Moving
761,AGV_3,3,14,WAIT,WAIT
761,AGV_12,15,10,WAIT,WAIT
761,AGV_2,3,6,WAIT,WAIT
761,AGV_4,15,6,WAIT,WAIT
761,AGV_5,15,7,WAIT,WAIT
761,AGV_6,11,15,WAIT,WAIT
761,AGV_7,11,14,WAIT,WAIT
761,AGV_8,3,3,WAIT,WAIT
762,AGV_9,18,10,Task_42,Moving
762,AGV_10,9,8,Task_73,Moving
762,AGV_11,12,9,Task_41,Moving
762,AGV_1,3,4,Task_80,Moving
762,AGV_3,3,14,WAIT,WAIT
762,AGV_12,15,10,WAIT,WAIT
762,AGV_2,3,6,WAIT,WAIT
762,AGV_4,15,6,WAIT,WAIT
762,AGV_5,15,7,WAIT,WAIT
762,AGV_6,11,15,WAIT,WAIT
762,AGV_7,11,14,WAIT,WAIT
762,AGV_8,3,3,WAIT,WAIT
763,AGV_9,17,10,Task_42,Moving
763,AGV_10,8,8,Task_73,Moving
763,AGV_11,11,9,Task_41,Moving
763,AGV_1,3,5,Task_80,Moving
763,AGV_3,3,14,Task_30,Moving
763,AGV_12,15,10,WAIT,WAIT
763,AGV_2,3,6,WAIT,WAIT
763,AGV_4,15,6,WAIT,WAIT
763,AGV_5,15,7,WAIT,WAIT
763,AGV_6,11,15,WAIT,WAIT
763,AGV_7,11,14,WAIT,WAIT
763,AGV_8,3,3,WAIT,WAIT
764,AGV_9,17,9,Task_42,Moving
764,AGV_10,7,8,Task_73,Moving
764,AGV_11,10,9,Task_41,Moving
764,AGV_1,4,5,Task_80,Moving
764,AGV_3,3,13,Task_30,Moving
764,AGV_12,15,10,WAIT,WAIT
764,AGV_2,3,6,WAIT,WAIT
764,AGV_4,15,6,WAIT,WAIT
764,AGV_5,15,7,WAIT,WAIT
764,AGV_6,11,15,WAIT,WAIT
764,AGV_7,11,14,WAIT,WAIT
764,AGV_8,3,3,WAIT,WAIT
765,AGV_9,16,9,Task_42,Moving
765,AGV_10,6,8,Task_73,Moving
765,AGV_11,9,9,Task_41,Moving
765,AGV_1,5,5,Task_80,Moving
765,AGV_3,3,12,Task_30,Moving
765,AGV_12,15,10,WAIT,WAIT
765,AGV_2,3,6,WAIT,WAIT
765,AGV_4,15,6,WAIT,WAIT
765,AGV_5,15,7,WAIT,WAIT
765,AGV_6,11,15,WAIT,WAIT
765,AGV_7,11,14,WAIT,WAIT
765,AGV_8,3,3,WAIT,WAIT
766,AGV_9,15,9,Task_42,Moving
766,AGV_10,5,8,Task_73,Moving
766,AGV_11,8,9,Task_41,Moving
766,AGV_1,5,6,Task_80,Moving
766,AGV_3,4,12,Task_30,Moving
766,AGV_12,15,10,WAIT,WAIT
766,AGV_2,3,6,WAIT,WAIT
766,AGV_4,15,6,WAIT,WAIT
766,AGV_5,15,7,WAIT,WAIT
766,AGV_6,11,15,WAIT,WAIT
766,AGV_7,11,14,WAIT,WAIT
766,AGV_8,3,3,WAIT,WAIT
767,AGV_9,15,8,Task_42,Moving
767,AGV_10,4,8,Task_73,Moving
767,AGV_11,7,9,Task_41,Moving
767,AGV_1,5,7,Task_80,Moving
767,AGV_3,5,12,Task_30,Moving
767,AGV_12,15,10,WAIT,WAIT
767,AGV_2,3,6,WAIT,WAIT
767,AGV_4,15,6,WAIT,WAIT
767,AGV_5,15,7,WAIT,WAIT
767,AGV_6,11,15,WAIT,WAIT
767,AGV_7,11,14,WAIT,WAIT
767,AGV_8,3,3,WAIT,WAIT
768,AGV_9,15,7,Task_42,Moving
768,AGV_10,3,8,Task_73,Moving
768,AGV_11,6,9,Task_41,Moving
768,AGV_1,5,8,Task_80,Moving
768,AGV_3,6,12,Task_30,Moving
768,AGV_12,15,10,WAIT,WAIT
768,AGV_2,3,6,WAIT,WAIT
768,AGV_4,15,6,WAIT,WAIT
768,AGV_5,15,7,WAIT,WAIT
768,AGV_6,11,15,WAIT,WAIT
768,AGV_7,11,14,WAIT,WAIT
768,AGV_8,3,3,WAIT,WAIT
769,AGV_9,15,6,Task_42,Moving
769,AGV_10,3,7,Task_73,Moving
769,AGV_11,5,9,Task_41,Moving
769,AGV_1,6,8,Task_80,Moving
769,AGV_3,7,12,Task_30,Moving
769,AGV_12,15,10,WAIT,WAIT
769,AGV_2,3,6,WAIT,WAIT
769,AGV_4,15,6,WAIT,WAIT
769,AGV_5,15,7,WAIT,WAIT
769,AGV_6,11,15,WAIT,WAIT
769,AGV_7,11,14,WAIT,WAIT
769,AGV_8,3,3,WAIT,WAIT
770,AGV_10,3,6,Task_73,Moving
770,AGV_11,4,9,Task_41,Moving
770,AGV_1,6,9,Task_80,Moving
770,AGV_3,8,12,Task_30,Moving
770,AGV_12,15,10,WAIT,WAIT
770,AGV_2,3,6,WAIT,WAIT
770,AGV_4,15,6,WAIT,WAIT
770,AGV_5,15,7,WAIT,WAIT
770,AGV_6,11,15,WAIT,WAIT
770,AGV_7,11,14,WAIT,WAIT
770,AGV_8,3,3,WAIT,WAIT
770,AGV_9,15,6,WAIT,WAIT
771,AGV_10,3,5,Task_73,Moving
771,AGV_11,3,9,Task_41,Moving
771,AGV_1,7,9,Task_80,Moving
771,AGV_3,9,12,Task_30,Moving
771,AGV_12,15,10,WAIT,WAIT
771,AGV_2,3,6,WAIT,WAIT
771,AGV_4,15,6,WAIT,WAIT
771,AGV_5,15,7,WAIT,WAIT
771,AGV_6,11,15,WAIT,WAIT
771,AGV_7,11,14,WAIT,WAIT
771,AGV_8,3,3,WAIT,WAIT
771,AGV_9,15,6,WAIT,WAIT
772,AGV_10,3,4,Task_73,Moving
772,AGV_11,3,8,Task_41,Moving
772,AGV_1,8,9,Task_80,Moving
772,AGV_3,10,12,Task_30,Moving
772,AGV_12,15,10,WAIT,WAIT
772,AGV_2,3,6,WAIT,WAIT
772,AGV_4,15,6,WAIT,WAIT
772,AGV_5,15,7,WAIT,WAIT
772,AGV_6,11,15,WAIT,WAIT
772,AGV_7,11,14,WAIT,WAIT
772,AGV_8,3,3,WAIT,WAIT
772,AGV_9,15,6,WAIT,WAIT
773,AGV_10,3,3,Task_73,Moving
773,AGV_11,3,7,Task_41,Moving
773,AGV_1,9,9,Task_80,Moving
773,AGV_3,11,12,Task_30,Moving
773,AGV_12,15,10,Task_59,Moving
773,AGV_2,3,6,WAIT,WAIT
773,AGV_4,15,6,WAIT,WAIT
773,AGV_5,15,7,WAIT,WAIT
773,AGV_6,11,15,WAIT,WAIT
773,AGV_7,11,14,WAIT,WAIT
773,AGV_8,3,3,WAIT,WAIT
773,AGV_9,15,6,WAIT,WAIT
774,AGV_11,3,6,Task_41,Moving
774,AGV_1,10,9,Task_80,Moving
774,AGV_3,12,12,Task_30,Moving
774,AGV_12,15,9,Task_59,Moving
774,AGV_2,3,6,WAIT,WAIT
774,AGV_4,15,6,WAIT,WAIT
774,AGV_5,15,7,WAIT,WAIT
774,AGV_6,11,15,WAIT,WAIT
774,AGV_7,11,14,WAIT,WAIT
774,AGV_8,3,3,WAIT,WAIT
774,AGV_9,15,6,WAIT,WAIT
774,AGV_10,3,3,WAIT,WAIT
775,AGV_11,3,5,Task_41,Moving
775,AGV_1,11,9,Task_80,Moving
775,AGV_3,13,12,Task_30,Moving
775,AGV_12,16,9,Task_59,Moving
775,AGV_2,3,6,WAIT,WAIT
775,AGV_4,15,6,WAIT,WAIT
775,AGV_5,15,7,WAIT,WAIT
775,AGV_6,11,15,WAIT,WAIT
775,AGV_7,11,14,WAIT,WAIT
775,AGV_8,3,3,WAIT,WAIT
775,AGV_9,15,6,WAIT,WAIT
775,AGV_10,3,3,WAIT,WAIT
776,AGV_11,3,4,Task_41,Moving
776,AGV_1,12,9,Task_80,Moving
776,AGV_3,14,12,Task_30,Moving
776,AGV_12,17,9,Task_59,Moving
776,AGV_2,3,6,WAIT,WAIT
776,AGV_4,15,6,WAIT,WAIT
776,AGV_5,15,7,WAIT,WAIT
776,AGV_6,11,15,WAIT,WAIT
776,AGV_7,11,14,WAIT,WAIT
776,AGV_8,3,3,WAIT,WAIT
776,AGV_9,15,6,WAIT,WAIT
776,AGV_10,3,3,WAIT,WAIT
777,AGV_11,3,3,Task_41,Moving
777,AGV_1,13,9,Task_80,Moving
777,AGV_3,15,12,Task_30,Moving
777,AGV_12,18,9,Task_59,Moving
777,AGV_2,3,6,WAIT,WAIT
777,AGV_4,15,6,WAIT,WAIT
777,AGV_5,15,7,WAIT,WAIT
777,AGV_6,11,15,WAIT,WAIT
777,AGV_7,11,14,WAIT,WAIT
777,AGV_8,3,3,WAIT,WAIT
777,AGV_9,15,6,WAIT,WAIT
777,AGV_10,3,3,WAIT,WAIT
778,AGV_11,3,2,Task_41,Moving
778,AGV_1,14,9,Task_80,Moving
778,AGV_3,16,12,Task_30,Moving
778,AGV_12,19,9,Task_59,Moving
778,AGV_2,3,6,Task_72,Moving
778,AGV_4,15,6,WAIT,WAIT
778,AGV_5,15,7,WAIT,WAIT
778,AGV_6,11,15,WAIT,WAIT
778,AGV_7,11,14,WAIT,WAIT
778,AGV_8,3,3,WAIT,WAIT
778,AGV_9,15,6,WAIT,WAIT
778,AGV_10,3,3,WAIT,WAIT
779,AGV_1,15,9,Task_80,Moving
779,AGV_3,17,12,Task_30,Moving
779,AGV_12,19,10,Task_59,Moving
779,AGV_2,3,7,Task_72,Moving
779,AGV_4,15,6,WAIT,WAIT
779,AGV_5,15,7,WAIT,WAIT
779,AGV_6,11,15,WAIT,WAIT
779,AGV_7,11,14,WAIT,WAIT
779,AGV_8,3,3,WAIT,WAIT
779,AGV_9,15,6,WAIT,WAIT
779,AGV_10,3,3,WAIT,WAIT
779,AGV_11,3,2,WAIT,WAIT
780,AGV_1,16,9,Task_80,Moving
780,AGV_3,18,12,Task_30,Moving
780,AGV_12,19,10,Task_59,Loading
780,AGV_2,3,8,Task_72,Moving
780,AGV_4,15,6,WAIT,WAIT
780,AGV_5,15,7,WAIT,WAIT
780,AGV_6,11,15,WAIT,WAIT
780,AGV_7,11,14,WAIT,WAIT
780,AGV_8,3,3,WAIT,WAIT
780,AGV_9,15,6,WAIT,WAIT
780,AGV_10,3,3,WAIT,WAIT
780,AGV_11,3,2,WAIT,WAIT
781,AGV_1,17,9,Task_80,Moving
781,AGV_3,19,12,Task_30,Moving
781,AGV_12,19,10,Task_59,Loading
781,AGV_2,4,8,Task_72,Moving
781,AGV_4,15,6,WAIT,WAIT
781,AGV_5,15,7,WAIT,WAIT
781,AGV_6,11,15,WAIT,WAIT
781,AGV_7,11,14,WAIT,WAIT
781,AGV_8,3,3,WAIT,WAIT
781,AGV_9,15,6,WAIT,WAIT
781,AGV_10,3,3,WAIT,WAIT
781,AGV_11,3,2,WAIT,WAIT
782,AGV_1,18,9,Task_80,Moving
782,AGV_3,19,11,Task_30,Moving
782,AGV_12,19,10,Task_59,Moving
782,AGV_2,5,8,Task_72,Moving
782,AGV_4,15,6,WAIT,WAIT
782,AGV_5,15,7,WAIT,WAIT
782,AGV_6,11,15,WAIT,WAIT
782,AGV_7,11,14,WAIT,WAIT
782,AGV_8,3,3,WAIT,WAIT
782,AGV_9,15,6,WAIT,WAIT
782,AGV_10,3,3,WAIT,WAIT
782,AGV_11,3,2,WAIT,WAIT
783,AGV_1,19,9,Task_80,Moving
783,AGV_3,19,10,Task_30,Moving
783,AGV_12,18,10,Task_59,Moving
783,AGV_2,6,8,Task_72,Moving
783,AGV_4,15,6,WAIT,WAIT
783,AGV_5,15,7,WAIT,WAIT
783,AGV_6,11,15,WAIT,WAIT
783,AGV_7,11,14,WAIT,WAIT
783,AGV_8,3,3,WAIT,WAIT
783,AGV_9,15,6,WAIT,WAIT
783,AGV_10,3,3,WAIT,WAIT
783,AGV_11,3,2,WAIT,WAIT
784,AGV_1,19,10,Task_80,Moving
784,AGV_3,19,10,Task_30,Loading
784,AGV_12,17,10,Task_59,Moving
784,AGV_2,7,8,Task_72,Moving
784,AGV_4,15,6,WAIT,WAIT
784,AGV_5,15,7,WAIT,WAIT
784,AGV_6,11,15,WAIT,WAIT
784,AGV_7,11,14,WAIT,WAIT
784,AGV_8,3,3,WAIT,WAIT
784,AGV_9,15,6,WAIT,WAIT
784,AGV_10,3,3,WAIT,WAIT
784,AGV_11,3,2,WAIT,WAIT
785,AGV_1,19,10,Task_80,Loading
785,AGV_3,19,10,Task_30,Loading
785,AGV_12,17,9,Task_59,Moving
785,AGV_2,8,8,Task_72,Moving
785,AGV_4,15,6,WAIT,WAIT
785,AGV_5,15,7,WAIT,WAIT
785,AGV_6,11,15,WAIT,WAIT
785,AGV_7,11,14,WAIT,WAIT
785,AGV_8,3,3,WAIT,WAIT
785,AGV_9,15,6,WAIT,WAIT
785,AGV_10,3,3,WAIT,WAIT
785,AGV_11,3,2,WAIT,WAIT
786,AGV_1,19,10,Task_80,Loading
786,AGV_3,19,10,Task_30,Moving
786,AGV_12,16,9,Task_59,Moving
786,AGV_2,9,8,Task_72,Moving
786,AGV_4,15,6,WAIT,WAIT
786,AGV_5,15,7,WAIT,WAIT
786,AGV_6,11,15,WAIT,WAIT
786,AGV_7,11,14,WAIT,WAIT
786,AGV_8,3,3,WAIT,WAIT
786,AGV_9,15,6,WAIT,WAIT
786,AGV_10,3,3,WAIT,WAIT
786,AGV_11,3,2,WAIT,WAIT
787,AGV_1,19,10,Task_80,Moving
787,AGV_3,18,10,Task_30,Moving
787,AGV_12,15,9,Task_59,Moving
787,AGV_2,10,8,Task_72,Moving
787,AGV_4,15,6,WAIT,WAIT
787,AGV_5,15,7,WAIT,WAIT
787,AGV_6,11,15,WAIT,WAIT
787,AGV_7,11,14,WAIT,WAIT
787,AGV_8,3,3,WAIT,WAIT
787,AGV_9,15,6,WAIT,WAIT
787,AGV_10,3,3,WAIT,WAIT
787,AGV_11,3,2,WAIT,WAIT
788,AGV_1,18,10,Task_80,Moving
788,AGV_3,17,10,Task_30,Moving
788,AGV_12,14,9,Task_59,Moving
788,AGV_2,11,8,Task_72,Moving
788,AGV_4,15,6,WAIT,WAIT
788,AGV_5,15,7,WAIT,WAIT
788,AGV_6,11,15,WAIT,WAIT
788,AGV_7,11,14,WAIT,WAIT
788,AGV_8,3,3,WAIT,WAIT
788,AGV_9,15,6,WAIT,WAIT
788,AGV_10,3,3,WAIT,WAIT
788,AGV_11,3,2,WAIT,WAIT
789,AGV_1,17,10,Task_80,Moving
789,AGV_3,17,9,Task_30,Moving
789,AGV_12,13,9,Task_59,Moving
789,AGV_2,12,8,Task_72,Moving
789,AGV_4,15,6,WAIT,WAIT
789,AGV_5,15,7,WAIT,WAIT
789,AGV_6,11,15,WAIT,WAIT
789,AGV_7,11,14,WAIT,WAIT
789,AGV_8,3,3,WAIT,WAIT
789,AGV_9,15,6,WAIT,WAIT
789,AGV_10,3,3,WAIT,WAIT
789,AGV_11,3,2,WAIT,WAIT
790,AGV_1,17,9,Task_80,Moving
790,AGV_3,16,9,Task_30,Moving
790,AGV_12,12,9,Task_59,Moving
790,AGV_2,13,8,Task_72,Moving
790,AGV_4,15,6,WAIT,WAIT
790,AGV_5,15,7,WAIT,WAIT
790,AGV_6,11,15,WAIT,WAIT
790,AGV_7,11,14,WAIT,WAIT
790,AGV_8,3,3,WAIT,WAIT
790,AGV_9,15,6,WAIT,WAIT
790,AGV_10,3,3,WAIT,WAIT
790,AGV_11,3,2,WAIT,WAIT
791,AGV_1,16,9,Task_80,Moving
791,AGV_3,15,9,Task_30,Moving
791,AGV_12,11,9,Task_59,Moving
791,AGV_2,14,8,Task_72,Moving
791,AGV_4,15,6,WAIT,WAIT
791,AGV_5,15,7,WAIT,WAIT
791,AGV_6,11,15,WAIT,WAIT
791,AGV_7,11,14,WAIT,WAIT
791,AGV_8,3,3,WAIT,WAIT
791,AGV_9,15,6,WAIT,WAIT
791,AGV_10,3,3,WAIT,WAIT
791,AGV_11,3,2,WAIT,WAIT
792,AGV_1,15,9,Task_80,Moving
792,AGV_3,14,9,Task_30,Moving
792,AGV_12,10,9,Task_59,Moving
792,AGV_2,15,8,Task_72,Moving
792,AGV_4,15,6,WAIT,WAIT
792,AGV_5,15,7,WAIT,WAIT
792,AGV_6,11,15,WAIT,WAIT
792,AGV_7,11,14,WAIT,WAIT
792,AGV_8,3,3,WAIT,WAIT
792,AGV_9,15,6,WAIT,WAIT
792,AGV_10,3,3,WAIT,WAIT
792,AGV_11,3,2,WAIT,WAIT
793,AGV_1,14,9,Task_80,Moving
793,AGV_3,13,9,Task_30,Moving
793,AGV_12,9,9,Task_59,Moving
793,AGV_2,15,9,Task_72,Moving
793,AGV_4,15,6,WAIT,WAIT
793,AGV_5,15,7,WAIT,WAIT
793,AGV_6,11,15,WAIT,WAIT
793,AGV_7,11,14,WAIT,WAIT
793,AGV_8,3,3,WAIT,WAIT
793,AGV_9,15,6,WAIT,WAIT
793,AGV_10,3,3,WAIT,WAIT
793,AGV_11,3,2,WAIT,WAIT
794,AGV_1,13,9,Task_80,Moving
794,AGV_3,12,9,Task_30,Moving
794,AGV_12,8,9,Task_59,Moving
794,AGV_2,16,9,Task_72,Moving
794,AGV_4,15,6,WAIT,WAIT
794,AGV_5,15,7,WAIT,WAIT
794,AGV_6,11,15,WAIT,WAIT
794,AGV_7,11,14,WAIT,WAIT
794,AGV_8,3,3,WAIT,WAIT
794,AGV_9,15,6,WAIT,WAIT
794,AGV_10,3,3,WAIT,WAIT
794,AGV_11,3,2,WAIT,WAIT
795,AGV_1,12,9,Task_80,Moving
795,AGV_3,11,9,Task_30,Moving
795,AGV_12,7,9,Task_59,Moving
795,AGV_2,17,9,Task_72,Moving
795,AGV_4,15,6,WAIT,WAIT
795,AGV_5,15,7,WAIT,WAIT
795,AGV_6,11,15,WAIT,WAIT
795,AGV_7,11,14,WAIT,WAIT
795,AGV_8,3,3,WAIT,WAIT
795,AGV_9,15,6,WAIT,WAIT
795,AGV_10,3,3,WAIT,WAIT
795,AGV_11,3,2,WAIT,WAIT
796,AGV_1,11,9,Task_80,Moving
796,AGV_3,11,8,Task_30,Moving
796,AGV_12,6,9,Task_59,Moving
796,AGV_2,18,9,Task_72,Moving
796,AGV_4,15,6,Task_60,Moving
796,AGV_5,15,7,WAIT,WAIT
796,AGV_6,11,15,WAIT,WAIT
796,AGV_7,11,14,WAIT,WAIT
796,AGV_8,3,3,WAIT,WAIT
796,AGV_9,15,6,WAIT,WAIT
796,AGV_10,3,3,WAIT,WAIT
796,AGV_11,3,2,WAIT,WAIT
797,AGV_1,11,10,Task_80,Moving
797,AGV_3,11,7,Task_30,Moving
797,AGV_12,5,9,Task_59,Moving
797,AGV_2,19,9,Task_72,Moving
797,AGV_4,15,7,Task_60,Moving
797,AGV_5,15,7,WAIT,WAIT
797,AGV_6,11,15,WAIT,WAIT
797,AGV_7,11,14,WAIT,WAIT
797,AGV_8,3,3,WAIT,WAIT
797,AGV_9,15,6,WAIT,WAIT
797,AGV_10,3,3,WAIT,WAIT
797,AGV_11,3,2,WAIT,WAIT
798,AGV_3,11,6,Task_30,Moving
798,AGV_12,4,9,Task_59,Moving
798,AGV_2,19,10,Task_72,Moving
798,AGV_4,15,8,Task_60,Moving
798,AGV_5,15,7,WAIT,WAIT
798,AGV_6,11,15,WAIT,WAIT
798,AGV_7,11,14,WAIT,WAIT
798,AGV_8,3,3,WAIT,WAIT
798,AGV_9,15,6,WAIT,WAIT
798,AGV_10,3,3,WAIT,WAIT
798,AGV_11,3,2,WAIT,WAIT
798,AGV_1,11,10,WAIT,WAIT
799,AGV_12,3,9,Task_59,Moving
799,AGV_2,19,10,Task_72,Loading
799,AGV_4,15,9,Task_60,Moving
799,AGV_5,15,7,WAIT,WAIT
799,AGV_6,11,15,WAIT,WAIT
799,AGV_7,11,14,WAIT,WAIT
799,AGV_8,3,3,WAIT,WAIT
799,AGV_9,15,6,WAIT,WAIT
799,AGV_10,3,3,WAIT,WAIT
799,AGV_11,3,2,WAIT,WAIT
799,AGV_1,11,10,WAIT,WAIT
799,AGV_3,11,6,WAIT,WAIT
800,AGV_12,3,10,Task_59,Moving
800,AGV_2,19,10,Task_72,Loading
800,AGV_4,16,9,Task_60,Moving
800,AGV_5,15,7,WAIT,WAIT
800,AGV_6,11,15,WAIT,WAIT
800,AGV_7,11,14,WAIT,WAIT
800,AGV_8,3,3,WAIT,WAIT
800,AGV_9,15,6,WAIT,WAIT
800,AGV_10,3,3,WAIT,WAIT
800,AGV_11,3,2,WAIT,WAIT
800,AGV_1,11,10,WAIT,WAIT
800,AGV_3,11,6,WAIT,WAIT
801,AGV_12,3,11,Task_59,Moving
801,AGV_2,19,10,Task_72,Moving
801,AGV_4,17,9,Task_60,Moving
801,AGV_5,15,7,Task_50,Moving
801,AGV_6,11,15,WAIT,WAIT
801,AGV_7,11,14,WAIT,WAIT
801,AGV_8,3,3,WAIT,WAIT
801,AGV_9,15,6,WAIT,WAIT
801,AGV_10,3,3,WAIT,WAIT
801,AGV_11,3,2,WAIT,WAIT
801,AGV_1,11,10,WAIT,WAIT
801,AGV_3,11,6,WAIT,WAIT
802,AGV_2,18,10,Task_72,Moving
802,AGV_4,18,9,Task_60,Moving
802,AGV_5,15,8,Task_50,Moving
802,AGV_6,11,15,WAIT,WAIT
802,AGV_7,11,14,WAIT,WAIT
802,AGV_8,3,3,WAIT,WAIT
802,AGV_9,15,6,WAIT,WAIT
802,AGV_10,3,3,WAIT,WAIT
802,AGV_11,3,2,WAIT,WAIT
802,AGV_1,11,10,WAIT,WAIT
802,AGV_3,11,6,WAIT,WAIT
802,AGV_12,3,11,WAIT,WAIT
803,AGV_2,17,10,Task_72,Moving
803,AGV_4,19,9,Task_60,Moving
803,AGV_5,16,8,Task_50,Moving
803,AGV_6,11,15,WAIT,WAIT
803,AGV_7,11,14,WAIT,WAIT
803,AGV_8,3,3,WAIT,WAIT
803,AGV_9,15,6,WAIT,WAIT
803,AGV_10,3,3,WAIT,WAIT
803,AGV_11,3,2,WAIT,WAIT
803,AGV_1,11,10,WAIT,WAIT
803,AGV_3,11,6,WAIT,WAIT
803,AGV_12,3,11,WAIT,WAIT
804,AGV_2,17,9,Task_72,Moving
804,AGV_4,19,10,Task_60,Moving
804,AGV_5,17,8,Task_50,Moving
804,AGV_6,11,15,WAIT,WAIT
804,AGV_7,11,14,WAIT,WAIT
804,AGV_8,3,3,WAIT,WAIT
804,AGV_9,15,6,WAIT,WAIT
804,AGV_10,3,3,WAIT,WAIT
804,AGV_11,3,2,WAIT,WAIT
804,AGV_1,11,10,WAIT,WAIT
804,AGV_3,11,6,WAIT,WAIT
804,AGV_12,3,11,WAIT,WAIT
805,AGV_2,16,9,Task_72,Moving
805,AGV_4,19,10,Task_60,Loading
805,AGV_5,17,9,Task_50,Moving
805,AGV_6,11,15,WAIT,WAIT
805,AGV_7,11,14,WAIT,WAIT
805,AGV_8,3,3,WAIT,WAIT
805,AGV_9,15,6,WAIT,WAIT
805,AGV_10,3,3,WAIT,WAIT
805,AGV_11,3,2,WAIT,WAIT
805,AGV_1,11,10,WAIT,WAIT
805,AGV_3,11,6,WAIT,WAIT
805,AGV_12,3,11,WAIT,WAIT
806,AGV_2,15,9,Task_72,Moving
806,AGV_4,19,10,Task_60,Loading
806,AGV_5,18,9,Task_50,Moving
806,AGV_6,11,15,WAIT,WAIT
806,AGV_7,11,14,WAIT,WAIT
806,AGV_8,3,3,WAIT,WAIT
806,AGV_9,15,6,WAIT,WAIT
806,AGV_10,3,3,WAIT,WAIT
806,AGV_11,3,2,WAIT,WAIT
806,AGV_1,11,10,WAIT,WAIT
806,AGV_3,11,6,WAIT,WAIT
806,AGV_12,3,11,WAIT,WAIT
807,AGV_2,14,9,Task_72,Moving
807,AGV_4,19,10,Task_60,Moving
807,AGV_5,19,9,Task_50,Moving
807,AGV_6,11,15,WAIT,WAIT
807,AGV_7,11,14,WAIT,WAIT
807,AGV_8,3,3,WAIT,WAIT
807,AGV_9,15,6,WAIT,WAIT
807,AGV_10,3,3,WAIT,WAIT
807,AGV_11,3,2,WAIT,WAIT
807,AGV_1,11,10,WAIT,WAIT
807,AGV_3,11,6,WAIT,WAIT
807,AGV_12,3,11,WAIT,WAIT
808,AGV_2,13,9,Task_72,Moving
808,AGV_4,18,10,Task_60,Moving
808,AGV_5,19,10,Task_50,Moving
808,AGV_6,11,15,WAIT,WAIT
808,AGV_7,11,14,WAIT,WAIT
808,AGV_8,3,3,WAIT,WAIT
808,AGV_9,15,6,WAIT,WAIT
808,AGV_10,3,3,WAIT,WAIT
808,AGV_11,3,2,WAIT,WAIT
808,AGV_1,11,10,WAIT,WAIT
808,AGV_3,11,6,WAIT,WAIT
808,AGV_12,3,11,WAIT,WAIT
809,AGV_2,12,9,Task_72,Moving
809,AGV_4,17,10,Task_60,Moving
809,AGV_5,19,10,Task_50,Loading
809,AGV_6,11,15,WAIT,WAIT
809,AGV_7,11,14,WAIT,WAIT
809,AGV_8,3,3,WAIT,WAIT
809,AGV_9,15,6,WAIT,WAIT
809,AGV_10,3,3,WAIT,WAIT
809,AGV_11,3,2,WAIT,WAIT
809,AGV_1,11,10,WAIT,WAIT
809,AGV_3,11,6,WAIT,WAIT
809,AGV_12,3,11,WAIT,WAIT
810,AGV_2,11,9,Task_72,Moving
810,AGV_4,17,11,Task_60,Moving
810,AGV_5,19,10,Task_50,Loading
810,AGV_6,11,15,WAIT,WAIT
810,AGV_7,11,14,WAIT,WAIT
810,AGV_8,3,3,WAIT,WAIT
810,AGV_9,15,6,WAIT,WAIT
810,AGV_10,3,3,WAIT,WAIT
810,AGV_11,3,2,WAIT,WAIT
810,AGV_1,11,10,WAIT,WAIT
810,AGV_3,11,6,WAIT,WAIT
810,AGV_12,3,11,WAIT,WAIT
811,AGV_2,10,9,Task_72,Moving
811,AGV_4,17,12,Task_60,Moving
811,AGV_5,19,10,Task_50,Moving
811,AGV_6,11,15,WAIT,WAIT
811,AGV_7,11,14,WAIT,WAIT
811,AGV_8,3,3,WAIT,WAIT
811,AGV_9,15,6,WAIT,WAIT
811,AGV_10,3,3,WAIT,WAIT
811,AGV_11,3,2,WAIT,WAIT
811,AGV_1,11,10,WAIT,WAIT
811,AGV_3,11,6,WAIT,WAIT
811,AGV_12,3,11,WAIT,WAIT
812,AGV_2,9,9,Task_72,Moving
812,AGV_4,16,12,Task_60,Moving
812,AGV_5,18,10,Task_50,Moving
812,AGV_6,11,15,WAIT,WAIT
812,AGV_7,11,14,WAIT,WAIT
812,AGV_8,3,3,WAIT,WAIT
812,AGV_9,15,6,WAIT,WAIT
812,AGV_10,3,3,WAIT,WAIT
812,AGV_11,3,2,WAIT,WAIT
812,AGV_1,11,10,WAIT,WAIT
812,AGV_3,11,6,WAIT,WAIT
812,AGV_12,3,11,WAIT,WAIT
813,AGV_2,8,9,Task_72,Moving
813,AGV_4,15,12,Task_60,Moving
813,AGV_5,17,10,Task_50,Moving
813,AGV_6,11,15,Task_49,Moving
813,AGV_7,11,14,WAIT,WAIT
813,AGV_8,3,3,WAIT,WAIT
813,AGV_9,15,6,WAIT,WAIT
813,AGV_10,3,3,WAIT,WAIT
813,AGV_11,3,2,WAIT,WAIT
813,AGV_1,11,10,WAIT,WAIT
813,AGV_3,11,6,WAIT,WAIT
813,AGV_12,3,11,WAIT,WAIT
814,AGV_2,7,9,Task_72,Moving
814,AGV_4,14,12,Task_60,Moving
814,AGV_5,17,9,Task_50,Moving
814,AGV_6,11,14,Task_49,Moving
814,AGV_7,11,14,WAIT,WAIT
814,AGV_8,3,3,WAIT,WAIT
814,AGV_9,15,6,WAIT,WAIT
814,AGV_10,3,3,WAIT,WAIT
814,AGV_11,3,2,WAIT,WAIT
814,AGV_1,11,10,WAIT,WAIT
814,AGV_3,11,6,WAIT,WAIT
814,AGV_12,3,11,WAIT,WAIT
815,AGV_2,6,9,Task_72,Moving
815,AGV_4,13,12,Task_60,Moving
815,AGV_5,16,9,Task_50,Moving
815,AGV_6,11,13,Task_49,Moving
815,AGV_7,11,14,WAIT,WAIT
815,AGV_8,3,3,WAIT,WAIT
815,AGV_9,15,6,WAIT,WAIT
815,AGV_10,3,3,WAIT,WAIT
815,AGV_11,3,2,WAIT,WAIT
815,AGV_1,11,10,WAIT,WAIT
815,AGV_3,11,6,WAIT,WAIT
815,AGV_12,3,11,WAIT,WAIT
816,AGV_2,5,9,Task_72,Moving
816,AGV_4,12,12,Task_60,Moving
816,AGV_5,15,9,Task_50,Moving
816,AGV_6,12,13,Task_49,Moving
816,AGV_7,11,14,Task_84,Moving
816,AGV_8,3,3,WAIT,WAIT
816,AGV_9,15,6,WAIT,WAIT
816,AGV_10,3,3,WAIT,WAIT
816,AGV_11,3,2,WAIT,WAIT
816,AGV_1,11,10,WAIT,WAIT
816,AGV_3,11,6,WAIT,WAIT
816,AGV_12,3,11,WAIT,WAIT
817,AGV_2,4,9,Task_72,Moving
817,AGV_4,11,12,Task_60,Moving
817,AGV_5,14,9,Task_50,Moving
817,AGV_6,12,12,Task_49,Moving
817,AGV_7,11,13,Task_84,Moving
817,AGV_8,3,3,WAIT,WAIT
817,AGV_9,15,6,WAIT,WAIT
817,AGV_10,3,3,WAIT,WAIT
817,AGV_11,3,2,WAIT,WAIT
817,AGV_1,11,10,WAIT,WAIT
817,AGV_3,11,6,WAIT,WAIT
817,AGV_12,3,11,WAIT,WAIT
818,AGV_2,3,9,Task_72,Moving
818,AGV_4,10,12,Task_60,Moving
818,AGV_5,13,9,Task_50,Moving
818,AGV_6,13,12,Task_49,Moving
818,AGV_7,10,13,Task_84,Moving
818,AGV_8,3,3,WAIT,WAIT
818,AGV_9,15,6,WAIT,WAIT
818,AGV_10,3,3,WAIT,WAIT
818,AGV_11,3,2,WAIT,WAIT
818,AGV_1,11,10,WAIT,WAIT
818,AGV_3,11,6,WAIT,WAIT
818,AGV_12,3,11,WAIT,WAIT
819,AGV_2,3,10,Task_72,Moving
819,AGV_4,9,12,Task_60,Moving
819,AGV_5,12,9,Task_50,Moving
819,AGV_6,14,12,Task_49,Moving
819,AGV_7,10,12,Task_84,Moving
819,AGV_8,3,3,WAIT,WAIT
819,AGV_9,15,6,WAIT,WAIT
819,AGV_10,3,3,WAIT,WAIT
819,AGV_11,3,2,WAIT,WAIT
819,AGV_1,11,10,WAIT,WAIT
819,AGV_3,11,6,WAIT,WAIT
819,AGV_12,3,11,WAIT,WAIT
820,AGV_2,3,11,Task_72,Moving
820,AGV_4,8,12,Task_60,Moving
820,AGV_5,11,9,Task_50,Moving
820,AGV_6,15,12,Task_49,Moving
820,AGV_7,11,12,Task_84,Moving
820,AGV_8,3,3,WAIT,WAIT
820,AGV_9,15,6,WAIT,WAIT
820,AGV_10,3,3,WAIT,WAIT
820,AGV_11,3,2,WAIT,WAIT
820,AGV_1,11,10,WAIT,WAIT
820,AGV_3,11,6,WAIT,WAIT
820,AGV_12,3,11,WAIT,WAIT
821,AGV_4,7,12,Task_60,Moving
821,AGV_5,10,9,Task_50,Moving
821,AGV_6,16,12,Task_49,Moving
821,AGV_7,12,12,Task_84,Moving
821,AGV_8,3,3,WAIT,WAIT
821,AGV_9,15,6,WAIT,WAIT
821,AGV_10,3,3,WAIT,WAIT
821,AGV_11,3,2,WAIT,WAIT
821,AGV_1,11,10,WAIT,WAIT
821,AGV_3,11,6,WAIT,WAIT
821,AGV_12,3,11,WAIT,WAIT
821,AGV_2,3,11,WAIT,WAIT
822,AGV_4,6,12,Task_60,Moving
822,AGV_5,9,9,Task_50,Moving
822,AGV_6,17,12,Task_49,Moving
822,AGV_7,13,12,Task_84,Moving
822,AGV_8,3,3,WAIT,WAIT
822,AGV_9,15,6,WAIT,WAIT
822,AGV_10,3,3,WAIT,WAIT
822,AGV_11,3,2,WAIT,WAIT
822,AGV_1,11,10,WAIT,WAIT
822,AGV_3,11,6,WAIT,WAIT
822,AGV_12,3,11,WAIT,WAIT
822,AGV_2,3,11,WAIT,WAIT
823,AGV_4,5,12,Task_60,Moving
823,AGV_5,8,9,Task_50,Moving
823,AGV_6,18,12,Task_49,Moving
823,AGV_7,14,12,Task_84,Moving
823,AGV_8,3,3,WAIT,WAIT
823,AGV_9,15,6,WAIT,WAIT
823,AGV_10,3,3,WAIT,WAIT
823,AGV_11,3,2,WAIT,WAIT
823,AGV_1,11,10,WAIT,WAIT
823,AGV_3,11,6,WAIT,WAIT
823,AGV_12,3,11,WAIT,WAIT
823,AGV_2,3,11,WAIT,WAIT
824,AGV_4,4,12,Task_60,Moving
824,AGV_5,7,9,Task_50,Moving
824,AGV_6,19,12,Task_49,Moving
824,AGV_7,15,12,Task_84,Moving
824,AGV_8,3,3,WAIT,WAIT
824,AGV_9,15,6,WAIT,WAIT
824,AGV_10,3,3,WAIT,WAIT
824,AGV_11,3,2,WAIT,WAIT
824,AGV_1,11,10,WAIT,WAIT
824,AGV_3,11,6,WAIT,WAIT
824,AGV_12,3,11,WAIT,WAIT
824,AGV_2,3,11,WAIT,WAIT
825,AGV_4,3,12,Task_60,Moving
825,AGV_5,6,9,Task_50,Moving
825,AGV_6,19,11,Task_49,Moving
825,AGV_7,16,12,Task_84,Moving
825,AGV_8,3,3,WAIT,WAIT
825,AGV_9,15,6,WAIT,WAIT
825,AGV_10,3,3,WAIT,WAIT
825,AGV_11,3,2,WAIT,WAIT
825,AGV_1,11,10,WAIT,WAIT
825,AGV_3,11,6,WAIT,WAIT
825,AGV_12,3,11,WAIT,WAIT
825,AGV_2,3,11,WAIT,WAIT
826,AGV_4,3,13,Task_60,Moving
826,AGV_5,5,9,Task_50,Moving
826,AGV_6,19,10,Task_49,Moving
826,AGV_7,17,12,Task_84,Moving
826,AGV_8,3,3,WAIT,WAIT
826,AGV_9,15,6,WAIT,WAIT
826,AGV_10,3,3,WAIT,WAIT
826,AGV_11,3,2,WAIT,WAIT
826,AGV_1,11,10,WAIT,WAIT
826,AGV_3,11,6,WAIT,WAIT
826,AGV_12,3,11,WAIT,WAIT
826,AGV_2,3,11,WAIT,WAIT
827,AGV_4,3,14,Task_60,Moving
827,AGV_5,4,9,Task_50,Moving
827,AGV_6,19,10,Task_49,Loading
827,AGV_7,18,12,Task_84,Moving
827,AGV_8,3,3,WAIT,WAIT
827,AGV_9,15,6,WAIT,WAIT
827,AGV_10,3,3,WAIT,WAIT
827,AGV_11,3,2,WAIT,WAIT
827,AGV_1,11,10,WAIT,WAIT
827,AGV_3,11,6,WAIT,WAIT
827,AGV_12,3,11,WAIT,WAIT
827,AGV_2,3,11,WAIT,WAIT
828,AGV_5,3,9,Task_50,Moving
828,AGV_6,19,10,Task_49,Loading
828,AGV_7,19,12,Task_84,Moving
828,AGV_8,3,3,WAIT,WAIT
828,AGV_9,15,6,WAIT,WAIT
828,AGV_10,3,3,WAIT,WAIT
828,AGV_11,3,2,WAIT,WAIT
828,AGV_1,11,10,WAIT,WAIT
828,AGV_3,11,6,WAIT,WAIT
828,AGV_12,3,11,WAIT,WAIT
828,AGV_2,3,11,WAIT,WAIT
828,AGV_4,3,14,WAIT,WAIT
829,AGV_5,3,8,Task_50,Moving
829,AGV_6,19,10,Task_49,Moving
829,AGV_7,19,11,Task_84,Moving
829,AGV_8,3,3,Task_22,Moving
829,AGV_9,15,6,WAIT,WAIT
829,AGV_10,3,3,WAIT,WAIT
829,AGV_11,3,2,WAIT,WAIT
829,AGV_1,11,10,WAIT,WAIT
829,AGV_3,11,6,WAIT,WAIT
829,AGV_12,3,11,WAIT,WAIT
829,AGV_2,3,11,WAIT,WAIT
829,AGV_4,3,14,WAIT,WAIT
830,AGV_5,3,7,Task_50,Moving
830,AGV_6,18,10,Task_49,Moving
830,AGV_7,19,10,Task_84,Moving
830,AGV_8,3,4,Task_22,Moving
830,AGV_9,15,6,WAIT,WAIT
830,AGV_10,3,3,WAIT,WAIT
830,AGV_11,3,2,WAIT,WAIT
830,AGV_1,11,10,WAIT,WAIT
830,AGV_3,11,6,WAIT,WAIT
830,AGV_12,3,11,WAIT,WAIT
830,AGV_2,3,11,WAIT,WAIT
830,AGV_4,3,14,WAIT,WAIT
831,AGV_5,3,6,Task_50,Moving
831,AGV_6,17,10,Task_49,Moving
831,AGV_7,19,10,Task_84,Loading
831,AGV_8,3,5,Task_22,Moving
831,AGV_9,15,6,WAIT,WAIT
831,AGV_10,3,3,WAIT,WAIT
831,AGV_11,3,2,WAIT,WAIT
831,AGV_1,11,10,WAIT,WAIT
831,AGV_3,11,6,WAIT,WAIT
831,AGV_12,3,11,WAIT,WAIT
831,AGV_2,3,11,WAIT,WAIT
831,AGV_4,3,14,WAIT,WAIT
832,AGV_5,3,5,Task_50,Moving
832,AGV_6,17,9,Task_49,Moving
832,AGV_7,19,10,Task_84,Loading
832,AGV_8,4,5,Task_22,Moving
832,AGV_9,15,6,WAIT,WAIT
832,AGV_10,3,3,WAIT,WAIT
832,AGV_11,3,2,WAIT,WAIT
832,AGV_1,11,10,WAIT,WAIT
832,AGV_3,11,6,WAIT,WAIT
832,AGV_12,3,11,WAIT,WAIT
832,AGV_2,3,11,WAIT,WAIT
832,AGV_4,3,14,WAIT,WAIT
833,AGV_5,3,4,Task_50,Moving
833,AGV_6,16,9,Task_49,Moving
833,AGV_7,19,10,Task_84,Moving
833,AGV_8,5,5,Task_22,Moving
833,AGV_9,15,6,WAIT,WAIT
833,AGV_10,3,3,WAIT,WAIT
833,AGV_11,3,2,WAIT,WAIT
833,AGV_1,11,10,WAIT,WAIT
833,AGV_3,11,6,WAIT,WAIT
833,AGV_12,3,11,WAIT,WAIT
833,AGV_2,3,11,WAIT,WAIT
833,AGV_4,3,14,WAIT,WAIT
834,AGV_5,3,3,Task_50,Moving
834,AGV_6,15,9,Task_49,Moving
834,AGV_7,18,10,Task_84,Moving
834,AGV_8,5,6,Task_22,Moving
834,AGV_9,15,6,WAIT,WAIT
834,AGV_10,3,3,WAIT,WAIT
834,AGV_11,3,2,WAIT,WAIT
834,AGV_1,11,10,WAIT,WAIT
834,AGV_3,11,6,WAIT,WAIT
834,AGV_12,3,11,WAIT,WAIT
834,AGV_2,3,11,WAIT,WAIT
834,AGV_4,3,14,WAIT,WAIT
835,AGV_5,3,2,Task_50,Moving
835,AGV_6,14,9,Task_49,Moving
835,AGV_7,17,10,Task_84,Moving
835,AGV_8,5,7,Task_22,Moving
835,AGV_9,15,6,WAIT,WAIT
835,AGV_10,3,3,WAIT,WAIT
835,AGV_11,3,2,WAIT,WAIT
835,AGV_1,11,10,WAIT,WAIT
835,AGV_3,11,6,WAIT,WAIT
835,AGV_12,3,11,WAIT,WAIT
835,AGV_2,3,11,WAIT,WAIT
835,AGV_4,3,14,WAIT,WAIT
836,AGV_6,13,9,Task_49,Moving
836,AGV_7,17,11,Task_84,Moving
836,AGV_8,5,8,Task_22,Moving
836,AGV_9,15,6,WAIT,WAIT
836,AGV_10,3,3,WAIT,WAIT
836,AGV_11,3,2,WAIT,WAIT
836,AGV_1,11,10,WAIT,WAIT
836,AGV_3,11,6,WAIT,WAIT
836,AGV_12,3,11,WAIT,WAIT
836,AGV_2,3,11,WAIT,WAIT
836,AGV_4,3,14,WAIT,WAIT
836,AGV_5,3,2,WAIT,WAIT
837,AGV_6,12,9,Task_49,Moving
837,AGV_7,17,12,Task_84,Moving
837,AGV_8,6,8,Task_22,Moving
837,AGV_9,15,6,WAIT,WAIT
837,AGV_10,3,3,WAIT,WAIT
837,AGV_11,3,2,WAIT,WAIT
837,AGV_1,11,10,WAIT,WAIT
837,AGV_3,11,6,WAIT,WAIT
837,AGV_12,3,11,WAIT,WAIT
837,AGV_2,3,11,WAIT,WAIT
837,AGV_4,3,14,WAIT,WAIT
837,AGV_5,3,2,WAIT,WAIT
838,AGV_6,11,9,Task_49,Moving
838,AGV_7,16,12,Task_84,Moving
838,AGV_8,7,8,Task_22,Moving
838,AGV_9,15,6,WAIT,WAIT
838,AGV_10,3,3,WAIT,WAIT
838,AGV_11,3,2,WAIT,WAIT
838,AGV_1,11,10,WAIT,WAIT
838,AGV_3,11,6,WAIT,WAIT
838,AGV_12,3,11,WAIT,WAIT
838,AGV_2,3,11,WAIT,WAIT
838,AGV_4,3,14,WAIT,WAIT
838,AGV_5,3,2,WAIT,WAIT
839,AGV_6,10,9,Task_49,Moving
839,AGV_7,15,12,Task_84,Moving
839,AGV_8,8,8,Task_22,Moving
839,AGV_9,15,6,WAIT,WAIT
839,AGV_10,3,3,WAIT,WAIT
839,AGV_11,3,2,WAIT,WAIT
839,AGV_1,11,10,WAIT,WAIT
839,AGV_3,11,6,WAIT,WAIT
839,AGV_12,3,11,WAIT,WAIT
839,AGV_2,3,11,WAIT,WAIT
839,AGV_4,3,14,WAIT,WAIT
839,AGV_5,3,2,WAIT,WAIT
840,AGV_6,9,9,Task_49,Moving
840,AGV_7,14,12,Task_84,Moving
840,AGV_8,9,8,Task_22,Moving
840,AGV_9,15,6,WAIT,WAIT
840,AGV_10,3,3,WAIT,WAIT
840,AGV_11,3,2,WAIT,WAIT
840,AGV_1,11,10,WAIT,WAIT
840,AGV_3,11,6,WAIT,WAIT
840,AGV_12,3,11,WAIT,WAIT
840,AGV_2,3,11,WAIT,WAIT
840,AGV_4,3,14,WAIT,WAIT
840,AGV_5,3,2,WAIT,WAIT
841,AGV_6,8,9,Task_49,Moving
841,AGV_7,13,12,Task_84,Moving
841,AGV_8,9,9,Task_22,Moving
841,AGV_9,15,6,WAIT,WAIT
841,AGV_10,3,3,WAIT,WAIT
841,AGV_11,3,2,WAIT,WAIT
841,AGV_1,11,10,WAIT,WAIT
841,AGV_3,11,6,WAIT,WAIT
841,AGV_12,3,11,WAIT,WAIT
841,AGV_2,3,11,WAIT,WAIT
841,AGV_4,3,14,WAIT,WAIT
841,AGV_5,3,2,WAIT,WAIT
842,AGV_6,7,9,Task_49,Moving
842,AGV_7,12,12,Task_84,Moving
842,AGV_8,10,9,Task_22,Moving
842,AGV_9,15,6,WAIT,WAIT
842,AGV_10,3,3,WAIT,WAIT
842,AGV_11,3,2,WAIT,WAIT
842,AGV_1,11,10,WAIT,WAIT
842,AGV_3,11,6,WAIT,WAIT
842,AGV_12,3,11,WAIT,WAIT
842,AGV_2,3,11,WAIT,WAIT
842,AGV_4,3,14,WAIT,WAIT
842,AGV_5,3,2,WAIT,WAIT
843,AGV_6,7,10,Task_49,Moving
843,AGV_7,11,12,Task_84,Moving
843,AGV_8,11,9,Task_22,Moving
843,AGV_9,15,6,WAIT,WAIT
843,AGV_10,3,3,WAIT,WAIT
843,AGV_11,3,2,WAIT,WAIT
843,AGV_1,11,10,WAIT,WAIT
843,AGV_3,11,6,WAIT,WAIT
843,AGV_12,3,11,WAIT,WAIT
843,AGV_2,3,11,WAIT,WAIT
843,AGV_4,3,14,WAIT,WAIT
843,AGV_5,3,2,WAIT,WAIT
844,AGV_7,10,12,Task_84,Moving
844,AGV_8,12,9,Task_22,Moving
844,AGV_9,15,6,WAIT,WAIT
844,AGV_10,3,3,WAIT,WAIT
844,AGV_11,3,2,WAIT,WAIT
844,AGV_1,11,10,WAIT,WAIT
844,AGV_3,11,6,WAIT,WAIT
844,AGV_12,3,11,WAIT,WAIT
844,AGV_2,3,11,WAIT,WAIT
844,AGV_4,3,14,WAIT,WAIT
844,AGV_5,3,2,WAIT,WAIT
844,AGV_6,7,10,WAIT,WAIT
845,AGV_7,9,12,Task_84,Moving
845,AGV_8,13,9,Task_22,Moving
845,AGV_9,15,6,WAIT,WAIT
845,AGV_10,3,3,WAIT,WAIT
845,AGV_11,3,2,WAIT,WAIT
845,AGV_1,11,10,WAIT,WAIT
845,AGV_3,11,6,WAIT,WAIT
845,AGV_12,3,11,WAIT,WAIT
845,AGV_2,3,11,WAIT,WAIT
845,AGV_4,3,14,WAIT,WAIT
845,AGV_5,3,2,WAIT,WAIT
845,AGV_6,7,10,WAIT,WAIT
846,AGV_7,8,12,Task_84,Moving
846,AGV_8,14,9,Task_22,Moving
846,AGV_9,15,6,Task_7,Moving
846,AGV_10,3,3,WAIT,WAIT
846,AGV_11,3,2,WAIT,WAIT
846,AGV_1,11,10,WAIT,WAIT
846,AGV_3,11,6,WAIT,WAIT
846,AGV_12,3,11,WAIT,WAIT
846,AGV_2,3,11,WAIT,WAIT
846,AGV_4,3,14,WAIT,WAIT
846,AGV_5,3,2,WAIT,WAIT
846,AGV_6,7,10,WAIT,WAIT
847,AGV_7,7,12,Task_84,Moving
847,AGV_8,15,9,Task_22,Moving
847,AGV_9,15,5,Task_7,Moving
847,AGV_10,3,3,WAIT,WAIT
847,AGV_11,3,2,WAIT,WAIT
847,AGV_1,11,10,WAIT,WAIT
847,AGV_3,11,6,WAIT,WAIT
847,AGV_12,3,11,WAIT,WAIT
847,AGV_2,3,11,WAIT,WAIT
847,AGV_4,3,14,WAIT,WAIT
847,AGV_5,3,2,WAIT,WAIT
847,AGV_6,7,10,WAIT,WAIT
848,AGV_7,6,12,Task_84,Moving
848,AGV_8,16,9,Task_22,Moving
848,AGV_9,15,6,Task_7,Moving
848,AGV_10,3,3,WAIT,WAIT
848,AGV_11,3,2,WAIT,WAIT
848,AGV_1,11,10,WAIT,WAIT
848,AGV_3,11,6,WAIT,WAIT
848,AGV_12,3,11,WAIT,WAIT
848,AGV_2,3,11,WAIT,WAIT
848,AGV_4,3,14,WAIT,WAIT
848,AGV_5,3,2,WAIT,WAIT
848,AGV_6,7,10,WAIT,WAIT
849,AGV_7,5,12,Task_84,Moving
849,AGV_8,17,9,Task_22,Moving
849,AGV_9,15,7,Task_7,Moving
849,AGV_10,3,3,WAIT,WAIT
849,AGV_11,3,2,WAIT,WAIT
849,AGV_1,11,10,WAIT,WAIT
849,AGV_3,11,6,WAIT,WAIT
849,AGV_12,3,11,WAIT,WAIT
849,AGV_2,3,11,WAIT,WAIT
849,AGV_4,3,14,WAIT,WAIT
849,AGV_5,3,2,WAIT,WAIT
849,AGV_6,7,10,WAIT,WAIT
850,AGV_7,4,12,Task_84,Moving
850,AGV_8,18,9,Task_22,Moving
850,AGV_9,15,8,Task_7,Moving
850,AGV_10,3,3,WAIT,WAIT
850,AGV_11,3,2,WAIT,WAIT
850,AGV_1,11,10,WAIT,WAIT
850,AGV_3,11,6,WAIT,WAIT
850,AGV_12,3,11,WAIT,WAIT
850,AGV_2,3,11,WAIT,WAIT
850,AGV_4,3,14,WAIT,WAIT
850,AGV_5,3,2,WAIT,WAIT
850,AGV_6,7,10,WAIT,WAIT
851,AGV_7,3,12,Task_84,Moving
851,AGV_8,19,9,Task_22,Moving
851,AGV_9,15,9,Task_7,Moving
851,AGV_10,3,3,WAIT,WAIT
851,AGV_11,3,2,WAIT,WAIT
851,AGV_1,11,10,WAIT,WAIT
851,AGV_3,11,6,WAIT,WAIT
851,AGV_12,3,11,WAIT,WAIT
851,AGV_2,3,11,WAIT,WAIT
851,AGV_4,3,14,WAIT,WAIT
851,AGV_5,3,2,WAIT,WAIT
851,AGV_6,7,10,WAIT,WAIT
852,AGV_7,3,13,Task_84,Moving
852,AGV_8,19,10,Task_22,Moving
852,AGV_9,16,9,Task_7,Moving
852,AGV_10,3,3,WAIT,WAIT
852,AGV_11,3,2,WAIT,WAIT
852,AGV_1,11,10,WAIT,WAIT
852,AGV_3,11,6,WAIT,WAIT
852,AGV_12,3,11,WAIT,WAIT
852,AGV_2,3,11,WAIT,WAIT
852,AGV_4,3,14,WAIT,WAIT
852,AGV_5,3,2,WAIT,WAIT
852,AGV_6,7,10,WAIT,WAIT
853,AGV_7,3,14,Task_84,Moving
853,AGV_8,19,10,Task_22,Loading
853,AGV_9,17,9,Task_7,Moving
853,AGV_10,3,3,WAIT,WAIT
853,AGV_11,3,2,WAIT,WAIT
853,AGV_1,11,10,WAIT,WAIT
853,AGV_3,11,6,WAIT,WAIT
853,AGV_12,3,11,WAIT,WAIT
853,AGV_2,3,11,WAIT,WAIT
853,AGV_4,3,14,WAIT,WAIT
853,AGV_5,3,2,WAIT,WAIT
853,AGV_6,7,10,WAIT,WAIT
854,AGV_8,19,10,Task_22,Loading
854,AGV_9,18,9,Task_7,Moving
854,AGV_10,3,3,Task_36,Moving
854,AGV_11,3,2,WAIT,WAIT
854,AGV_1,11,10,WAIT,WAIT
854,AGV_3,11,6,WAIT,WAIT
854,AGV_12,3,11,WAIT,WAIT
854,AGV_2,3,11,WAIT,WAIT
854,AGV_4,3,14,WAIT,WAIT
854,AGV_5,3,2,WAIT,WAIT
854,AGV_6,7,10,WAIT,WAIT
855,AGV_8,19,10,Task_22,Moving
855,AGV_9,19,9,Task_7,Moving
855,AGV_10,3,4,Task_36,Moving
855,AGV_11,3,2,WAIT,WAIT
855,AGV_1,11,10,WAIT,WAIT
855,AGV_3,11,6,WAIT,WAIT
855,AGV_12,3,11,WAIT,WAIT
855,AGV_2,3,11,WAIT,WAIT
855,AGV_4,3,14,WAIT,WAIT
855,AGV_5,3,2,WAIT,WAIT
855,AGV_6,7,10,WAIT,WAIT
856,AGV_8,18,10,Task_22,Moving
856,AGV_9,19,10,Task_7,Moving
856,AGV_10,3,5,Task_36,Moving
856,AGV_11,3,2,WAIT,WAIT
856,AGV_1,11,10,WAIT,WAIT
856,AGV_3,11,6,WAIT,WAIT
856,AGV_12,3,11,WAIT,WAIT
856,AGV_2,3,11,WAIT,WAIT
856,AGV_4,3,14,WAIT,WAIT
856,AGV_5,3,2,WAIT,WAIT
856,AGV_6,7,10,WAIT,WAIT
857,AGV_8,17,10,Task_22,Moving
857,AGV_9,19,10,Task_7,Loading
857,AGV_10,3,6,Task_36,Moving
857,AGV_11,3,2,WAIT,WAIT
857,AGV_1,11,10,WAIT,WAIT
857,AGV_3,11,6,WAIT,WAIT
857,AGV_12,3,11,WAIT,WAIT
857,AGV_2,3,11,WAIT,WAIT
857,AGV_4,3,14,WAIT,WAIT
857,AGV_5,3,2,WAIT,WAIT
857,AGV_6,7,10,WAIT,WAIT
858,AGV_8,17,9,Task_22,Moving
858,AGV_9,19,10,Task_7,Loading
858,AGV_10,3,7,Task_36,Moving
858,AGV_11,3,2,WAIT,WAIT
858,AGV_1,11,10,WAIT,WAIT
858,AGV_3,11,6,WAIT,WAIT
858,AGV_12,3,11,WAIT,WAIT
858,AGV_2,3,11,WAIT,WAIT
858,AGV_4,3,14,WAIT,WAIT
858,AGV_5,3,2,WAIT,WAIT
858,AGV_6,7,10,WAIT,WAIT
859,AGV_8,16,9,Task_22,Moving
859,AGV_9,19,10,Task_7,Moving
859,AGV_10,3,8,Task_36,Moving
859,AGV_11,3,2,WAIT,WAIT
859,AGV_1,11,10,WAIT,WAIT
859,AGV_3,11,6,WAIT,WAIT
859,AGV_12,3,11,WAIT,WAIT
859,AGV_2,3,11,WAIT,WAIT
859,AGV_4,3,14,WAIT,WAIT
859,AGV_5,3,2,WAIT,WAIT
859,AGV_6,7,10,WAIT,WAIT
860,AGV_8,15,9,Task_22,Moving
860,AGV_9,18,10,Task_7,Moving
860,AGV_10,4,8,Task_36,Moving
860,AGV_11,3,2,WAIT,WAIT
860,AGV_1,11,10,WAIT,WAIT
860,AGV_3,11,6,WAIT,WAIT
860,AGV_12,3,11,WAIT,WAIT
860,AGV_2,3,11,WAIT,WAIT
860,AGV_4,3,14,WAIT,WAIT
860,AGV_5,3,2,WAIT,WAIT
860,AGV_6,7,10,WAIT,WAIT
861,AGV_8,14,9,Task_22,Moving
861,AGV_9,17,10,Task_7,Moving
861,AGV_10,5,8,Task_36,Moving
861,AGV_11,3,2,WAIT,WAIT
861,AGV_1,11,10,WAIT,WAIT
861,AGV_3,11,6,WAIT,WAIT
861,AGV_12,3,11,WAIT,WAIT
861,AGV_2,3,11,WAIT,WAIT
861,AGV_4,3,14,WAIT,WAIT
861,AGV_5,3,2,WAIT,WAIT
861,AGV_6,7,10,WAIT,WAIT
862,AGV_8,13,9,Task_22,Moving
862,AGV_9,17,9,Task_7,Moving
862,AGV_10,6,8,Task_36,Moving
862,AGV_11,3,2,WAIT,WAIT
862,AGV_1,11,10,WAIT,WAIT
862,AGV_3,11,6,WAIT,WAIT
862,AGV_12,3,11,WAIT,WAIT
862,AGV_2,3,11,WAIT,WAIT
862,AGV_4,3,14,WAIT,WAIT
862,AGV_5,3,2,WAIT,WAIT
862,AGV_6,7,10,WAIT,WAIT
863,AGV_8,12,9,Task_22,Moving
863,AGV_9,16,9,Task_7,Moving
863,AGV_10,7,8,Task_36,Moving
863,AGV_11,3,2,WAIT,WAIT
863,AGV_1,11,10,WAIT,WAIT
863,AGV_3,11,6,WAIT,WAIT
863,AGV_12,3,11,WAIT,WAIT
863,AGV_2,3,11,WAIT,WAIT
863,AGV_4,3,14,WAIT,WAIT
863,AGV_5,3,2,WAIT,WAIT
863,AGV_6,7,10,WAIT,WAIT
864,AGV_8,11,9,Task_22,Moving
864,AGV_9,15,9,Task_7,Moving
864,AGV_10,8,8,Task_36,Moving
864,AGV_11,3,2,WAIT,WAIT
864,AGV_1,11,10,WAIT,WAIT
864,AGV_3,11,6,WAIT,WAIT
864,AGV_12,3,11,WAIT,WAIT
864,AGV_2,3,11,WAIT,WAIT
864,AGV_4,3,14,WAIT,WAIT
864,AGV_5,3,2,WAIT,WAIT
864,AGV_6,7,10,WAIT,WAIT
865,AGV_8,11,8,Task_22,Moving
865,AGV_9,14,9,Task_7,Moving
865,AGV_10,9,8,Task_36,Moving
865,AGV_11,3,2,WAIT,WAIT
865,AGV_1,11,10,WAIT,WAIT
865,AGV_3,11,6,WAIT,WAIT
865,AGV_12,3,11,WAIT,WAIT
865,AGV_2,3,11,WAIT,WAIT
865,AGV_4,3,14,WAIT,WAIT
865,AGV_5,3,2,WAIT,WAIT
865,AGV_6,7,10,WAIT,WAIT
866,AGV_8,11,7,Task_22,Moving
866,AGV_9,13,9,Task_7,Moving
866,AGV_10,10,8,Task_36,Moving
866,AGV_11,3,2,Task_53,Moving
866,AGV_1,11,10,WAIT,WAIT
866,AGV_3,11,6,WAIT,WAIT
866,AGV_12,3,11,WAIT,WAIT
866,AGV_2,3,11,WAIT,WAIT
866,AGV_4,3,14,WAIT,WAIT
866,AGV_5,3,2,WAIT,WAIT
866,AGV_6,7,10,WAIT,WAIT
867,AGV_9,12,9,Task_7,Moving
867,AGV_10,11,8,Task_36,Moving
867,AGV_11,3,3,Task_53,Moving
867,AGV_1,11,10,WAIT,WAIT
867,AGV_3,11,6,WAIT,WAIT
867,AGV_12,3,11,WAIT,WAIT
867,AGV_2,3,11,WAIT,WAIT
867,AGV_4,3,14,WAIT,WAIT
867,AGV_5,3,2,WAIT,WAIT
867,AGV_6,7,10,WAIT,WAIT
868,AGV_9,11,9,Task_7,Moving
868,AGV_10,12,8,Task_36,Moving
868,AGV_11,3,4,Task_53,Moving
868,AGV_1,11,10,WAIT,WAIT
868,AGV_3,11,6,WAIT,WAIT
868,AGV_12,3,11,WAIT,WAIT
868,AGV_2,3,11,WAIT,WAIT
868,AGV_4,3,14,WAIT,WAIT
868,AGV_5,3,2,WAIT,WAIT
868,AGV_6,7,10,WAIT,WAIT
869,AGV_9,11,8,Task_7,Moving
869,AGV_10,12,9,Task_36,Moving
869,AGV_11,3,5,Task_53,Moving
869,AGV_1,11,10,WAIT,WAIT
869,AGV_3,11,6,WAIT,WAIT
869,AGV_12,3,11,WAIT,WAIT
869,AGV_2,3,11,WAIT,WAIT
869,AGV_4,3,14,WAIT,WAIT
869,AGV_5,3,2,WAIT,WAIT
869,AGV_6,7,10,WAIT,WAIT
870,AGV_9,11,7,Task_7,Moving
870,AGV_10,13,9,Task_36,Moving
870,AGV_11,3,6,Task_53,Moving
870,AGV_1,11,10,WAIT,WAIT
870,AGV_3,11,6,WAIT,WAIT
870,AGV_12,3,11,WAIT,WAIT
870,AGV_2,3,11,WAIT,WAIT
870,AGV_4,3,14,WAIT,WAIT
870,AGV_5,3,2,WAIT,WAIT
870,AGV_6,7,10,WAIT,WAIT
871,AGV_9,11,6,Task_7,Moving
871,AGV_10,14,9,Task_36,Moving
871,AGV_11,3,7,Task_53,Moving
871,AGV_1,11,10,WAIT,WAIT
871,AGV_3,11,6,WAIT,WAIT
871,AGV_12,3,11,WAIT,WAIT
871,AGV_2,3,11,WAIT,WAIT
871,AGV_4,3,14,WAIT,WAIT
871,AGV_5,3,2,WAIT,WAIT
871,AGV_6,7,10,WAIT,WAIT
872,AGV_9,11,5,Task_7,Moving
872,AGV_10,15,9,Task_36,Moving
872,AGV_11,3,8,Task_53,Moving
872,AGV_1,11,10,WAIT,WAIT
872,AGV_3,11,6,WAIT,WAIT
872,AGV_12,3,11,WAIT,WAIT
872,AGV_2,3,11,WAIT,WAIT
872,AGV_4,3,14,WAIT,WAIT
872,AGV_5,3,2,WAIT,WAIT
872,AGV_6,7,10,WAIT,WAIT
873,AGV_9,11,4,Task_7,Moving
873,AGV_10,16,9,Task_36,Moving
873,AGV_11,4,8,Task_53,Moving
873,AGV_1,11,10,WAIT,WAIT
873,AGV_3,11,6,WAIT,WAIT
873,AGV_12,3,11,WAIT,WAIT
873,AGV_2,3,11,WAIT,WAIT
873,AGV_4,3,14,WAIT,WAIT
873,AGV_5,3,2,WAIT,WAIT
873,AGV_6,7,10,WAIT,WAIT
874,AGV_9,11,3,Task_7,Moving
874,AGV_10,17,9,Task_36,Moving
874,AGV_11,5,8,Task_53,Moving
874,AGV_1,11,10,WAIT,WAIT
874,AGV_3,11,6,WAIT,WAIT
874,AGV_12,3,11,WAIT,WAIT
874,AGV_2,3,11,WAIT,WAIT
874,AGV_4,3,14,WAIT,WAIT
874,AGV_5,3,2,WAIT,WAIT
874,AGV_6,7,10,WAIT,WAIT
875,AGV_9,11,2,Task_7,Moving
875,AGV_10,18,9,Task_36,Moving
875,AGV_11,6,8,Task_53,Moving
875,AGV_1,11,10,WAIT,WAIT
875,AGV_3,11,6,WAIT,WAIT
875,AGV_12,3,11,WAIT,WAIT
875,AGV_2,3,11,WAIT,WAIT
875,AGV_4,3,14,WAIT,WAIT
875,AGV_5,3,2,WAIT,WAIT
875,AGV_6,7,10,WAIT,WAIT
876,AGV_10,19,9,Task_36,Moving
876,AGV_11,7,8,Task_53,Moving
876,AGV_1,11,10,WAIT,WAIT
876,AGV_3,11,6,WAIT,WAIT
876,AGV_12,3,11,WAIT,WAIT
876,AGV_2,3,11,WAIT,WAIT
876,AGV_4,3,14,WAIT,WAIT
876,AGV_5,3,2,WAIT,WAIT
876,AGV_6,7,10,WAIT,WAIT
877,AGV_10,19,10,Task_36,Moving
877,AGV_11,8,8,Task_53,Moving
877,AGV_1,11,10,WAIT,WAIT
877,AGV_3,11,6,Task_6,Moving
877,AGV_12,3,11,WAIT,WAIT
877,AGV_2,3,11,WAIT,WAIT
877,AGV_4,3,14,WAIT,WAIT
877,AGV_5,3,2,WAIT,WAIT
877,AGV_6,7,10,WAIT,WAIT
878,AGV_10,19,10,Task_36,Loading
878,AGV_11,9,8,Task_53,Moving
878,AGV_1,11,10,WAIT,WAIT
878,AGV_3,11,7,Task_6,Moving
878,AGV_12,3,11,WAIT,WAIT
878,AGV_2,3,11,WAIT,WAIT
878,AGV_4,3,14,WAIT,WAIT
878,AGV_5,3,2,WAIT,WAIT
878,AGV_6,7,10,WAIT,WAIT
879,AGV_10,19,10,Task_36,Loading
879,AGV_11,10,8,Task_53,Moving
879,AGV_1,11,10,Task_66,Moving
879,AGV_3,11,8,Task_6,Moving
879,AGV_12,3,11,WAIT,WAIT
879,AGV_2,3,11,WAIT,WAIT
879,AGV_4,3,14,WAIT,WAIT
879,AGV_5,3,2,WAIT,WAIT
879,AGV_6,7,10,WAIT,WAIT
880,AGV_10,19,10,Task_36,Moving
880,AGV_11,11,8,Task_53,Moving
880,AGV_1,11,9,Task_66,Moving
880,AGV_3,12,8,Task_6,Moving
880,AGV_12,3,11,WAIT,WAIT
880,AGV_2,3,11,WAIT,WAIT
880,AGV_4,3,14,WAIT,WAIT
880,AGV_5,3,2,WAIT,WAIT
880,AGV_6,7,10,WAIT,WAIT
881,AGV_10,18,10,Task_36,Moving
881,AGV_11,12,8,Task_53,Moving
881,AGV_1,10,9,Task_66,Moving
881,AGV_3,13,8,Task_6,Moving
881,AGV_12,3,11,WAIT,WAIT
881,AGV_2,3,11,WAIT,WAIT
881,AGV_4,3,14,WAIT,WAIT
881,AGV_5,3,2,WAIT,WAIT
881,AGV_6,7,10,WAIT,WAIT
882,AGV_10,17,10,Task_36,Moving
882,AGV_11,13,8,Task_53,Moving
882,AGV_1,9,9,Task_66,Moving
882,AGV_3,14,8,Task_6,Moving
882,AGV_12,3,11,WAIT,WAIT
882,AGV_2,3,11,WAIT,WAIT
882,AGV_4,3,14,WAIT,WAIT
882,AGV_5,3,2,WAIT,WAIT
882,AGV_6,7,10,WAIT,WAIT
883,AGV_10,17,9,Task_36,Moving
883,AGV_11,14,8,Task_53,Moving
883,AGV_1,9,9,Task_66,Moving
883,AGV_3,15,8,Task_6,Moving
883,AGV_12,3,11,WAIT,WAIT
883,AGV_2,3,11,WAIT,WAIT
883,AGV_4,3,14,WAIT,WAIT
883,AGV_5,3,2,WAIT,WAIT
883,AGV_6,7,10,WAIT,WAIT
884,AGV_10,16,9,Task_36,Moving
884,AGV_11,15,8,Task_53,Moving
884,AGV_1,10,9,Task_66,Moving
884,AGV_3,16,8,Task_6,Moving
884,AGV_12,3,11,WAIT,WAIT
884,AGV_2,3,11,WAIT,WAIT
884,AGV_4,3,14,WAIT,WAIT
884,AGV_5,3,2,WAIT,WAIT
884,AGV_6,7,10,WAIT,WAIT
885,AGV_10,15,9,Task_36,Moving
885,AGV_11,16,8,Task_53,Moving
885,AGV_1,11,9,Task_66,Moving
885,AGV_3,16,9,Task_6,Moving
885,AGV_12,3,11,WAIT,WAIT
885,AGV_2,3,11,WAIT,WAIT
885,AGV_4,3,14,WAIT,WAIT
885,AGV_5,3,2,WAIT,WAIT
885,AGV_6,7,10,WAIT,WAIT
886,AGV_10,15,10,Task_36,Moving
886,AGV_11,16,9,Task_53,Moving
886,AGV_1,12,9,Task_66,Moving
886,AGV_3,17,9,Task_6,Moving
886,AGV_12,3,11,WAIT,WAIT
886,AGV_2,3,11,WAIT,WAIT
886,AGV_4,3,14,WAIT,WAIT
886,AGV_5,3,2,WAIT,WAIT
886,AGV_6,7,10,WAIT,WAIT
887,AGV_10,15,11,Task_36,Moving
887,AGV_11,17,9,Task_53,Moving
887,AGV_1,13,9,Task_66,Moving
887,AGV_3,18,9,Task_6,Moving
887,AGV_12,3,11,WAIT,WAIT
887,AGV_2,3,11,WAIT,WAIT
887,AGV_4,3,14,WAIT,WAIT
887,AGV_5,3,2,WAIT,WAIT
887,AGV_6,7,10,WAIT,WAIT
888,AGV_11,18,9,Task_53,Moving
888,AGV_1,14,9,Task_66,Moving
888,AGV_3,19,9,Task_6,Moving
888,AGV_12,3,11,WAIT,WAIT
888,AGV_2,3,11,WAIT,WAIT
888,AGV_4,3,14,WAIT,WAIT
888,AGV_5,3,2,WAIT,WAIT
888,AGV_6,7,10,WAIT,WAIT
889,AGV_11,19,9,Task_53,Moving
889,AGV_1,15,9,Task_66,Moving
889,AGV_3,19,10,Task_6,Moving
889,AGV_12,3,11,WAIT,WAIT
889,AGV_2,3,11,WAIT,WAIT
889,AGV_4,3,14,WAIT,WAIT
889,AGV_5,3,2,WAIT,WAIT
889,AGV_6,7,10,WAIT,WAIT
890,AGV_11,19,10,Task_53,Moving
890,AGV_1,16,9,Task_66,Moving
890,AGV_3,19,10,Task_6,Loading
890,AGV_12,3,11,WAIT,WAIT
890,AGV_2,3,11,WAIT,WAIT
890,AGV_4,3,14,WAIT,WAIT
890,AGV_5,3,2,WAIT,WAIT
890,AGV_6,7,10,WAIT,WAIT
891,AGV_11,19,10,Task_53,Loading
891,AGV_1,17,9,Task_66,Moving
891,AGV_3,19,10,Task_6,Loading
891,AGV_12,3,11,WAIT,WAIT
891,AGV_2,3,11,WAIT,WAIT
891,AGV_4,3,14,WAIT,WAIT
891,AGV_5,3,2,WAIT,WAIT
891,AGV_6,7,10,WAIT,WAIT
892,AGV_11,19,10,Task_53,Loading
892,AGV_1,18,9,Task_66,Moving
892,AGV_3,19,10,Task_6,Moving
892,AGV_12,3,11,WAIT,WAIT
892,AGV_2,3,11,WAIT,WAIT
892,AGV_4,3,14,WAIT,WAIT
892,AGV_5,3,2,WAIT,WAIT
892,AGV_6,7,10,WAIT,WAIT
893,AGV_11,19,10,Task_53,Moving
893,AGV_1,19,9,Task_66,Moving
893,AGV_3,18,10,Task_6,Moving
893,AGV_12,3,11,WAIT,WAIT
893,AGV_2,3,11,WAIT,WAIT
893,AGV_4,3,14,WAIT,WAIT
893,AGV_5,3,2,WAIT,WAIT
893,AGV_6,7,10,WAIT,WAIT
894,AGV_11,18,10,Task_53,Moving
894,AGV_1,19,10,Task_66,Moving
894,AGV_3,17,10,Task_6,Moving
894,AGV_12,3,11,WAIT,WAIT
894,AGV_2,3,11,WAIT,WAIT
894,AGV_4,3,14,WAIT,WAIT
894,AGV_5,3,2,WAIT,WAIT
894,AGV_6,7,10,WAIT,WAIT
895,AGV_11,17,10,Task_53,Moving
895,AGV_1,19,10,Task_66,Loading
895,AGV_3,17,9,Task_6,Moving
895,AGV_12,3,11,WAIT,WAIT
895,AGV_2,3,11,WAIT,WAIT
895,AGV_4,3,14,WAIT,WAIT
895,AGV_5,3,2,WAIT,WAIT
895,AGV_6,7,10,WAIT,WAIT
896,AGV_11,17,11,Task_53,Moving
896,AGV_1,19,10,Task_66,Loading
896,AGV_3,16,9,Task_6,Moving
896,AGV_12,3,11,WAIT,WAIT
896,AGV_2,3,11,WAIT,WAIT
896,AGV_4,3,14,WAIT,WAIT
896,AGV_5,3,2,WAIT,WAIT
896,AGV_6,7,10,WAIT,WAIT
897,AGV_11,17,12,Task_53,Moving
897,AGV_1,19,10,Task_66,Moving
897,AGV_3,15,9,Task_6,Moving
897,AGV_12,3,11,WAIT,WAIT
897,AGV_2,3,11,WAIT,WAIT
897,AGV_4,3,14,WAIT,WAIT
897,AGV_5,3,2,WAIT,WAIT
897,AGV_6,7,10,WAIT,WAIT
898,AGV_11,16,12,Task_53,Moving
898,AGV_1,18,10,Task_66,Moving
898,AGV_3,14,9,Task_6,Moving
898,AGV_12,3,11,WAIT,WAIT
898,AGV_2,3,11,WAIT,WAIT
898,AGV_4,3,14,WAIT,WAIT
898,AGV_5,3,2,WAIT,WAIT
898,AGV_6,7,10,WAIT,WAIT
899,AGV_11,15,12,Task_53,Moving
899,AGV_1,17,10,Task_66,Moving
899,AGV_3,13,9,Task_6,Moving
899,AGV_12,3,11,WAIT,WAIT
899,AGV_2,3,11,WAIT,WAIT
899,AGV_4,3,14,WAIT,WAIT
899,AGV_5,3,2,WAIT,WAIT
899,AGV_6,7,10,WAIT,WAIT
900,AGV_11,14,12,Task_53,Moving
900,AGV_1,17,11,Task_66,Moving
900,AGV_3,12,9,Task_6,Moving
900,AGV_12,3,11,WAIT,WAIT
900,AGV_2,3,11,WAIT,WAIT
900,AGV_4,3,14,WAIT,WAIT
900,AGV_5,3,2,WAIT,WAIT
900,AGV_6,7,10,WAIT,WAIT
901,AGV_11,13,12,Task_53,Moving
901,AGV_1,17,12,Task_66,Moving
901,AGV_3,11,9,Task_6,Moving
901,AGV_12,3,11,WAIT,WAIT
901,AGV_2,3,11,WAIT,WAIT
901,AGV_4,3,14,WAIT,WAIT
901,AGV_5,3,2,WAIT,WAIT
901,AGV_6,7,10,WAIT,WAIT
902,AGV_11,12,12,Task_53,Moving
902,AGV_1,16,12,Task_66,Moving
902,AGV_3,11,8,Task_6,Moving
902,AGV_12,3,11,WAIT,WAIT
902,AGV_2,3,11,WAIT,WAIT
902,AGV_4,3,14,WAIT,WAIT
902,AGV_5,3,2,WAIT,WAIT
902,AGV_6,7,10,WAIT,WAIT
903,AGV_11,11,12,Task_53,Moving
903,AGV_1,15,12,Task_66,Moving
903,AGV_3,11,7,Task_6,Moving
903,AGV_12,3,11,WAIT,WAIT
903,AGV_2,3,11,WAIT,WAIT
903,AGV_4,3,14,WAIT,WAIT
903,AGV_5,3,2,WAIT,WAIT
903,AGV_6,7,10,WAIT,WAIT
904,AGV_11,11,13,Task_53,Moving
904,AGV_1,14,12,Task_66,Moving
904,AGV_3,11,6,Task_6,Moving
904,AGV_12,3,11,WAIT,WAIT
904,AGV_2,3,11,WAIT,WAIT
904,AGV_4,3,14,WAIT,WAIT
904,AGV_5,3,2,WAIT,WAIT
904,AGV_6,7,10,WAIT,WAIT
905,AGV_11,11,14,Task_53,Moving
905,AGV_1,13,12,Task_66,Moving
905,AGV_3,11,5,Task_6,Moving
905,AGV_12,3,11,WAIT,WAIT
905,AGV_2,3,11,WAIT,WAIT
905,AGV_4,3,14,WAIT,WAIT
905,AGV_5,3,2,WAIT,WAIT
905,AGV_6,7,10,WAIT,WAIT
906,AGV_1,12,12,Task_66,Moving
906,AGV_3,11,4,Task_6,Moving
906,AGV_12,3,11,WAIT,WAIT
906,AGV_2,3,11,WAIT,WAIT
906,AGV_4,3,14,WAIT,WAIT
906,AGV_5,3,2,WAIT,WAIT
906,AGV_6,7,10,WAIT,WAIT
907,AGV_1,11,12,Task_66,Moving
907,AGV_3,11,3,Task_6,Moving
907,AGV_12,3,11,WAIT,WAIT
907,AGV_2,3,11,WAIT,WAIT
907,AGV_4,3,14,WAIT,WAIT
907,AGV_5,3,2,WAIT,WAIT
907,AGV_6,7,10,WAIT,WAIT
908,AGV_1,11,13,Task_66,Moving
908,AGV_3,11,2,Task_6,Moving
908,AGV_12,3,11,WAIT,WAIT
908,AGV_2,3,11,WAIT,WAIT
908,AGV_4,3,14,WAIT,WAIT
908,AGV_5,3,2,WAIT,WAIT
908,AGV_6,7,10,WAIT,WAIT
909,AGV_1,11,14,Task_66,Moving
909,AGV_12,3,11,WAIT,WAIT
909,AGV_2,3,11,WAIT,WAIT
909,AGV_4,3,14,WAIT,WAIT
909,AGV_5,3,2,WAIT,WAIT
909,AGV_6,7,10,WAIT,WAIT
910,AGV_1,11,15,Task_66,Moving
910,AGV_12,3,11,WAIT,WAIT
910,AGV_2,3,11,WAIT,WAIT
910,AGV_4,3,14,WAIT,WAIT
910,AGV_5,3,2,WAIT,WAIT
910,AGV_6,7,10,WAIT,WAIT
911,AGV_12,3,11,WAIT,WAIT
911,AGV_2,3,11,WAIT,WAIT
911,AGV_4,3,14,WAIT,WAIT
911,AGV_5,3,2,WAIT,WAIT
911,AGV_6,7,10,WAIT,WAIT
912,AGV_12,3,11,WAIT,WAIT
912,AGV_2,3,11,WAIT,WAIT
912,AGV_4,3,14,WAIT,WAIT
912,AGV_5,3,2,WAIT,WAIT
912,AGV_6,7,10,WAIT,WAIT
913,AGV_12,3,11,WAIT,WAIT
913,AGV_2,3,11,WAIT,WAIT
913,AGV_4,3,14,WAIT,WAIT
913,AGV_5,3,2,WAIT,WAIT
913,AGV_6,7,10,WAIT,WAIT
914,AGV_12,3,11,WAIT,WAIT
914,AGV_2,3,11,WAIT,WAIT
914,AGV_4,3,14,WAIT,WAIT
914,AGV_5,3,2,WAIT,WAIT
914,AGV_6,7,10,WAIT,WAIT
915,AGV_12,3,11,WAIT,WAIT
915,AGV_2,3,11,WAIT,WAIT
915,AGV_4,3,14,WAIT,WAIT
915,AGV_5,3,2,WAIT,WAIT
915,AGV_6,7,10,WAIT,WAIT
916,AGV_12,3,11,WAIT,WAIT
916,AGV_2,3,11,Task_48,Moving
916,AGV_4,3,14,WAIT,WAIT
916,AGV_5,3,2,WAIT,WAIT
916,AGV_6,7,10,WAIT,WAIT
917,AGV_12,3,11,WAIT,WAIT
917,AGV_2,3,10,Task_48,Moving
917,AGV_4,3,14,WAIT,WAIT
917,AGV_5,3,2,WAIT,WAIT
917,AGV_6,7,10,WAIT,WAIT
918,AGV_12,3,11,WAIT,WAIT
918,AGV_2,3,9,Task_48,Moving
918,AGV_4,3,14,WAIT,WAIT
918,AGV_5,3,2,WAIT,WAIT
918,AGV_6,7,10,WAIT,WAIT
919,AGV_12,3,11,Task_71,Moving
919,AGV_2,4,9,Task_48,Moving
919,AGV_4,3,14,WAIT,WAIT
919,AGV_5,3,2,WAIT,WAIT
919,AGV_6,7,10,WAIT,WAIT
920,AGV_12,3,10,Task_71,Moving
920,AGV_2,5,9,Task_48,Moving
920,AGV_4,3,14,WAIT,WAIT
920,AGV_5,3,2,WAIT,WAIT
920,AGV_6,7,10,WAIT,WAIT
921,AGV_12,3,9,Task_71,Moving
921,AGV_2,6,9,Task_48,Moving
921,AGV_4,3,14,WAIT,WAIT
921,AGV_5,3,2,WAIT,WAIT
921,AGV_6,7,10,WAIT,WAIT
922,AGV_12,4,9,Task_71,Moving
922,AGV_2,7,9,Task_48,Moving
922,AGV_4,3,14,WAIT,WAIT
922,AGV_5,3,2,WAIT,WAIT
922,AGV_6,7,10,WAIT,WAIT
923,AGV_12,5,9,Task_71,Moving
923,AGV_2,8,9,Task_48,Moving
923,AGV_4,3,14,WAIT,WAIT
923,AGV_5,3,2,WAIT,WAIT
923,AGV_6,7,10,WAIT,WAIT
924,AGV_12,6,9,Task_71,Moving
924,AGV_2,9,9,Task_48,Moving
924,AGV_4,3,14,WAIT,WAIT
924,AGV_5,3,2,WAIT,WAIT
924,AGV_6,7,10,WAIT,WAIT
925,AGV_12,7,9,Task_71,Moving
925,AGV_2,10,9,Task_48,Moving
925,AGV_4,3,14,WAIT,WAIT
925,AGV_5,3,2,WAIT,WAIT
925,AGV_6,7,10,WAIT,WAIT
926,AGV_12,8,9,Task_71,Moving
926,AGV_2,11,9,Task_48,Moving
926,AGV_4,3,14,WAIT,WAIT
926,AGV_5,3,2,WAIT,WAIT
926,AGV_6,7,10,WAIT,WAIT
927,AGV_12,9,9,Task_71,Moving
927,AGV_2,12,9,Task_48,Moving
927,AGV_4,3,14,WAIT,WAIT
927,AGV_5,3,2,WAIT,WAIT
927,AGV_6,7,10,WAIT,WAIT
928,AGV_12,10,9,Task_71,Moving
928,AGV_2,13,9,Task_48,Moving
928,AGV_4,3,14,WAIT,WAIT
928,AGV_5,3,2,WAIT,WAIT
928,AGV_6,7,10,WAIT,WAIT
929,AGV_12,11,9,Task_71,Moving
929,AGV_2,14,9,Task_48,Moving
929,AGV_4,3,14,WAIT,WAIT
929,AGV_5,3,2,WAIT,WAIT
929,AGV_6,7,10,WAIT,WAIT
930,AGV_12,12,9,Task_71,Moving
930,AGV_2,15,9,Task_48,Moving
930,AGV_4,3,14,WAIT,WAIT
930,AGV_5,3,2,WAIT,WAIT
930,AGV_6,7,10,WAIT,WAIT
931,AGV_12,13,9,Task_71,Moving
931,AGV_2,16,9,Task_48,Moving
931,AGV_4,3,14,WAIT,WAIT
931,AGV_5,3,2,WAIT,WAIT
931,AGV_6,7,10,WAIT,WAIT
932,AGV_12,14,9,Task_71,Moving
932,AGV_2,17,9,Task_48,Moving
932,AGV_4,3,14,WAIT,WAIT
932,AGV_5,3,2,WAIT,WAIT
932,AGV_6,7,10,WAIT,WAIT
933,AGV_12,15,9,Task_71,Moving
933,AGV_2,18,9,Task_48,Moving
933,AGV_4,3,14,WAIT,WAIT
933,AGV_5,3,2,WAIT,WAIT
933,AGV_6,7,10,WAIT,WAIT
934,AGV_12,16,9,Task_71,Moving
934,AGV_2,19,9,Task_48,Moving
934,AGV_4,3,14,WAIT,WAIT
934,AGV_5,3,2,WAIT,WAIT
934,AGV_6,7,10,WAIT,WAIT
935,AGV_12,17,9,Task_71,Moving
935,AGV_2,19,10,Task_48,Moving
935,AGV_4,3,14,WAIT,WAIT
935,AGV_5,3,2,WAIT,WAIT
935,AGV_6,7,10,WAIT,WAIT
936,AGV_12,18,9,Task_71,Moving
936,AGV_2,19,10,Task_48,Loading
936,AGV_4,3,14,WAIT,WAIT
936,AGV_5,3,2,WAIT,WAIT
936,AGV_6,7,10,WAIT,WAIT
937,AGV_12,19,9,Task_71,Moving
937,AGV_2,19,10,Task_48,Loading
937,AGV_4,3,14,WAIT,WAIT
937,AGV_5,3,2,WAIT,WAIT
937,AGV_6,7,10,WAIT,WAIT
938,AGV_12,19,10,Task_71,Moving
938,AGV_2,19,10,Task_48,Moving
938,AGV_4,3,14,WAIT,WAIT
938,AGV_5,3,2,WAIT,WAIT
938,AGV_6,7,10,WAIT,WAIT
939,AGV_12,19,10,Task_71,Loading
939,AGV_2,18,10,Task_48,Moving
939,AGV_4,3,14,WAIT,WAIT
939,AGV_5,3,2,WAIT,WAIT
939,AGV_6,7,10,WAIT,WAIT
940,AGV_12,19,10,Task_71,Loading
940,AGV_2,17,10,Task_48,Moving
940,AGV_4,3,14,WAIT,WAIT
940,AGV_5,3,2,WAIT,WAIT
940,AGV_6,7,10,WAIT,WAIT
941,AGV_12,19,10,Task_71,Moving
941,AGV_2,17,11,Task_48,Moving
941,AGV_4,3,14,WAIT,WAIT
941,AGV_5,3,2,WAIT,WAIT
941,AGV_6,7,10,WAIT,WAIT
942,AGV_12,18,10,Task_71,Moving
942,AGV_2,17,12,Task_48,Moving
942,AGV_4,3,14,WAIT,WAIT
942,AGV_5,3,2,WAIT,WAIT
942,AGV_6,7,10,WAIT,WAIT
943,AGV_12,17,10,Task_71,Moving
943,AGV_2,16,12,Task_48,Moving
943,AGV_4,3,14,WAIT,WAIT
943,AGV_5,3,2,WAIT,WAIT
943,AGV_6,7,10,WAIT,WAIT
944,AGV_12,17,11,Task_71,Moving
944,AGV_2,15,12,Task_48,Moving
944,AGV_4,3,14,WAIT,WAIT
944,AGV_5,3,2,WAIT,WAIT
944,AGV_6,7,10,WAIT,WAIT
945,AGV_12,17,12,Task_71,Moving
945,AGV_2,14,12,Task_48,Moving
945,AGV_4,3,14,WAIT,WAIT
945,AGV_5,3,2,WAIT,WAIT
945,AGV_6,7,10,WAIT,WAIT
946,AGV_12,16,12,Task_71,Moving
946,AGV_2,13,12,Task_48,Moving
946,AGV_4,3,14,WAIT,WAIT
946,AGV_5,3,2,WAIT,WAIT
946,AGV_6,7,10,WAIT,WAIT
947,AGV_12,15,12,Task_71,Moving
947,AGV_2,12,12,Task_48,Moving
947,AGV_4,3,14,WAIT,WAIT
947,AGV_5,3,2,WAIT,WAIT
947,AGV_6,7,10,WAIT,WAIT
948,AGV_12,14,12,Task_71,Moving
948,AGV_2,11,12,Task_48,Moving
948,AGV_4,3,14,WAIT,WAIT
948,AGV_5,3,2,WAIT,WAIT
948,AGV_6,7,10,WAIT,WAIT
949,AGV_12,13,12,Task_71,Moving
949,AGV_2,10,12,Task_48,Moving
949,AGV_4,3,14,Task_75,Moving
949,AGV_5,3,2,WAIT,WAIT
949,AGV_6,7,10,WAIT,WAIT
950,AGV_12,12,12,Task_71,Moving
950,AGV_2,9,12,Task_48,Moving
950,AGV_4,3,13,Task_75,Moving
950,AGV_5,3,2,WAIT,WAIT
950,AGV_6,7,10,WAIT,WAIT
951,AGV_12,11,12,Task_71,Moving
951,AGV_2,8,12,Task_48,Moving
951,AGV_4,3,12,Task_75,Moving
951,AGV_5,3,2,WAIT,WAIT
951,AGV_6,7,10,WAIT,WAIT
952,AGV_12,11,13,Task_71,Moving
952,AGV_2,7,12,Task_48,Moving
952,AGV_4,4,12,Task_75,Moving
952,AGV_5,3,2,WAIT,WAIT
952,AGV_6,7,10,WAIT,WAIT
953,AGV_12,11,14,Task_71,Moving
953,AGV_2,7,13,Task_48,Moving
953,AGV_4,5,12,Task_75,Moving
953,AGV_5,3,2,WAIT,WAIT
953,AGV_6,7,10,WAIT,WAIT
954,AGV_12,11,15,Task_71,Moving
954,AGV_2,7,14,Task_48,Moving
954,AGV_4,6,12,Task_75,Moving
954,AGV_5,3,2,WAIT,WAIT
954,AGV_6,7,10,WAIT,WAIT
955,AGV_2,7,15,Task_48,Moving
955,AGV_4,7,12,Task_75,Moving
955,AGV_5,3,2,WAIT,WAIT
955,AGV_6,7,10,WAIT,WAIT
956,AGV_4,8,12,Task_75,Moving
956,AGV_5,3,2,WAIT,WAIT
956,AGV_6,7,10,WAIT,WAIT
957,AGV_4,9,12,Task_75,Moving
957,AGV_5,3,2,Task_91,Moving
957,AGV_6,7,10,WAIT,WAIT
958,AGV_4,10,12,Task_75,Moving
958,AGV_5,3,3,Task_91,Moving
958,AGV_6,7,10,WAIT,WAIT
959,AGV_4,11,12,Task_75,Moving
959,AGV_5,3,4,Task_91,Moving
959,AGV_6,7,10,WAIT,WAIT
960,AGV_4,12,12,Task_75,Moving
960,AGV_5,3,5,Task_91,Moving
960,AGV_6,7,10,WAIT,WAIT
961,AGV_4,13,12,Task_75,Moving
961,AGV_5,3,6,Task_91,Moving
961,AGV_6,7,10,WAIT,WAIT
962,AGV_4,14,12,Task_75,Moving
962,AGV_5,3,7,Task_91,Moving
962,AGV_6,7,10,WAIT,WAIT
963,AGV_4,15,12,Task_75,Moving
963,AGV_5,3,8,Task_91,Moving
963,AGV_6,7,10,WAIT,WAIT
964,AGV_4,16,12,Task_75,Moving
964,AGV_5,4,8,Task_91,Moving
964,AGV_6,7,10,WAIT,WAIT
965,AGV_4,17,12,Task_75,Moving
965,AGV_5,5,8,Task_91,Moving
965,AGV_6,7,10,WAIT,WAIT
966,AGV_4,18,12,Task_75,Moving
966,AGV_5,6,8,Task_91,Moving
966,AGV_6,7,10,WAIT,WAIT
967,AGV_4,19,12,Task_75,Moving
967,AGV_5,7,8,Task_91,Moving
967,AGV_6,7,10,WAIT,WAIT
968,AGV_4,19,11,Task_75,Moving
968,AGV_5,8,8,Task_91,Moving
968,AGV_6,7,10,WAIT,WAIT
969,AGV_4,19,10,Task_75,Moving
969,AGV_5,9,8,Task_91,Moving
969,AGV_6,7,10,WAIT,WAIT
970,AGV_4,19,10,Task_75,Loading
970,AGV_5,10,8,Task_91,Moving
970,AGV_6,7,10,WAIT,WAIT
971,AGV_4,19,10,Task_75,Loading
971,AGV_5,11,8,Task_91,Moving
971,AGV_6,7,10,WAIT,WAIT
972,AGV_4,19,10,Task_75,Moving
972,AGV_5,12,8,Task_91,Moving
972,AGV_6,7,10,WAIT,WAIT
973,AGV_4,18,10,Task_75,Moving
973,AGV_5,13,8,Task_91,Moving
973,AGV_6,7,10,Task_52,Moving
974,AGV_4,17,10,Task_75,Moving
974,AGV_5,14,8,Task_91,Moving
974,AGV_6,7,9,Task_52,Moving
975,AGV_4,17,9,Task_75,Moving
975,AGV_5,15,8,Task_91,Moving
975,AGV_6,7,8,Task_52,Moving
976,AGV_4,16,9,Task_75,Moving
976,AGV_5,16,8,Task_91,Moving
976,AGV_6,8,8,Task_52,Moving
977,AGV_4,15,9,Task_75,Moving
977,AGV_5,16,9,Task_91,Moving
977,AGV_6,9,8,Task_52,Moving
978,AGV_4,14,9,Task_75,Moving
978,AGV_5,17,9,Task_91,Moving
978,AGV_6,10,8,Task_52,Moving
979,AGV_4,13,9,Task_75,Moving
979,AGV_5,18,9,Task_91,Moving
979,AGV_6,11,8,Task_52,Moving
980,AGV_4,12,9,Task_75,Moving
980,AGV_5,19,9,Task_91,Moving
980,AGV_6,12,8,Task_52,Moving
981,AGV_4,11,9,Task_75,Moving
981,AGV_5,19,10,Task_91,Moving
981,AGV_6,12,9,Task_52,Moving
982,AGV_4,10,9,Task_75,Moving
982,AGV_5,19,10,Task_91,Loading
982,AGV_6,13,9,Task_52,Moving
983,AGV_4,9,9,Task_75,Moving
983,AGV_5,19,10,Task_91,Loading
983,AGV_6,14,9,Task_52,Moving
984,AGV_4,8,9,Task_75,Moving
984,AGV_5,19,10,Task_91,Moving
984,AGV_6,15,9,Task_52,Moving
985,AGV_4,7,9,Task_75,Moving
985,AGV_5,18,10,Task_91,Moving
985,AGV_6,16,9,Task_52,Moving
986,AGV_4,6,9,Task_75,Moving
986,AGV_5,17,10,Task_91,Moving
986,AGV_6,17,9,Task_52,Moving
987,AGV_4,5,9,Task_75,Moving
987,AGV_5,17,11,Task_91,Moving
987,AGV_6,18,9,Task_52,Moving
988,AGV_4,4,9,Task_75,Moving
988,AGV_5,17,12,Task_91,Moving
988,AGV_6,19,9,Task_52,Moving
989,AGV_4,3,9,Task_75,Moving
989,AGV_5,16,12,Task_91,Moving
989,AGV_6,19,10,Task_52,Moving
990,AGV_4,3,10,Task_75,Moving
990,AGV_5,15,12,Task_91,Moving
990,AGV_6,19,10,Task_52,Loading
991,AGV_5,14,12,Task_91,Moving
991,AGV_6,19,10,Task_52,Loading
992,AGV_5,13,12,Task_91,Moving
992,AGV_6,19,10,Task_52,Moving
993,AGV_5,12,12,Task_91,Moving
993,AGV_6,18,10,Task_52,Moving
994,AGV_5,11,12,Task_91,Moving
994,AGV_6,17,10,Task_52,Moving
995,AGV_5,11,13,Task_91,Moving
995,AGV_6,17,9,Task_52,Moving
996,AGV_5,11,14,Task_91,Moving
996,AGV_6,16,9,Task_52,Moving
997,AGV_5,11,15,Task_91,Moving
997,AGV_6,15,9,Task_52,Moving
998,AGV_6,14,9,Task_52,Moving
999,AGV_6,13,9,Task_52,Moving
1000,AGV_6,12,9,Task_52,Moving
1001,AGV_6,11,9,Task_52,Moving
1002,AGV_6,11,8,Task_52,Moving
1003,AGV_6,11,7,Task_52,Moving
1004,AGV_6,11,6,Task_52,Moving
