timestamp,name,X,Y,pitch,loaded,material,destination_label,destination_id,task_id,status
0,1,50,26,180,false,,,,,idle
0,2,50,26,180,false,,,,,idle
0,3,50,26,180,false,,,,,idle
0,4,50,26,180,false,,,,,idle
0,5,50,26,180,false,,,,,idle
0,6,50,26,180,false,,,,,idle
0,7,50,26,180,false,,,,,idle
0,8,50,26,180,false,,,,,idle
0,9,50,26,180,false,,,,,idle
0,10,50,26,180,false,,,,,idle
1,1,50,26,180,false,,,,,idle
1,2,50,26,180,false,,,,,idle
1,3,50,26,180,false,,,,,idle
1,4,50,26,180,false,,,,,idle
1,5,50,26,180,false,,,,,idle
1,6,50,26,180,false,,,,,idle
1,7,50,26,180,false,,,,,idle
1,8,50,26,180,false,,,,,idle
1,9,50,26,180,false,,,,,idle
1,10,50,26,180,false,,,,,idle
2,1,50,26,180,false,,,,,idle
2,2,50,26,180,false,,,,,idle
2,3,50,26,180,false,,,,,idle
2,4,50,26,180,false,,,,,idle
2,5,50,26,180,false,,,,,idle
2,6,50,26,180,false,,,,,idle
2,7,50,26,180,false,,,,,idle
2,8,50,26,180,false,,,,,idle
2,9,50,26,180,false,,,,,idle
2,10,50,26,180,false,,,,,idle
3,1,50,26,180,false,,,,,idle
3,2,50,26,180,false,,,,,idle
3,3,50,26,180,false,,,,,idle
3,4,50,26,180,false,,,,,idle
3,5,50,26,180,false,,,,,idle
3,6,50,26,180,false,,,,,idle
3,7,50,26,180,false,,,,,idle
3,8,50,26,180,false,,,,,idle
3,9,50,26,180,false,,,,,idle
3,10,50,26,180,false,,,,,idle
4,1,50,26,180,false,,,,,idle
4,2,50,26,180,false,,,,,idle
4,3,50,26,180,false,,,,,idle
4,4,50,26,180,false,,,,,idle
4,5,50,26,180,false,,,,,idle
4,6,50,26,180,false,,,,,idle
4,7,50,26,180,false,,,,,idle
4,8,50,26,180,false,,,,,idle
4,9,50,26,180,false,,,,,idle
4,10,50,26,180,false,,,,,idle
5,1,50,26,180,false,,,,,idle
5,2,50,26,180,false,,,,,idle
5,3,50,26,180,false,,,,,idle
5,4,50,26,180,false,,,,,idle
5,5,50,26,180,false,,,,,idle
5,6,50,26,180,false,,,,,idle
5,7,50,26,180,false,,,,,idle
5,8,50,26,180,false,,,,,idle
5,9,50,26,180,false,,,,,idle
5,10,50,26,180,false,,,,,idle
6,1,50,26,180,false,,,,,idle
6,2,50,26,180,false,,,,,idle
6,3,50,26,180,false,,,,,idle
6,4,50,26,180,false,,,,,idle
6,5,50,26,180,false,,,,,idle
6,6,50,26,180,false,,,,,idle
6,7,50,26,180,false,,,,,idle
6,8,50,26,180,false,,,,,idle
6,9,50,26,180,false,,,,,idle
6,10,50,26,180,false,,,,,idle
7,1,50,26,180,false,,,,,idle
7,2,50,26,180,false,,,,,idle
7,3,50,26,180,false,,,,,idle
7,4,50,26,180,false,,,,,idle
7,5,50,26,180,false,,,,,idle
7,6,50,26,180,false,,,,,idle
7,7,50,26,180,false,,,,,idle
7,8,50,26,180,false,,,,,idle
7,9,50,26,180,false,,,,,idle
7,10,50,26,180,false,,,,,idle
8,1,50,26,180,false,,,,,idle
8,2,50,26,180,false,,,,,idle
8,3,50,26,180,false,,,,,idle
8,4,50,26,180,false,,,,,idle
8,5,50,26,180,false,,,,,idle
8,6,50,26,180,false,,,,,idle
8,7,50,26,180,false,,,,,idle
8,8,50,26,180,false,,,,,idle
8,9,50,26,180,false,,,,,idle
8,10,50,26,180,false,,,,,idle
9,1,50,26,180,false,,,,,idle
9,2,50,26,180,false,,,,,idle
9,3,50,26,180,false,,,,,idle
9,4,50,26,180,false,,,,,idle
9,5,50,26,180,false,,,,,idle
9,6,50,26,180,false,,,,,idle
9,7,50,26,180,false,,,,,idle
9,8,50,26,180,false,,,,,idle
9,9,50,26,180,false,,,,,idle
9,10,50,26,180,false,,,,,idle
10,1,50,26,180,false,,,,,idle
10,2,50,26,180,false,,,,,idle
10,3,50,26,180,false,,,,,idle
10,4,50,26,180,false,,,,,idle
10,5,50,26,180,false,,,,,idle
10,6,50,26,180,false,,,,,idle
10,7,50,26,180,false,,,,,idle
10,8,50,26,180,false,,,,,idle
10,9,50,26,180,false,,,,,idle
10,10,50,26,180,false,,,,,idle
11,1,50,26,180,false,,,,,idle
11,2,50,26,180,false,,,,,idle
11,3,50,26,180,false,,,,,idle
11,4,50,26,180,false,,,,,idle
11,5,50,26,180,false,,,,,idle
11,6,50,26,180,false,,,,,idle
11,7,50,26,180,false,,,,,idle
11,8,50,26,180,false,,,,,idle
11,9,50,26,180,false,,,,,idle
11,10,50,26,180,false,,,,,idle
12,1,50,26,180,false,,,,,idle
12,2,50,26,180,false,,,,,idle
12,3,50,26,180,false,,,,,idle
12,4,50,26,180,false,,,,,idle
12,5,50,26,180,false,,,,,idle
12,6,50,26,180,false,,,,,idle
12,7,50,26,180,false,,,,,idle
12,8,50,26,180,false,,,,,idle
12,9,50,26,180,false,,,,,idle
12,10,50,26,180,false,,,,,idle
13,1,50,26,180,false,,,,,idle
13,2,50,26,180,false,,,,,idle
13,3,50,26,180,false,,,,,idle
13,4,50,26,180,false,,,,,idle
13,5,50,26,180,false,,,,,idle
13,6,50,26,180,false,,,,,idle
13,7,50,26,180,false,,,,,idle
13,8,50,26,180,false,,,,,idle
13,9,50,26,180,false,,,,,idle
13,10,50,26,180,false,,,,,idle
14,1,50,26,180,false,,,,,idle
14,2,50,26,180,false,,,,,idle
14,3,50,26,180,false,,,,,idle
14,4,50,26,180,false,,,,,idle
14,5,50,26,180,false,,,,,idle
14,6,50,26,180,false,,,,,idle
14,7,50,26,180,false,,,,,idle
14,8,50,26,180,false,,,,,idle
14,9,50,26,180,false,,,,,idle
14,10,50,26,180,false,,,,,idle
15,1,50,26,180,false,,,,,idle
15,2,50,26,180,false,,,,,idle
15,3,50,26,180,false,,,,,idle
15,4,50,26,180,false,,,,,idle
15,5,50,26,180,false,,,,,idle
15,6,50,26,180,false,,,,,idle
15,7,50,26,180,false,,,,,idle
15,8,50,26,180,false,,,,,idle
15,9,50,26,180,false,,,,,idle
15,10,50,26,180,false,,,,,idle
16,1,50,26,180,false,,,,,idle
16,2,50,26,180,false,,,,,idle
16,3,50,26,180,false,,,,,idle
16,4,50,26,180,false,,,,,idle
16,5,50,26,180,false,,,,,idle
16,6,50,26,180,false,,,,,idle
16,7,50,26,180,false,,,,,idle
16,8,50,26,180,false,,,,,idle
16,9,50,26,180,false,,,,,idle
16,10,50,26,180,false,,,,,idle
17,1,50,26,180,false,,,,,idle
17,2,50,26,180,false,,,,,idle
17,3,50,26,180,false,,,,,idle
17,4,50,26,180,false,,,,,idle
17,5,50,26,180,false,,,,,idle
17,6,50,26,180,false,,,,,idle
17,7,50,26,180,false,,,,,idle
17,8,50,26,180,false,,,,,idle
17,9,50,26,180,false,,,,,idle
17,10,50,26,180,false,,,,,idle
18,1,50,26,180,false,,,,,idle
18,2,50,26,180,false,,,,,idle
18,3,50,26,180,false,,,,,idle
18,4,50,26,180,false,,,,,idle
18,5,50,26,180,false,,,,,idle
18,6,50,26,180,false,,,,,idle
18,7,50,26,180,false,,,,,idle
18,8,50,26,180,false,,,,,idle
18,9,50,26,180,false,,,,,idle
18,10,50,26,180,false,,,,,idle
19,1,50,26,180,false,,,,,idle
19,2,50,26,180,false,,,,,idle
19,3,50,26,180,false,,,,,idle
19,4,50,26,180,false,,,,,idle
19,5,50,26,180,false,,,,,idle
19,6,50,26,180,false,,,,,idle
19,7,50,26,180,false,,,,,idle
19,8,50,26,180,false,,,,,idle
19,9,50,26,180,false,,,,,idle
19,10,50,26,180,false,,,,,idle
20,1,50,26,180,false,,,,,idle
20,2,50,26,180,false,,,,,idle
20,3,50,26,180,false,,,,,idle
20,4,50,26,180,false,,,,,idle
20,5,50,26,180,false,,,,,idle
20,6,50,26,180,false,,,,,idle
20,7,50,26,180,false,,,,,idle
20,8,50,26,180,false,,,,,idle
20,9,50,26,180,false,,,,,idle
20,10,50,26,180,false,,,,,idle
21,2,50,26,180,false,,,,,idle
21,3,50,26,180,false,,,,,idle
21,4,50,26,180,false,,,,,idle
21,5,50,26,180,false,,,,,idle
21,6,50,26,180,false,,,,,idle
21,7,50,26,180,false,,,,,idle
21,8,50,26,180,false,,,,,idle
21,9,50,26,180,false,,,,,idle
21,10,50,26,180,false,,,,,idle
22,1,49,26,180,false,,,,,to_pickup
22,2,50,26,180,false,,,,,idle
22,3,50,26,180,false,,,,,idle
22,4,50,26,180,false,,,,,idle
22,5,50,26,180,false,,,,,idle
22,6,50,26,180,false,,,,,idle
22,7,50,26,180,false,,,,,idle
22,8,50,26,180,false,,,,,idle
22,9,50,26,180,false,,,,,idle
22,10,50,26,180,false,,,,,idle
23,1,48,26,180,false,,,,,to_pickup
23,2,50,26,180,false,,,,,idle
23,3,50,26,180,false,,,,,idle
23,4,50,26,180,false,,,,,idle
23,5,50,26,180,false,,,,,idle
23,6,50,26,180,false,,,,,idle
23,7,50,26,180,false,,,,,idle
23,8,50,26,180,false,,,,,idle
23,9,50,26,180,false,,,,,idle
23,10,50,26,180,false,,,,,idle
24,1,48,27,90,false,,,,,to_pickup
24,2,50,26,180,false,,,,,idle
24,3,50,26,180,false,,,,,idle
24,4,50,26,180,false,,,,,idle
24,5,50,26,180,false,,,,,idle
24,6,50,26,180,false,,,,,idle
24,7,50,26,180,false,,,,,idle
24,8,50,26,180,false,,,,,idle
24,9,50,26,180,false,,,,,idle
24,10,50,26,180,false,,,,,idle
25,1,47,27,180,false,,,,,to_pickup
25,2,50,26,180,false,,,,,idle
25,3,50,26,180,false,,,,,idle
25,4,50,26,180,false,,,,,idle
25,5,50,26,180,false,,,,,idle
25,6,50,26,180,false,,,,,idle
25,7,50,26,180,false,,,,,idle
25,8,50,26,180,false,,,,,idle
25,9,50,26,180,false,,,,,idle
25,10,50,26,180,false,,,,,idle
26,1,46,27,180,false,,,,,to_pickup
26,3,50,26,180,false,,,,,idle
26,4,50,26,180,false,,,,,idle
26,5,50,26,180,false,,,,,idle
26,6,50,26,180,false,,,,,idle
26,7,50,26,180,false,,,,,idle
26,8,50,26,180,false,,,,,idle
26,9,50,26,180,false,,,,,idle
26,10,50,26,180,false,,,,,idle
27,1,46,27,180,false,,,,,to_pickup
27,2,49,26,180,false,,,,,to_pickup
27,3,50,26,180,false,,,,,idle
27,4,50,26,180,false,,,,,idle
27,5,50,26,180,false,,,,,idle
27,6,50,26,180,false,,,,,idle
27,7,50,26,180,false,,,,,idle
27,8,50,26,180,false,,,,,idle
27,9,50,26,180,false,,,,,idle
27,10,50,26,180,false,,,,,idle
28,1,46,27,180,false,,,,,to_pickup
28,2,48,26,180,false,,,,,to_pickup
28,3,50,26,180,false,,,,,idle
28,4,50,26,180,false,,,,,idle
28,5,50,26,180,false,,,,,idle
28,6,50,26,180,false,,,,,idle
28,7,50,26,180,false,,,,,idle
28,8,50,26,180,false,,,,,idle
28,9,50,26,180,false,,,,,idle
28,10,50,26,180,false,,,,,idle
29,1,46,27,180,false,,,,,to_pickup
29,2,48,25,270,false,,,,,to_pickup
29,3,50,26,180,false,,,,,idle
29,4,50,26,180,false,,,,,idle
29,5,50,26,180,false,,,,,idle
29,6,50,26,180,false,,,,,idle
29,7,50,26,180,false,,,,,idle
29,8,50,26,180,false,,,,,idle
29,9,50,26,180,false,,,,,idle
29,10,50,26,180,false,,,,,idle
30,1,46,27,180,false,,,,,to_pickup
30,2,47,25,180,false,,,,,to_pickup
30,3,50,26,180,false,,,,,idle
30,4,50,26,180,false,,,,,idle
30,5,50,26,180,false,,,,,idle
30,6,50,26,180,false,,,,,idle
30,7,50,26,180,false,,,,,idle
30,8,50,26,180,false,,,,,idle
30,9,50,26,180,false,,,,,idle
30,10,50,26,180,false,,,,,idle
31,1,46,27,180,false,,,,,to_pickup
31,2,46,25,180,false,,,,,to_pickup
31,3,50,26,180,false,,,,,idle
31,4,50,26,180,false,,,,,idle
31,5,50,26,180,false,,,,,idle
31,6,50,26,180,false,,,,,idle
31,8,50,26,180,false,,,,,idle
31,9,50,26,180,false,,,,,idle
31,10,50,26,180,false,,,,,idle
32,1,46,27,180,false,,,,,loading
32,2,46,25,180,false,,,,,to_pickup
32,3,50,26,180,false,,,,,idle
32,4,50,26,180,false,,,,,idle
32,5,50,26,180,false,,,,,idle
32,6,50,26,180,false,,,,,idle
32,7,49,26,180,false,,,,,to_pickup
32,8,50,26,180,false,,,,,idle
32,9,50,26,180,false,,,,,idle
32,10,50,26,180,false,,,,,idle
33,1,46,27,180,false,,,,,loading
33,2,46,25,180,false,,,,,to_pickup
33,3,50,26,180,false,,,,,idle
33,4,50,26,180,false,,,,,idle
33,5,50,26,180,false,,,,,idle
33,6,50,26,180,false,,,,,idle
33,7,48,26,180,false,,,,,to_pickup
33,8,50,26,180,false,,,,,idle
33,9,50,26,180,false,,,,,idle
33,10,50,26,180,false,,,,,idle
34,1,45,27,180,true,M1,130B,DP-130B-01,T0011,delivering
34,2,46,25,180,false,,,,,to_pickup
34,3,50,26,180,false,,,,,idle
34,4,50,26,180,false,,,,,idle
34,5,50,26,180,false,,,,,idle
34,6,50,26,180,false,,,,,idle
34,7,48,25,270,false,,,,,to_pickup
34,8,50,26,180,false,,,,,idle
34,9,50,26,180,false,,,,,idle
34,10,50,26,180,false,,,,,idle
35,1,44,27,180,true,M1,130B,DP-130B-01,T0011,delivering
35,2,46,25,180,false,,,,,to_pickup
35,3,50,26,180,false,,,,,idle
35,4,50,26,180,false,,,,,idle
35,5,50,26,180,false,,,,,idle
35,6,50,26,180,false,,,,,idle
35,7,47,25,180,false,,,,,to_pickup
35,8,50,26,180,false,,,,,idle
35,9,50,26,180,false,,,,,idle
35,10,50,26,180,false,,,,,idle
36,1,43,27,180,true,M1,130B,DP-130B-01,T0011,delivering
36,2,46,25,180,false,,,,,to_pickup
36,3,50,26,180,false,,,,,idle
36,4,50,26,180,false,,,,,idle
36,5,50,26,180,false,,,,,idle
36,6,50,26,180,false,,,,,idle
36,7,47,25,180,false,,,,,to_pickup
36,8,50,26,180,false,,,,,idle
36,9,50,26,180,false,,,,,idle
36,10,50,26,180,false,,,,,idle
37,1,42,27,180,true,M1,130B,DP-130B-01,T0011,delivering
37,2,46,25,180,false,,,,,loading
37,3,50,26,180,false,,,,,idle
37,4,50,26,180,false,,,,,idle
37,5,50,26,180,false,,,,,idle
37,6,50,26,180,false,,,,,idle
37,7,47,25,180,false,,,,,to_pickup
37,8,50,26,180,false,,,,,idle
37,9,50,26,180,false,,,,,idle
37,10,50,26,180,false,,,,,idle
38,1,41,27,180,true,M1,130B,DP-130B-01,T0011,delivering
38,2,46,25,180,false,,,,,loading
38,3,50,26,180,false,,,,,idle
38,4,50,26,180,false,,,,,idle
38,5,50,26,180,false,,,,,idle
38,6,50,26,180,false,,,,,idle
38,7,47,25,180,false,,,,,to_pickup
38,8,50,26,180,false,,,,,idle
38,9,50,26,180,false,,,,,idle
38,10,50,26,180,false,,,,,idle
39,1,40,27,180,true,M1,130B,DP-130B-01,T0011,delivering
39,2,45,25,180,true,M2,140C,DP-140C-02,T0023,delivering
39,3,50,26,180,false,,,,,idle
39,4,50,26,180,false,,,,,idle
39,5,50,26,180,false,,,,,idle
39,6,50,26,180,false,,,,,idle
39,7,46,25,180,false,,,,,to_pickup
39,8,50,26,180,false,,,,,idle
39,9,50,26,180,false,,,,,idle
39,10,50,26,180,false,,,,,idle
40,1,39,27,180,true,M1,130B,DP-130B-01,T0011,delivering
40,2,44,25,180,true,M2,140C,DP-140C-02,T0023,delivering
40,3,50,26,180,false,,,,,idle
40,5,50,26,180,false,,,,,idle
40,6,50,26,180,false,,,,,idle
40,7,46,25,180,false,,,,,to_pickup
40,8,50,26,180,false,,,,,idle
40,9,50,26,180,false,,,,,idle
40,10,50,26,180,false,,,,,idle
41,1,38,27,180,true,M1,130B,DP-130B-01,T0011,delivering
41,2,43,25,180,true,M2,140C,DP-140C-02,T0023,delivering
41,3,50,26,180,false,,,,,idle
41,4,49,26,180,false,,,,,to_pickup
41,5,50,26,180,false,,,,,idle
41,6,50,26,180,false,,,,,idle
41,7,46,25,180,false,,,,,to_pickup
41,8,50,26,180,false,,,,,idle
41,9,50,26,180,false,,,,,idle
41,10,50,26,180,false,,,,,idle
42,1,37,27,180,true,M1,130B,DP-130B-01,T0011,delivering
42,2,42,25,180,true,M2,140C,DP-140C-02,T0023,delivering
42,3,50,26,180,false,,,,,idle
42,4,48,26,180,false,,,,,to_pickup
42,5,50,26,180,false,,,,,idle
42,6,50,26,180,false,,,,,idle
42,7,46,25,180,false,,,,,loading
42,8,50,26,180,false,,,,,idle
42,9,50,26,180,false,,,,,idle
42,10,50,26,180,false,,,,,idle
43,1,36,27,180,true,M1,130B,DP-130B-01,T0011,delivering
43,2,41,25,180,true,M2,140C,DP-140C-02,T0023,delivering
43,3,50,26,180,false,,,,,idle
43,4,48,25,270,false,,,,,to_pickup
43,5,50,26,180,false,,,,,idle
43,6,50,26,180,false,,,,,idle
43,7,46,25,180,false,,,,,loading
43,8,50,26,180,false,,,,,idle
43,9,50,26,180,false,,,,,idle
43,10,50,26,180,false,,,,,idle
44,1,35,27,180,true,M1,130B,DP-130B-01,T0011,delivering
44,2,40,25,180,true,M2,140C,DP-140C-02,T0023,delivering
44,3,50,26,180,false,,,,,idle
44,4,47,25,180,false,,,,,to_pickup
44,6,50,26,180,false,,,,,idle
44,7,45,25,180,true,M3,200C,DP-200C-02,T0018,delivering
44,8,50,26,180,false,,,,,idle
44,9,50,26,180,false,,,,,idle
44,10,50,26,180,false,,,,,idle
45,1,34,27,180,true,M1,130B,DP-130B-01,T0011,delivering
45,2,39,25,180,true,M2,140C,DP-140C-02,T0023,delivering
45,3,50,26,180,false,,,,,idle
45,4,46,25,180,false,,,,,to_pickup
45,5,49,26,180,false,,,,,to_pickup
45,7,44,25,180,true,M3,200C,DP-200C-02,T0018,delivering
45,8,50,26,180,false,,,,,idle
45,9,50,26,180,false,,,,,idle
45,10,50,26,180,false,,,,,idle
46,1,33,27,180,true,M1,130B,DP-130B-01,T0011,delivering
46,2,38,25,180,true,M2,140C,DP-140C-02,T0023,delivering
46,3,50,26,180,false,,,,,idle
46,4,46,25,180,false,,,,,to_pickup
46,5,48,26,180,false,,,,,to_pickup
46,6,49,26,180,false,,,,,to_pickup
46,7,43,25,180,true,M3,200C,DP-200C-02,T0018,delivering
46,8,50,26,180,false,,,,,idle
46,9,50,26,180,false,,,,,idle
46,10,50,26,180,false,,,,,idle
47,1,32,27,180,true,M1,130B,DP-130B-01,T0011,delivering
47,2,37,25,180,true,M2,140C,DP-140C-02,T0023,delivering
47,3,50,26,180,false,,,,,idle
47,4,46,25,180,false,,,,,to_pickup
47,5,48,27,90,false,,,,,to_pickup
47,6,48,26,180,false,,,,,to_pickup
47,7,42,25,180,true,M3,200C,DP-200C-02,T0018,delivering
47,9,50,26,180,false,,,,,idle
47,10,50,26,180,false,,,,,idle
48,1,31,27,180,true,M1,130B,DP-130B-01,T0011,delivering
48,2,36,25,180,true,M2,140C,DP-140C-02,T0023,delivering
48,3,50,26,180,false,,,,,idle
48,4,46,25,180,false,,,,,to_pickup
48,5,47,27,180,false,,,,,to_pickup
48,6,48,27,90,false,,,,,to_pickup
48,7,41,25,180,true,M3,200C,DP-200C-02,T0018,delivering
48,8,49,26,180,false,,,,,to_pickup
48,10,50,26,180,false,,,,,idle
49,1,30,27,180,true,M1,130B,DP-130B-01,T0011,delivering
49,2,35,25,180,true,M2,140C,DP-140C-02,T0023,delivering
49,3,50,26,180,false,,,,,idle
49,4,46,25,180,false,,,,,to_pickup
49,5,46,27,180,false,,,,,to_pickup
49,6,47,27,180,false,,,,,to_pickup
49,7,40,25,180,true,M3,200C,DP-200C-02,T0018,delivering
49,8,48,26,180,false,,,,,to_pickup
49,9,49,26,180,false,,,,,to_pickup
49,10,50,26,180,false,,,,,idle
50,1,29,27,180,true,M1,130B,DP-130B-01,T0011,delivering
50,2,34,25,180,true,M2,140C,DP-140C-02,T0023,delivering
50,3,50,26,180,false,,,,,idle
50,4,46,25,180,false,,,,,to_pickup
50,5,46,26,270,false,,,,,to_pickup
50,6,46,27,180,false,,,,,to_pickup
50,7,40,26,90,true,M3,200C,DP-200C-02,T0018,delivering
50,8,48,25,270,false,,,,,to_pickup
50,9,48,26,180,false,,,,,to_pickup
50,10,50,26,180,false,,,,,idle
51,1,28,27,180,true,M1,130B,DP-130B-01,T0011,delivering
51,2,33,25,180,true,M2,140C,DP-140C-02,T0023,delivering
51,3,50,26,180,false,,,,,idle
51,4,46,25,180,false,,,,,loading
51,5,46,26,270,false,,,,,to_pickup
51,6,46,27,180,false,,,,,to_pickup
51,7,40,27,90,true,M3,200C,DP-200C-02,T0018,delivering
51,8,47,25,180,false,,,,,to_pickup
51,9,48,27,90,false,,,,,to_pickup
51,10,50,26,180,false,,,,,idle
52,1,27,27,180,true,M1,130B,DP-130B-01,T0011,delivering
52,2,32,25,180,true,M2,140C,DP-140C-02,T0023,delivering
52,3,50,26,180,false,,,,,idle
52,4,46,25,180,false,,,,,loading
52,5,46,26,270,false,,,,,to_pickup
52,6,46,27,180,false,,,,,to_pickup
52,7,40,28,90,true,M3,200C,DP-200C-02,T0018,delivering
52,8,47,25,180,false,,,,,to_pickup
52,9,47,27,180,false,,,,,to_pickup
52,10,50,26,180,false,,,,,idle
53,1,26,27,180,true,M1,130B,DP-130B-01,T0011,delivering
53,2,31,25,180,true,M2,140C,DP-140C-02,T0023,delivering
53,3,50,26,180,false,,,,,idle
53,4,45,25,180,true,M2,200A,DP-200A-04,T0034,delivering
53,5,46,26,270,false,,,,,to_pickup
53,6,46,27,180,false,,,,,to_pickup
53,7,40,29,90,true,M3,200C,DP-200C-02,T0018,delivering
53,8,46,25,180,false,,,,,to_pickup
53,9,47,28,90,false,,,,,to_pickup
53,10,50,26,180,false,,,,,idle
54,1,25,27,180,true,M1,130B,DP-130B-01,T0011,delivering
54,2,30,25,180,true,M2,140C,DP-140C-02,T0023,delivering
54,3,50,26,180,false,,,,,idle
54,4,44,25,180,true,M2,200A,DP-200A-04,T0034,delivering
54,5,46,26,270,false,,,,,to_pickup
54,6,46,27,180,false,,,,,to_pickup
54,7,40,29,90,true,M3,200C,DP-200C-02,T0018,delivering
54,8,46,25,180,false,,,,,to_pickup
54,9,46,28,180,false,,,,,to_pickup
55,1,24,27,180,true,M1,130B,DP-130B-01,T0011,delivering
55,2,29,25,180,true,M2,140C,DP-140C-02,T0023,delivering
55,3,50,26,180,false,,,,,idle
55,4,43,25,180,true,M2,200A,DP-200A-04,T0034,delivering
55,5,46,26,270,false,,,,,to_pickup
55,6,46,27,180,false,,,,,to_pickup
55,7,40,29,90,true,M3,200C,DP-200C-02,T0018,delivering
55,8,46,25,180,false,,,,,to_pickup
55,9,45,28,180,false,,,,,to_pickup
55,10,49,26,180,false,,,,,to_pickup
56,1,23,27,180,true,M1,130B,DP-130B-01,T0011,delivering
56,2,28,25,180,true,M2,140C,DP-140C-02,T0023,delivering
56,3,50,26,180,false,,,,,idle
56,4,42,25,180,true,M2,200A,DP-200A-04,T0034,delivering
56,5,46,26,270,false,,,,,to_pickup
56,6,46,27,180,false,,,,,loading
56,7,40,29,90,true,M3,200C,DP-200C-02,T0018,delivering
56,8,46,25,180,false,,,,,to_pickup
56,9,45,27,270,false,,,,,to_pickup
56,10,48,26,180,false,,,,,to_pickup
57,1,22,27,180,true,M1,130B,DP-130B-01,T0011,delivering
57,2,27,25,180,true,M2,140C,DP-140C-02,T0023,delivering
57,3,50,26,180,false,,,,,idle
57,4,41,25,180,true,M2,200A,DP-200A-04,T0034,delivering
57,5,46,26,270,false,,,,,to_pickup
57,6,46,27,180,false,,,,,loading
57,7,40,29,90,true,M3,200C,DP-200C-02,T0018,delivering
57,8,46,25,180,false,,,,,to_pickup
57,9,45,26,270,false,,,,,to_pickup
57,10,48,25,270,false,,,,,to_pickup
58,1,21,27,180,true,M1,130B,DP-130B-01,T0011,delivering
58,2,26,25,180,true,M2,140C,DP-140C-02,T0023,delivering
58,4,40,25,180,true,M2,200A,DP-200A-04,T0034,delivering
58,5,46,27,90,false,,,,,to_pickup
58,6,45,27,180,true,M5,209C,DP-209C-01,T0004,delivering
58,7,40,29,90,true,M3,200C,DP-200C-02,T0018,delivering
58,8,46,25,180,false,,,,,loading
58,9,46,26,270,false,,,,,to_pickup
58,10,47,25,180,false,,,,,to_pickup
59,1,20,27,180,true,M1,130B,DP-130B-01,T0011,delivering
59,2,25,25,180,true,M2,140C,DP-140C-02,T0023,delivering
59,3,49,26,180,false,,,,,to_pickup
59,4,39,25,180,true,M2,200A,DP-200A-04,T0034,delivering
59,5,46,27,90,false,,,,,loading
59,6,44,27,180,true,M5,209C,DP-209C-01,T0004,delivering
59,7,40,29,90,true,M3,200C,DP-200C-02,T0018,delivering
59,8,46,25,180,false,,,,,loading
59,9,46,26,270,false,,,,,to_pickup
59,10,47,25,180,false,,,,,to_pickup
60,1,19,27,180,true,M1,130B,DP-130B-01,T0011,delivering
60,2,24,25,180,true,M2,140C,DP-140C-02,T0023,delivering
60,3,48,26,180,false,,,,,to_pickup
60,4,38,25,180,true,M2,200A,DP-200A-04,T0034,delivering
60,5,46,27,90,false,,,,,loading
60,6,43,27,180,true,M5,209C,DP-209C-01,T0004,delivering
60,7,40,29,90,true,M3,200C,DP-200C-02,T0018,delivering
60,8,45,25,180,true,M5,209E,DP-209E-01,T0002,delivering
60,9,46,26,270,false,,,,,to_pickup
60,10,46,25,180,false,,,,,to_pickup
61,1,18,27,180,true,M1,130B,DP-130B-01,T0011,delivering
61,2,23,25,180,true,M2,140C,DP-140C-02,T0023,delivering
61,3,48,25,270,false,,,,,to_pickup
61,4,37,25,180,true,M2,200A,DP-200A-04,T0034,delivering
61,5,45,27,180,true,M4,140B,DP-140B-02,T0022,delivering
61,6,42,27,180,true,M5,209C,DP-209C-01,T0004,delivering
61,7,40,29,90,true,M3,200C,DP-200C-02,T0018,delivering
61,8,44,25,180,true,M5,209E,DP-209E-01,T0002,delivering
61,9,46,27,90,false,,,,,to_pickup
61,10,46,25,180,false,,,,,to_pickup
62,1,17,27,180,true,M1,130B,DP-130B-01,T0011,delivering
62,2,22,25,180,true,M2,140C,DP-140C-02,T0023,delivering
62,3,47,25,180,false,,,,,to_pickup
62,4,36,25,180,true,M2,200A,DP-200A-04,T0034,delivering
62,5,44,27,180,true,M4,140B,DP-140B-02,T0022,delivering
62,6,41,27,180,true,M5,209C,DP-209C-01,T0004,delivering
62,7,40,29,90,true,M3,200C,DP-200C-02,T0018,unloading
62,8,43,25,180,true,M5,209E,DP-209E-01,T0002,delivering
62,9,46,27,90,false,,,,,loading
62,10,46,25,180,false,,,,,to_pickup
63,1,16,27,180,true,M1,130B,DP-130B-01,T0011,delivering
63,2,21,25,180,true,M2,140C,DP-140C-02,T0023,delivering
63,3,47,25,180,false,,,,,to_pickup
63,4,35,25,180,true,M2,200A,DP-200A-04,T0034,delivering
63,5,43,27,180,true,M4,140B,DP-140B-02,T0022,delivering
63,6,40,27,180,true,M5,209C,DP-209C-01,T0004,delivering
63,7,40,29,90,true,M3,200C,DP-200C-02,T0018,unloading
63,8,42,25,180,true,M5,209E,DP-209E-01,T0002,delivering
63,9,46,27,90,false,,,,,loading
63,10,46,25,180,false,,,,,to_pickup
64,1,15,27,180,true,M1,130B,DP-130B-01,T0011,delivering
64,2,20,25,180,true,M2,140C,DP-140C-02,T0023,delivering
64,3,47,25,180,false,,,,,to_pickup
64,4,34,25,180,true,M2,200A,DP-200A-04,T0034,delivering
64,5,42,27,180,true,M4,140B,DP-140B-02,T0022,delivering
64,6,39,27,180,true,M5,209C,DP-209C-01,T0004,delivering
64,7,40,28,270,false,,,,,to_pickup
64,8,41,25,180,true,M5,209E,DP-209E-01,T0002,delivering
64,9,45,27,180,true,M3,130B,DP-130B-02,T0020,delivering
64,10,46,25,180,false,,,,,to_pickup
65,1,14,27,180,true,M1,130B,DP-130B-01,T0011,delivering
65,2,20,25,180,true,M2,140C,DP-140C-02,T0023,unloading
65,3,47,25,180,false,,,,,to_pickup
65,4,33,25,180,true,M2,200A,DP-200A-04,T0034,delivering
65,5,41,27,180,true,M4,140B,DP-140B-02,T0022,delivering
65,6,38,27,180,true,M5,209C,DP-209C-01,T0004,delivering
65,7,41,28,270,false,,,,,to_pickup
65,8,40,25,180,true,M5,209E,DP-209E-01,T0002,delivering
65,9,44,27,180,true,M3,130B,DP-130B-02,T0020,delivering
65,10,46,25,180,false,,,,,loading
66,1,13,27,180,true,M1,130B,DP-130B-01,T0011,delivering
66,2,20,25,180,true,M2,140C,DP-140C-02,T0023,unloading
66,3,47,25,180,false,,,,,to_pickup
66,4,32,25,180,true,M2,200A,DP-200A-04,T0034,delivering
66,5,40,27,180,true,M4,140B,DP-140B-02,T0022,delivering
66,6,37,27,180,true,M5,209C,DP-209C-01,T0004,delivering
66,7,42,28,270,false,,,,,to_pickup
66,8,39,25,180,true,M5,209E,DP-209E-01,T0002,delivering
66,9,43,27,180,true,M3,130B,DP-130B-02,T0020,delivering
66,10,46,25,180,false,,,,,loading
67,1,12,27,180,true,M1,130B,DP-130B-01,T0011,delivering
67,2,21,25,180,false,,,,,to_pickup
67,3,46,25,180,false,,,,,to_pickup
67,4,31,25,180,true,M2,200A,DP-200A-04,T0034,delivering
67,5,39,27,180,true,M4,140B,DP-140B-02,T0022,delivering
67,6,36,27,180,true,M5,209C,DP-209C-01,T0004,delivering
67,7,43,28,270,false,,,,,to_pickup
67,8,38,25,180,true,M5,209E,DP-209E-01,T0002,delivering
67,9,42,27,180,true,M3,130B,DP-130B-02,T0020,delivering
67,10,45,25,180,true,M1,130B,DP-130B-03,T0029,delivering
68,1,11,27,180,true,M1,130B,DP-130B-01,T0011,delivering
68,2,22,25,180,false,,,,,to_pickup
68,3,46,25,180,false,,,,,to_pickup
68,4,30,25,180,true,M2,200A,DP-200A-04,T0034,delivering
68,5,38,27,180,true,M4,140B,DP-140B-02,T0022,delivering
68,6,35,27,180,true,M5,209C,DP-209C-01,T0004,delivering
68,7,43,27,270,false,,,,,to_pickup
68,8,37,25,180,true,M5,209E,DP-209E-01,T0002,delivering
68,9,41,27,180,true,M3,130B,DP-130B-02,T0020,delivering
68,10,44,25,180,true,M1,130B,DP-130B-03,T0029,delivering
69,1,10,27,180,true,M1,130B,DP-130B-01,T0011,delivering
69,2,23,25,180,false,,,,,to_pickup
69,3,46,25,180,false,,,,,loading
69,4,29,25,180,true,M2,200A,DP-200A-04,T0034,delivering
69,5,37,27,180,true,M4,140B,DP-140B-02,T0022,delivering
69,6,34,27,180,true,M5,209C,DP-209C-01,T0004,delivering
69,7,44,27,270,false,,,,,to_pickup
69,8,36,25,180,true,M5,209E,DP-209E-01,T0002,delivering
69,9,40,27,180,true,M3,130B,DP-130B-02,T0020,delivering
69,10,43,25,180,true,M1,130B,DP-130B-03,T0029,delivering
70,1,9,27,180,true,M1,130B,DP-130B-01,T0011,delivering
70,2,24,25,180,false,,,,,to_pickup
70,3,46,25,180,false,,,,,loading
70,4,29,24,270,true,M2,200A,DP-200A-04,T0034,delivering
70,5,36,27,180,true,M4,140B,DP-140B-02,T0022,delivering
70,6,33,27,180,true,M5,209C,DP-209C-01,T0004,delivering
70,7,45,27,270,false,,,,,to_pickup
70,8,35,25,180,true,M5,209E,DP-209E-01,T0002,delivering
70,9,39,27,180,true,M3,130B,DP-130B-02,T0020,delivering
70,10,42,25,180,true,M1,130B,DP-130B-03,T0029,delivering
71,1,8,27,180,true,M1,130B,DP-130B-01,T0011,delivering
71,2,25,25,180,false,,,,,to_pickup
71,3,45,25,180,true,M1,140A,DP-140A-03,T0030,delivering
71,4,29,23,270,true,M2,200A,DP-200A-04,T0034,delivering
71,5,35,27,180,true,M4,140B,DP-140B-02,T0022,delivering
71,6,32,27,180,true,M5,209C,DP-209C-01,T0004,delivering
71,7,46,27,270,false,,,,,to_pickup
71,8,34,25,180,true,M5,209E,DP-209E-01,T0002,delivering
71,9,38,27,180,true,M3,130B,DP-130B-02,T0020,delivering
71,10,41,25,180,true,M1,130B,DP-130B-03,T0029,delivering
72,1,8,28,90,true,M1,130B,DP-130B-01,T0011,delivering
72,2,26,25,180,false,,,,,to_pickup
72,3,44,25,180,true,M1,140A,DP-140A-03,T0030,delivering
72,4,29,22,270,true,M2,200A,DP-200A-04,T0034,delivering
72,5,34,27,180,true,M4,140B,DP-140B-02,T0022,delivering
72,6,31,27,180,true,M5,209C,DP-209C-01,T0004,delivering
72,7,46,27,270,false,,,,,loading
72,8,33,25,180,true,M5,209E,DP-209E-01,T0002,delivering
72,9,37,27,180,true,M3,130B,DP-130B-02,T0020,delivering
72,10,40,25,180,true,M1,130B,DP-130B-03,T0029,delivering
73,1,8,29,90,true,M1,130B,DP-130B-01,T0011,delivering
73,2,27,25,180,false,,,,,to_pickup
73,3,43,25,180,true,M1,140A,DP-140A-03,T0030,delivering
73,4,29,21,270,true,M2,200A,DP-200A-04,T0034,delivering
73,5,33,27,180,true,M4,140B,DP-140B-02,T0022,delivering
73,6,30,27,180,true,M5,209C,DP-209C-01,T0004,delivering
73,7,46,27,270,false,,,,,loading
73,8,32,25,180,true,M5,209E,DP-209E-01,T0002,delivering
73,9,36,27,180,true,M3,130B,DP-130B-02,T0020,delivering
73,10,39,25,180,true,M1,130B,DP-130B-03,T0029,delivering
74,1,8,29,90,true,M1,130B,DP-130B-01,T0011,unloading
74,2,28,25,180,false,,,,,to_pickup
74,3,42,25,180,true,M1,140A,DP-140A-03,T0030,delivering
74,4,29,20,270,true,M2,200A,DP-200A-04,T0034,delivering
74,5,32,27,180,true,M4,140B,DP-140B-02,T0022,delivering
74,6,29,27,180,true,M5,209C,DP-209C-01,T0004,delivering
74,7,45,27,180,true,M1,200B,DP-200B-01,T0008,delivering
74,8,31,25,180,true,M5,209E,DP-209E-01,T0002,delivering
74,9,35,27,180,true,M3,130B,DP-130B-02,T0020,delivering
74,10,38,25,180,true,M1,130B,DP-130B-03,T0029,delivering
75,1,8,29,90,true,M1,130B,DP-130B-01,T0011,unloading
75,2,29,25,180,false,,,,,to_pickup
75,3,41,25,180,true,M1,140A,DP-140A-03,T0030,delivering
75,4,29,19,270,true,M2,200A,DP-200A-04,T0034,delivering
75,5,31,27,180,true,M4,140B,DP-140B-02,T0022,delivering
75,6,29,28,90,true,M5,209C,DP-209C-01,T0004,delivering
75,7,44,27,180,true,M1,200B,DP-200B-01,T0008,delivering
75,8,30,25,180,true,M5,209E,DP-209E-01,T0002,delivering
75,9,34,27,180,true,M3,130B,DP-130B-02,T0020,delivering
75,10,37,25,180,true,M1,130B,DP-130B-03,T0029,delivering
76,1,8,28,270,false,,,,,to_pickup
76,2,29,26,90,false,,,,,to_pickup
76,3,40,25,180,true,M1,140A,DP-140A-03,T0030,delivering
76,4,29,18,270,true,M2,200A,DP-200A-04,T0034,delivering
76,5,30,27,180,true,M4,140B,DP-140B-02,T0022,delivering
76,6,29,29,90,true,M5,209C,DP-209C-01,T0004,delivering
76,7,43,27,180,true,M1,200B,DP-200B-01,T0008,delivering
76,8,29,25,180,true,M5,209E,DP-209E-01,T0002,delivering
76,9,33,27,180,true,M3,130B,DP-130B-02,T0020,delivering
76,10,36,25,180,true,M1,130B,DP-130B-03,T0029,delivering
77,1,9,28,270,false,,,,,to_pickup
77,2,30,26,90,false,,,,,to_pickup
77,3,39,25,180,true,M1,140A,DP-140A-03,T0030,delivering
77,4,29,17,270,true,M2,200A,DP-200A-04,T0034,delivering
77,5,29,27,180,true,M4,140B,DP-140B-02,T0022,delivering
77,6,29,30,90,true,M5,209C,DP-209C-01,T0004,delivering
77,7,42,27,180,true,M1,200B,DP-200B-01,T0008,delivering
77,8,28,25,180,true,M5,209E,DP-209E-01,T0002,delivering
77,9,32,27,180,true,M3,130B,DP-130B-02,T0020,delivering
77,10,35,25,180,true,M1,130B,DP-130B-03,T0029,delivering
78,1,10,28,270,false,,,,,to_pickup
78,2,31,26,90,false,,,,,to_pickup
78,3,38,25,180,true,M1,140A,DP-140A-03,T0030,delivering
78,4,30,17,270,true,M2,200A,DP-200A-04,T0034,delivering
78,5,28,27,180,true,M4,140B,DP-140B-02,T0022,delivering
78,6,29,31,90,true,M5,209C,DP-209C-01,T0004,delivering
78,7,41,27,180,true,M1,200B,DP-200B-01,T0008,delivering
78,8,27,25,180,true,M5,209E,DP-209E-01,T0002,delivering
78,9,31,27,180,true,M3,130B,DP-130B-02,T0020,delivering
78,10,34,25,180,true,M1,130B,DP-130B-03,T0029,delivering
79,1,11,28,270,false,,,,,to_pickup
79,2,32,26,90,false,,,,,to_pickup
79,3,37,25,180,true,M1,140A,DP-140A-03,T0030,delivering
79,4,30,17,270,true,M2,200A,DP-200A-04,T0034,unloading
79,5,27,27,180,true,M4,140B,DP-140B-02,T0022,delivering
79,6,29,32,90,true,M5,209C,DP-209C-01,T0004,delivering
79,7,40,27,180,true,M1,200B,DP-200B-01,T0008,delivering
79,8,26,25,180,true,M5,209E,DP-209E-01,T0002,delivering
79,9,30,27,180,true,M3,130B,DP-130B-02,T0020,delivering
79,10,33,25,180,true,M1,130B,DP-130B-03,T0029,delivering
80,1,12,28,270,false,,,,,to_pickup
80,2,33,26,90,false,,,,,to_pickup
80,3,36,25,180,true,M1,140A,DP-140A-03,T0030,delivering
80,4,30,17,270,true,M2,200A,DP-200A-04,T0034,unloading
80,5,26,27,180,true,M4,140B,DP-140B-02,T0022,delivering
80,6,29,33,90,true,M5,209C,DP-209C-01,T0004,delivering
80,7,39,27,180,true,M1,200B,DP-200B-01,T0008,delivering
80,8,25,25,180,true,M5,209E,DP-209E-01,T0002,delivering
80,9,29,27,180,true,M3,130B,DP-130B-02,T0020,delivering
80,10,32,25,180,true,M1,130B,DP-130B-03,T0029,delivering
81,1,13,28,270,false,,,,,to_pickup
81,2,34,26,90,false,,,,,to_pickup
81,3,35,25,180,true,M1,140A,DP-140A-03,T0030,delivering
81,4,30,18,90,false,,,,,to_pickup
81,5,25,27,180,true,M4,140B,DP-140B-02,T0022,delivering
81,6,29,34,90,true,M5,209C,DP-209C-01,T0004,delivering
81,7,38,27,180,true,M1,200B,DP-200B-01,T0008,delivering
81,8,24,25,180,true,M5,209E,DP-209E-01,T0002,delivering
81,9,28,27,180,true,M3,130B,DP-130B-02,T0020,delivering
81,10,31,25,180,true,M1,130B,DP-130B-03,T0029,delivering
82,1,14,28,270,false,,,,,to_pickup
82,2,35,26,90,false,,,,,to_pickup
82,3,34,25,180,true,M1,140A,DP-140A-03,T0030,delivering
82,4,30,19,90,false,,,,,to_pickup
82,5,24,27,180,true,M4,140B,DP-140B-02,T0022,delivering
82,6,29,35,90,true,M5,209C,DP-209C-01,T0004,delivering
82,7,37,27,180,true,M1,200B,DP-200B-01,T0008,delivering
82,8,23,25,180,true,M5,209E,DP-209E-01,T0002,delivering
82,9,27,27,180,true,M3,130B,DP-130B-02,T0020,delivering
82,10,30,25,180,true,M1,130B,DP-130B-03,T0029,delivering
83,1,15,28,270,false,,,,,to_pickup
83,2,35,25,270,false,,,,,to_pickup
83,3,33,25,180,true,M1,140A,DP-140A-03,T0030,delivering
83,4,30,20,90,false,,,,,to_pickup
83,5,23,27,180,true,M4,140B,DP-140B-02,T0022,delivering
83,6,29,36,90,true,M5,209C,DP-209C-01,T0004,delivering
83,7,36,27,180,true,M1,200B,DP-200B-01,T0008,delivering
83,8,22,25,180,true,M5,209E,DP-209E-01,T0002,delivering
83,9,26,27,180,true,M3,130B,DP-130B-02,T0020,delivering
83,10,29,25,180,true,M1,130B,DP-130B-03,T0029,delivering
84,1,16,28,270,false,,,,,to_pickup
84,2,36,25,270,false,,,,,to_pickup
84,3,32,25,180,true,M1,140A,DP-140A-03,T0030,delivering
84,4,30,21,90,false,,,,,to_pickup
84,5,22,27,180,true,M4,140B,DP-140B-02,T0022,delivering
84,6,29,37,90,true,M5,209C,DP-209C-01,T0004,delivering
84,7,35,27,180,true,M1,200B,DP-200B-01,T0008,delivering
84,8,21,25,180,true,M5,209E,DP-209E-01,T0002,delivering
84,9,25,27,180,true,M3,130B,DP-130B-02,T0020,delivering
84,10,28,25,180,true,M1,130B,DP-130B-03,T0029,delivering
85,1,17,28,270,false,,,,,to_pickup
85,2,37,25,270,false,,,,,to_pickup
85,3,31,25,180,true,M1,140A,DP-140A-03,T0030,delivering
85,4,31,21,90,false,,,,,to_pickup
85,5,21,27,180,true,M4,140B,DP-140B-02,T0022,delivering
85,6,29,38,90,true,M5,209C,DP-209C-01,T0004,delivering
85,7,34,27,180,true,M1,200B,DP-200B-01,T0008,delivering
85,8,20,25,180,true,M5,209E,DP-209E-01,T0002,delivering
85,9,24,27,180,true,M3,130B,DP-130B-02,T0020,delivering
85,10,27,25,180,true,M1,130B,DP-130B-03,T0029,delivering
86,1,18,28,270,false,,,,,to_pickup
86,2,38,25,270,false,,,,,to_pickup
86,3,30,25,180,true,M1,140A,DP-140A-03,T0030,delivering
86,4,32,21,90,false,,,,,to_pickup
86,5,20,27,180,true,M4,140B,DP-140B-02,T0022,delivering
86,6,29,39,90,true,M5,209C,DP-209C-01,T0004,delivering
86,7,33,27,180,true,M1,200B,DP-200B-01,T0008,delivering
86,8,19,25,180,true,M5,209E,DP-209E-01,T0002,delivering
86,9,23,27,180,true,M3,130B,DP-130B-02,T0020,delivering
86,10,26,25,180,true,M1,130B,DP-130B-03,T0029,delivering
87,1,19,28,270,false,,,,,to_pickup
87,2,39,25,270,false,,,,,to_pickup
87,3,29,25,180,true,M1,140A,DP-140A-03,T0030,delivering
87,4,33,21,90,false,,,,,to_pickup
87,5,19,27,180,true,M4,140B,DP-140B-02,T0022,delivering
87,6,29,40,90,true,M5,209C,DP-209C-01,T0004,delivering
87,7,33,28,90,true,M1,200B,DP-200B-01,T0008,delivering
87,8,19,26,90,true,M5,209E,DP-209E-01,T0002,delivering
87,9,22,27,180,true,M3,130B,DP-130B-02,T0020,delivering
87,10,25,25,180,true,M1,130B,DP-130B-03,T0029,delivering
88,1,20,28,270,false,,,,,to_pickup
88,2,40,25,270,false,,,,,to_pickup
88,3,28,25,180,true,M1,140A,DP-140A-03,T0030,delivering
88,4,33,22,90,false,,,,,to_pickup
88,5,18,27,180,true,M4,140B,DP-140B-02,T0022,delivering
88,6,29,41,90,true,M5,209C,DP-209C-01,T0004,delivering
88,7,33,29,90,true,M1,200B,DP-200B-01,T0008,delivering
88,8,19,27,90,true,M5,209E,DP-209E-01,T0002,delivering
88,9,21,27,180,true,M3,130B,DP-130B-02,T0020,delivering
88,10,24,25,180,true,M1,130B,DP-130B-03,T0029,delivering
89,1,21,28,270,false,,,,,to_pickup
89,2,41,25,270,false,,,,,to_pickup
89,3,27,25,180,true,M1,140A,DP-140A-03,T0030,delivering
89,4,33,23,90,false,,,,,to_pickup
89,5,17,27,180,true,M4,140B,DP-140B-02,T0022,delivering
89,6,28,41,180,true,M5,209C,DP-209C-01,T0004,delivering
89,7,33,30,90,true,M1,200B,DP-200B-01,T0008,delivering
89,8,19,28,90,true,M5,209E,DP-209E-01,T0002,delivering
89,9,20,27,180,true,M3,130B,DP-130B-02,T0020,delivering
89,10,23,25,180,true,M1,130B,DP-130B-03,T0029,delivering
90,1,21,27,270,false,,,,,to_pickup
90,2,42,25,270,false,,,,,to_pickup
90,3,26,25,180,true,M1,140A,DP-140A-03,T0030,delivering
90,4,33,24,90,false,,,,,to_pickup
90,5,16,27,180,true,M4,140B,DP-140B-02,T0022,delivering
90,6,27,41,180,true,M5,209C,DP-209C-01,T0004,delivering
90,7,33,31,90,true,M1,200B,DP-200B-01,T0008,delivering
90,8,19,29,90,true,M5,209E,DP-209E-01,T0002,delivering
90,9,19,27,180,true,M3,130B,DP-130B-02,T0020,delivering
90,10,22,25,180,true,M1,130B,DP-130B-03,T0029,delivering
91,1,22,27,270,false,,,,,to_pickup
91,2,43,25,270,false,,,,,to_pickup
91,3,25,25,180,true,M1,140A,DP-140A-03,T0030,delivering
91,4,33,25,90,false,,,,,to_pickup
91,5,16,26,270,true,M4,140B,DP-140B-02,T0022,delivering
91,6,26,41,180,true,M5,209C,DP-209C-01,T0004,delivering
91,7,33,32,90,true,M1,200B,DP-200B-01,T0008,delivering
91,8,19,30,90,true,M5,209E,DP-209E-01,T0002,delivering
91,9,18,27,180,true,M3,130B,DP-130B-02,T0020,delivering
91,10,21,25,180,true,M1,130B,DP-130B-03,T0029,delivering
92,1,23,27,270,false,,,,,to_pickup
92,2,44,25,270,false,,,,,to_pickup
92,3,24,25,180,true,M1,140A,DP-140A-03,T0030,delivering
92,4,34,25,90,false,,,,,to_pickup
92,5,16,25,270,true,M4,140B,DP-140B-02,T0022,delivering
92,6,26,42,90,true,M5,209C,DP-209C-01,T0004,delivering
92,7,33,33,90,true,M1,200B,DP-200B-01,T0008,delivering
92,8,19,31,90,true,M5,209E,DP-209E-01,T0002,delivering
92,9,17,27,180,true,M3,130B,DP-130B-02,T0020,delivering
92,10,20,25,180,true,M1,130B,DP-130B-03,T0029,delivering
93,1,24,27,270,false,,,,,to_pickup
93,2,45,25,270,false,,,,,to_pickup
93,3,23,25,180,true,M1,140A,DP-140A-03,T0030,delivering
93,4,35,25,90,false,,,,,to_pickup
93,5,16,25,270,true,M4,140B,DP-140B-02,T0022,unloading
93,6,26,43,90,true,M5,209C,DP-209C-01,T0004,delivering
93,7,32,33,180,true,M1,200B,DP-200B-01,T0008,delivering
93,8,19,32,90,true,M5,209E,DP-209E-01,T0002,delivering
93,9,16,27,180,true,M3,130B,DP-130B-02,T0020,delivering
93,10,19,25,180,true,M1,130B,DP-130B-03,T0029,delivering
94,1,25,27,270,false,,,,,to_pickup
94,2,46,25,270,false,,,,,to_pickup
94,3,22,25,180,true,M1,140A,DP-140A-03,T0030,delivering
94,4,36,25,90,false,,,,,to_pickup
94,5,16,25,270,true,M4,140B,DP-140B-02,T0022,unloading
94,6,26,44,90,true,M5,209C,DP-209C-01,T0004,delivering
94,7,31,33,180,true,M1,200B,DP-200B-01,T0008,delivering
94,8,19,33,90,true,M5,209E,DP-209E-01,T0002,delivering
94,9,15,27,180,true,M3,130B,DP-130B-02,T0020,delivering
94,10,18,25,180,true,M1,130B,DP-130B-03,T0029,delivering
95,1,26,27,270,false,,,,,to_pickup
95,2,46,25,270,false,,,,,loading
95,3,21,25,180,true,M1,140A,DP-140A-03,T0030,delivering
95,4,37,25,90,false,,,,,to_pickup
95,5,16,26,90,false,,,,,to_pickup
95,6,26,45,90,true,M5,209C,DP-209C-01,T0004,delivering
95,7,31,34,90,true,M1,200B,DP-200B-01,T0008,delivering
95,8,18,33,180,true,M5,209E,DP-209E-01,T0002,delivering
95,9,14,27,180,true,M3,130B,DP-130B-02,T0020,delivering
95,10,17,25,180,true,M1,130B,DP-130B-03,T0029,delivering
96,1,27,27,270,false,,,,,to_pickup
96,2,46,25,270,false,,,,,loading
96,3,20,25,180,true,M1,140A,DP-140A-03,T0030,delivering
96,4,38,25,90,false,,,,,to_pickup
96,5,17,26,90,false,,,,,to_pickup
96,6,26,45,90,true,M5,209C,DP-209C-01,T0004,unloading
96,7,31,35,90,true,M1,200B,DP-200B-01,T0008,delivering
96,8,18,34,90,true,M5,209E,DP-209E-01,T0002,delivering
96,9,13,27,180,true,M3,130B,DP-130B-02,T0020,delivering
96,10,16,25,180,true,M1,130B,DP-130B-03,T0029,delivering
97,1,28,27,270,false,,,,,to_pickup
97,2,45,25,180,true,M5,140A,DP-140A-02,T0021,delivering
97,3,19,25,180,true,M1,140A,DP-140A-03,T0030,delivering
97,4,39,25,90,false,,,,,to_pickup
97,5,18,26,90,false,,,,,to_pickup
97,6,26,45,90,true,M5,209C,DP-209C-01,T0004,unloading
97,7,31,36,90,true,M1,200B,DP-200B-01,T0008,delivering
97,8,18,35,90,true,M5,209E,DP-209E-01,T0002,delivering
97,9,12,27,180,true,M3,130B,DP-130B-02,T0020,delivering
97,10,15,25,180,true,M1,130B,DP-130B-03,T0029,delivering
98,1,29,27,270,false,,,,,to_pickup
98,2,44,25,180,true,M5,140A,DP-140A-02,T0021,delivering
98,3,18,25,180,true,M1,140A,DP-140A-03,T0030,delivering
98,4,40,25,90,false,,,,,to_pickup
98,5,19,26,90,false,,,,,to_pickup
98,6,26,44,270,false,,,,,to_pickup
98,7,31,37,90,true,M1,200B,DP-200B-01,T0008,delivering
98,8,18,36,90,true,M5,209E,DP-209E-01,T0002,delivering
98,9,11,27,180,true,M3,130B,DP-130B-02,T0020,delivering
98,10,14,25,180,true,M1,130B,DP-130B-03,T0029,delivering
99,1,30,27,270,false,,,,,to_pickup
99,2,43,25,180,true,M5,140A,DP-140A-02,T0021,delivering
99,3,17,25,180,true,M1,140A,DP-140A-03,T0030,delivering
99,4,41,25,90,false,,,,,to_pickup
99,5,20,26,90,false,,,,,to_pickup
99,6,26,43,270,false,,,,,to_pickup
99,7,31,37,90,true,M1,200B,DP-200B-01,T0008,unloading
99,8,18,37,90,true,M5,209E,DP-209E-01,T0002,delivering
99,9,10,27,180,true,M3,130B,DP-130B-02,T0020,delivering
99,10,13,25,180,true,M1,130B,DP-130B-03,T0029,delivering
100,1,31,27,270,false,,,,,to_pickup
100,2,42,25,180,true,M5,140A,DP-140A-02,T0021,delivering
100,3,16,25,180,true,M1,140A,DP-140A-03,T0030,delivering
100,4,41,26,90,false,,,,,to_pickup
100,5,21,26,90,false,,,,,to_pickup
100,6,26,42,270,false,,,,,to_pickup
100,7,31,37,90,true,M1,200B,DP-200B-01,T0008,unloading
100,8,18,38,90,true,M5,209E,DP-209E-01,T0002,delivering
100,9,9,27,180,true,M3,130B,DP-130B-02,T0020,delivering
100,10,12,25,180,true,M1,130B,DP-130B-03,T0029,delivering
101,1,32,27,270,false,,,,,to_pickup
101,2,41,25,180,true,M5,140A,DP-140A-02,T0021,delivering
101,3,15,25,180,true,M1,140A,DP-140A-03,T0030,delivering
101,4,42,26,90,false,,,,,to_pickup
101,5,22,26,90,false,,,,,to_pickup
101,6,26,41,270,false,,,,,to_pickup
101,7,31,36,270,false,,,,,to_pickup
101,8,18,39,90,true,M5,209E,DP-209E-01,T0002,delivering
101,9,8,27,180,true,M3,130B,DP-130B-02,T0020,delivering
101,10,11,25,180,true,M1,130B,DP-130B-03,T0029,delivering
102,1,33,27,270,false,,,,,to_pickup
102,2,40,25,180,true,M5,140A,DP-140A-02,T0021,delivering
102,3,15,24,270,true,M1,140A,DP-140A-03,T0030,delivering
102,4,42,25,270,false,,,,,to_pickup
102,5,23,26,90,false,,,,,to_pickup
102,6,27,41,270,false,,,,,to_pickup
102,7,31,35,270,false,,,,,to_pickup
102,8,18,40,90,true,M5,209E,DP-209E-01,T0002,delivering
102,9,8,26,270,true,M3,130B,DP-130B-02,T0020,delivering
102,10,11,24,270,true,M1,130B,DP-130B-03,T0029,delivering
103,1,34,27,270,false,,,,,to_pickup
103,2,39,25,180,true,M5,140A,DP-140A-02,T0021,delivering
103,3,15,23,270,true,M1,140A,DP-140A-03,T0030,delivering
103,4,43,25,270,false,,,,,to_pickup
103,5,24,26,90,false,,,,,to_pickup
103,6,28,41,270,false,,,,,to_pickup
103,7,31,34,270,false,,,,,to_pickup
103,8,18,41,90,true,M5,209E,DP-209E-01,T0002,delivering
103,9,8,25,270,true,M3,130B,DP-130B-02,T0020,delivering
103,10,11,23,270,true,M1,130B,DP-130B-03,T0029,delivering
104,1,35,27,270,false,,,,,to_pickup
104,2,38,25,180,true,M5,140A,DP-140A-02,T0021,delivering
104,3,15,22,270,true,M1,140A,DP-140A-03,T0030,delivering
104,4,44,25,270,false,,,,,to_pickup
104,5,25,26,90,false,,,,,to_pickup
104,6,29,41,270,false,,,,,to_pickup
104,7,31,33,270,false,,,,,to_pickup
104,8,18,42,90,true,M5,209E,DP-209E-01,T0002,delivering
104,9,8,25,270,true,M3,130B,DP-130B-02,T0020,unloading
104,10,11,22,270,true,M1,130B,DP-130B-03,T0029,delivering
105,1,36,27,270,false,,,,,to_pickup
105,2,37,25,180,true,M5,140A,DP-140A-02,T0021,delivering
105,3,15,21,270,true,M1,140A,DP-140A-03,T0030,delivering
105,4,45,25,270,false,,,,,to_pickup
105,5,26,26,90,false,,,,,to_pickup
105,6,29,40,270,false,,,,,to_pickup
105,7,32,33,270,false,,,,,to_pickup
105,8,18,43,90,true,M5,209E,DP-209E-01,T0002,delivering
105,9,8,25,270,true,M3,130B,DP-130B-02,T0020,unloading
105,10,11,21,270,true,M1,130B,DP-130B-03,T0029,delivering
106,1,37,27,270,false,,,,,to_pickup
106,2,36,25,180,true,M5,140A,DP-140A-02,T0021,delivering
106,3,14,21,180,true,M1,140A,DP-140A-03,T0030,delivering
106,4,46,25,270,false,,,,,to_pickup
106,5,27,26,90,false,,,,,to_pickup
106,6,29,39,270,false,,,,,to_pickup
106,7,33,33,270,false,,,,,to_pickup
106,8,18,44,90,true,M5,209E,DP-209E-01,T0002,delivering
106,9,9,25,270,false,,,,,to_pickup
106,10,10,21,180,true,M1,130B,DP-130B-03,T0029,delivering
107,1,38,27,270,false,,,,,to_pickup
107,2,35,25,180,true,M5,140A,DP-140A-02,T0021,delivering
107,3,13,21,180,true,M1,140A,DP-140A-03,T0030,delivering
107,4,46,25,270,false,,,,,loading
107,5,28,26,90,false,,,,,to_pickup
107,6,29,38,270,false,,,,,to_pickup
107,7,33,32,270,false,,,,,to_pickup
107,8,18,45,90,true,M5,209E,DP-209E-01,T0002,delivering
107,9,10,25,270,false,,,,,to_pickup
107,10,9,21,180,true,M1,130B,DP-130B-03,T0029,delivering
108,1,39,27,270,false,,,,,to_pickup
108,2,34,25,180,true,M5,140A,DP-140A-02,T0021,delivering
108,3,12,21,180,true,M1,140A,DP-140A-03,T0030,delivering
108,4,46,25,270,false,,,,,loading
108,5,29,26,90,false,,,,,to_pickup
108,6,29,37,270,false,,,,,to_pickup
108,7,33,31,270,false,,,,,to_pickup
108,8,18,45,90,true,M5,209E,DP-209E-01,T0002,unloading
108,9,11,25,270,false,,,,,to_pickup
108,10,8,21,180,true,M1,130B,DP-130B-03,T0029,delivering
109,1,40,27,270,false,,,,,to_pickup
109,2,33,25,180,true,M5,140A,DP-140A-02,T0021,delivering
109,3,12,20,270,true,M1,140A,DP-140A-03,T0030,delivering
109,4,45,25,180,true,M3,200C,DP-200C-01,T0009,delivering
109,5,30,26,90,false,,,,,to_pickup
109,6,29,36,270,false,,,,,to_pickup
109,7,33,30,270,false,,,,,to_pickup
109,8,18,45,90,true,M5,209E,DP-209E-01,T0002,unloading
109,9,12,25,270,false,,,,,to_pickup
109,10,8,20,270,true,M1,130B,DP-130B-03,T0029,delivering
110,1,41,27,270,false,,,,,to_pickup
110,2,32,25,180,true,M5,140A,DP-140A-02,T0021,delivering
110,3,12,19,270,true,M1,140A,DP-140A-03,T0030,delivering
110,4,44,25,180,true,M3,200C,DP-200C-01,T0009,delivering
110,5,31,26,90,false,,,,,to_pickup
110,6,29,35,270,false,,,,,to_pickup
110,7,33,29,270,false,,,,,to_pickup
110,8,18,44,270,false,,,,,to_pickup
110,9,13,25,270,false,,,,,to_pickup
110,10,8,19,270,true,M1,130B,DP-130B-03,T0029,delivering
111,1,42,27,270,false,,,,,to_pickup
111,2,31,25,180,true,M5,140A,DP-140A-02,T0021,delivering
111,3,12,18,270,true,M1,140A,DP-140A-03,T0030,delivering
111,4,43,25,180,true,M3,200C,DP-200C-01,T0009,delivering
111,5,32,26,90,false,,,,,to_pickup
111,6,29,34,270,false,,,,,to_pickup
111,7,33,28,270,false,,,,,to_pickup
111,8,18,43,270,false,,,,,to_pickup
111,9,14,25,270,false,,,,,to_pickup
111,10,8,18,270,true,M1,130B,DP-130B-03,T0029,delivering
112,1,43,27,270,false,,,,,to_pickup
112,2,30,25,180,true,M5,140A,DP-140A-02,T0021,delivering
112,3,12,17,270,true,M1,140A,DP-140A-03,T0030,delivering
112,4,42,25,180,true,M3,200C,DP-200C-01,T0009,delivering
112,5,32,25,270,false,,,,,to_pickup
112,6,29,33,270,false,,,,,to_pickup
112,7,34,28,270,false,,,,,to_pickup
112,8,18,42,270,false,,,,,to_pickup
112,9,15,25,270,false,,,,,to_pickup
112,10,8,17,270,true,M1,130B,DP-130B-03,T0029,delivering
113,1,44,27,270,false,,,,,to_pickup
113,2,29,25,180,true,M5,140A,DP-140A-02,T0021,delivering
113,3,12,17,270,true,M1,140A,DP-140A-03,T0030,unloading
113,4,41,25,180,true,M3,200C,DP-200C-01,T0009,delivering
113,5,33,25,270,false,,,,,to_pickup
113,6,29,32,270,false,,,,,to_pickup
113,7,35,28,270,false,,,,,to_pickup
113,8,18,41,270,false,,,,,to_pickup
113,9,16,25,270,false,,,,,to_pickup
113,10,8,17,270,true,M1,130B,DP-130B-03,T0029,unloading
114,1,45,27,270,false,,,,,to_pickup
114,2,28,25,180,true,M5,140A,DP-140A-02,T0021,delivering
114,3,12,17,270,true,M1,140A,DP-140A-03,T0030,unloading
114,4,40,25,180,true,M3,200C,DP-200C-01,T0009,delivering
114,5,34,25,270,false,,,,,to_pickup
114,6,29,31,270,false,,,,,to_pickup
114,7,36,28,270,false,,,,,to_pickup
114,8,18,40,270,false,,,,,to_pickup
114,9,17,25,270,false,,,,,to_pickup
114,10,8,17,270,true,M1,130B,DP-130B-03,T0029,unloading
115,1,46,27,270,false,,,,,to_pickup
115,2,27,25,180,true,M5,140A,DP-140A-02,T0021,delivering
115,3,12,18,90,false,,,,,to_pickup
115,4,39,25,180,true,M3,200C,DP-200C-01,T0009,delivering
115,5,35,25,270,false,,,,,to_pickup
115,6,29,30,270,false,,,,,to_pickup
115,7,37,28,270,false,,,,,to_pickup
115,8,18,39,270,false,,,,,to_pickup
115,9,18,25,270,false,,,,,to_pickup
115,10,8,18,90,false,,,,,to_pickup
116,1,46,27,270,false,,,,,loading
116,2,26,25,180,true,M5,140A,DP-140A-02,T0021,delivering
116,3,12,19,90,false,,,,,to_pickup
116,4,38,25,180,true,M3,200C,DP-200C-01,T0009,delivering
116,5,36,25,270,false,,,,,to_pickup
116,6,29,29,270,false,,,,,to_pickup
116,7,38,28,270,false,,,,,to_pickup
116,8,18,38,270,false,,,,,to_pickup
116,9,19,25,270,false,,,,,to_pickup
116,10,8,19,90,false,,,,,to_pickup
117,1,46,27,270,false,,,,,loading
117,2,25,25,180,true,M5,140A,DP-140A-02,T0021,delivering
117,3,12,20,90,false,,,,,to_pickup
117,4,38,26,90,true,M3,200C,DP-200C-01,T0009,delivering
117,5,37,25,270,false,,,,,to_pickup
117,6,29,28,270,false,,,,,to_pickup
117,7,39,28,270,false,,,,,to_pickup
117,8,18,37,270,false,,,,,to_pickup
117,9,20,25,270,false,,,,,to_pickup
117,10,8,20,90,false,,,,,to_pickup
118,1,45,27,180,true,M4,130A,DP-130A-01,T0010,delivering
118,2,24,25,180,true,M5,140A,DP-140A-02,T0021,delivering
118,3,12,21,90,false,,,,,to_pickup
118,4,38,27,90,true,M3,200C,DP-200C-01,T0009,delivering
118,5,38,25,270,false,,,,,to_pickup
118,6,30,28,270,false,,,,,to_pickup
118,7,40,28,270,false,,,,,to_pickup
118,8,18,36,270,false,,,,,to_pickup
118,9,21,25,270,false,,,,,to_pickup
118,10,8,21,90,false,,,,,to_pickup
119,1,44,27,180,true,M4,130A,DP-130A-01,T0010,delivering
119,2,23,25,180,true,M5,140A,DP-140A-02,T0021,delivering
119,3,13,21,90,false,,,,,to_pickup
119,4,38,28,90,true,M3,200C,DP-200C-01,T0009,delivering
119,5,39,25,270,false,,,,,to_pickup
119,6,31,28,270,false,,,,,to_pickup
119,7,41,28,270,false,,,,,to_pickup
119,8,18,35,270,false,,,,,to_pickup
119,9,22,25,270,false,,,,,to_pickup
119,10,9,21,90,false,,,,,to_pickup
120,1,43,27,180,true,M4,130A,DP-130A-01,T0010,delivering
120,2,22,25,180,true,M5,140A,DP-140A-02,T0021,delivering
120,3,14,21,90,false,,,,,to_pickup
120,4,38,29,90,true,M3,200C,DP-200C-01,T0009,delivering
120,5,40,25,270,false,,,,,to_pickup
120,6,32,28,270,false,,,,,to_pickup
120,7,42,28,270,false,,,,,to_pickup
120,8,18,34,270,false,,,,,to_pickup
120,9,22,26,90,false,,,,,to_pickup
120,10,10,21,90,false,,,,,to_pickup
121,1,42,27,180,true,M4,130A,DP-130A-01,T0010,delivering
121,2,21,25,180,true,M5,140A,DP-140A-02,T0021,delivering
121,3,15,21,90,false,,,,,to_pickup
121,4,38,30,90,true,M3,200C,DP-200C-01,T0009,delivering
121,5,41,25,270,false,,,,,to_pickup
121,6,33,28,270,false,,,,,to_pickup
121,7,43,28,270,false,,,,,to_pickup
121,8,18,33,270,false,,,,,to_pickup
121,9,23,26,90,false,,,,,to_pickup
121,10,11,21,90,false,,,,,to_pickup
122,1,41,27,180,true,M4,130A,DP-130A-01,T0010,delivering
122,2,20,25,180,true,M5,140A,DP-140A-02,T0021,delivering
122,3,16,21,90,false,,,,,to_pickup
122,4,38,31,90,true,M3,200C,DP-200C-01,T0009,delivering
122,5,42,25,270,false,,,,,to_pickup
122,6,34,28,270,false,,,,,to_pickup
122,7,43,27,270,false,,,,,to_pickup
122,8,19,33,270,false,,,,,to_pickup
122,9,24,26,90,false,,,,,to_pickup
122,10,12,21,90,false,,,,,to_pickup
123,1,40,27,180,true,M4,130A,DP-130A-01,T0010,delivering
123,2,19,25,180,true,M5,140A,DP-140A-02,T0021,delivering
123,3,17,21,90,false,,,,,to_pickup
123,4,38,32,90,true,M3,200C,DP-200C-01,T0009,delivering
123,5,43,25,270,false,,,,,to_pickup
123,6,35,28,270,false,,,,,to_pickup
123,7,44,27,270,false,,,,,to_pickup
123,8,19,32,270,false,,,,,to_pickup
123,9,25,26,90,false,,,,,to_pickup
123,10,13,21,90,false,,,,,to_pickup
124,1,39,27,180,true,M4,130A,DP-130A-01,T0010,delivering
124,2,18,25,180,true,M5,140A,DP-140A-02,T0021,delivering
124,3,18,21,90,false,,,,,to_pickup
124,4,38,33,90,true,M3,200C,DP-200C-01,T0009,delivering
124,5,44,25,270,false,,,,,to_pickup
124,6,36,28,270,false,,,,,to_pickup
124,7,45,27,270,false,,,,,to_pickup
124,8,19,31,270,false,,,,,to_pickup
124,9,26,26,90,false,,,,,to_pickup
124,10,14,21,90,false,,,,,to_pickup
125,1,38,27,180,true,M4,130A,DP-130A-01,T0010,delivering
125,2,17,25,180,true,M5,140A,DP-140A-02,T0021,delivering
125,3,19,21,90,false,,,,,to_pickup
125,4,37,33,180,true,M3,200C,DP-200C-01,T0009,delivering
125,5,45,25,270,false,,,,,to_pickup
125,6,37,28,270,false,,,,,to_pickup
125,7,46,27,270,false,,,,,to_pickup
125,8,19,30,270,false,,,,,to_pickup
125,9,27,26,90,false,,,,,to_pickup
125,10,15,21,90,false,,,,,to_pickup
126,1,37,27,180,true,M4,130A,DP-130A-01,T0010,delivering
126,2,16,25,180,true,M5,140A,DP-140A-02,T0021,delivering
126,3,20,21,90,false,,,,,to_pickup
126,4,36,33,180,true,M3,200C,DP-200C-01,T0009,delivering
126,5,46,25,270,false,,,,,to_pickup
126,6,38,28,270,false,,,,,to_pickup
126,7,46,27,270,false,,,,,loading
126,8,19,29,270,false,,,,,to_pickup
126,9,28,26,90,false,,,,,to_pickup
126,10,16,21,90,false,,,,,to_pickup
127,1,36,27,180,true,M4,130A,DP-130A-01,T0010,delivering
127,2,15,25,180,true,M5,140A,DP-140A-02,T0021,delivering
127,3,21,21,90,false,,,,,to_pickup
127,4,36,34,90,true,M3,200C,DP-200C-01,T0009,delivering
127,5,46,25,270,false,,,,,loading
127,6,38,27,270,false,,,,,to_pickup
127,7,46,27,270,false,,,,,loading
127,8,19,28,270,false,,,,,to_pickup
127,9,29,26,90,false,,,,,to_pickup
127,10,17,21,90,false,,,,,to_pickup
128,1,35,27,180,true,M4,130A,DP-130A-01,T0010,delivering
128,2,14,25,180,true,M5,140A,DP-140A-02,T0021,delivering
128,3,22,21,90,false,,,,,to_pickup
128,4,36,35,90,true,M3,200C,DP-200C-01,T0009,delivering
128,5,46,25,270,false,,,,,loading
128,6,39,27,270,false,,,,,to_pickup
128,7,45,27,180,true,M5,140A,DP-140A-01,T0012,delivering
128,8,19,27,270,false,,,,,to_pickup
128,9,30,26,90,false,,,,,to_pickup
128,10,18,21,90,false,,,,,to_pickup
129,1,34,27,180,true,M4,130A,DP-130A-01,T0010,delivering
129,2,13,25,180,true,M5,140A,DP-140A-02,T0021,delivering
129,3,23,21,90,false,,,,,to_pickup
129,4,36,36,90,true,M3,200C,DP-200C-01,T0009,delivering
129,5,45,25,180,true,M1,140C,DP-140C-01,T0014,delivering
129,6,40,27,270,false,,,,,to_pickup
129,7,44,27,180,true,M5,140A,DP-140A-01,T0012,delivering
129,8,19,26,270,false,,,,,to_pickup
129,9,31,26,90,false,,,,,to_pickup
129,10,19,21,90,false,,,,,to_pickup
130,1,33,27,180,true,M4,130A,DP-130A-01,T0010,delivering
130,2,12,25,180,true,M5,140A,DP-140A-02,T0021,delivering
130,3,24,21,90,false,,,,,to_pickup
130,4,36,37,90,true,M3,200C,DP-200C-01,T0009,delivering
130,5,44,25,180,true,M1,140C,DP-140C-01,T0014,delivering
130,6,41,27,270,false,,,,,to_pickup
130,7,43,27,180,true,M5,140A,DP-140A-01,T0012,delivering
130,8,19,25,270,false,,,,,to_pickup
130,9,32,26,90,false,,,,,to_pickup
130,10,20,21,90,false,,,,,to_pickup
131,1,32,27,180,true,M4,130A,DP-130A-01,T0010,delivering
131,2,12,25,180,true,M5,140A,DP-140A-02,T0021,unloading
131,3,25,21,90,false,,,,,to_pickup
131,4,36,37,90,true,M3,200C,DP-200C-01,T0009,unloading
131,5,43,25,180,true,M1,140C,DP-140C-01,T0014,delivering
131,6,42,27,270,false,,,,,to_pickup
131,7,43,28,90,true,M5,140A,DP-140A-01,T0012,delivering
131,8,20,25,270,false,,,,,to_pickup
131,9,33,26,90,false,,,,,to_pickup
131,10,21,21,90,false,,,,,to_pickup
132,1,31,27,180,true,M4,130A,DP-130A-01,T0010,delivering
132,2,12,25,180,true,M5,140A,DP-140A-02,T0021,unloading
132,3,26,21,90,false,,,,,to_pickup
132,4,36,37,90,true,M3,200C,DP-200C-01,T0009,unloading
132,5,42,25,180,true,M1,140C,DP-140C-01,T0014,delivering
132,6,43,27,270,false,,,,,to_pickup
132,7,42,28,180,true,M5,140A,DP-140A-01,T0012,delivering
132,8,21,25,270,false,,,,,to_pickup
132,9,34,26,90,false,,,,,to_pickup
132,10,22,21,90,false,,,,,to_pickup
133,1,30,27,180,true,M4,130A,DP-130A-01,T0010,delivering
133,2,13,25,180,false,,,,,to_pickup
133,3,27,21,90,false,,,,,to_pickup
133,4,36,36,270,false,,,,,to_pickup
133,5,41,25,180,true,M1,140C,DP-140C-01,T0014,delivering
133,6,44,27,270,false,,,,,to_pickup
133,7,41,28,180,true,M5,140A,DP-140A-01,T0012,delivering
133,8,22,25,270,false,,,,,to_pickup
133,9,35,26,90,false,,,,,to_pickup
133,10,23,21,90,false,,,,,to_pickup
134,1,29,27,180,true,M4,130A,DP-130A-01,T0010,delivering
134,2,14,25,180,false,,,,,to_pickup
134,3,28,21,90,false,,,,,to_pickup
134,4,36,35,270,false,,,,,to_pickup
134,5,40,25,180,true,M1,140C,DP-140C-01,T0014,delivering
134,6,45,27,270,false,,,,,to_pickup
134,7,40,28,180,true,M5,140A,DP-140A-01,T0012,delivering
134,8,23,25,270,false,,,,,to_pickup
134,9,36,26,90,false,,,,,to_pickup
134,10,24,21,90,false,,,,,to_pickup
135,1,28,27,180,true,M4,130A,DP-130A-01,T0010,delivering
135,2,15,25,180,false,,,,,to_pickup
135,3,29,21,90,false,,,,,to_pickup
135,4,36,34,270,false,,,,,to_pickup
135,5,39,25,180,true,M1,140C,DP-140C-01,T0014,delivering
135,6,46,27,270,false,,,,,to_pickup
135,7,39,28,180,true,M5,140A,DP-140A-01,T0012,delivering
135,8,24,25,270,false,,,,,to_pickup
135,9,37,26,90,false,,,,,to_pickup
135,10,25,21,90,false,,,,,to_pickup
136,1,27,27,180,true,M4,130A,DP-130A-01,T0010,delivering
136,2,16,25,180,false,,,,,to_pickup
136,3,30,21,90,false,,,,,to_pickup
136,4,36,33,270,false,,,,,to_pickup
136,5,38,25,180,true,M1,140C,DP-140C-01,T0014,delivering
136,6,46,27,270,false,,,,,loading
136,7,38,28,180,true,M5,140A,DP-140A-01,T0012,delivering
136,8,25,25,270,false,,,,,to_pickup
136,9,38,26,90,false,,,,,to_pickup
136,10,26,21,90,false,,,,,to_pickup
137,1,26,27,180,true,M4,130A,DP-130A-01,T0010,delivering
137,2,17,25,180,false,,,,,to_pickup
137,3,31,21,90,false,,,,,to_pickup
137,4,37,33,270,false,,,,,to_pickup
137,5,37,25,180,true,M1,140C,DP-140C-01,T0014,delivering
137,6,46,27,270,false,,,,,loading
137,7,37,28,180,true,M5,140A,DP-140A-01,T0012,delivering
137,8,26,25,270,false,,,,,to_pickup
137,9,38,25,270,false,,,,,to_pickup
137,10,27,21,90,false,,,,,to_pickup
138,1,25,27,180,true,M4,130A,DP-130A-01,T0010,delivering
138,2,18,25,180,false,,,,,to_pickup
138,3,32,21,90,false,,,,,to_pickup
138,4,38,33,270,false,,,,,to_pickup
138,5,36,25,180,true,M1,140C,DP-140C-01,T0014,delivering
138,6,45,27,180,true,M3,200A,DP-200A-02,T0016,delivering
138,7,36,28,180,true,M5,140A,DP-140A-01,T0012,delivering
138,8,27,25,270,false,,,,,to_pickup
138,9,39,25,270,false,,,,,to_pickup
138,10,28,21,90,false,,,,,to_pickup
139,1,24,27,180,true,M4,130A,DP-130A-01,T0010,delivering
139,2,19,25,180,false,,,,,to_pickup
139,3,33,21,90,false,,,,,to_pickup
139,4,38,32,270,false,,,,,to_pickup
139,5,35,25,180,true,M1,140C,DP-140C-01,T0014,delivering
139,6,44,27,180,true,M3,200A,DP-200A-02,T0016,delivering
139,7,35,28,180,true,M5,140A,DP-140A-01,T0012,delivering
139,8,28,25,270,false,,,,,to_pickup
139,9,40,25,270,false,,,,,to_pickup
139,10,29,21,90,false,,,,,to_pickup
140,1,23,27,180,true,M4,130A,DP-130A-01,T0010,delivering
140,2,20,25,180,false,,,,,to_pickup
140,3,34,21,90,false,,,,,to_pickup
140,4,38,31,270,false,,,,,to_pickup
140,5,34,25,180,true,M1,140C,DP-140C-01,T0014,delivering
140,6,43,27,180,true,M3,200A,DP-200A-02,T0016,delivering
140,7,34,28,180,true,M5,140A,DP-140A-01,T0012,delivering
140,8,29,25,270,false,,,,,to_pickup
140,9,41,25,270,false,,,,,to_pickup
140,10,30,21,90,false,,,,,to_pickup
141,1,22,27,180,true,M4,130A,DP-130A-01,T0010,delivering
141,2,21,25,180,false,,,,,to_pickup
141,3,35,21,90,false,,,,,to_pickup
141,4,38,30,270,false,,,,,to_pickup
141,5,33,25,180,true,M1,140C,DP-140C-01,T0014,delivering
141,6,42,27,180,true,M3,200A,DP-200A-02,T0016,delivering
141,7,33,28,180,true,M5,140A,DP-140A-01,T0012,delivering
141,8,30,25,270,false,,,,,to_pickup
141,9,42,25,270,false,,,,,to_pickup
141,10,31,21,90,false,,,,,to_pickup
142,1,21,27,180,true,M4,130A,DP-130A-01,T0010,delivering
142,2,22,25,180,false,,,,,to_pickup
142,3,36,21,90,false,,,,,to_pickup
142,4,38,29,270,false,,,,,to_pickup
142,5,32,25,180,true,M1,140C,DP-140C-01,T0014,delivering
142,6,41,27,180,true,M3,200A,DP-200A-02,T0016,delivering
142,7,32,28,180,true,M5,140A,DP-140A-01,T0012,delivering
142,8,31,25,270,false,,,,,to_pickup
142,9,43,25,270,false,,,,,to_pickup
142,10,32,21,90,false,,,,,to_pickup
143,1,20,27,180,true,M4,130A,DP-130A-01,T0010,delivering
143,2,23,25,180,false,,,,,to_pickup
143,3,37,21,90,false,,,,,to_pickup
143,4,38,28,270,false,,,,,to_pickup
143,5,31,25,180,true,M1,140C,DP-140C-01,T0014,delivering
143,6,40,27,180,true,M3,200A,DP-200A-02,T0016,delivering
143,7,31,28,180,true,M5,140A,DP-140A-01,T0012,delivering
143,8,31,26,90,false,,,,,to_pickup
143,9,44,25,270,false,,,,,to_pickup
143,10,33,21,90,false,,,,,to_pickup
144,1,19,27,180,true,M4,130A,DP-130A-01,T0010,delivering
144,2,24,25,180,false,,,,,to_pickup
144,3,38,21,90,false,,,,,to_pickup
144,4,39,28,270,false,,,,,to_pickup
144,5,30,25,180,true,M1,140C,DP-140C-01,T0014,delivering
144,6,39,27,180,true,M3,200A,DP-200A-02,T0016,delivering
144,7,30,28,180,true,M5,140A,DP-140A-01,T0012,delivering
144,8,32,26,90,false,,,,,to_pickup
144,9,45,25,270,false,,,,,to_pickup
144,10,34,21,90,false,,,,,to_pickup
145,1,18,27,180,true,M4,130A,DP-130A-01,T0010,delivering
145,2,25,25,180,false,,,,,to_pickup
145,3,39,21,90,false,,,,,to_pickup
145,4,39,27,270,false,,,,,to_pickup
145,5,29,25,180,true,M1,140C,DP-140C-01,T0014,delivering
145,6,38,27,180,true,M3,200A,DP-200A-02,T0016,delivering
145,7,29,28,180,true,M5,140A,DP-140A-01,T0012,delivering
145,8,33,26,90,false,,,,,to_pickup
145,9,46,25,270,false,,,,,to_pickup
145,10,35,21,90,false,,,,,to_pickup
146,1,17,27,180,true,M4,130A,DP-130A-01,T0010,delivering
146,2,26,25,180,false,,,,,to_pickup
146,3,40,21,90,false,,,,,to_pickup
146,4,40,27,270,false,,,,,to_pickup
146,5,28,25,180,true,M1,140C,DP-140C-01,T0014,delivering
146,6,37,27,180,true,M3,200A,DP-200A-02,T0016,delivering
146,7,28,28,180,true,M5,140A,DP-140A-01,T0012,delivering
146,8,34,26,90,false,,,,,to_pickup
146,9,46,25,270,false,,,,,loading
146,10,36,21,90,false,,,,,to_pickup
147,1,16,27,180,true,M4,130A,DP-130A-01,T0010,delivering
147,2,26,26,90,false,,,,,to_pickup
147,3,41,21,90,false,,,,,to_pickup
147,4,41,27,270,false,,,,,to_pickup
147,5,27,25,180,true,M1,140C,DP-140C-01,T0014,delivering
147,6,36,27,180,true,M3,200A,DP-200A-02,T0016,delivering
147,7,27,28,180,true,M5,140A,DP-140A-01,T0012,delivering
147,8,35,26,90,false,,,,,to_pickup
147,9,46,25,270,false,,,,,loading
147,10,37,21,90,false,,,,,to_pickup
148,1,15,27,180,true,M4,130A,DP-130A-01,T0010,delivering
148,2,27,26,90,false,,,,,to_pickup
148,3,42,21,90,false,,,,,to_pickup
148,4,42,27,270,false,,,,,to_pickup
148,5,26,25,180,true,M1,140C,DP-140C-01,T0014,delivering
148,6,35,27,180,true,M3,200A,DP-200A-02,T0016,delivering
148,7,26,28,180,true,M5,140A,DP-140A-01,T0012,delivering
148,8,36,26,90,false,,,,,to_pickup
148,9,45,25,180,true,M4,130A,DP-130A-03,T0028,delivering
148,10,38,21,90,false,,,,,to_pickup
149,1,14,27,180,true,M4,130A,DP-130A-01,T0010,delivering
149,2,28,26,90,false,,,,,to_pickup
149,3,43,21,90,false,,,,,to_pickup
149,4,43,27,270,false,,,,,to_pickup
149,5,25,25,180,true,M1,140C,DP-140C-01,T0014,delivering
149,6,34,27,180,true,M3,200A,DP-200A-02,T0016,delivering
149,7,25,28,180,true,M5,140A,DP-140A-01,T0012,delivering
149,8,37,26,90,false,,,,,to_pickup
149,9,44,25,180,true,M4,130A,DP-130A-03,T0028,delivering
149,10,39,21,90,false,,,,,to_pickup
150,1,13,27,180,true,M4,130A,DP-130A-01,T0010,delivering
150,2,29,26,90,false,,,,,to_pickup
150,3,43,22,90,false,,,,,to_pickup
150,4,44,27,270,false,,,,,to_pickup
150,5,24,25,180,true,M1,140C,DP-140C-01,T0014,delivering
150,6,33,27,180,true,M3,200A,DP-200A-02,T0016,delivering
150,7,24,28,180,true,M5,140A,DP-140A-01,T0012,delivering
150,8,38,26,90,false,,,,,to_pickup
150,9,43,25,180,true,M4,130A,DP-130A-03,T0028,delivering
150,10,40,21,90,false,,,,,to_pickup
151,1,12,27,180,true,M4,130A,DP-130A-01,T0010,delivering
151,2,30,26,90,false,,,,,to_pickup
151,3,43,23,90,false,,,,,to_pickup
151,4,45,27,270,false,,,,,to_pickup
151,5,23,25,180,true,M1,140C,DP-140C-01,T0014,delivering
151,6,32,27,180,true,M3,200A,DP-200A-02,T0016,delivering
151,7,23,28,180,true,M5,140A,DP-140A-01,T0012,delivering
151,8,39,26,90,false,,,,,to_pickup
151,9,42,25,180,true,M4,130A,DP-130A-03,T0028,delivering
151,10,41,21,90,false,,,,,to_pickup
152,1,11,27,180,true,M4,130A,DP-130A-01,T0010,delivering
152,2,31,26,90,false,,,,,to_pickup
152,3,43,24,90,false,,,,,to_pickup
152,4,46,27,270,false,,,,,to_pickup
152,5,22,25,180,true,M1,140C,DP-140C-01,T0014,delivering
152,6,31,27,180,true,M3,200A,DP-200A-02,T0016,delivering
152,7,22,28,180,true,M5,140A,DP-140A-01,T0012,delivering
152,8,40,26,90,false,,,,,to_pickup
152,9,41,25,180,true,M4,130A,DP-130A-03,T0028,delivering
152,10,42,21,90,false,,,,,to_pickup
153,1,10,27,180,true,M4,130A,DP-130A-01,T0010,delivering
153,2,32,26,90,false,,,,,to_pickup
153,3,43,25,90,false,,,,,to_pickup
153,4,46,27,270,false,,,,,loading
153,5,21,25,180,true,M1,140C,DP-140C-01,T0014,delivering
153,6,30,27,180,true,M3,200A,DP-200A-02,T0016,delivering
153,7,21,28,180,true,M5,140A,DP-140A-01,T0012,delivering
153,8,41,26,90,false,,,,,to_pickup
153,9,40,25,180,true,M4,130A,DP-130A-03,T0028,delivering
153,10,43,21,90,false,,,,,to_pickup
154,1,9,27,180,true,M4,130A,DP-130A-01,T0010,delivering
154,2,33,26,90,false,,,,,to_pickup
154,3,44,25,90,false,,,,,to_pickup
154,4,46,27,270,false,,,,,loading
154,5,20,25,180,true,M1,140C,DP-140C-01,T0014,delivering
154,6,30,28,90,true,M3,200A,DP-200A-02,T0016,delivering
154,7,20,28,180,true,M5,140A,DP-140A-01,T0012,delivering
154,8,41,25,270,false,,,,,to_pickup
154,9,39,25,180,true,M4,130A,DP-130A-03,T0028,delivering
154,10,43,22,90,false,,,,,to_pickup
155,1,8,27,180,true,M4,130A,DP-130A-01,T0010,delivering
155,2,34,26,90,false,,,,,to_pickup
155,3,45,25,90,false,,,,,to_pickup
155,4,45,27,180,true,M3,150,DP-150-01,T0015,delivering
155,5,20,26,90,true,M1,140C,DP-140C-01,T0014,delivering
155,6,30,29,90,true,M3,200A,DP-200A-02,T0016,delivering
155,7,19,28,180,true,M5,140A,DP-140A-01,T0012,delivering
155,8,42,25,270,false,,,,,to_pickup
155,9,38,25,180,true,M4,130A,DP-130A-03,T0028,delivering
155,10,43,23,90,false,,,,,to_pickup
156,1,7,27,180,true,M4,130A,DP-130A-01,T0010,delivering
156,2,35,26,90,false,,,,,to_pickup
156,3,46,25,90,false,,,,,to_pickup
156,4,44,27,180,true,M3,150,DP-150-01,T0015,delivering
156,5,20,27,90,true,M1,140C,DP-140C-01,T0014,delivering
156,6,30,29,90,true,M3,200A,DP-200A-02,T0016,unloading
156,7,18,28,180,true,M5,140A,DP-140A-01,T0012,delivering
156,8,43,25,270,false,,,,,to_pickup
156,9,37,25,180,true,M4,130A,DP-130A-03,T0028,delivering
156,10,43,24,90,false,,,,,to_pickup
157,1,6,27,180,true,M4,130A,DP-130A-01,T0010,delivering
157,2,36,26,90,false,,,,,to_pickup
157,3,46,25,90,false,,,,,loading
157,4,43,27,180,true,M3,150,DP-150-01,T0015,delivering
157,5,20,28,90,true,M1,140C,DP-140C-01,T0014,delivering
157,6,30,29,90,true,M3,200A,DP-200A-02,T0016,unloading
157,7,17,28,180,true,M5,140A,DP-140A-01,T0012,delivering
157,8,44,25,270,false,,,,,to_pickup
157,9,36,25,180,true,M4,130A,DP-130A-03,T0028,delivering
157,10,44,24,90,false,,,,,to_pickup
158,1,5,27,180,true,M4,130A,DP-130A-01,T0010,delivering
158,2,37,26,90,false,,,,,to_pickup
158,3,46,25,90,false,,,,,loading
158,4,42,27,180,true,M3,150,DP-150-01,T0015,delivering
158,5,20,29,90,true,M1,140C,DP-140C-01,T0014,delivering
158,6,30,28,270,false,,,,,to_pickup
158,7,16,28,180,true,M5,140A,DP-140A-01,T0012,delivering
158,8,45,25,270,false,,,,,to_pickup
158,9,35,25,180,true,M4,130A,DP-130A-03,T0028,delivering
158,10,45,24,90,false,,,,,to_pickup
159,1,4,27,180,true,M4,130A,DP-130A-01,T0010,delivering
159,2,38,26,90,false,,,,,to_pickup
159,3,46,26,90,true,M3,200C,DP-200C-04,T0036,delivering
159,4,41,27,180,true,M3,150,DP-150-01,T0015,delivering
159,5,20,29,90,true,M1,140C,DP-140C-01,T0014,unloading
159,6,31,28,270,false,,,,,to_pickup
159,7,15,28,180,true,M5,140A,DP-140A-01,T0012,delivering
159,8,46,25,270,false,,,,,to_pickup
159,9,34,25,180,true,M4,130A,DP-130A-03,T0028,delivering
159,10,46,24,90,false,,,,,to_pickup
160,1,4,28,90,true,M4,130A,DP-130A-01,T0010,delivering
160,2,39,26,90,false,,,,,to_pickup
160,3,45,26,180,true,M3,200C,DP-200C-04,T0036,delivering
160,4,40,27,180,true,M3,150,DP-150-01,T0015,delivering
160,5,20,29,90,true,M1,140C,DP-140C-01,T0014,unloading
160,6,32,28,270,false,,,,,to_pickup
160,7,14,28,180,true,M5,140A,DP-140A-01,T0012,delivering
160,8,46,25,270,false,,,,,loading
160,9,33,25,180,true,M4,130A,DP-130A-03,T0028,delivering
160,10,46,24,90,false,,,,,to_pickup
161,1,4,29,90,true,M4,130A,DP-130A-01,T0010,delivering
161,2,40,26,90,false,,,,,to_pickup
161,3,44,26,180,true,M3,200C,DP-200C-04,T0036,delivering
161,4,39,27,180,true,M3,150,DP-150-01,T0015,delivering
161,5,20,28,270,false,,,,,to_pickup
161,6,33,28,270,false,,,,,to_pickup
161,7,13,28,180,true,M5,140A,DP-140A-01,T0012,delivering
161,8,46,25,270,false,,,,,loading
161,9,32,25,180,true,M4,130A,DP-130A-03,T0028,delivering
161,10,46,24,90,false,,,,,to_pickup
162,1,4,29,90,true,M4,130A,DP-130A-01,T0010,unloading
162,2,41,26,90,false,,,,,to_pickup
162,3,43,26,180,true,M3,200C,DP-200C-04,T0036,delivering
162,4,38,27,180,true,M3,150,DP-150-01,T0015,delivering
162,5,21,28,270,false,,,,,to_pickup
162,6,34,28,270,false,,,,,to_pickup
162,7,12,28,180,true,M5,140A,DP-140A-01,T0012,delivering
162,8,45,25,180,true,M4,209B,DP-209B-01,T0005,delivering
162,9,31,25,180,true,M4,130A,DP-130A-03,T0028,delivering
162,10,46,25,90,false,,,,,to_pickup
163,1,4,29,90,true,M4,130A,DP-130A-01,T0010,unloading
163,2,42,26,90,false,,,,,to_pickup
163,3,43,25,270,true,M3,200C,DP-200C-04,T0036,delivering
163,4,37,27,180,true,M3,150,DP-150-01,T0015,delivering
163,5,22,28,270,false,,,,,to_pickup
163,6,35,28,270,false,,,,,to_pickup
163,7,12,29,90,true,M5,140A,DP-140A-01,T0012,delivering
163,8,44,25,180,true,M4,209B,DP-209B-01,T0005,delivering
163,9,30,25,180,true,M4,130A,DP-130A-03,T0028,delivering
163,10,46,25,90,false,,,,,loading
164,1,4,28,270,false,,,,,to_pickup
164,2,43,26,90,false,,,,,to_pickup
164,3,43,24,270,true,M3,200C,DP-200C-04,T0036,delivering
164,4,36,27,180,true,M3,150,DP-150-01,T0015,delivering
164,5,23,28,270,false,,,,,to_pickup
164,6,36,28,270,false,,,,,to_pickup
164,7,12,29,90,true,M5,140A,DP-140A-01,T0012,unloading
164,8,43,25,180,true,M4,209B,DP-209B-01,T0005,delivering
164,9,29,25,180,true,M4,130A,DP-130A-03,T0028,delivering
164,10,46,25,90,false,,,,,loading
165,1,5,28,270,false,,,,,to_pickup
165,2,44,26,90,false,,,,,to_pickup
165,3,43,23,270,true,M3,200C,DP-200C-04,T0036,delivering
165,4,35,27,180,true,M3,150,DP-150-01,T0015,delivering
165,5,24,28,270,false,,,,,to_pickup
165,6,36,27,270,false,,,,,to_pickup
165,7,12,29,90,true,M5,140A,DP-140A-01,T0012,unloading
165,8,42,25,180,true,M4,209B,DP-209B-01,T0005,delivering
165,9,28,25,180,true,M4,130A,DP-130A-03,T0028,delivering
165,10,45,25,180,true,M2,200A,DP-200A-03,T0025,delivering
166,1,6,28,270,false,,,,,to_pickup
166,2,45,26,90,false,,,,,to_pickup
166,3,43,22,270,true,M3,200C,DP-200C-04,T0036,delivering
166,4,34,27,180,true,M3,150,DP-150-01,T0015,delivering
166,5,25,28,270,false,,,,,to_pickup
166,6,37,27,270,false,,,,,to_pickup
166,7,12,28,270,false,,,,,to_pickup
166,8,41,25,180,true,M4,209B,DP-209B-01,T0005,delivering
166,9,27,25,180,true,M4,130A,DP-130A-03,T0028,delivering
166,10,44,25,180,true,M2,200A,DP-200A-03,T0025,delivering
167,1,7,28,270,false,,,,,to_pickup
167,2,45,25,270,false,,,,,to_pickup
167,3,43,21,270,true,M3,200C,DP-200C-04,T0036,delivering
167,4,33,27,180,true,M3,150,DP-150-01,T0015,delivering
167,5,26,28,270,false,,,,,to_pickup
167,6,38,27,270,false,,,,,to_pickup
167,7,13,28,270,false,,,,,to_pickup
167,8,40,25,180,true,M4,209B,DP-209B-01,T0005,delivering
167,9,26,25,180,true,M4,130A,DP-130A-03,T0028,delivering
167,10,43,25,180,true,M2,200A,DP-200A-03,T0025,delivering
168,1,8,28,270,false,,,,,to_pickup
168,2,46,25,270,false,,,,,to_pickup
168,3,42,21,180,true,M3,200C,DP-200C-04,T0036,delivering
168,4,32,27,180,true,M3,150,DP-150-01,T0015,delivering
168,5,27,28,270,false,,,,,to_pickup
168,6,39,27,270,false,,,,,to_pickup
168,7,14,28,270,false,,,,,to_pickup
168,8,39,25,180,true,M4,209B,DP-209B-01,T0005,delivering
168,9,25,25,180,true,M4,130A,DP-130A-03,T0028,delivering
168,10,42,25,180,true,M2,200A,DP-200A-03,T0025,delivering
169,1,9,28,270,false,,,,,to_pickup
169,2,46,25,270,false,,,,,loading
169,3,41,21,180,true,M3,200C,DP-200C-04,T0036,delivering
169,4,31,27,180,true,M3,150,DP-150-01,T0015,delivering
169,5,28,28,270,false,,,,,to_pickup
169,6,40,27,270,false,,,,,to_pickup
169,7,15,28,270,false,,,,,to_pickup
169,8,38,25,180,true,M4,209B,DP-209B-01,T0005,delivering
169,9,24,25,180,true,M4,130A,DP-130A-03,T0028,delivering
169,10,41,25,180,true,M2,200A,DP-200A-03,T0025,delivering
170,1,10,28,270,false,,,,,to_pickup
170,2,46,25,270,false,,,,,loading
170,3,40,21,180,true,M3,200C,DP-200C-04,T0036,delivering
170,4,30,27,180,true,M3,150,DP-150-01,T0015,delivering
170,5,29,28,270,false,,,,,to_pickup
170,6,41,27,270,false,,,,,to_pickup
170,7,16,28,270,false,,,,,to_pickup
170,8,37,25,180,true,M4,209B,DP-209B-01,T0005,delivering
170,9,23,25,180,true,M4,130A,DP-130A-03,T0028,delivering
170,10,40,25,180,true,M2,200A,DP-200A-03,T0025,delivering
171,1,11,28,270,false,,,,,to_pickup
171,2,45,25,180,true,M1,140B,DP-140B-03,T0031,delivering
171,3,40,20,270,true,M3,200C,DP-200C-04,T0036,delivering
171,4,29,27,180,true,M3,150,DP-150-01,T0015,delivering
171,5,30,28,270,false,,,,,to_pickup
171,6,42,27,270,false,,,,,to_pickup
171,7,17,28,270,false,,,,,to_pickup
171,8,36,25,180,true,M4,209B,DP-209B-01,T0005,delivering
171,9,22,25,180,true,M4,130A,DP-130A-03,T0028,delivering
171,10,39,25,180,true,M2,200A,DP-200A-03,T0025,delivering
172,1,12,28,270,false,,,,,to_pickup
172,2,44,25,180,true,M1,140B,DP-140B-03,T0031,delivering
172,3,40,19,270,true,M3,200C,DP-200C-04,T0036,delivering
172,4,28,27,180,true,M3,150,DP-150-01,T0015,delivering
172,5,31,28,270,false,,,,,to_pickup
172,6,43,27,270,false,,,,,to_pickup
172,7,18,28,270,false,,,,,to_pickup
172,8,35,25,180,true,M4,209B,DP-209B-01,T0005,delivering
172,9,21,25,180,true,M4,130A,DP-130A-03,T0028,delivering
172,10,38,25,180,true,M2,200A,DP-200A-03,T0025,delivering
173,1,13,28,270,false,,,,,to_pickup
173,2,43,25,180,true,M1,140B,DP-140B-03,T0031,delivering
173,3,40,18,270,true,M3,200C,DP-200C-04,T0036,delivering
173,4,27,27,180,true,M3,150,DP-150-01,T0015,delivering
173,5,32,28,270,false,,,,,to_pickup
173,6,44,27,270,false,,,,,to_pickup
173,7,19,28,270,false,,,,,to_pickup
173,8,34,25,180,true,M4,209B,DP-209B-01,T0005,delivering
173,9,20,25,180,true,M4,130A,DP-130A-03,T0028,delivering
173,10,37,25,180,true,M2,200A,DP-200A-03,T0025,delivering
174,1,14,28,270,false,,,,,to_pickup
174,2,42,25,180,true,M1,140B,DP-140B-03,T0031,delivering
174,3,40,17,270,true,M3,200C,DP-200C-04,T0036,delivering
174,4,26,27,180,true,M3,150,DP-150-01,T0015,delivering
174,5,33,28,270,false,,,,,to_pickup
174,6,45,27,270,false,,,,,to_pickup
174,7,20,28,270,false,,,,,to_pickup
174,8,33,25,180,true,M4,209B,DP-209B-01,T0005,delivering
174,9,19,25,180,true,M4,130A,DP-130A-03,T0028,delivering
174,10,36,25,180,true,M2,200A,DP-200A-03,T0025,delivering
175,1,15,28,270,false,,,,,to_pickup
175,2,41,25,180,true,M1,140B,DP-140B-03,T0031,delivering
175,3,40,17,270,true,M3,200C,DP-200C-04,T0036,unloading
175,4,25,27,180,true,M3,150,DP-150-01,T0015,delivering
175,5,34,28,270,false,,,,,to_pickup
175,6,46,27,270,false,,,,,to_pickup
175,7,21,28,270,false,,,,,to_pickup
175,8,33,26,90,true,M4,209B,DP-209B-01,T0005,delivering
175,9,18,25,180,true,M4,130A,DP-130A-03,T0028,delivering
175,10,35,25,180,true,M2,200A,DP-200A-03,T0025,delivering
176,1,16,28,270,false,,,,,to_pickup
176,2,40,25,180,true,M1,140B,DP-140B-03,T0031,delivering
176,3,40,17,270,true,M3,200C,DP-200C-04,T0036,unloading
176,4,24,27,180,true,M3,150,DP-150-01,T0015,delivering
176,5,35,28,270,false,,,,,to_pickup
176,6,46,27,270,false,,,,,loading
176,7,22,28,270,false,,,,,to_pickup
176,8,33,27,90,true,M4,209B,DP-209B-01,T0005,delivering
176,9,17,25,180,true,M4,130A,DP-130A-03,T0028,delivering
176,10,34,25,180,true,M2,200A,DP-200A-03,T0025,delivering
177,1,17,28,270,false,,,,,to_pickup
177,2,39,25,180,true,M1,140B,DP-140B-03,T0031,delivering
177,3,40,18,90,false,,,,,to_pickup
177,4,24,28,90,true,M3,150,DP-150-01,T0015,delivering
177,5,36,28,270,false,,,,,to_pickup
177,6,46,27,270,false,,,,,loading
177,7,23,28,270,false,,,,,to_pickup
177,8,33,28,90,true,M4,209B,DP-209B-01,T0005,delivering
177,9,16,25,180,true,M4,130A,DP-130A-03,T0028,delivering
177,10,33,25,180,true,M2,200A,DP-200A-03,T0025,delivering
178,1,18,28,270,false,,,,,to_pickup
178,2,38,25,180,true,M1,140B,DP-140B-03,T0031,delivering
178,3,40,19,90,false,,,,,to_pickup
178,4,24,29,90,true,M3,150,DP-150-01,T0015,delivering
178,5,37,28,270,false,,,,,to_pickup
178,6,45,27,180,true,M1,209A,DP-209A-01,T0006,delivering
178,7,24,28,270,false,,,,,to_pickup
178,8,33,29,90,true,M4,209B,DP-209B-01,T0005,delivering
178,9,15,25,180,true,M4,130A,DP-130A-03,T0028,delivering
178,10,32,25,180,true,M2,200A,DP-200A-03,T0025,delivering
179,1,19,28,270,false,,,,,to_pickup
179,2,37,25,180,true,M1,140B,DP-140B-03,T0031,delivering
179,3,40,20,90,false,,,,,to_pickup
179,4,24,29,90,true,M3,150,DP-150-01,T0015,unloading
179,5,38,28,270,false,,,,,to_pickup
179,6,44,27,180,true,M1,209A,DP-209A-01,T0006,delivering
179,7,25,28,270,false,,,,,to_pickup
179,8,33,30,90,true,M4,209B,DP-209B-01,T0005,delivering
179,9,14,25,180,true,M4,130A,DP-130A-03,T0028,delivering
179,10,31,25,180,true,M2,200A,DP-200A-03,T0025,delivering
180,1,20,28,270,false,,,,,to_pickup
180,2,36,25,180,true,M1,140B,DP-140B-03,T0031,delivering
180,3,40,21,90,false,,,,,to_pickup
180,4,24,29,90,true,M3,150,DP-150-01,T0015,unloading
180,5,39,28,270,false,,,,,to_pickup
180,6,43,27,180,true,M1,209A,DP-209A-01,T0006,delivering
180,7,26,28,270,false,,,,,to_pickup
180,8,33,31,90,true,M4,209B,DP-209B-01,T0005,delivering
180,9,13,25,180,true,M4,130A,DP-130A-03,T0028,delivering
180,10,30,25,180,true,M2,200A,DP-200A-03,T0025,delivering
181,1,21,28,270,false,,,,,to_pickup
181,2,35,25,180,true,M1,140B,DP-140B-03,T0031,delivering
181,3,41,21,90,false,,,,,to_pickup
181,4,24,28,270,false,,,,,to_pickup
181,5,40,28,270,false,,,,,to_pickup
181,6,42,27,180,true,M1,209A,DP-209A-01,T0006,delivering
181,7,27,28,270,false,,,,,to_pickup
181,8,33,32,90,true,M4,209B,DP-209B-01,T0005,delivering
181,9,12,25,180,true,M4,130A,DP-130A-03,T0028,delivering
181,10,30,25,180,true,M2,200A,DP-200A-03,T0025,unloading
182,1,22,28,270,false,,,,,to_pickup
182,2,34,25,180,true,M1,140B,DP-140B-03,T0031,delivering
182,3,42,21,90,false,,,,,to_pickup
182,4,25,28,270,false,,,,,to_pickup
182,5,41,28,270,false,,,,,to_pickup
182,6,41,27,180,true,M1,209A,DP-209A-01,T0006,delivering
182,7,28,28,270,false,,,,,to_pickup
182,8,33,33,90,true,M4,209B,DP-209B-01,T0005,delivering
182,9,11,25,180,true,M4,130A,DP-130A-03,T0028,delivering
182,10,30,25,180,true,M2,200A,DP-200A-03,T0025,unloading
183,1,23,28,270,false,,,,,to_pickup
183,2,33,25,180,true,M1,140B,DP-140B-03,T0031,delivering
183,3,43,21,90,false,,,,,to_pickup
183,4,26,28,270,false,,,,,to_pickup
183,5,41,27,270,false,,,,,to_pickup
183,6,40,27,180,true,M1,209A,DP-209A-01,T0006,delivering
183,7,29,28,270,false,,,,,to_pickup
183,8,32,33,180,true,M4,209B,DP-209B-01,T0005,delivering
183,9,10,25,180,true,M4,130A,DP-130A-03,T0028,delivering
183,10,31,25,180,false,,,,,to_pickup
184,1,24,28,270,false,,,,,to_pickup
184,2,32,25,180,true,M1,140B,DP-140B-03,T0031,delivering
184,3,43,22,90,false,,,,,to_pickup
184,4,27,28,270,false,,,,,to_pickup
184,5,42,27,270,false,,,,,to_pickup
184,6,39,27,180,true,M1,209A,DP-209A-01,T0006,delivering
184,7,30,28,270,false,,,,,to_pickup
184,8,31,33,180,true,M4,209B,DP-209B-01,T0005,delivering
184,9,9,25,180,true,M4,130A,DP-130A-03,T0028,delivering
184,10,31,26,90,false,,,,,to_pickup
185,1,25,28,270,false,,,,,to_pickup
185,2,31,25,180,true,M1,140B,DP-140B-03,T0031,delivering
185,3,43,23,90,false,,,,,to_pickup
185,4,28,28,270,false,,,,,to_pickup
185,5,43,27,270,false,,,,,to_pickup
185,6,38,27,180,true,M1,209A,DP-209A-01,T0006,delivering
185,7,31,28,270,false,,,,,to_pickup
185,8,30,33,180,true,M4,209B,DP-209B-01,T0005,delivering
185,9,8,25,180,true,M4,130A,DP-130A-03,T0028,delivering
185,10,32,26,90,false,,,,,to_pickup
186,1,26,28,270,false,,,,,to_pickup
186,2,30,25,180,true,M1,140B,DP-140B-03,T0031,delivering
186,3,43,24,90,false,,,,,to_pickup
186,4,29,28,270,false,,,,,to_pickup
186,5,44,27,270,false,,,,,to_pickup
186,6,37,27,180,true,M1,209A,DP-209A-01,T0006,delivering
186,7,32,28,270,false,,,,,to_pickup
186,8,30,34,90,true,M4,209B,DP-209B-01,T0005,delivering
186,9,7,25,180,true,M4,130A,DP-130A-03,T0028,delivering
186,10,33,26,90,false,,,,,to_pickup
187,1,27,28,270,false,,,,,to_pickup
187,2,29,25,180,true,M1,140B,DP-140B-03,T0031,delivering
187,3,43,25,90,false,,,,,to_pickup
187,4,30,28,270,false,,,,,to_pickup
187,5,45,27,270,false,,,,,to_pickup
187,6,36,27,180,true,M1,209A,DP-209A-01,T0006,delivering
187,7,33,28,270,false,,,,,to_pickup
187,8,30,35,90,true,M4,209B,DP-209B-01,T0005,delivering
187,9,7,24,270,true,M4,130A,DP-130A-03,T0028,delivering
187,10,34,26,90,false,,,,,to_pickup
188,1,28,28,270,false,,,,,to_pickup
188,2,28,25,180,true,M1,140B,DP-140B-03,T0031,delivering
188,3,44,25,90,false,,,,,to_pickup
188,4,31,28,270,false,,,,,to_pickup
188,5,46,27,270,false,,,,,to_pickup
188,6,35,27,180,true,M1,209A,DP-209A-01,T0006,delivering
188,7,34,28,270,false,,,,,to_pickup
188,8,30,36,90,true,M4,209B,DP-209B-01,T0005,delivering
188,9,7,23,270,true,M4,130A,DP-130A-03,T0028,delivering
188,10,35,26,90,false,,,,,to_pickup
189,1,29,28,270,false,,,,,to_pickup
189,2,27,25,180,true,M1,140B,DP-140B-03,T0031,delivering
189,3,45,25,90,false,,,,,to_pickup
189,4,32,28,270,false,,,,,to_pickup
189,5,46,27,270,false,,,,,loading
189,6,34,27,180,true,M1,209A,DP-209A-01,T0006,delivering
189,7,35,28,270,false,,,,,to_pickup
189,8,30,37,90,true,M4,209B,DP-209B-01,T0005,delivering
189,9,7,22,270,true,M4,130A,DP-130A-03,T0028,delivering
189,10,36,26,90,false,,,,,to_pickup
190,1,30,28,270,false,,,,,to_pickup
190,2,26,25,180,true,M1,140B,DP-140B-03,T0031,delivering
190,3,46,25,90,false,,,,,to_pickup
190,4,33,28,270,false,,,,,to_pickup
190,5,46,27,270,false,,,,,loading
190,6,34,28,90,true,M1,209A,DP-209A-01,T0006,delivering
190,7,36,28,270,false,,,,,to_pickup
190,8,30,38,90,true,M4,209B,DP-209B-01,T0005,delivering
190,9,7,21,270,true,M4,130A,DP-130A-03,T0028,delivering
190,10,37,26,90,false,,,,,to_pickup
191,1,31,28,270,false,,,,,to_pickup
191,2,25,25,180,true,M1,140B,DP-140B-03,T0031,delivering
191,3,46,25,90,false,,,,,loading
191,4,34,28,270,false,,,,,to_pickup
191,5,45,27,180,true,M5,140C,DP-140C-03,T0032,delivering
191,6,34,29,90,true,M1,209A,DP-209A-01,T0006,delivering
191,7,37,28,270,false,,,,,to_pickup
191,8,30,39,90,true,M4,209B,DP-209B-01,T0005,delivering
191,9,6,21,180,true,M4,130A,DP-130A-03,T0028,delivering
191,10,38,26,90,false,,,,,to_pickup
192,1,32,28,270,false,,,,,to_pickup
192,2,24,25,180,true,M1,140B,DP-140B-03,T0031,delivering
192,3,46,25,90,false,,,,,loading
192,4,35,28,270,false,,,,,to_pickup
192,5,44,27,180,true,M5,140C,DP-140C-03,T0032,delivering
192,6,34,30,90,true,M1,209A,DP-209A-01,T0006,delivering
192,7,38,28,270,false,,,,,to_pickup
192,8,30,40,90,true,M4,209B,DP-209B-01,T0005,delivering
192,9,5,21,180,true,M4,130A,DP-130A-03,T0028,delivering
192,10,39,26,90,false,,,,,to_pickup
193,1,33,28,270,false,,,,,to_pickup
193,2,23,25,180,true,M1,140B,DP-140B-03,T0031,delivering
193,3,45,25,180,true,M1,200B,DP-200B-03,T0026,delivering
193,4,36,28,270,false,,,,,to_pickup
193,5,43,27,180,true,M5,140C,DP-140C-03,T0032,delivering
193,6,34,31,90,true,M1,209A,DP-209A-01,T0006,delivering
193,7,39,28,270,false,,,,,to_pickup
193,8,30,41,90,true,M4,209B,DP-209B-01,T0005,delivering
193,9,4,21,180,true,M4,130A,DP-130A-03,T0028,delivering
193,10,40,26,90,false,,,,,to_pickup
194,1,34,28,270,false,,,,,to_pickup
194,2,22,25,180,true,M1,140B,DP-140B-03,T0031,delivering
194,3,44,25,180,true,M1,200B,DP-200B-03,T0026,delivering
194,4,37,28,270,false,,,,,to_pickup
194,5,42,27,180,true,M5,140C,DP-140C-03,T0032,delivering
194,6,34,32,90,true,M1,209A,DP-209A-01,T0006,delivering
194,7,40,28,270,false,,,,,to_pickup
194,8,30,42,90,true,M4,209B,DP-209B-01,T0005,delivering
194,9,4,20,270,true,M4,130A,DP-130A-03,T0028,delivering
194,10,41,26,90,false,,,,,to_pickup
195,1,35,28,270,false,,,,,to_pickup
195,2,21,25,180,true,M1,140B,DP-140B-03,T0031,delivering
195,3,43,25,180,true,M1,200B,DP-200B-03,T0026,delivering
195,4,38,28,270,false,,,,,to_pickup
195,5,41,27,180,true,M5,140C,DP-140C-03,T0032,delivering
195,6,34,33,90,true,M1,209A,DP-209A-01,T0006,delivering
195,7,41,28,270,false,,,,,to_pickup
195,8,30,43,90,true,M4,209B,DP-209B-01,T0005,delivering
195,9,4,19,270,true,M4,130A,DP-130A-03,T0028,delivering
195,10,42,26,90,false,,,,,to_pickup
196,1,36,28,270,false,,,,,to_pickup
196,2,20,25,180,true,M1,140B,DP-140B-03,T0031,delivering
196,3,42,25,180,true,M1,200B,DP-200B-03,T0026,delivering
196,4,39,28,270,false,,,,,to_pickup
196,5,40,27,180,true,M5,140C,DP-140C-03,T0032,delivering
196,6,34,34,90,true,M1,209A,DP-209A-01,T0006,delivering
196,7,41,27,270,false,,,,,to_pickup
196,8,30,44,90,true,M4,209B,DP-209B-01,T0005,delivering
196,9,4,18,270,true,M4,130A,DP-130A-03,T0028,delivering
196,10,43,26,90,false,,,,,to_pickup
197,1,37,28,270,false,,,,,to_pickup
197,2,19,25,180,true,M1,140B,DP-140B-03,T0031,delivering
197,3,41,25,180,true,M1,200B,DP-200B-03,T0026,delivering
197,4,40,28,270,false,,,,,to_pickup
197,5,39,27,180,true,M5,140C,DP-140C-03,T0032,delivering
197,6,34,35,90,true,M1,209A,DP-209A-01,T0006,delivering
197,7,42,27,270,false,,,,,to_pickup
197,8,30,45,90,true,M4,209B,DP-209B-01,T0005,delivering
197,9,4,17,270,true,M4,130A,DP-130A-03,T0028,delivering
197,10,43,25,270,false,,,,,to_pickup
198,1,38,28,270,false,,,,,to_pickup
198,2,19,24,270,true,M1,140B,DP-140B-03,T0031,delivering
198,3,40,25,180,true,M1,200B,DP-200B-03,T0026,delivering
198,4,41,28,270,false,,,,,to_pickup
198,5,38,27,180,true,M5,140C,DP-140C-03,T0032,delivering
198,6,34,36,90,true,M1,209A,DP-209A-01,T0006,delivering
198,7,43,27,270,false,,,,,to_pickup
198,8,30,45,90,true,M4,209B,DP-209B-01,T0005,unloading
198,9,4,17,270,true,M4,130A,DP-130A-03,T0028,unloading
198,10,44,25,270,false,,,,,to_pickup
199,1,38,27,270,false,,,,,to_pickup
199,2,19,23,270,true,M1,140B,DP-140B-03,T0031,delivering
199,3,39,25,180,true,M1,200B,DP-200B-03,T0026,delivering
199,4,42,28,270,false,,,,,to_pickup
199,5,37,27,180,true,M5,140C,DP-140C-03,T0032,delivering
199,6,34,37,90,true,M1,209A,DP-209A-01,T0006,delivering
199,7,44,27,270,false,,,,,to_pickup
199,8,30,45,90,true,M4,209B,DP-209B-01,T0005,unloading
199,9,4,17,270,true,M4,130A,DP-130A-03,T0028,unloading
199,10,45,25,270,false,,,,,to_pickup
200,1,39,27,270,false,,,,,to_pickup
200,2,19,22,270,true,M1,140B,DP-140B-03,T0031,delivering
200,3,38,25,180,true,M1,200B,DP-200B-03,T0026,delivering
200,4,43,28,270,false,,,,,to_pickup
200,5,36,27,180,true,M5,140C,DP-140C-03,T0032,delivering
200,6,34,38,90,true,M1,209A,DP-209A-01,T0006,delivering
200,7,45,27,270,false,,,,,to_pickup
200,8,30,44,270,false,,,,,to_pickup
200,9,4,18,90,false,,,,,to_pickup
200,10,46,25,270,false,,,,,to_pickup
201,1,40,27,270,false,,,,,to_pickup
201,2,19,21,270,true,M1,140B,DP-140B-03,T0031,delivering
201,3,37,25,180,true,M1,200B,DP-200B-03,T0026,delivering
201,4,44,28,270,false,,,,,to_pickup
201,5,35,27,180,true,M5,140C,DP-140C-03,T0032,delivering
201,6,34,39,90,true,M1,209A,DP-209A-01,T0006,delivering
201,7,46,27,270,false,,,,,to_pickup
201,8,30,43,270,false,,,,,to_pickup
201,9,4,19,90,false,,,,,to_pickup
201,10,46,25,270,false,,,,,loading
202,1,41,27,270,false,,,,,to_pickup
202,2,18,21,180,true,M1,140B,DP-140B-03,T0031,delivering
202,3,36,25,180,true,M1,200B,DP-200B-03,T0026,delivering
202,4,45,28,270,false,,,,,to_pickup
202,5,34,27,180,true,M5,140C,DP-140C-03,T0032,delivering
202,6,34,40,90,true,M1,209A,DP-209A-01,T0006,delivering
202,7,46,27,270,false,,,,,loading
202,8,30,42,270,false,,,,,to_pickup
202,9,4,20,90,false,,,,,to_pickup
202,10,46,25,270,false,,,,,loading
203,1,42,27,270,false,,,,,to_pickup
203,2,17,21,180,true,M1,140B,DP-140B-03,T0031,delivering
203,3,35,25,180,true,M1,200B,DP-200B-03,T0026,delivering
203,4,46,28,270,false,,,,,to_pickup
203,5,33,27,180,true,M5,140C,DP-140C-03,T0032,delivering
203,6,34,41,90,true,M1,209A,DP-209A-01,T0006,delivering
203,7,46,27,270,false,,,,,loading
203,8,30,41,270,false,,,,,to_pickup
203,9,5,20,90,false,,,,,to_pickup
203,10,45,25,180,true,M5,200B,DP-200B-04,T0035,delivering
204,1,43,27,270,false,,,,,to_pickup
204,2,16,21,180,true,M1,140B,DP-140B-03,T0031,delivering
204,3,35,25,180,true,M1,200B,DP-200B-03,T0026,unloading
204,4,46,27,270,false,,,,,to_pickup
204,5,32,27,180,true,M5,140C,DP-140C-03,T0032,delivering
204,6,34,42,90,true,M1,209A,DP-209A-01,T0006,delivering
204,7,45,27,180,true,M4,150,DP-150-02,T0024,delivering
204,8,30,40,270,false,,,,,to_pickup
204,9,6,20,90,false,,,,,to_pickup
204,10,44,25,180,true,M5,200B,DP-200B-04,T0035,delivering
205,1,44,27,270,false,,,,,to_pickup
205,2,16,20,270,true,M1,140B,DP-140B-03,T0031,delivering
205,3,35,25,180,true,M1,200B,DP-200B-03,T0026,unloading
205,4,46,27,270,false,,,,,loading
205,5,31,27,180,true,M5,140C,DP-140C-03,T0032,delivering
205,6,34,43,90,true,M1,209A,DP-209A-01,T0006,delivering
205,7,45,26,270,true,M4,150,DP-150-02,T0024,delivering
205,8,30,39,270,false,,,,,to_pickup
205,9,7,20,90,false,,,,,to_pickup
205,10,43,25,180,true,M5,200B,DP-200B-04,T0035,delivering
206,1,45,27,270,false,,,,,to_pickup
206,2,16,19,270,true,M1,140B,DP-140B-03,T0031,delivering
206,3,36,25,180,false,,,,,to_pickup
206,4,46,27,270,false,,,,,loading
206,5,30,27,180,true,M5,140C,DP-140C-03,T0032,delivering
206,6,34,44,90,true,M1,209A,DP-209A-01,T0006,delivering
206,7,44,26,180,true,M4,150,DP-150-02,T0024,delivering
206,8,30,38,270,false,,,,,to_pickup
206,9,8,20,90,false,,,,,to_pickup
206,10,42,25,180,true,M5,200B,DP-200B-04,T0035,delivering
207,1,46,27,270,false,,,,,to_pickup
207,2,16,18,270,true,M1,140B,DP-140B-03,T0031,delivering
207,3,37,25,180,false,,,,,to_pickup
207,4,46,28,90,true,M3,209F,DP-209F-01,T0001,delivering
207,5,29,27,180,true,M5,140C,DP-140C-03,T0032,delivering
207,6,34,45,90,true,M1,209A,DP-209A-01,T0006,delivering
207,7,43,26,180,true,M4,150,DP-150-02,T0024,delivering
207,8,30,37,270,false,,,,,to_pickup
207,9,9,20,90,false,,,,,to_pickup
207,10,41,25,180,true,M5,200B,DP-200B-04,T0035,delivering
208,1,46,27,270,false,,,,,loading
208,2,16,17,270,true,M1,140B,DP-140B-03,T0031,delivering
208,3,38,25,180,false,,,,,to_pickup
208,4,45,28,180,true,M3,209F,DP-209F-01,T0001,delivering
208,5,28,27,180,true,M5,140C,DP-140C-03,T0032,delivering
208,6,34,45,90,true,M1,209A,DP-209A-01,T0006,unloading
208,7,42,26,180,true,M4,150,DP-150-02,T0024,delivering
208,8,30,36,270,false,,,,,to_pickup
208,9,10,20,90,false,,,,,to_pickup
208,10,40,25,180,true,M5,200B,DP-200B-04,T0035,delivering
209,1,46,27,270,false,,,,,loading
209,2,16,17,270,true,M1,140B,DP-140B-03,T0031,unloading
209,3,38,24,270,false,,,,,to_pickup
209,4,44,28,180,true,M3,209F,DP-209F-01,T0001,delivering
209,5,27,27,180,true,M5,140C,DP-140C-03,T0032,delivering
209,6,34,45,90,true,M1,209A,DP-209A-01,T0006,unloading
209,7,41,26,180,true,M4,150,DP-150-02,T0024,delivering
209,8,30,35,270,false,,,,,to_pickup
209,9,11,20,90,false,,,,,to_pickup
209,10,39,25,180,true,M5,200B,DP-200B-04,T0035,delivering
210,1,45,27,180,true,M5,200B,DP-200B-02,T0017,delivering
210,2,16,17,270,true,M1,140B,DP-140B-03,T0031,unloading
210,3,39,24,270,false,,,,,to_pickup
210,4,43,28,180,true,M3,209F,DP-209F-01,T0001,delivering
210,5,26,27,180,true,M5,140C,DP-140C-03,T0032,delivering
210,6,34,44,270,false,,,,,return_home
210,7,40,26,180,true,M4,150,DP-150-02,T0024,delivering
210,8,30,34,270,false,,,,,to_pickup
210,9,12,20,90,false,,,,,to_pickup
210,10,38,25,180,true,M5,200B,DP-200B-04,T0035,delivering
211,1,44,27,180,true,M5,200B,DP-200B-02,T0017,delivering
211,2,16,18,90,false,,,,,to_pickup
211,3,39,25,90,false,,,,,to_pickup
211,4,42,28,180,true,M3,209F,DP-209F-01,T0001,delivering
211,5,25,27,180,true,M5,140C,DP-140C-03,T0032,delivering
211,6,34,43,270,false,,,,,return_home
211,7,39,26,180,true,M4,150,DP-150-02,T0024,delivering
211,8,30,33,270,false,,,,,to_pickup
211,9,13,20,90,false,,,,,to_pickup
211,10,38,24,270,true,M5,200B,DP-200B-04,T0035,delivering
212,1,43,27,180,true,M5,200B,DP-200B-02,T0017,delivering
212,2,16,19,90,false,,,,,to_pickup
212,3,40,25,90,false,,,,,to_pickup
212,4,41,28,180,true,M3,209F,DP-209F-01,T0001,delivering
212,5,24,27,180,true,M5,140C,DP-140C-03,T0032,delivering
212,6,34,42,270,false,,,,,return_home
212,7,38,26,180,true,M4,150,DP-150-02,T0024,delivering
212,8,31,33,270,false,,,,,to_pickup
212,9,14,20,90,false,,,,,to_pickup
212,10,38,23,270,true,M5,200B,DP-200B-04,T0035,delivering
213,1,42,27,180,true,M5,200B,DP-200B-02,T0017,delivering
213,2,16,20,90,false,,,,,to_pickup
213,3,41,25,90,false,,,,,to_pickup
213,4,40,28,180,true,M3,209F,DP-209F-01,T0001,delivering
213,5,23,27,180,true,M5,140C,DP-140C-03,T0032,delivering
213,6,34,41,270,false,,,,,return_home
213,7,37,26,180,true,M4,150,DP-150-02,T0024,delivering
213,8,32,33,270,false,,,,,to_pickup
213,9,15,20,90,false,,,,,to_pickup
213,10,38,22,270,true,M5,200B,DP-200B-04,T0035,delivering
214,1,41,27,180,true,M5,200B,DP-200B-02,T0017,delivering
214,2,16,21,90,false,,,,,to_pickup
214,3,42,25,90,false,,,,,to_pickup
214,4,39,28,180,true,M3,209F,DP-209F-01,T0001,delivering
214,5,23,26,270,true,M5,140C,DP-140C-03,T0032,delivering
214,6,34,40,270,false,,,,,return_home
214,7,36,26,180,true,M4,150,DP-150-02,T0024,delivering
214,8,33,33,270,false,,,,,to_pickup
214,9,16,20,90,false,,,,,to_pickup
214,10,38,21,270,true,M5,200B,DP-200B-04,T0035,delivering
215,1,40,27,180,true,M5,200B,DP-200B-02,T0017,delivering
215,2,17,21,90,false,,,,,to_pickup
215,3,43,25,90,false,,,,,to_pickup
215,4,38,28,180,true,M3,209F,DP-209F-01,T0001,delivering
215,5,23,25,270,true,M5,140C,DP-140C-03,T0032,delivering
215,6,34,39,270,false,,,,,return_home
215,7,35,26,180,true,M4,150,DP-150-02,T0024,delivering
215,8,33,32,270,false,,,,,to_pickup
215,9,17,20,90,false,,,,,to_pickup
215,10,37,21,180,true,M5,200B,DP-200B-04,T0035,delivering
216,1,39,27,180,true,M5,200B,DP-200B-02,T0017,delivering
216,2,18,21,90,false,,,,,to_pickup
216,3,44,25,90,false,,,,,to_pickup
216,4,37,28,180,true,M3,209F,DP-209F-01,T0001,delivering
216,5,23,24,270,true,M5,140C,DP-140C-03,T0032,delivering
216,6,34,38,270,false,,,,,return_home
216,7,34,26,180,true,M4,150,DP-150-02,T0024,delivering
216,8,33,31,270,false,,,,,to_pickup
216,9,18,20,90,false,,,,,to_pickup
216,10,36,21,180,true,M5,200B,DP-200B-04,T0035,delivering
217,1,38,27,180,true,M5,200B,DP-200B-02,T0017,delivering
217,2,19,21,90,false,,,,,to_pickup
217,3,45,25,90,false,,,,,to_pickup
217,4,36,28,180,true,M3,209F,DP-209F-01,T0001,delivering
217,5,23,23,270,true,M5,140C,DP-140C-03,T0032,delivering
217,6,34,37,270,false,,,,,return_home
217,7,33,26,180,true,M4,150,DP-150-02,T0024,delivering
217,8,33,30,270,false,,,,,to_pickup
217,9,19,20,90,false,,,,,to_pickup
217,10,35,21,180,true,M5,200B,DP-200B-04,T0035,delivering
218,1,37,27,180,true,M5,200B,DP-200B-02,T0017,delivering
218,2,19,22,90,false,,,,,to_pickup
218,3,46,25,90,false,,,,,to_pickup
218,4,35,28,180,true,M3,209F,DP-209F-01,T0001,delivering
218,5,23,22,270,true,M5,140C,DP-140C-03,T0032,delivering
218,6,34,36,270,false,,,,,return_home
218,7,32,26,180,true,M4,150,DP-150-02,T0024,delivering
218,8,33,29,270,false,,,,,to_pickup
218,9,20,20,90,false,,,,,to_pickup
218,10,35,20,270,true,M5,200B,DP-200B-04,T0035,delivering
219,1,36,27,180,true,M5,200B,DP-200B-02,T0017,delivering
219,2,19,23,90,false,,,,,to_pickup
219,3,46,25,90,false,,,,,loading
219,4,34,28,180,true,M3,209F,DP-209F-01,T0001,delivering
219,5,23,21,270,true,M5,140C,DP-140C-03,T0032,delivering
219,6,34,35,270,false,,,,,return_home
219,7,31,26,180,true,M4,150,DP-150-02,T0024,delivering
219,8,33,28,270,false,,,,,to_pickup
219,9,21,20,90,false,,,,,to_pickup
219,10,35,19,270,true,M5,200B,DP-200B-04,T0035,delivering
220,1,35,27,180,true,M5,200B,DP-200B-02,T0017,delivering
220,2,19,24,90,false,,,,,to_pickup
220,3,46,25,90,false,,,,,loading
220,4,33,28,180,true,M3,209F,DP-209F-01,T0001,delivering
220,5,22,21,180,true,M5,140C,DP-140C-03,T0032,delivering
220,6,34,34,270,false,,,,,return_home
220,7,30,26,180,true,M4,150,DP-150-02,T0024,delivering
220,8,33,27,270,false,,,,,to_pickup
220,9,22,20,90,false,,,,,to_pickup
220,10,35,18,270,true,M5,200B,DP-200B-04,T0035,delivering
221,1,35,28,90,true,M5,200B,DP-200B-02,T0017,delivering
221,2,19,25,90,false,,,,,to_pickup
221,3,45,25,180,true,M5,150,DP-150-03,T0033,delivering
221,4,32,28,180,true,M3,209F,DP-209F-01,T0001,delivering
221,5,21,21,180,true,M5,140C,DP-140C-03,T0032,delivering
221,6,34,33,270,false,,,,,return_home
221,7,29,26,180,true,M4,150,DP-150-02,T0024,delivering
221,8,34,27,270,false,,,,,to_pickup
221,9,22,21,90,false,,,,,to_pickup
221,10,35,17,270,true,M5,200B,DP-200B-04,T0035,delivering
222,1,35,29,90,true,M5,200B,DP-200B-02,T0017,delivering
222,2,19,26,90,false,,,,,to_pickup
222,3,44,25,180,true,M5,150,DP-150-03,T0033,delivering
222,4,31,28,180,true,M3,209F,DP-209F-01,T0001,delivering
222,5,20,21,180,true,M5,140C,DP-140C-03,T0032,delivering
222,6,34,32,270,false,,,,,return_home
222,7,28,26,180,true,M4,150,DP-150-02,T0024,delivering
222,8,35,27,270,false,,,,,to_pickup
222,9,23,21,90,false,,,,,to_pickup
222,10,35,17,270,true,M5,200B,DP-200B-04,T0035,unloading
223,1,35,29,90,true,M5,200B,DP-200B-02,T0017,unloading
223,2,20,26,90,false,,,,,to_pickup
223,3,43,25,180,true,M5,150,DP-150-03,T0033,delivering
223,4,30,28,180,true,M3,209F,DP-209F-01,T0001,delivering
223,5,20,20,270,true,M5,140C,DP-140C-03,T0032,delivering
223,6,34,31,270,false,,,,,return_home
223,7,27,26,180,true,M4,150,DP-150-02,T0024,delivering
223,8,36,27,270,false,,,,,to_pickup
223,9,24,21,90,false,,,,,to_pickup
223,10,35,17,270,true,M5,200B,DP-200B-04,T0035,unloading
224,1,35,29,90,true,M5,200B,DP-200B-02,T0017,unloading
224,2,21,26,90,false,,,,,to_pickup
224,3,42,25,180,true,M5,150,DP-150-03,T0033,delivering
224,4,29,28,180,true,M3,209F,DP-209F-01,T0001,delivering
224,5,20,19,270,true,M5,140C,DP-140C-03,T0032,delivering
224,6,34,30,270,false,,,,,return_home
224,7,26,26,180,true,M4,150,DP-150-02,T0024,delivering
224,8,37,27,270,false,,,,,to_pickup
224,9,25,21,90,false,,,,,to_pickup
224,10,35,18,90,false,,,,,to_pickup
225,1,35,28,270,false,,,,,to_pickup
225,2,22,26,90,false,,,,,to_pickup
225,3,41,25,180,true,M5,150,DP-150-03,T0033,delivering
225,4,28,28,180,true,M3,209F,DP-209F-01,T0001,delivering
225,5,20,18,270,true,M5,140C,DP-140C-03,T0032,delivering
225,6,34,29,270,false,,,,,return_home
225,7,25,26,180,true,M4,150,DP-150-02,T0024,delivering
225,8,38,27,270,false,,,,,to_pickup
225,9,26,21,90,false,,,,,to_pickup
225,10,35,19,90,false,,,,,to_pickup
226,1,36,28,270,false,,,,,to_pickup
226,2,23,26,90,false,,,,,to_pickup
226,3,40,25,180,true,M5,150,DP-150-03,T0033,delivering
226,4,27,28,180,true,M3,209F,DP-209F-01,T0001,delivering
226,5,20,17,270,true,M5,140C,DP-140C-03,T0032,delivering
226,6,34,28,270,false,,,,,return_home
226,7,24,26,180,true,M4,150,DP-150-02,T0024,delivering
226,8,39,27,270,false,,,,,to_pickup
226,9,27,21,90,false,,,,,to_pickup
226,10,35,20,90,false,,,,,to_pickup
227,1,37,28,270,false,,,,,to_pickup
227,2,24,26,90,false,,,,,to_pickup
227,3,39,25,180,true,M5,150,DP-150-03,T0033,delivering
227,4,26,28,180,true,M3,209F,DP-209F-01,T0001,delivering
227,5,20,17,270,true,M5,140C,DP-140C-03,T0032,unloading
227,6,35,28,270,false,,,,,return_home
227,7,24,25,270,true,M4,150,DP-150-02,T0024,delivering
227,8,40,27,270,false,,,,,to_pickup
227,9,27,22,90,false,,,,,to_pickup
227,10,35,21,90,false,,,,,to_pickup
228,1,38,28,270,false,,,,,to_pickup
228,2,25,26,90,false,,,,,to_pickup
228,3,38,25,180,true,M5,150,DP-150-03,T0033,delivering
228,4,25,28,180,true,M3,209F,DP-209F-01,T0001,delivering
228,5,20,17,270,true,M5,140C,DP-140C-03,T0032,unloading
228,6,36,28,270,false,,,,,return_home
228,7,24,25,270,true,M4,150,DP-150-02,T0024,unloading
228,8,41,27,270,false,,,,,to_pickup
228,9,27,23,90,false,,,,,to_pickup
228,10,36,21,90,false,,,,,to_pickup
229,1,39,28,270,false,,,,,to_pickup
229,2,26,26,90,false,,,,,to_pickup
229,3,37,25,180,true,M5,150,DP-150-03,T0033,delivering
229,4,24,28,180,true,M3,209F,DP-209F-01,T0001,delivering
229,5,20,18,90,false,,,,,return_home
229,6,37,28,270,false,,,,,return_home
229,7,24,25,270,true,M4,150,DP-150-02,T0024,unloading
229,8,42,27,270,false,,,,,to_pickup
229,9,27,24,90,false,,,,,to_pickup
229,10,37,21,90,false,,,,,to_pickup
230,1,40,28,270,false,,,,,to_pickup
230,2,27,26,90,false,,,,,to_pickup
230,3,36,25,180,true,M5,150,DP-150-03,T0033,delivering
230,4,23,28,180,true,M3,209F,DP-209F-01,T0001,delivering
230,5,20,19,90,false,,,,,return_home
230,6,38,28,270,false,,,,,return_home
230,7,25,25,270,false,,,,,return_home
230,8,43,27,270,false,,,,,to_pickup
230,9,27,25,90,false,,,,,to_pickup
230,10,38,21,90,false,,,,,to_pickup
231,1,41,28,270,false,,,,,to_pickup
231,2,28,26,90,false,,,,,to_pickup
231,3,35,25,180,true,M5,150,DP-150-03,T0033,delivering
231,4,22,28,180,true,M3,209F,DP-209F-01,T0001,delivering
231,5,20,20,90,false,,,,,return_home
231,6,39,28,270,false,,,,,return_home
231,7,26,25,270,false,,,,,return_home
231,8,44,27,270,false,,,,,to_pickup
231,9,28,25,90,false,,,,,to_pickup
231,10,38,22,90,false,,,,,to_pickup
232,1,42,28,270,false,,,,,to_pickup
232,2,29,26,90,false,,,,,to_pickup
232,3,34,25,180,true,M5,150,DP-150-03,T0033,delivering
232,4,21,28,180,true,M3,209F,DP-209F-01,T0001,delivering
232,5,20,21,90,false,,,,,return_home
232,6,40,28,270,false,,,,,return_home
232,7,27,25,270,false,,,,,return_home
232,8,45,27,270,false,,,,,to_pickup
232,9,29,25,90,false,,,,,to_pickup
232,10,38,23,90,false,,,,,to_pickup
233,1,43,28,270,false,,,,,to_pickup
233,2,30,26,90,false,,,,,to_pickup
233,3,33,25,180,true,M5,150,DP-150-03,T0033,delivering
233,4,20,28,180,true,M3,209F,DP-209F-01,T0001,delivering
233,5,21,21,90,false,,,,,return_home
233,6,41,28,270,false,,,,,return_home
233,7,28,25,270,false,,,,,return_home
233,8,46,27,270,false,,,,,to_pickup
233,9,30,25,90,false,,,,,to_pickup
233,10,38,24,90,false,,,,,to_pickup
234,1,44,28,270,false,,,,,to_pickup
234,2,31,26,90,false,,,,,to_pickup
234,3,33,24,270,true,M5,150,DP-150-03,T0033,delivering
234,4,19,28,180,true,M3,209F,DP-209F-01,T0001,delivering
234,5,22,21,90,false,,,,,return_home
234,6,42,28,270,false,,,,,return_home
234,7,29,25,270,false,,,,,return_home
234,8,46,27,270,false,,,,,loading
234,9,31,25,90,false,,,,,to_pickup
234,10,38,25,90,false,,,,,to_pickup
235,1,45,28,270,false,,,,,to_pickup
235,2,32,26,90,false,,,,,to_pickup
235,3,33,23,270,true,M5,150,DP-150-03,T0033,delivering
235,4,18,28,180,true,M3,209F,DP-209F-01,T0001,delivering
235,5,23,21,90,false,,,,,return_home
235,6,43,28,270,false,,,,,return_home
235,7,30,25,270,false,,,,,return_home
235,8,46,27,270,false,,,,,loading
235,9,32,25,90,false,,,,,to_pickup
235,10,39,25,90,false,,,,,to_pickup
236,1,46,28,270,false,,,,,to_pickup
236,2,33,26,90,false,,,,,to_pickup
236,3,33,22,270,true,M5,150,DP-150-03,T0033,delivering
236,4,17,28,180,true,M3,209F,DP-209F-01,T0001,delivering
236,5,24,21,90,false,,,,,return_home
236,6,44,28,270,false,,,,,return_home
236,7,31,25,270,false,,,,,return_home
236,8,45,27,180,true,M3,130A,DP-130A-02,T0019,delivering
236,9,33,25,90,false,,,,,to_pickup
236,10,40,25,90,false,,,,,to_pickup
237,1,46,27,270,false,,,,,to_pickup
237,2,34,26,90,false,,,,,to_pickup
237,3,33,21,270,true,M5,150,DP-150-03,T0033,delivering
237,4,16,28,180,true,M3,209F,DP-209F-01,T0001,delivering
237,5,25,21,90,false,,,,,return_home
237,6,45,28,270,false,,,,,return_home
237,7,32,25,270,false,,,,,return_home
237,8,44,27,180,true,M3,130A,DP-130A-02,T0019,delivering
237,9,34,25,90,false,,,,,to_pickup
237,10,41,25,90,false,,,,,to_pickup
238,1,46,27,270,false,,,,,loading
238,2,35,26,90,false,,,,,to_pickup
238,3,32,21,180,true,M5,150,DP-150-03,T0033,delivering
238,4,15,28,180,true,M3,209F,DP-209F-01,T0001,delivering
238,5,26,21,90,false,,,,,return_home
238,6,46,28,270,false,,,,,return_home
238,7,33,25,270,false,,,,,return_home
238,8,43,27,180,true,M3,130A,DP-130A-02,T0019,delivering
238,9,35,25,90,false,,,,,to_pickup
238,10,42,25,90,false,,,,,to_pickup
239,1,46,27,270,false,,,,,loading
239,2,36,26,90,false,,,,,to_pickup
239,3,31,21,180,true,M5,150,DP-150-03,T0033,delivering
239,4,15,29,90,true,M3,209F,DP-209F-01,T0001,delivering
239,5,27,21,90,false,,,,,return_home
239,6,47,28,270,false,,,,,return_home
239,7,34,25,270,false,,,,,return_home
239,8,42,27,180,true,M3,130A,DP-130A-02,T0019,delivering
239,9,36,25,90,false,,,,,to_pickup
239,10,43,25,90,false,,,,,to_pickup
240,1,45,27,180,true,M3,200A,DP-200A-01,T0007,delivering
240,2,37,26,90,false,,,,,to_pickup
240,3,30,21,180,true,M5,150,DP-150-03,T0033,delivering
240,4,15,30,90,true,M3,209F,DP-209F-01,T0001,delivering
240,5,28,21,90,false,,,,,return_home
240,6,47,27,270,false,,,,,return_home
240,7,35,25,270,false,,,,,return_home
240,8,41,27,180,true,M3,130A,DP-130A-02,T0019,delivering
240,9,37,25,90,false,,,,,to_pickup
240,10,44,25,90,false,,,,,to_pickup
241,1,44,27,180,true,M3,200A,DP-200A-01,T0007,delivering
241,2,38,26,90,false,,,,,to_pickup
241,3,30,20,270,true,M5,150,DP-150-03,T0033,delivering
241,4,15,31,90,true,M3,209F,DP-209F-01,T0001,delivering
241,5,29,21,90,false,,,,,return_home
241,6,48,27,270,false,,,,,return_home
241,7,36,25,270,false,,,,,return_home
241,8,40,27,180,true,M3,130A,DP-130A-02,T0019,delivering
241,9,38,25,90,false,,,,,to_pickup
241,10,45,25,90,false,,,,,to_pickup
242,1,43,27,180,true,M3,200A,DP-200A-01,T0007,delivering
242,2,39,26,90,false,,,,,to_pickup
242,3,29,20,180,true,M5,150,DP-150-03,T0033,delivering
242,4,15,32,90,true,M3,209F,DP-209F-01,T0001,delivering
242,5,30,21,90,false,,,,,return_home
242,6,48,26,270,false,,,,,return_home
242,7,37,25,270,false,,,,,return_home
242,8,39,27,180,true,M3,130A,DP-130A-02,T0019,delivering
242,9,39,25,90,false,,,,,to_pickup
242,10,46,25,90,false,,,,,to_pickup
243,1,42,27,180,true,M3,200A,DP-200A-01,T0007,delivering
243,2,39,27,90,false,,,,,to_pickup
243,3,28,20,180,true,M5,150,DP-150-03,T0033,delivering
243,4,15,33,90,true,M3,209F,DP-209F-01,T0001,delivering
243,5,31,21,90,false,,,,,return_home
243,6,49,26,270,false,,,,,return_home
243,7,38,25,270,false,,,,,return_home
243,8,38,27,180,true,M3,130A,DP-130A-02,T0019,delivering
243,9,40,25,90,false,,,,,to_pickup
243,10,46,25,90,false,,,,,loading
244,1,41,27,180,true,M3,200A,DP-200A-01,T0007,delivering
244,2,40,27,90,false,,,,,to_pickup
244,3,27,20,180,true,M5,150,DP-150-03,T0033,delivering
244,4,14,33,180,true,M3,209F,DP-209F-01,T0001,delivering
244,5,32,21,90,false,,,,,return_home
244,6,50,26,270,false,,,,,return_home
244,7,39,25,270,false,,,,,return_home
244,8,37,27,180,true,M3,130A,DP-130A-02,T0019,delivering
244,9,41,25,90,false,,,,,to_pickup
244,10,46,25,90,false,,,,,loading
245,1,41,28,90,true,M3,200A,DP-200A-01,T0007,delivering
245,2,41,27,90,false,,,,,to_pickup
245,3,26,20,180,true,M5,150,DP-150-03,T0033,delivering
245,4,14,34,90,true,M3,209F,DP-209F-01,T0001,delivering
245,5,33,21,90,false,,,,,return_home
245,6,50,26,270,false,,,,,idle
245,7,40,25,270,false,,,,,return_home
245,8,36,27,180,true,M3,130A,DP-130A-02,T0019,delivering
245,9,42,25,90,false,,,,,to_pickup
245,10,45,25,180,true,M1,209D,DP-209D-01,T0003,delivering
246,1,40,28,180,true,M3,200A,DP-200A-01,T0007,delivering
246,2,42,27,90,false,,,,,to_pickup
246,3,25,20,180,true,M5,150,DP-150-03,T0033,delivering
246,4,14,35,90,true,M3,209F,DP-209F-01,T0001,delivering
246,5,34,21,90,false,,,,,return_home
246,6,50,26,270,false,,,,,idle
246,7,41,25,270,false,,,,,return_home
246,8,35,27,180,true,M3,130A,DP-130A-02,T0019,delivering
246,9,43,25,90,false,,,,,to_pickup
246,10,44,25,180,true,M1,209D,DP-209D-01,T0003,delivering
247,1,39,28,180,true,M3,200A,DP-200A-01,T0007,delivering
247,2,43,27,90,false,,,,,to_pickup
247,3,24,20,180,true,M5,150,DP-150-03,T0033,delivering
247,4,14,36,90,true,M3,209F,DP-209F-01,T0001,delivering
247,5,35,21,90,false,,,,,return_home
247,6,50,26,270,false,,,,,idle
247,7,42,25,270,false,,,,,return_home
247,8,34,27,180,true,M3,130A,DP-130A-02,T0019,delivering
247,9,44,25,90,false,,,,,to_pickup
247,10,44,26,90,true,M1,209D,DP-209D-01,T0003,delivering
248,1,38,28,180,true,M3,200A,DP-200A-01,T0007,delivering
248,2,44,27,90,false,,,,,to_pickup
248,3,24,19,270,true,M5,150,DP-150-03,T0033,delivering
248,4,14,37,90,true,M3,209F,DP-209F-01,T0001,delivering
248,5,36,21,90,false,,,,,return_home
248,6,50,26,270,false,,,,,idle
248,7,43,25,270,false,,,,,return_home
248,8,33,27,180,true,M3,130A,DP-130A-02,T0019,delivering
248,9,45,25,90,false,,,,,to_pickup
248,10,43,26,180,true,M1,209D,DP-209D-01,T0003,delivering
249,1,37,28,180,true,M3,200A,DP-200A-01,T0007,delivering
249,2,45,27,90,false,,,,,to_pickup
249,3,24,18,270,true,M5,150,DP-150-03,T0033,delivering
249,4,14,38,90,true,M3,209F,DP-209F-01,T0001,delivering
249,5,37,21,90,false,,,,,return_home
249,6,50,26,270,false,,,,,idle
249,7,44,25,270,false,,,,,return_home
249,8,32,27,180,true,M3,130A,DP-130A-02,T0019,delivering
249,9,46,25,90,false,,,,,to_pickup
249,10,42,26,180,true,M1,209D,DP-209D-01,T0003,delivering
250,1,36,28,180,true,M3,200A,DP-200A-01,T0007,delivering
250,2,46,27,90,false,,,,,to_pickup
250,3,24,17,270,true,M5,150,DP-150-03,T0033,delivering
250,4,14,39,90,true,M3,209F,DP-209F-01,T0001,delivering
250,5,38,21,90,false,,,,,return_home
250,6,50,26,270,false,,,,,idle
250,7,45,25,270,false,,,,,return_home
250,8,31,27,180,true,M3,130A,DP-130A-02,T0019,delivering
250,9,46,25,90,false,,,,,loading
250,10,41,26,180,true,M1,209D,DP-209D-01,T0003,delivering
251,1,35,28,180,true,M3,200A,DP-200A-01,T0007,delivering
251,2,46,27,90,false,,,,,loading
251,3,24,17,270,true,M5,150,DP-150-03,T0033,unloading
251,4,14,40,90,true,M3,209F,DP-209F-01,T0001,delivering
251,5,39,21,90,false,,,,,return_home
251,6,50,26,270,false,,,,,idle
251,7,45,24,270,false,,,,,return_home
251,8,30,27,180,true,M3,130A,DP-130A-02,T0019,delivering
251,9,46,25,90,false,,,,,loading
251,10,40,26,180,true,M1,209D,DP-209D-01,T0003,delivering
252,1,34,28,180,true,M3,200A,DP-200A-01,T0007,delivering
252,2,46,27,90,false,,,,,loading
252,3,24,17,270,true,M5,150,DP-150-03,T0033,unloading
252,4,14,41,90,true,M3,209F,DP-209F-01,T0001,delivering
252,5,40,21,90,false,,,,,return_home
252,6,50,26,270,false,,,,,idle
252,7,46,24,270,false,,,,,return_home
252,8,29,27,180,true,M3,130A,DP-130A-02,T0019,delivering
252,9,45,25,180,true,M1,140B,DP-140B-01,T0013,delivering
252,10,39,26,180,true,M1,209D,DP-209D-01,T0003,delivering
253,1,33,28,180,true,M3,200A,DP-200A-01,T0007,delivering
253,2,45,27,180,true,M5,200C,DP-200C-03,T0027,delivering
253,3,24,18,90,false,,,,,return_home
253,4,14,42,90,true,M3,209F,DP-209F-01,T0001,delivering
253,5,41,21,90,false,,,,,return_home
253,6,50,26,270,false,,,,,idle
253,7,47,24,270,false,,,,,return_home
253,8,28,27,180,true,M3,130A,DP-130A-02,T0019,delivering
253,9,44,25,180,true,M1,140B,DP-140B-01,T0013,delivering
253,10,38,26,180,true,M1,209D,DP-209D-01,T0003,delivering
254,1,32,28,180,true,M3,200A,DP-200A-01,T0007,delivering
254,2,44,27,180,true,M5,200C,DP-200C-03,T0027,delivering
254,3,24,19,90,false,,,,,return_home
254,4,14,43,90,true,M3,209F,DP-209F-01,T0001,delivering
254,5,42,21,90,false,,,,,return_home
254,6,50,26,270,false,,,,,idle
254,7,47,25,90,false,,,,,return_home
254,8,27,27,180,true,M3,130A,DP-130A-02,T0019,delivering
254,9,43,25,180,true,M1,140B,DP-140B-01,T0013,delivering
254,10,37,26,180,true,M1,209D,DP-209D-01,T0003,delivering
255,1,31,28,180,true,M3,200A,DP-200A-01,T0007,delivering
255,2,43,27,180,true,M5,200C,DP-200C-03,T0027,delivering
255,3,24,20,90,false,,,,,return_home
255,4,14,44,90,true,M3,209F,DP-209F-01,T0001,delivering
255,5,43,21,90,false,,,,,return_home
255,6,50,26,270,false,,,,,idle
255,7,48,25,90,false,,,,,return_home
255,8,26,27,180,true,M3,130A,DP-130A-02,T0019,delivering
255,9,42,25,180,true,M1,140B,DP-140B-01,T0013,delivering
255,10,36,26,180,true,M1,209D,DP-209D-01,T0003,delivering
256,1,30,28,180,true,M3,200A,DP-200A-01,T0007,delivering
256,2,42,27,180,true,M5,200C,DP-200C-03,T0027,delivering
256,3,24,21,90,false,,,,,return_home
256,4,14,45,90,true,M3,209F,DP-209F-01,T0001,delivering
256,5,43,22,90,false,,,,,return_home
256,6,50,26,270,false,,,,,idle
256,7,48,26,90,false,,,,,return_home
256,8,25,27,180,true,M3,130A,DP-130A-02,T0019,delivering
256,9,41,25,180,true,M1,140B,DP-140B-01,T0013,delivering
256,10,35,26,180,true,M1,209D,DP-209D-01,T0003,delivering
257,1,29,28,180,true,M3,200A,DP-200A-01,T0007,delivering
257,2,41,27,180,true,M5,200C,DP-200C-03,T0027,delivering
257,3,25,21,90,false,,,,,return_home
257,4,14,45,90,true,M3,209F,DP-209F-01,T0001,unloading
257,5,43,23,90,false,,,,,return_home
257,6,50,26,270,false,,,,,idle
257,7,49,26,90,false,,,,,return_home
257,8,24,27,180,true,M3,130A,DP-130A-02,T0019,delivering
257,9,40,25,180,true,M1,140B,DP-140B-01,T0013,delivering
257,10,34,26,180,true,M1,209D,DP-209D-01,T0003,delivering
258,1,28,28,180,true,M3,200A,DP-200A-01,T0007,delivering
258,2,40,27,180,true,M5,200C,DP-200C-03,T0027,delivering
258,3,26,21,90,false,,,,,return_home
258,4,14,45,90,true,M3,209F,DP-209F-01,T0001,unloading
258,5,43,24,90,false,,,,,return_home
258,6,50,26,270,false,,,,,idle
258,7,50,26,90,false,,,,,return_home
258,8,23,27,180,true,M3,130A,DP-130A-02,T0019,delivering
258,9,39,25,180,true,M1,140B,DP-140B-01,T0013,delivering
258,10,33,26,180,true,M1,209D,DP-209D-01,T0003,delivering
259,1,27,28,180,true,M3,200A,DP-200A-01,T0007,delivering
259,2,40,26,270,true,M5,200C,DP-200C-03,T0027,delivering
259,3,27,21,90,false,,,,,return_home
259,4,14,44,270,false,,,,,return_home
259,5,44,24,90,false,,,,,return_home
259,6,50,26,270,false,,,,,idle
259,7,50,26,90,false,,,,,idle
259,8,22,27,180,true,M3,130A,DP-130A-02,T0019,delivering
259,9,38,25,180,true,M1,140B,DP-140B-01,T0013,delivering
259,10,32,26,180,true,M1,209D,DP-209D-01,T0003,delivering
260,1,27,29,90,true,M3,200A,DP-200A-01,T0007,delivering
260,2,40,25,270,true,M5,200C,DP-200C-03,T0027,delivering
260,3,28,21,90,false,,,,,return_home
260,4,14,43,270,false,,,,,return_home
260,5,45,24,90,false,,,,,return_home
260,6,50,26,270,false,,,,,idle
260,7,50,26,90,false,,,,,idle
260,8,21,27,180,true,M3,130A,DP-130A-02,T0019,delivering
260,9,37,25,180,true,M1,140B,DP-140B-01,T0013,delivering
260,10,31,26,180,true,M1,209D,DP-209D-01,T0003,delivering
261,1,27,30,90,true,M3,200A,DP-200A-01,T0007,delivering
261,2,40,25,270,true,M5,200C,DP-200C-03,T0027,unloading
261,3,29,21,90,false,,,,,return_home
261,4,14,42,270,false,,,,,return_home
261,5,46,24,90,false,,,,,return_home
261,6,50,26,270,false,,,,,idle
261,7,50,26,90,false,,,,,idle
261,8,20,27,180,true,M3,130A,DP-130A-02,T0019,delivering
261,9,36,25,180,true,M1,140B,DP-140B-01,T0013,delivering
261,10,30,26,180,true,M1,209D,DP-209D-01,T0003,delivering
262,1,27,31,90,true,M3,200A,DP-200A-01,T0007,delivering
262,2,40,25,270,true,M5,200C,DP-200C-03,T0027,unloading
262,3,30,21,90,false,,,,,return_home
262,4,14,41,270,false,,,,,return_home
262,5,47,24,90,false,,,,,return_home
262,6,50,26,270,false,,,,,idle
262,7,50,26,90,false,,,,,idle
262,8,19,27,180,true,M3,130A,DP-130A-02,T0019,delivering
262,9,35,25,180,true,M1,140B,DP-140B-01,T0013,delivering
262,10,29,26,180,true,M1,209D,DP-209D-01,T0003,delivering
263,1,27,32,90,true,M3,200A,DP-200A-01,T0007,delivering
263,2,41,25,270,false,,,,,return_home
263,3,31,21,90,false,,,,,return_home
263,4,14,40,270,false,,,,,return_home
263,5,47,25,90,false,,,,,return_home
263,6,50,26,270,false,,,,,idle
263,7,50,26,90,false,,,,,idle
263,8,18,27,180,true,M3,130A,DP-130A-02,T0019,delivering
263,9,34,25,180,true,M1,140B,DP-140B-01,T0013,delivering
263,10,28,26,180,true,M1,209D,DP-209D-01,T0003,delivering
264,1,27,33,90,true,M3,200A,DP-200A-01,T0007,delivering
264,2,42,25,270,false,,,,,return_home
264,3,32,21,90,false,,,,,return_home
264,4,14,39,270,false,,,,,return_home
264,5,48,25,90,false,,,,,return_home
264,6,50,26,270,false,,,,,idle
264,7,50,26,90,false,,,,,idle
264,8,17,27,180,true,M3,130A,DP-130A-02,T0019,delivering
264,9,33,25,180,true,M1,140B,DP-140B-01,T0013,delivering
264,10,27,26,180,true,M1,209D,DP-209D-01,T0003,delivering
265,1,26,33,180,true,M3,200A,DP-200A-01,T0007,delivering
265,2,43,25,270,false,,,,,return_home
265,3,33,21,90,false,,,,,return_home
265,4,14,38,270,false,,,,,return_home
265,5,48,26,90,false,,,,,return_home
265,6,50,26,270,false,,,,,idle
265,7,50,26,90,false,,,,,idle
265,8,16,27,180,true,M3,130A,DP-130A-02,T0019,delivering
265,9,32,25,180,true,M1,140B,DP-140B-01,T0013,delivering
265,10,26,26,180,true,M1,209D,DP-209D-01,T0003,delivering
266,1,26,34,90,true,M3,200A,DP-200A-01,T0007,delivering
266,2,44,25,270,false,,,,,return_home
266,3,34,21,90,false,,,,,return_home
266,4,14,37,270,false,,,,,return_home
266,5,49,26,90,false,,,,,return_home
266,6,50,26,270,false,,,,,idle
266,7,50,26,90,false,,,,,idle
266,8,15,27,180,true,M3,130A,DP-130A-02,T0019,delivering
266,9,31,25,180,true,M1,140B,DP-140B-01,T0013,delivering
266,10,25,26,180,true,M1,209D,DP-209D-01,T0003,delivering
267,1,26,35,90,true,M3,200A,DP-200A-01,T0007,delivering
267,2,45,25,270,false,,,,,return_home
267,3,35,21,90,false,,,,,return_home
267,4,14,36,270,false,,,,,return_home
267,5,50,26,90,false,,,,,return_home
267,6,50,26,270,false,,,,,idle
267,7,50,26,90,false,,,,,idle
267,8,14,27,180,true,M3,130A,DP-130A-02,T0019,delivering
267,9,30,25,180,true,M1,140B,DP-140B-01,T0013,delivering
267,10,24,26,180,true,M1,209D,DP-209D-01,T0003,delivering
268,1,26,36,90,true,M3,200A,DP-200A-01,T0007,delivering
268,2,45,24,270,false,,,,,return_home
268,3,36,21,90,false,,,,,return_home
268,4,14,35,270,false,,,,,return_home
268,5,50,26,90,false,,,,,idle
268,6,50,26,270,false,,,,,idle
268,7,50,26,90,false,,,,,idle
268,8,13,27,180,true,M3,130A,DP-130A-02,T0019,delivering
268,9,29,25,180,true,M1,140B,DP-140B-01,T0013,delivering
268,10,23,26,180,true,M1,209D,DP-209D-01,T0003,delivering
269,1,26,37,90,true,M3,200A,DP-200A-01,T0007,delivering
269,2,46,24,270,false,,,,,return_home
269,3,37,21,90,false,,,,,return_home
269,4,14,34,270,false,,,,,return_home
269,5,50,26,90,false,,,,,idle
269,6,50,26,270,false,,,,,idle
269,7,50,26,90,false,,,,,idle
269,8,12,27,180,true,M3,130A,DP-130A-02,T0019,delivering
269,9,28,25,180,true,M1,140B,DP-140B-01,T0013,delivering
269,10,23,27,90,true,M1,209D,DP-209D-01,T0003,delivering
270,1,26,37,90,true,M3,200A,DP-200A-01,T0007,unloading
270,2,47,24,270,false,,,,,return_home
270,3,38,21,90,false,,,,,return_home
270,4,14,33,270,false,,,,,return_home
270,5,50,26,90,false,,,,,idle
270,6,50,26,270,false,,,,,idle
270,7,50,26,90,false,,,,,idle
270,8,11,27,180,true,M3,130A,DP-130A-02,T0019,delivering
270,9,27,25,180,true,M1,140B,DP-140B-01,T0013,delivering
270,10,23,28,90,true,M1,209D,DP-209D-01,T0003,delivering
271,1,26,37,90,true,M3,200A,DP-200A-01,T0007,unloading
271,2,47,25,90,false,,,,,return_home
271,3,39,21,90,false,,,,,return_home
271,4,15,33,270,false,,,,,return_home
271,5,50,26,90,false,,,,,idle
271,6,50,26,270,false,,,,,idle
271,7,50,26,90,false,,,,,idle
271,8,10,27,180,true,M3,130A,DP-130A-02,T0019,delivering
271,9,26,25,180,true,M1,140B,DP-140B-01,T0013,delivering
271,10,23,29,90,true,M1,209D,DP-209D-01,T0003,delivering
272,1,26,36,270,false,,,,,return_home
272,2,48,25,90,false,,,,,return_home
272,3,40,21,90,false,,,,,return_home
272,4,15,32,270,false,,,,,return_home
272,5,50,26,90,false,,,,,idle
272,6,50,26,270,false,,,,,idle
272,7,50,26,90,false,,,,,idle
272,8,9,27,180,true,M3,130A,DP-130A-02,T0019,delivering
272,9,25,25,180,true,M1,140B,DP-140B-01,T0013,delivering
272,10,23,30,90,true,M1,209D,DP-209D-01,T0003,delivering
273,1,26,35,270,false,,,,,return_home
273,2,48,26,90,false,,,,,return_home
273,3,41,21,90,false,,,,,return_home
273,4,15,31,270,false,,,,,return_home
273,5,50,26,90,false,,,,,idle
273,6,50,26,270,false,,,,,idle
273,7,50,26,90,false,,,,,idle
273,8,8,27,180,true,M3,130A,DP-130A-02,T0019,delivering
273,9,24,25,180,true,M1,140B,DP-140B-01,T0013,delivering
273,10,23,31,90,true,M1,209D,DP-209D-01,T0003,delivering
274,1,26,34,270,false,,,,,return_home
274,2,49,26,90,false,,,,,return_home
274,3,42,21,90,false,,,,,return_home
274,4,15,30,270,false,,,,,return_home
274,5,50,26,90,false,,,,,idle
274,6,50,26,270,false,,,,,idle
274,7,50,26,90,false,,,,,idle
274,8,7,27,180,true,M3,130A,DP-130A-02,T0019,delivering
274,9,23,25,180,true,M1,140B,DP-140B-01,T0013,delivering
274,10,23,32,90,true,M1,209D,DP-209D-01,T0003,delivering
275,1,26,33,270,false,,,,,return_home
275,2,50,26,90,false,,,,,return_home
275,3,43,21,90,false,,,,,return_home
275,4,15,29,270,false,,,,,return_home
275,5,50,26,90,false,,,,,idle
275,6,50,26,270,false,,,,,idle
275,7,50,26,90,false,,,,,idle
275,8,6,27,180,true,M3,130A,DP-130A-02,T0019,delivering
275,9,22,25,180,true,M1,140B,DP-140B-01,T0013,delivering
275,10,23,33,90,true,M1,209D,DP-209D-01,T0003,delivering
276,1,27,33,270,false,,,,,return_home
276,2,50,26,90,false,,,,,idle
276,3,43,22,90,false,,,,,return_home
276,4,15,28,270,false,,,,,return_home
276,5,50,26,90,false,,,,,idle
276,6,50,26,270,false,,,,,idle
276,7,50,26,90,false,,,,,idle
276,8,5,27,180,true,M3,130A,DP-130A-02,T0019,delivering
276,9,21,25,180,true,M1,140B,DP-140B-01,T0013,delivering
276,10,22,33,180,true,M1,209D,DP-209D-01,T0003,delivering
277,1,27,32,270,false,,,,,return_home
277,2,50,26,90,false,,,,,idle
277,3,43,23,90,false,,,,,return_home
277,4,16,28,270,false,,,,,return_home
277,5,50,26,90,false,,,,,idle
277,6,50,26,270,false,,,,,idle
277,7,50,26,90,false,,,,,idle
277,8,4,27,180,true,M3,130A,DP-130A-02,T0019,delivering
277,9,20,25,180,true,M1,140B,DP-140B-01,T0013,delivering
277,10,22,34,90,true,M1,209D,DP-209D-01,T0003,delivering
278,1,27,31,270,false,,,,,return_home
278,2,50,26,90,false,,,,,idle
278,3,43,24,90,false,,,,,return_home
278,4,17,28,270,false,,,,,return_home
278,5,50,26,90,false,,,,,idle
278,6,50,26,270,false,,,,,idle
278,7,50,26,90,false,,,,,idle
278,8,4,26,270,true,M3,130A,DP-130A-02,T0019,delivering
278,9,19,25,180,true,M1,140B,DP-140B-01,T0013,delivering
278,10,22,35,90,true,M1,209D,DP-209D-01,T0003,delivering
279,1,27,30,270,false,,,,,return_home
279,2,50,26,90,false,,,,,idle
279,3,44,24,90,false,,,,,return_home
279,4,18,28,270,false,,,,,return_home
279,5,50,26,90,false,,,,,idle
279,6,50,26,270,false,,,,,idle
279,7,50,26,90,false,,,,,idle
279,8,4,25,270,true,M3,130A,DP-130A-02,T0019,delivering
279,9,18,25,180,true,M1,140B,DP-140B-01,T0013,delivering
279,10,22,36,90,true,M1,209D,DP-209D-01,T0003,delivering
280,1,27,29,270,false,,,,,return_home
280,2,50,26,90,false,,,,,idle
280,3,45,24,90,false,,,,,return_home
280,4,19,28,270,false,,,,,return_home
280,5,50,26,90,false,,,,,idle
280,6,50,26,270,false,,,,,idle
280,7,50,26,90,false,,,,,idle
280,8,4,25,270,true,M3,130A,DP-130A-02,T0019,unloading
280,9,17,25,180,true,M1,140B,DP-140B-01,T0013,delivering
280,10,22,37,90,true,M1,209D,DP-209D-01,T0003,delivering
281,1,27,28,270,false,,,,,return_home
281,2,50,26,90,false,,,,,idle
281,3,46,24,90,false,,,,,return_home
281,4,20,28,270,false,,,,,return_home
281,5,50,26,90,false,,,,,idle
281,6,50,26,270,false,,,,,idle
281,7,50,26,90,false,,,,,idle
281,8,4,25,270,true,M3,130A,DP-130A-02,T0019,unloading
281,9,16,25,180,true,M1,140B,DP-140B-01,T0013,delivering
281,10,22,38,90,true,M1,209D,DP-209D-01,T0003,delivering
282,1,28,28,270,false,,,,,return_home
282,2,50,26,90,false,,,,,idle
282,3,47,24,90,false,,,,,return_home
282,4,21,28,270,false,,,,,return_home
282,5,50,26,90,false,,,,,idle
282,6,50,26,270,false,,,,,idle
282,7,50,26,90,false,,,,,idle
282,8,5,25,270,false,,,,,return_home
282,9,16,26,90,true,M1,140B,DP-140B-01,T0013,delivering
282,10,22,39,90,true,M1,209D,DP-209D-01,T0003,delivering
283,1,29,28,270,false,,,,,return_home
283,2,50,26,90,false,,,,,idle
283,3,47,25,90,false,,,,,return_home
283,4,22,28,270,false,,,,,return_home
283,5,50,26,90,false,,,,,idle
283,6,50,26,270,false,,,,,idle
283,7,50,26,90,false,,,,,idle
283,8,6,25,270,false,,,,,return_home
283,9,16,27,90,true,M1,140B,DP-140B-01,T0013,delivering
283,10,22,40,90,true,M1,209D,DP-209D-01,T0003,delivering
284,1,30,28,270,false,,,,,return_home
284,2,50,26,90,false,,,,,idle
284,3,48,25,90,false,,,,,return_home
284,4,23,28,270,false,,,,,return_home
284,5,50,26,90,false,,,,,idle
284,6,50,26,270,false,,,,,idle
284,7,50,26,90,false,,,,,idle
284,8,7,25,270,false,,,,,return_home
284,9,16,28,90,true,M1,140B,DP-140B-01,T0013,delivering
284,10,22,41,90,true,M1,209D,DP-209D-01,T0003,delivering
285,1,31,28,270,false,,,,,return_home
285,2,50,26,90,false,,,,,idle
285,3,48,26,90,false,,,,,return_home
285,4,24,28,270,false,,,,,return_home
285,5,50,26,90,false,,,,,idle
285,6,50,26,270,false,,,,,idle
285,7,50,26,90,false,,,,,idle
285,8,8,25,270,false,,,,,return_home
285,9,16,29,90,true,M1,140B,DP-140B-01,T0013,delivering
285,10,22,42,90,true,M1,209D,DP-209D-01,T0003,delivering
286,1,32,28,270,false,,,,,return_home
286,2,50,26,90,false,,,,,idle
286,3,49,26,90,false,,,,,return_home
286,4,25,28,270,false,,,,,return_home
286,5,50,26,90,false,,,,,idle
286,6,50,26,270,false,,,,,idle
286,7,50,26,90,false,,,,,idle
286,8,9,25,270,false,,,,,return_home
286,9,16,29,90,true,M1,140B,DP-140B-01,T0013,unloading
286,10,22,43,90,true,M1,209D,DP-209D-01,T0003,delivering
287,1,33,28,270,false,,,,,return_home
287,2,50,26,90,false,,,,,idle
287,3,50,26,90,false,,,,,return_home
287,4,26,28,270,false,,,,,return_home
287,5,50,26,90,false,,,,,idle
287,6,50,26,270,false,,,,,idle
287,7,50,26,90,false,,,,,idle
287,8,10,25,270,false,,,,,return_home
287,9,16,29,90,true,M1,140B,DP-140B-01,T0013,unloading
287,10,22,44,90,true,M1,209D,DP-209D-01,T0003,delivering
288,1,34,28,270,false,,,,,return_home
288,2,50,26,90,false,,,,,idle
288,3,50,26,90,false,,,,,idle
288,4,27,28,270,false,,,,,return_home
288,5,50,26,90,false,,,,,idle
288,6,50,26,270,false,,,,,idle
288,7,50,26,90,false,,,,,idle
288,8,11,25,270,false,,,,,return_home
288,9,16,28,270,false,,,,,return_home
288,10,22,45,90,true,M1,209D,DP-209D-01,T0003,delivering
289,1,35,28,270,false,,,,,return_home
289,2,50,26,90,false,,,,,idle
289,3,50,26,90,false,,,,,idle
289,4,28,28,270,false,,,,,return_home
289,5,50,26,90,false,,,,,idle
289,6,50,26,270,false,,,,,idle
289,7,50,26,90,false,,,,,idle
289,8,12,25,270,false,,,,,return_home
289,9,17,28,270,false,,,,,return_home
289,10,22,45,90,true,M1,209D,DP-209D-01,T0003,unloading
290,1,36,28,270,false,,,,,return_home
290,2,50,26,90,false,,,,,idle
290,3,50,26,90,false,,,,,idle
290,4,29,28,270,false,,,,,return_home
290,5,50,26,90,false,,,,,idle
290,6,50,26,270,false,,,,,idle
290,7,50,26,90,false,,,,,idle
290,8,13,25,270,false,,,,,return_home
290,9,18,28,270,false,,,,,return_home
290,10,22,45,90,true,M1,209D,DP-209D-01,T0003,unloading
291,1,37,28,270,false,,,,,return_home
291,2,50,26,90,false,,,,,idle
291,3,50,26,90,false,,,,,idle
291,4,30,28,270,false,,,,,return_home
291,5,50,26,90,false,,,,,idle
291,6,50,26,270,false,,,,,idle
291,7,50,26,90,false,,,,,idle
291,8,14,25,270,false,,,,,return_home
291,9,19,28,270,false,,,,,return_home
291,10,22,44,270,false,,,,,return_home
292,1,38,28,270,false,,,,,return_home
292,2,50,26,90,false,,,,,idle
292,3,50,26,90,false,,,,,idle
292,4,31,28,270,false,,,,,return_home
292,5,50,26,90,false,,,,,idle
292,6,50,26,270,false,,,,,idle
292,7,50,26,90,false,,,,,idle
292,8,15,25,270,false,,,,,return_home
292,9,20,28,270,false,,,,,return_home
292,10,22,43,270,false,,,,,return_home
293,1,39,28,270,false,,,,,return_home
293,2,50,26,90,false,,,,,idle
293,3,50,26,90,false,,,,,idle
293,4,32,28,270,false,,,,,return_home
293,5,50,26,90,false,,,,,idle
293,6,50,26,270,false,,,,,idle
293,7,50,26,90,false,,,,,idle
293,8,16,25,270,false,,,,,return_home
293,9,21,28,270,false,,,,,return_home
293,10,22,42,270,false,,,,,return_home
294,1,40,28,270,false,,,,,return_home
294,2,50,26,90,false,,,,,idle
294,3,50,26,90,false,,,,,idle
294,4,33,28,270,false,,,,,return_home
294,5,50,26,90,false,,,,,idle
294,6,50,26,270,false,,,,,idle
294,7,50,26,90,false,,,,,idle
294,8,17,25,270,false,,,,,return_home
294,9,22,28,270,false,,,,,return_home
294,10,22,41,270,false,,,,,return_home
295,1,41,28,270,false,,,,,return_home
295,2,50,26,90,false,,,,,idle
295,3,50,26,90,false,,,,,idle
295,4,34,28,270,false,,,,,return_home
295,5,50,26,90,false,,,,,idle
295,6,50,26,270,false,,,,,idle
295,7,50,26,90,false,,,,,idle
295,8,18,25,270,false,,,,,return_home
295,9,23,28,270,false,,,,,return_home
295,10,22,40,270,false,,,,,return_home
296,1,42,28,270,false,,,,,return_home
296,2,50,26,90,false,,,,,idle
296,3,50,26,90,false,,,,,idle
296,4,35,28,270,false,,,,,return_home
296,5,50,26,90,false,,,,,idle
296,6,50,26,270,false,,,,,idle
296,7,50,26,90,false,,,,,idle
296,8,19,25,270,false,,,,,return_home
296,9,24,28,270,false,,,,,return_home
296,10,22,39,270,false,,,,,return_home
297,1,43,28,270,false,,,,,return_home
297,2,50,26,90,false,,,,,idle
297,3,50,26,90,false,,,,,idle
297,4,36,28,270,false,,,,,return_home
297,5,50,26,90,false,,,,,idle
297,6,50,26,270,false,,,,,idle
297,7,50,26,90,false,,,,,idle
297,8,20,25,270,false,,,,,return_home
297,9,25,28,270,false,,,,,return_home
297,10,22,38,270,false,,,,,return_home
298,1,44,28,270,false,,,,,return_home
298,2,50,26,90,false,,,,,idle
298,3,50,26,90,false,,,,,idle
298,4,37,28,270,false,,,,,return_home
298,5,50,26,90,false,,,,,idle
298,6,50,26,270,false,,,,,idle
298,7,50,26,90,false,,,,,idle
298,8,21,25,270,false,,,,,return_home
298,9,26,28,270,false,,,,,return_home
298,10,22,37,270,false,,,,,return_home
299,1,45,28,270,false,,,,,return_home
299,2,50,26,90,false,,,,,idle
299,3,50,26,90,false,,,,,idle
299,4,38,28,270,false,,,,,return_home
299,5,50,26,90,false,,,,,idle
299,6,50,26,270,false,,,,,idle
299,7,50,26,90,false,,,,,idle
299,8,22,25,270,false,,,,,return_home
299,9,27,28,270,false,,,,,return_home
299,10,22,36,270,false,,,,,return_home
300,1,46,28,270,false,,,,,return_home
300,2,50,26,90,false,,,,,idle
300,3,50,26,90,false,,,,,idle
300,4,39,28,270,false,,,,,return_home
300,5,50,26,90,false,,,,,idle
300,6,50,26,270,false,,,,,idle
300,7,50,26,90,false,,,,,idle
300,8,23,25,270,false,,,,,return_home
300,9,28,28,270,false,,,,,return_home
300,10,22,35,270,false,,,,,return_home
301,1,47,28,270,false,,,,,return_home
301,2,50,26,90,false,,,,,idle
301,3,50,26,90,false,,,,,idle
301,4,40,28,270,false,,,,,return_home
301,5,50,26,90,false,,,,,idle
301,6,50,26,270,false,,,,,idle
301,7,50,26,90,false,,,,,idle
301,8,24,25,270,false,,,,,return_home
301,9,29,28,270,false,,,,,return_home
301,10,22,34,270,false,,,,,return_home
302,1,47,27,270,false,,,,,return_home
302,2,50,26,90,false,,,,,idle
302,3,50,26,90,false,,,,,idle
302,4,41,28,270,false,,,,,return_home
302,5,50,26,90,false,,,,,idle
302,6,50,26,270,false,,,,,idle
302,7,50,26,90,false,,,,,idle
302,8,25,25,270,false,,,,,return_home
302,9,30,28,270,false,,,,,return_home
302,10,22,33,270,false,,,,,return_home
303,1,48,27,270,false,,,,,return_home
303,2,50,26,90,false,,,,,idle
303,3,50,26,90,false,,,,,idle
303,4,42,28,270,false,,,,,return_home
303,5,50,26,90,false,,,,,idle
303,6,50,26,270,false,,,,,idle
303,7,50,26,90,false,,,,,idle
303,8,26,25,270,false,,,,,return_home
303,9,31,28,270,false,,,,,return_home
303,10,23,33,270,false,,,,,return_home
304,1,48,26,270,false,,,,,return_home
304,2,50,26,90,false,,,,,idle
304,3,50,26,90,false,,,,,idle
304,4,43,28,270,false,,,,,return_home
304,5,50,26,90,false,,,,,idle
304,6,50,26,270,false,,,,,idle
304,7,50,26,90,false,,,,,idle
304,8,27,25,270,false,,,,,return_home
304,9,32,28,270,false,,,,,return_home
304,10,23,32,270,false,,,,,return_home
305,1,49,26,270,false,,,,,return_home
305,2,50,26,90,false,,,,,idle
305,3,50,26,90,false,,,,,idle
305,4,44,28,270,false,,,,,return_home
305,5,50,26,90,false,,,,,idle
305,6,50,26,270,false,,,,,idle
305,7,50,26,90,false,,,,,idle
305,8,28,25,270,false,,,,,return_home
305,9,33,28,270,false,,,,,return_home
305,10,23,31,270,false,,,,,return_home
306,1,50,26,270,false,,,,,return_home
306,2,50,26,90,false,,,,,idle
306,3,50,26,90,false,,,,,idle
306,4,45,28,270,false,,,,,return_home
306,5,50,26,90,false,,,,,idle
306,6,50,26,270,false,,,,,idle
306,7,50,26,90,false,,,,,idle
306,8,29,25,270,false,,,,,return_home
306,9,34,28,270,false,,,,,return_home
306,10,23,30,270,false,,,,,return_home
307,1,50,26,270,false,,,,,idle
307,2,50,26,90,false,,,,,idle
307,3,50,26,90,false,,,,,idle
307,4,46,28,270,false,,,,,return_home
307,5,50,26,90,false,,,,,idle
307,6,50,26,270,false,,,,,idle
307,7,50,26,90,false,,,,,idle
307,8,30,25,270,false,,,,,return_home
307,9,35,28,270,false,,,,,return_home
307,10,23,29,270,false,,,,,return_home
308,1,50,26,270,false,,,,,idle
308,2,50,26,90,false,,,,,idle
308,3,50,26,90,false,,,,,idle
308,4,47,28,270,false,,,,,return_home
308,5,50,26,90,false,,,,,idle
308,6,50,26,270,false,,,,,idle
308,7,50,26,90,false,,,,,idle
308,8,31,25,270,false,,,,,return_home
308,9,36,28,270,false,,,,,return_home
308,10,23,28,270,false,,,,,return_home
309,1,50,26,270,false,,,,,idle
309,2,50,26,90,false,,,,,idle
309,3,50,26,90,false,,,,,idle
309,4,47,27,270,false,,,,,return_home
309,5,50,26,90,false,,,,,idle
309,6,50,26,270,false,,,,,idle
309,7,50,26,90,false,,,,,idle
309,8,32,25,270,false,,,,,return_home
309,9,37,28,270,false,,,,,return_home
309,10,24,28,270,false,,,,,return_home
310,1,50,26,270,false,,,,,idle
310,2,50,26,90,false,,,,,idle
310,3,50,26,90,false,,,,,idle
310,4,48,27,270,false,,,,,return_home
310,5,50,26,90,false,,,,,idle
310,6,50,26,270,false,,,,,idle
310,7,50,26,90,false,,,,,idle
310,8,33,25,270,false,,,,,return_home
310,9,38,28,270,false,,,,,return_home
310,10,25,28,270,false,,,,,return_home
311,1,50,26,270,false,,,,,idle
311,2,50,26,90,false,,,,,idle
311,3,50,26,90,false,,,,,idle
311,4,48,26,270,false,,,,,return_home
311,5,50,26,90,false,,,,,idle
311,6,50,26,270,false,,,,,idle
311,7,50,26,90,false,,,,,idle
311,8,34,25,270,false,,,,,return_home
311,9,39,28,270,false,,,,,return_home
311,10,26,28,270,false,,,,,return_home
312,1,50,26,270,false,,,,,idle
312,2,50,26,90,false,,,,,idle
312,3,50,26,90,false,,,,,idle
312,4,49,26,270,false,,,,,return_home
312,5,50,26,90,false,,,,,idle
312,6,50,26,270,false,,,,,idle
312,7,50,26,90,false,,,,,idle
312,8,35,25,270,false,,,,,return_home
312,9,40,28,270,false,,,,,return_home
312,10,27,28,270,false,,,,,return_home
313,1,50,26,270,false,,,,,idle
313,2,50,26,90,false,,,,,idle
313,3,50,26,90,false,,,,,idle
313,4,50,26,270,false,,,,,return_home
313,5,50,26,90,false,,,,,idle
313,6,50,26,270,false,,,,,idle
313,7,50,26,90,false,,,,,idle
313,8,36,25,270,false,,,,,return_home
313,9,41,28,270,false,,,,,return_home
313,10,28,28,270,false,,,,,return_home
314,1,50,26,270,false,,,,,idle
314,2,50,26,90,false,,,,,idle
314,3,50,26,90,false,,,,,idle
314,4,50,26,270,false,,,,,idle
314,5,50,26,90,false,,,,,idle
314,6,50,26,270,false,,,,,idle
314,7,50,26,90,false,,,,,idle
314,8,37,25,270,false,,,,,return_home
314,9,42,28,270,false,,,,,return_home
314,10,29,28,270,false,,,,,return_home
315,1,50,26,270,false,,,,,idle
315,2,50,26,90,false,,,,,idle
315,3,50,26,90,false,,,,,idle
315,4,50,26,270,false,,,,,idle
315,5,50,26,90,false,,,,,idle
315,6,50,26,270,false,,,,,idle
315,7,50,26,90,false,,,,,idle
315,8,38,25,270,false,,,,,return_home
315,9,43,28,270,false,,,,,return_home
315,10,30,28,270,false,,,,,return_home
316,1,50,26,270,false,,,,,idle
316,2,50,26,90,false,,,,,idle
316,3,50,26,90,false,,,,,idle
316,4,50,26,270,false,,,,,idle
316,5,50,26,90,false,,,,,idle
316,6,50,26,270,false,,,,,idle
316,7,50,26,90,false,,,,,idle
316,8,39,25,270,false,,,,,return_home
316,9,44,28,270,false,,,,,return_home
316,10,31,28,270,false,,,,,return_home
317,1,50,26,270,false,,,,,idle
317,2,50,26,90,false,,,,,idle
317,3,50,26,90,false,,,,,idle
317,4,50,26,270,false,,,,,idle
317,5,50,26,90,false,,,,,idle
317,6,50,26,270,false,,,,,idle
317,7,50,26,90,false,,,,,idle
317,8,40,25,270,false,,,,,return_home
317,9,45,28,270,false,,,,,return_home
317,10,32,28,270,false,,,,,return_home
318,1,50,26,270,false,,,,,idle
318,2,50,26,90,false,,,,,idle
318,3,50,26,90,false,,,,,idle
318,4,50,26,270,false,,,,,idle
318,5,50,26,90,false,,,,,idle
318,6,50,26,270,false,,,,,idle
318,7,50,26,90,false,,,,,idle
318,8,41,25,270,false,,,,,return_home
318,9,46,28,270,false,,,,,return_home
318,10,33,28,270,false,,,,,return_home
319,1,50,26,270,false,,,,,idle
319,2,50,26,90,false,,,,,idle
319,3,50,26,90,false,,,,,idle
319,4,50,26,270,false,,,,,idle
319,5,50,26,90,false,,,,,idle
319,6,50,26,270,false,,,,,idle
319,7,50,26,90,false,,,,,idle
319,8,42,25,270,false,,,,,return_home
319,9,47,28,270,false,,,,,return_home
319,10,34,28,270,false,,,,,return_home
320,1,50,26,270,false,,,,,idle
320,2,50,26,90,false,,,,,idle
320,3,50,26,90,false,,,,,idle
320,4,50,26,270,false,,,,,idle
320,5,50,26,90,false,,,,,idle
320,6,50,26,270,false,,,,,idle
320,7,50,26,90,false,,,,,idle
320,8,43,25,270,false,,,,,return_home
320,9,47,27,270,false,,,,,return_home
320,10,35,28,270,false,,,,,return_home
321,1,50,26,270,false,,,,,idle
321,2,50,26,90,false,,,,,idle
321,3,50,26,90,false,,,,,idle
321,4,50,26,270,false,,,,,idle
321,5,50,26,90,false,,,,,idle
321,6,50,26,270,false,,,,,idle
321,7,50,26,90,false,,,,,idle
321,8,44,25,270,false,,,,,return_home
321,9,48,27,270,false,,,,,return_home
321,10,36,28,270,false,,,,,return_home
322,1,50,26,270,false,,,,,idle
322,2,50,26,90,false,,,,,idle
322,3,50,26,90,false,,,,,idle
322,4,50,26,270,false,,,,,idle
322,5,50,26,90,false,,,,,idle
322,6,50,26,270,false,,,,,idle
322,7,50,26,90,false,,,,,idle
322,8,45,25,270,false,,,,,return_home
322,9,48,26,270,false,,,,,return_home
322,10,37,28,270,false,,,,,return_home
323,1,50,26,270,false,,,,,idle
323,2,50,26,90,false,,,,,idle
323,3,50,26,90,false,,,,,idle
323,4,50,26,270,false,,,,,idle
323,5,50,26,90,false,,,,,idle
323,6,50,26,270,false,,,,,idle
323,7,50,26,90,false,,,,,idle
323,8,45,24,270,false,,,,,return_home
323,9,49,26,270,false,,,,,return_home
323,10,38,28,270,false,,,,,return_home
324,1,50,26,270,false,,,,,idle
324,2,50,26,90,false,,,,,idle
324,3,50,26,90,false,,,,,idle
324,4,50,26,270,false,,,,,idle
324,5,50,26,90,false,,,,,idle
324,6,50,26,270,false,,,,,idle
324,7,50,26,90,false,,,,,idle
324,8,46,24,270,false,,,,,return_home
324,9,50,26,270,false,,,,,return_home
324,10,39,28,270,false,,,,,return_home
325,1,50,26,270,false,,,,,idle
325,2,50,26,90,false,,,,,idle
325,3,50,26,90,false,,,,,idle
325,4,50,26,270,false,,,,,idle
325,5,50,26,90,false,,,,,idle
325,6,50,26,270,false,,,,,idle
325,7,50,26,90,false,,,,,idle
325,8,47,24,270,false,,,,,return_home
325,9,50,26,270,false,,,,,idle
325,10,40,28,270,false,,,,,return_home
326,1,50,26,270,false,,,,,idle
326,2,50,26,90,false,,,,,idle
326,3,50,26,90,false,,,,,idle
326,4,50,26,270,false,,,,,idle
326,5,50,26,90,false,,,,,idle
326,6,50,26,270,false,,,,,idle
326,7,50,26,90,false,,,,,idle
326,8,47,25,90,false,,,,,return_home
326,9,50,26,270,false,,,,,idle
326,10,41,28,270,false,,,,,return_home
327,1,50,26,270,false,,,,,idle
327,2,50,26,90,false,,,,,idle
327,3,50,26,90,false,,,,,idle
327,4,50,26,270,false,,,,,idle
327,5,50,26,90,false,,,,,idle
327,6,50,26,270,false,,,,,idle
327,7,50,26,90,false,,,,,idle
327,8,48,25,90,false,,,,,return_home
327,9,50,26,270,false,,,,,idle
327,10,42,28,270,false,,,,,return_home
328,1,50,26,270,false,,,,,idle
328,2,50,26,90,false,,,,,idle
328,3,50,26,90,false,,,,,idle
328,4,50,26,270,false,,,,,idle
328,5,50,26,90,false,,,,,idle
328,6,50,26,270,false,,,,,idle
328,7,50,26,90,false,,,,,idle
328,8,48,26,90,false,,,,,return_home
328,9,50,26,270,false,,,,,idle
328,10,43,28,270,false,,,,,return_home
329,1,50,26,270,false,,,,,idle
329,2,50,26,90,false,,,,,idle
329,3,50,26,90,false,,,,,idle
329,4,50,26,270,false,,,,,idle
329,5,50,26,90,false,,,,,idle
329,6,50,26,270,false,,,,,idle
329,7,50,26,90,false,,,,,idle
329,8,49,26,90,false,,,,,return_home
329,9,50,26,270,false,,,,,idle
329,10,44,28,270,false,,,,,return_home
330,1,50,26,270,false,,,,,idle
330,2,50,26,90,false,,,,,idle
330,3,50,26,90,false,,,,,idle
330,4,50,26,270,false,,,,,idle
330,5,50,26,90,false,,,,,idle
330,6,50,26,270,false,,,,,idle
330,7,50,26,90,false,,,,,idle
330,8,50,26,90,false,,,,,return_home
330,9,50,26,270,false,,,,,idle
330,10,45,28,270,false,,,,,return_home
331,1,50,26,270,false,,,,,idle
331,2,50,26,90,false,,,,,idle
331,3,50,26,90,false,,,,,idle
331,4,50,26,270,false,,,,,idle
331,5,50,26,90,false,,,,,idle
331,6,50,26,270,false,,,,,idle
331,7,50,26,90,false,,,,,idle
331,8,50,26,90,false,,,,,idle
331,9,50,26,270,false,,,,,idle
331,10,46,28,270,false,,,,,return_home
332,1,50,26,270,false,,,,,idle
332,2,50,26,90,false,,,,,idle
332,3,50,26,90,false,,,,,idle
332,4,50,26,270,false,,,,,idle
332,5,50,26,90,false,,,,,idle
332,6,50,26,270,false,,,,,idle
332,7,50,26,90,false,,,,,idle
332,8,50,26,90,false,,,,,idle
332,9,50,26,270,false,,,,,idle
332,10,47,28,270,false,,,,,return_home
333,1,50,26,270,false,,,,,idle
333,2,50,26,90,false,,,,,idle
333,3,50,26,90,false,,,,,idle
333,4,50,26,270,false,,,,,idle
333,5,50,26,90,false,,,,,idle
333,6,50,26,270,false,,,,,idle
333,7,50,26,90,false,,,,,idle
333,8,50,26,90,false,,,,,idle
333,9,50,26,270,false,,,,,idle
333,10,47,27,270,false,,,,,return_home
334,1,50,26,270,false,,,,,idle
334,2,50,26,90,false,,,,,idle
334,3,50,26,90,false,,,,,idle
334,4,50,26,270,false,,,,,idle
334,5,50,26,90,false,,,,,idle
334,6,50,26,270,false,,,,,idle
334,7,50,26,90,false,,,,,idle
334,8,50,26,90,false,,,,,idle
334,9,50,26,270,false,,,,,idle
334,10,48,27,270,false,,,,,return_home
335,1,50,26,270,false,,,,,idle
335,2,50,26,90,false,,,,,idle
335,3,50,26,90,false,,,,,idle
335,4,50,26,270,false,,,,,idle
335,5,50,26,90,false,,,,,idle
335,6,50,26,270,false,,,,,idle
335,7,50,26,90,false,,,,,idle
335,8,50,26,90,false,,,,,idle
335,9,50,26,270,false,,,,,idle
335,10,48,26,270,false,,,,,return_home
336,1,50,26,270,false,,,,,idle
336,2,50,26,90,false,,,,,idle
336,3,50,26,90,false,,,,,idle
336,4,50,26,270,false,,,,,idle
336,5,50,26,90,false,,,,,idle
336,6,50,26,270,false,,,,,idle
336,7,50,26,90,false,,,,,idle
336,8,50,26,90,false,,,,,idle
336,9,50,26,270,false,,,,,idle
336,10,49,26,270,false,,,,,return_home
337,1,50,26,270,false,,,,,idle
337,2,50,26,90,false,,,,,idle
337,3,50,26,90,false,,,,,idle
337,4,50,26,270,false,,,,,idle
337,5,50,26,90,false,,,,,idle
337,6,50,26,270,false,,,,,idle
337,7,50,26,90,false,,,,,idle
337,8,50,26,90,false,,,,,idle
337,9,50,26,270,false,,,,,idle
337,10,50,26,270,false,,,,,return_home
