timestamp,name,X,Y,pitch,loaded,material,destination_label,destination_id,task_id,status
0,1,50,26,180,false,,,,,idle
0,2,50,26,180,false,,,,,idle
0,3,50,26,180,false,,,,,idle
0,4,50,26,180,false,,,,,idle
0,5,50,26,180,false,,,,,idle
0,6,50,26,180,false,,,,,idle
0,7,50,26,180,false,,,,,idle
0,8,50,26,180,false,,,,,idle
1,1,49,26,180,false,,,,,to_pickup
1,2,50,27,90,false,,,,,to_pickup
1,3,50,26,180,false,,,,,to_pickup
1,4,50,25,270,false,,,,,to_pickup
1,5,50,26,180,false,,,,,to_pickup
1,6,50,26,180,false,,,,,to_pickup
1,7,50,26,180,false,,,,,to_pickup
1,8,50,26,180,false,,,,,to_pickup
2,1,48,26,180,false,,,,,to_pickup
2,2,49,27,180,false,,,,,to_pickup
2,3,50,26,180,false,,,,,to_pickup
2,4,49,25,180,false,,,,,to_pickup
2,5,49,26,180,false,,,,,to_pickup
2,6,50,25,270,false,,,,,to_pickup
2,7,50,27,90,false,,,,,to_pickup
2,8,50,26,180,false,,,,,to_pickup
3,1,48,25,270,false,,,,,to_pickup
3,2,48,27,180,false,,,,,to_pickup
3,3,50,27,90,false,,,,,to_pickup
3,4,49,24,270,false,,,,,to_pickup
3,5,48,26,180,false,,,,,to_pickup
3,6,49,25,180,false,,,,,to_pickup
3,7,49,27,180,false,,,,,to_pickup
3,8,49,26,180,false,,,,,to_pickup
4,1,47,25,180,false,,,,,to_pickup
4,2,47,27,180,false,,,,,to_pickup
4,3,50,28,90,false,,,,,to_pickup
4,4,48,24,180,false,,,,,to_pickup
4,5,48,27,90,false,,,,,to_pickup
4,6,48,25,180,false,,,,,to_pickup
4,7,49,27,180,false,,,,,to_pickup
4,8,48,26,180,false,,,,,to_pickup
5,1,46,25,180,false,,,,,to_pickup
5,2,46,27,180,false,,,,,to_pickup
5,3,49,28,180,false,,,,,to_pickup
5,4,47,24,180,false,,,,,to_pickup
5,5,47,27,180,false,,,,,to_pickup
5,6,47,25,180,false,,,,,to_pickup
5,7,48,27,180,false,,,,,to_pickup
5,8,48,25,270,false,,,,,to_pickup
6,1,46,25,180,false,,,,,loading
6,2,46,27,180,false,,,,,loading
6,3,48,28,180,false,,,,,to_pickup
6,4,46,24,180,false,,,,,to_pickup
6,5,47,28,90,false,,,,,to_pickup
6,6,47,25,180,false,,,,,to_pickup
6,7,47,27,180,false,,,,,to_pickup
6,8,48,25,270,false,,,,,to_pickup
7,1,46,25,180,false,,,,,loading
7,2,46,27,180,false,,,,,loading
7,3,48,29,90,false,,,,,to_pickup
7,4,46,24,180,false,,,,,to_pickup
7,5,46,28,180,false,,,,,to_pickup
7,6,47,24,270,false,,,,,to_pickup
7,7,47,28,90,false,,,,,to_pickup
7,8,47,25,180,false,,,,,to_pickup
8,1,45,25,180,true,M2,200A,DP-200A-04,T0034,delivering
8,2,45,27,180,true,M5,140C,DP-140C-02,T0023,delivering
8,3,47,29,180,false,,,,,to_pickup
8,4,46,25,90,false,,,,,to_pickup
8,5,46,27,270,false,,,,,to_pickup
8,6,46,24,180,false,,,,,to_pickup
8,7,46,28,180,false,,,,,to_pickup
8,8,47,24,270,false,,,,,to_pickup
9,1,44,25,180,true,M2,200A,DP-200A-04,T0034,delivering
9,2,44,27,180,true,M5,140C,DP-140C-02,T0023,delivering
9,3,46,29,180,false,,,,,to_pickup
9,4,46,25,90,false,,,,,loading
9,5,46,27,270,false,,,,,loading
9,6,46,24,180,false,,,,,to_pickup
9,7,46,28,180,false,,,,,to_pickup
9,8,47,23,270,false,,,,,to_pickup
10,1,43,25,180,true,M2,200A,DP-200A-04,T0034,delivering
10,2,43,27,180,true,M5,140C,DP-140C-02,T0023,delivering
10,3,46,29,180,false,,,,,to_pickup
10,4,46,25,90,false,,,,,loading
10,5,46,27,270,false,,,,,loading
10,6,46,24,180,false,,,,,to_pickup
10,7,46,28,180,false,,,,,to_pickup
10,8,46,23,180,false,,,,,to_pickup
11,1,42,25,180,true,M2,200A,DP-200A-04,T0034,delivering
11,2,42,27,180,true,M5,140C,DP-140C-02,T0023,delivering
11,3,46,28,270,false,,,,,to_pickup
11,4,45,25,180,true,M5,209C,DP-209C-01,T0004,delivering
11,5,45,27,180,true,M3,200C,DP-200C-01,T0009,delivering
11,6,46,25,90,false,,,,,to_pickup
11,7,46,27,270,false,,,,,to_pickup
11,8,46,24,90,false,,,,,to_pickup
12,1,41,25,180,true,M2,200A,DP-200A-04,T0034,delivering
12,2,41,27,180,true,M5,140C,DP-140C-02,T0023,delivering
12,3,46,28,270,false,,,,,to_pickup
12,4,44,25,180,true,M5,209C,DP-209C-01,T0004,delivering
12,5,44,27,180,true,M3,200C,DP-200C-01,T0009,delivering
12,6,46,25,90,false,,,,,loading
12,7,46,27,270,false,,,,,loading
12,8,46,24,90,false,,,,,to_pickup
13,1,40,25,180,true,M2,200A,DP-200A-04,T0034,delivering
13,2,40,27,180,true,M5,140C,DP-140C-02,T0023,delivering
13,3,46,28,270,false,,,,,to_pickup
13,4,43,25,180,true,M5,209C,DP-209C-01,T0004,delivering
13,5,43,27,180,true,M3,200C,DP-200C-01,T0009,delivering
13,6,46,25,90,false,,,,,loading
13,7,46,27,270,false,,,,,loading
13,8,46,24,90,false,,,,,to_pickup
14,1,39,25,180,true,M2,200A,DP-200A-04,T0034,delivering
14,2,39,27,180,true,M5,140C,DP-140C-02,T0023,delivering
14,3,46,27,270,false,,,,,to_pickup
14,4,42,25,180,true,M5,209C,DP-209C-01,T0004,delivering
14,5,42,27,180,true,M3,200C,DP-200C-01,T0009,delivering
14,6,45,25,180,true,M1,200A,DP-200A-02,T0016,delivering
14,7,45,27,180,true,M5,200A,DP-200A-03,T0025,delivering
14,8,46,25,90,false,,,,,to_pickup
15,1,38,25,180,true,M2,200A,DP-200A-04,T0034,delivering
15,2,38,27,180,true,M5,140C,DP-140C-02,T0023,delivering
15,3,46,27,270,false,,,,,loading
15,4,41,25,180,true,M5,209C,DP-209C-01,T0004,delivering
15,5,41,27,180,true,M3,200C,DP-200C-01,T0009,delivering
15,6,44,25,180,true,M1,200A,DP-200A-02,T0016,delivering
15,7,44,27,180,true,M5,200A,DP-200A-03,T0025,delivering
15,8,46,25,90,false,,,,,loading
16,1,37,25,180,true,M2,200A,DP-200A-04,T0034,delivering
16,2,37,27,180,true,M5,140C,DP-140C-02,T0023,delivering
16,3,46,27,270,false,,,,,loading
16,4,40,25,180,true,M5,209C,DP-209C-01,T0004,delivering
16,5,40,27,180,true,M3,200C,DP-200C-01,T0009,delivering
16,6,43,25,180,true,M1,200A,DP-200A-02,T0016,delivering
16,7,43,27,180,true,M5,200A,DP-200A-03,T0025,delivering
16,8,46,25,90,false,,,,,loading
17,1,36,25,180,true,M2,200A,DP-200A-04,T0034,delivering
17,2,36,27,180,true,M5,140C,DP-140C-02,T0023,delivering
17,3,45,27,180,true,M2,140B,DP-140B-02,T0022,delivering
17,4,39,25,180,true,M5,209C,DP-209C-01,T0004,delivering
17,5,39,27,180,true,M3,200C,DP-200C-01,T0009,delivering
17,6,42,25,180,true,M1,200A,DP-200A-02,T0016,delivering
17,7,42,27,180,true,M5,200A,DP-200A-03,T0025,delivering
17,8,45,25,180,true,M5,200C,DP-200C-03,T0027,delivering
18,1,35,25,180,true,M2,200A,DP-200A-04,T0034,delivering
18,2,35,27,180,true,M5,140C,DP-140C-02,T0023,delivering
18,3,44,27,180,true,M2,140B,DP-140B-02,T0022,delivering
18,4,38,25,180,true,M5,209C,DP-209C-01,T0004,delivering
18,5,38,27,180,true,M3,200C,DP-200C-01,T0009,delivering
18,6,41,25,180,true,M1,200A,DP-200A-02,T0016,delivering
18,7,41,27,180,true,M5,200A,DP-200A-03,T0025,delivering
18,8,44,25,180,true,M5,200C,DP-200C-03,T0027,delivering
19,1,34,25,180,true,M2,200A,DP-200A-04,T0034,delivering
19,2,34,27,180,true,M5,140C,DP-140C-02,T0023,delivering
19,3,43,27,180,true,M2,140B,DP-140B-02,T0022,delivering
19,4,37,25,180,true,M5,209C,DP-209C-01,T0004,delivering
19,5,37,27,180,true,M3,200C,DP-200C-01,T0009,delivering
19,6,40,25,180,true,M1,200A,DP-200A-02,T0016,delivering
19,7,40,27,180,true,M5,200A,DP-200A-03,T0025,delivering
19,8,43,25,180,true,M5,200C,DP-200C-03,T0027,delivering
20,1,33,25,180,true,M2,200A,DP-200A-04,T0034,delivering
20,2,33,27,180,true,M5,140C,DP-140C-02,T0023,delivering
20,3,42,27,180,true,M2,140B,DP-140B-02,T0022,delivering
20,4,36,25,180,true,M5,209C,DP-209C-01,T0004,delivering
20,5,37,28,90,true,M3,200C,DP-200C-01,T0009,delivering
20,6,39,25,180,true,M1,200A,DP-200A-02,T0016,delivering
20,7,39,27,180,true,M5,200A,DP-200A-03,T0025,delivering
20,8,42,25,180,true,M5,200C,DP-200C-03,T0027,delivering
21,1,32,25,180,true,M2,200A,DP-200A-04,T0034,delivering
21,2,32,27,180,true,M5,140C,DP-140C-02,T0023,delivering
21,3,41,27,180,true,M2,140B,DP-140B-02,T0022,delivering
21,4,35,25,180,true,M5,209C,DP-209C-01,T0004,delivering
21,5,37,29,90,true,M3,200C,DP-200C-01,T0009,delivering
21,6,38,25,180,true,M1,200A,DP-200A-02,T0016,delivering
21,7,38,27,180,true,M5,200A,DP-200A-03,T0025,delivering
21,8,41,25,180,true,M5,200C,DP-200C-03,T0027,delivering
22,1,31,25,180,true,M2,200A,DP-200A-04,T0034,delivering
22,2,31,27,180,true,M5,140C,DP-140C-02,T0023,delivering
22,3,40,27,180,true,M2,140B,DP-140B-02,T0022,delivering
22,4,34,25,180,true,M5,209C,DP-209C-01,T0004,delivering
22,5,38,29,90,true,M3,200C,DP-200C-01,T0009,delivering
22,6,37,25,180,true,M1,200A,DP-200A-02,T0016,delivering
22,7,37,27,180,true,M5,200A,DP-200A-03,T0025,delivering
22,8,40,25,180,true,M5,200C,DP-200C-03,T0027,delivering
23,1,30,25,180,true,M2,200A,DP-200A-04,T0034,delivering
23,2,30,27,180,true,M5,140C,DP-140C-02,T0023,delivering
23,3,39,27,180,true,M2,140B,DP-140B-02,T0022,delivering
23,4,33,25,180,true,M5,209C,DP-209C-01,T0004,delivering
23,5,38,30,90,true,M3,200C,DP-200C-01,T0009,delivering
23,6,36,25,180,true,M1,200A,DP-200A-02,T0016,delivering
23,7,36,27,180,true,M5,200A,DP-200A-03,T0025,delivering
23,8,40,25,180,true,M5,200C,DP-200C-03,T0027,delivering
24,1,29,25,180,true,M2,200A,DP-200A-04,T0034,delivering
24,2,29,27,180,true,M5,140C,DP-140C-02,T0023,delivering
24,3,38,27,180,true,M2,140B,DP-140B-02,T0022,delivering
24,4,32,25,180,true,M5,209C,DP-209C-01,T0004,delivering
24,5,38,31,90,true,M3,200C,DP-200C-01,T0009,delivering
24,6,35,25,180,true,M1,200A,DP-200A-02,T0016,delivering
24,7,35,27,180,true,M5,200A,DP-200A-03,T0025,delivering
24,8,40,25,180,true,M5,200C,DP-200C-03,T0027,delivering
25,1,29,24,270,true,M2,200A,DP-200A-04,T0034,delivering
25,2,28,27,180,true,M5,140C,DP-140C-02,T0023,delivering
25,3,37,27,180,true,M2,140B,DP-140B-02,T0022,delivering
25,4,31,25,180,true,M5,209C,DP-209C-01,T0004,delivering
25,5,38,32,90,true,M3,200C,DP-200C-01,T0009,delivering
25,6,34,25,180,true,M1,200A,DP-200A-02,T0016,delivering
25,7,34,27,180,true,M5,200A,DP-200A-03,T0025,delivering
25,8,40,25,180,true,M5,200C,DP-200C-03,T0027,delivering
26,1,29,23,270,true,M2,200A,DP-200A-04,T0034,delivering
26,2,27,27,180,true,M5,140C,DP-140C-02,T0023,delivering
26,3,36,27,180,true,M2,140B,DP-140B-02,T0022,delivering
26,4,30,25,180,true,M5,209C,DP-209C-01,T0004,delivering
26,5,38,33,90,true,M3,200C,DP-200C-01,T0009,delivering
26,6,33,25,180,true,M1,200A,DP-200A-02,T0016,delivering
26,7,33,27,180,true,M5,200A,DP-200A-03,T0025,delivering
26,8,40,25,180,true,M5,200C,DP-200C-03,T0027,delivering
27,1,29,22,270,true,M2,200A,DP-200A-04,T0034,delivering
27,2,26,27,180,true,M5,140C,DP-140C-02,T0023,delivering
27,3,35,27,180,true,M2,140B,DP-140B-02,T0022,delivering
27,4,29,25,180,true,M5,209C,DP-209C-01,T0004,delivering
27,5,37,33,180,true,M3,200C,DP-200C-01,T0009,delivering
27,6,32,25,180,true,M1,200A,DP-200A-02,T0016,delivering
27,7,32,27,180,true,M5,200A,DP-200A-03,T0025,delivering
27,8,40,25,180,true,M5,200C,DP-200C-03,T0027,delivering
28,1,29,21,270,true,M2,200A,DP-200A-04,T0034,delivering
28,2,25,27,180,true,M5,140C,DP-140C-02,T0023,delivering
28,3,34,27,180,true,M2,140B,DP-140B-02,T0022,delivering
28,4,29,26,90,true,M5,209C,DP-209C-01,T0004,delivering
28,5,36,33,180,true,M3,200C,DP-200C-01,T0009,delivering
28,6,31,25,180,true,M1,200A,DP-200A-02,T0016,delivering
28,7,31,27,180,true,M5,200A,DP-200A-03,T0025,delivering
28,8,40,25,180,true,M5,200C,DP-200C-03,T0027,delivering
29,1,29,20,270,true,M2,200A,DP-200A-04,T0034,delivering
29,2,24,27,180,true,M5,140C,DP-140C-02,T0023,delivering
29,3,33,27,180,true,M2,140B,DP-140B-02,T0022,delivering
29,4,29,27,90,true,M5,209C,DP-209C-01,T0004,delivering
29,5,36,34,90,true,M3,200C,DP-200C-01,T0009,delivering
29,6,30,25,180,true,M1,200A,DP-200A-02,T0016,delivering
29,7,31,26,270,true,M5,200A,DP-200A-03,T0025,delivering
29,8,40,25,180,true,M5,200C,DP-200C-03,T0027,delivering
30,1,29,19,270,true,M2,200A,DP-200A-04,T0034,delivering
30,2,23,27,180,true,M5,140C,DP-140C-02,T0023,delivering
30,3,32,27,180,true,M2,140B,DP-140B-02,T0022,delivering
30,4,29,28,90,true,M5,209C,DP-209C-01,T0004,delivering
30,5,36,35,90,true,M3,200C,DP-200C-01,T0009,delivering
30,6,30,26,90,true,M1,200A,DP-200A-02,T0016,delivering
30,7,31,25,270,true,M5,200A,DP-200A-03,T0025,delivering
30,8,40,25,180,true,M5,200C,DP-200C-03,T0027,delivering
31,1,29,18,270,true,M2,200A,DP-200A-04,T0034,delivering
31,2,22,27,180,true,M5,140C,DP-140C-02,T0023,delivering
31,3,31,27,180,true,M2,140B,DP-140B-02,T0022,delivering
31,4,29,29,90,true,M5,209C,DP-209C-01,T0004,delivering
31,5,36,36,90,true,M3,200C,DP-200C-01,T0009,delivering
31,6,30,27,90,true,M1,200A,DP-200A-02,T0016,delivering
31,7,30,25,180,true,M5,200A,DP-200A-03,T0025,delivering
31,8,40,25,180,true,M5,200C,DP-200C-03,T0027,delivering
32,1,29,17,270,true,M2,200A,DP-200A-04,T0034,delivering
32,2,21,27,180,true,M5,140C,DP-140C-02,T0023,delivering
32,3,30,27,180,true,M2,140B,DP-140B-02,T0022,delivering
32,4,29,30,90,true,M5,209C,DP-209C-01,T0004,delivering
32,5,36,37,90,true,M3,200C,DP-200C-01,T0009,delivering
32,6,30,28,90,true,M1,200A,DP-200A-02,T0016,delivering
32,7,30,25,180,true,M5,200A,DP-200A-03,T0025,unloading
32,8,40,25,180,true,M5,200C,DP-200C-03,T0027,delivering
33,1,30,17,270,true,M2,200A,DP-200A-04,T0034,delivering
33,2,20,27,180,true,M5,140C,DP-140C-02,T0023,delivering
33,3,29,27,180,true,M2,140B,DP-140B-02,T0022,delivering
33,4,29,31,90,true,M5,209C,DP-209C-01,T0004,delivering
33,5,36,37,90,true,M3,200C,DP-200C-01,T0009,unloading
33,6,30,29,90,true,M1,200A,DP-200A-02,T0016,delivering
33,7,30,25,180,true,M5,200A,DP-200A-03,T0025,unloading
33,8,40,25,180,true,M5,200C,DP-200C-03,T0027,delivering
34,1,30,17,270,true,M2,200A,DP-200A-04,T0034,unloading
34,2,20,26,270,true,M5,140C,DP-140C-02,T0023,delivering
34,3,28,27,180,true,M2,140B,DP-140B-02,T0022,delivering
34,4,29,32,90,true,M5,209C,DP-209C-01,T0004,delivering
34,5,36,37,90,true,M3,200C,DP-200C-01,T0009,unloading
34,6,30,29,90,true,M1,200A,DP-200A-02,T0016,unloading
34,7,31,25,180,false,,,,,return_home
34,8,40,25,180,true,M5,200C,DP-200C-03,T0027,delivering
35,1,30,17,270,true,M2,200A,DP-200A-04,T0034,unloading
35,2,20,25,270,true,M5,140C,DP-140C-02,T0023,delivering
35,3,27,27,180,true,M2,140B,DP-140B-02,T0022,delivering
35,4,29,33,90,true,M5,209C,DP-209C-01,T0004,delivering
35,5,36,36,270,false,,,,,return_home
35,6,30,29,90,true,M1,200A,DP-200A-02,T0016,unloading
35,7,32,25,180,false,,,,,return_home
35,8,40,25,180,true,M5,200C,DP-200C-03,T0027,delivering
36,1,30,18,90,false,,,,,return_home
36,2,20,25,270,true,M5,140C,DP-140C-02,T0023,unloading
36,3,26,27,180,true,M2,140B,DP-140B-02,T0022,delivering
36,4,29,34,90,true,M5,209C,DP-209C-01,T0004,delivering
36,5,36,35,270,false,,,,,return_home
36,6,30,28,270,false,,,,,return_home
36,7,33,25,180,false,,,,,return_home
36,8,40,25,180,true,M5,200C,DP-200C-03,T0027,delivering
37,1,30,19,90,false,,,,,return_home
37,2,20,25,270,true,M5,140C,DP-140C-02,T0023,unloading
37,3,25,27,180,true,M2,140B,DP-140B-02,T0022,delivering
37,4,29,35,90,true,M5,209C,DP-209C-01,T0004,delivering
37,5,36,34,270,false,,,,,return_home
37,6,31,28,270,false,,,,,return_home
37,7,34,25,180,false,,,,,return_home
37,8,40,25,180,true,M5,200C,DP-200C-03,T0027,delivering
38,1,30,20,90,false,,,,,return_home
38,2,21,25,270,false,,,,,return_home
38,3,24,27,180,true,M2,140B,DP-140B-02,T0022,delivering
38,4,29,36,90,true,M5,209C,DP-209C-01,T0004,delivering
38,5,36,33,270,false,,,,,return_home
38,6,32,28,270,false,,,,,return_home
38,7,35,25,180,false,,,,,return_home
38,8,40,25,180,true,M5,200C,DP-200C-03,T0027,delivering
39,1,30,21,90,false,,,,,return_home
39,2,22,25,270,false,,,,,return_home
39,3,23,27,180,true,M2,140B,DP-140B-02,T0022,delivering
39,4,29,37,90,true,M5,209C,DP-209C-01,T0004,delivering
39,5,37,33,270,false,,,,,return_home
39,6,33,28,270,false,,,,,return_home
39,7,36,25,180,false,,,,,return_home
39,8,40,25,180,true,M5,200C,DP-200C-03,T0027,delivering
40,1,31,21,90,false,,,,,return_home
40,2,23,25,270,false,,,,,return_home
40,3,22,27,180,true,M2,140B,DP-140B-02,T0022,delivering
40,4,29,38,90,true,M5,209C,DP-209C-01,T0004,delivering
40,5,38,33,270,false,,,,,return_home
40,6,34,28,270,false,,,,,return_home
40,7,37,25,180,false,,,,,return_home
40,8,40,25,180,true,M5,200C,DP-200C-03,T0027,delivering
41,1,32,21,90,false,,,,,return_home
41,2,24,25,270,false,,,,,return_home
41,3,21,27,180,true,M2,140B,DP-140B-02,T0022,delivering
41,4,29,39,90,true,M5,209C,DP-209C-01,T0004,delivering
41,5,38,32,270,false,,,,,return_home
41,6,35,28,270,false,,,,,return_home
41,7,38,25,180,false,,,,,return_home
41,8,40,25,180,true,M5,200C,DP-200C-03,T0027,unloading
42,1,33,21,90,false,,,,,return_home
42,2,25,25,270,false,,,,,return_home
42,3,20,27,180,true,M2,140B,DP-140B-02,T0022,delivering
42,4,29,40,90,true,M5,209C,DP-209C-01,T0004,delivering
42,5,38,31,270,false,,,,,return_home
42,6,36,28,270,false,,,,,return_home
42,7,39,25,180,false,,,,,return_home
42,8,40,25,180,true,M5,200C,DP-200C-03,T0027,unloading
43,1,34,21,90,false,,,,,return_home
43,2,26,25,270,false,,,,,return_home
43,3,19,27,180,true,M2,140B,DP-140B-02,T0022,delivering
43,4,29,41,90,true,M5,209C,DP-209C-01,T0004,delivering
43,5,38,30,270,false,,,,,return_home
43,6,37,28,270,false,,,,,return_home
43,7,40,25,180,false,,,,,return_home
43,8,41,25,180,false,,,,,return_home
44,1,35,21,90,false,,,,,return_home
44,2,27,25,270,false,,,,,return_home
44,3,18,27,180,true,M2,140B,DP-140B-02,T0022,delivering
44,4,28,41,180,true,M5,209C,DP-209C-01,T0004,delivering
44,5,38,29,270,false,,,,,return_home
44,6,38,28,270,false,,,,,return_home
44,7,41,25,180,false,,,,,return_home
44,8,42,25,180,false,,,,,return_home
45,1,36,21,90,false,,,,,return_home
45,2,28,25,270,false,,,,,return_home
45,3,17,27,180,true,M2,140B,DP-140B-02,T0022,delivering
45,4,27,41,180,true,M5,209C,DP-209C-01,T0004,delivering
45,5,38,28,270,false,,,,,return_home
45,6,39,28,270,false,,,,,return_home
45,7,42,25,180,false,,,,,return_home
45,8,43,25,180,false,,,,,return_home
46,1,37,21,90,false,,,,,return_home
46,2,29,25,270,false,,,,,return_home
46,3,16,27,180,true,M2,140B,DP-140B-02,T0022,delivering
46,4,26,41,180,true,M5,209C,DP-209C-01,T0004,delivering
46,5,39,28,270,false,,,,,return_home
46,6,40,28,270,false,,,,,return_home
46,7,43,25,180,false,,,,,return_home
46,8,44,25,180,false,,,,,return_home
47,1,38,21,90,false,,,,,return_home
47,2,30,25,270,false,,,,,return_home
47,3,16,26,270,true,M2,140B,DP-140B-02,T0022,delivering
47,4,26,42,90,true,M5,209C,DP-209C-01,T0004,delivering
47,5,40,28,270,false,,,,,return_home
47,6,41,28,270,false,,,,,return_home
47,7,44,25,180,false,,,,,return_home
47,8,45,25,180,false,,,,,return_home
48,1,39,21,90,false,,,,,return_home
48,2,31,25,270,false,,,,,return_home
48,3,16,25,270,true,M2,140B,DP-140B-02,T0022,delivering
48,4,26,43,90,true,M5,209C,DP-209C-01,T0004,delivering
48,5,41,28,270,false,,,,,return_home
48,6,42,28,270,false,,,,,return_home
48,7,45,25,180,false,,,,,return_home
48,8,45,24,270,false,,,,,return_home
49,1,40,21,90,false,,,,,return_home
49,2,32,25,270,false,,,,,return_home
49,3,16,25,270,true,M2,140B,DP-140B-02,T0022,unloading
49,4,26,44,90,true,M5,209C,DP-209C-01,T0004,delivering
49,5,42,28,270,false,,,,,return_home
49,6,43,28,270,false,,,,,return_home
49,7,45,24,270,false,,,,,return_home
49,8,46,24,270,false,,,,,return_home
50,1,41,21,90,false,,,,,return_home
50,2,33,25,270,false,,,,,return_home
50,3,16,25,270,true,M2,140B,DP-140B-02,T0022,unloading
50,4,26,45,90,true,M5,209C,DP-209C-01,T0004,delivering
50,5,43,28,270,false,,,,,return_home
50,6,44,28,270,false,,,,,return_home
50,7,46,24,270,false,,,,,return_home
50,8,47,24,270,false,,,,,return_home
51,1,42,21,90,false,,,,,return_home
51,2,34,25,270,false,,,,,return_home
51,3,17,25,270,false,,,,,return_home
51,4,26,45,90,true,M5,209C,DP-209C-01,T0004,unloading
51,5,44,28,270,false,,,,,return_home
51,6,45,28,270,false,,,,,return_home
51,7,47,24,270,false,,,,,return_home
51,8,47,25,90,false,,,,,return_home
52,1,43,21,90,false,,,,,return_home
52,2,35,25,270,false,,,,,return_home
52,3,18,25,270,false,,,,,return_home
52,4,26,45,90,true,M5,209C,DP-209C-01,T0004,unloading
52,5,45,28,270,false,,,,,return_home
52,6,46,28,270,false,,,,,return_home
52,7,47,25,90,false,,,,,return_home
52,8,48,25,90,false,,,,,return_home
53,1,43,22,90,false,,,,,return_home
53,2,36,25,270,false,,,,,return_home
53,3,19,25,270,false,,,,,return_home
53,4,26,44,270,false,,,,,return_home
53,5,46,28,270,false,,,,,return_home
53,6,47,28,270,false,,,,,return_home
53,7,48,25,90,false,,,,,return_home
53,8,48,26,90,false,,,,,return_home
54,1,43,23,90,false,,,,,return_home
54,2,37,25,270,false,,,,,return_home
54,3,20,25,270,false,,,,,return_home
54,4,26,43,270,false,,,,,return_home
54,5,47,28,270,false,,,,,return_home
54,6,47,27,270,false,,,,,return_home
54,7,48,26,90,false,,,,,return_home
54,8,49,26,90,false,,,,,return_home
55,1,43,24,90,false,,,,,return_home
55,2,38,25,270,false,,,,,return_home
55,3,21,25,270,false,,,,,return_home
55,4,26,42,270,false,,,,,return_home
55,5,47,27,270,false,,,,,return_home
55,6,48,27,270,false,,,,,return_home
55,7,49,26,90,false,,,,,return_home
55,8,50,26,90,false,,,,,return_home
56,1,44,24,90,false,,,,,return_home
56,2,39,25,270,false,,,,,return_home
56,3,22,25,270,false,,,,,return_home
56,4,26,41,270,false,,,,,return_home
56,5,48,27,270,false,,,,,return_home
56,6,48,26,270,false,,,,,return_home
56,7,50,26,90,false,,,,,return_home
56,8,49,26,180,false,,,,,to_pickup
57,1,45,24,90,false,,,,,return_home
57,2,40,25,270,false,,,,,return_home
57,3,23,25,270,false,,,,,return_home
57,4,27,41,270,false,,,,,return_home
57,5,48,26,270,false,,,,,return_home
57,6,49,26,270,false,,,,,return_home
57,7,50,27,90,false,,,,,to_pickup
57,8,49,25,270,false,,,,,to_pickup
58,1,46,24,90,false,,,,,return_home
58,2,41,25,270,false,,,,,return_home
58,3,24,25,270,false,,,,,return_home
58,4,28,41,270,false,,,,,return_home
58,5,49,26,270,false,,,,,return_home
58,6,50,26,270,false,,,,,return_home
58,7,49,27,180,false,,,,,to_pickup
58,8,48,25,180,false,,,,,to_pickup
59,1,47,24,90,false,,,,,return_home
59,2,42,25,270,false,,,,,return_home
59,3,25,25,270,false,,,,,return_home
59,4,29,41,270,false,,,,,return_home
59,5,50,26,270,false,,,,,return_home
59,6,49,26,180,false,,,,,to_pickup
59,7,48,27,180,false,,,,,to_pickup
59,8,47,25,180,false,,,,,to_pickup
60,1,47,25,90,false,,,,,return_home
60,2,43,25,270,false,,,,,return_home
60,3,26,25,270,false,,,,,return_home
60,4,29,40,270,false,,,,,return_home
60,5,49,26,180,false,,,,,to_pickup
60,6,49,25,270,false,,,,,to_pickup
60,7,47,27,180,false,,,,,to_pickup
60,8,46,25,180,false,,,,,to_pickup
61,1,48,25,90,false,,,,,return_home
61,2,44,25,270,false,,,,,return_home
61,3,27,25,270,false,,,,,return_home
61,4,29,39,270,false,,,,,return_home
61,5,48,26,180,false,,,,,to_pickup
61,6,49,25,270,false,,,,,to_pickup
61,7,46,27,180,false,,,,,to_pickup
61,8,46,25,180,false,,,,,loading
62,1,48,26,90,false,,,,,return_home
62,2,45,25,270,false,,,,,return_home
62,3,28,25,270,false,,,,,return_home
62,4,29,38,270,false,,,,,return_home
62,5,48,27,90,false,,,,,to_pickup
62,6,48,25,180,false,,,,,to_pickup
62,7,46,27,180,false,,,,,loading
62,8,46,25,180,false,,,,,loading
63,1,49,26,90,false,,,,,return_home
63,2,45,24,270,false,,,,,return_home
63,3,29,25,270,false,,,,,return_home
63,4,29,37,270,false,,,,,return_home
63,5,47,27,180,false,,,,,to_pickup
63,6,47,25,180,false,,,,,to_pickup
63,7,46,27,180,false,,,,,loading
63,8,45,25,180,true,M1,209A,DP-209A-01,T0006,delivering
64,1,50,26,90,false,,,,,return_home
64,2,46,24,270,false,,,,,return_home
64,3,30,25,270,false,,,,,return_home
64,4,29,36,270,false,,,,,return_home
64,5,46,27,180,false,,,,,to_pickup
64,6,46,25,180,false,,,,,to_pickup
64,7,45,27,180,true,M2,200B,DP-200B-02,T0017,delivering
64,8,44,25,180,true,M1,209A,DP-209A-01,T0006,delivering
65,1,49,26,180,false,,,,,to_pickup
65,2,47,24,270,false,,,,,return_home
65,3,31,25,270,false,,,,,return_home
65,4,29,35,270,false,,,,,return_home
65,5,46,27,180,false,,,,,loading
65,6,46,25,180,false,,,,,loading
65,7,44,27,180,true,M2,200B,DP-200B-02,T0017,delivering
65,8,43,25,180,true,M1,209A,DP-209A-01,T0006,delivering
66,1,48,26,180,false,,,,,to_pickup
66,2,47,25,90,false,,,,,return_home
66,3,32,25,270,false,,,,,return_home
66,4,29,34,270,false,,,,,return_home
66,5,46,27,180,false,,,,,loading
66,6,46,25,180,false,,,,,loading
66,7,43,27,180,true,M2,200B,DP-200B-02,T0017,delivering
66,8,42,25,180,true,M1,209A,DP-209A-01,T0006,delivering
67,1,48,27,90,false,,,,,to_pickup
67,2,48,25,90,false,,,,,return_home
67,3,33,25,270,false,,,,,return_home
67,4,29,33,270,false,,,,,return_home
67,5,45,27,180,true,M3,200A,DP-200A-01,T0007,delivering
67,6,45,25,180,true,M1,200C,DP-200C-04,T0036,delivering
67,7,42,27,180,true,M2,200B,DP-200B-02,T0017,delivering
67,8,41,25,180,true,M1,209A,DP-209A-01,T0006,delivering
68,1,47,27,180,false,,,,,to_pickup
68,2,48,26,90,false,,,,,return_home
68,3,34,25,270,false,,,,,return_home
68,4,29,32,270,false,,,,,return_home
68,5,44,27,180,true,M3,200A,DP-200A-01,T0007,delivering
68,6,44,25,180,true,M1,200C,DP-200C-04,T0036,delivering
68,7,41,27,180,true,M2,200B,DP-200B-02,T0017,delivering
68,8,40,25,180,true,M1,209A,DP-209A-01,T0006,delivering
69,1,46,27,180,false,,,,,to_pickup
69,2,49,26,90,false,,,,,return_home
69,3,35,25,270,false,,,,,return_home
69,4,29,31,270,false,,,,,return_home
69,5,43,27,180,true,M3,200A,DP-200A-01,T0007,delivering
69,6,43,25,180,true,M1,200C,DP-200C-04,T0036,delivering
69,7,40,27,180,true,M2,200B,DP-200B-02,T0017,delivering
69,8,39,25,180,true,M1,209A,DP-209A-01,T0006,delivering
70,1,46,27,180,false,,,,,loading
70,2,50,26,90,false,,,,,return_home
70,3,36,25,270,false,,,,,return_home
70,4,29,30,270,false,,,,,return_home
70,5,42,27,180,true,M3,200A,DP-200A-01,T0007,delivering
70,6,43,24,270,true,M1,200C,DP-200C-04,T0036,delivering
70,7,39,27,180,true,M2,200B,DP-200B-02,T0017,delivering
70,8,38,25,180,true,M1,209A,DP-209A-01,T0006,delivering
71,1,46,27,180,false,,,,,loading
71,2,49,26,180,false,,,,,to_pickup
71,3,37,25,270,false,,,,,return_home
71,4,29,29,270,false,,,,,return_home
71,5,41,27,180,true,M3,200A,DP-200A-01,T0007,delivering
71,6,43,23,270,true,M1,200C,DP-200C-04,T0036,delivering
71,7,38,27,180,true,M2,200B,DP-200B-02,T0017,delivering
71,8,38,26,90,true,M1,209A,DP-209A-01,T0006,delivering
72,1,45,27,180,true,M2,150,DP-150-01,T0015,delivering
72,2,48,26,180,false,,,,,to_pickup
72,3,38,25,270,false,,,,,return_home
72,4,29,28,270,false,,,,,return_home
72,5,40,27,180,true,M3,200A,DP-200A-01,T0007,delivering
72,6,43,22,270,true,M1,200C,DP-200C-04,T0036,delivering
72,7,37,27,180,true,M2,200B,DP-200B-02,T0017,delivering
72,8,37,26,180,true,M1,209A,DP-209A-01,T0006,delivering
73,1,44,27,180,true,M2,150,DP-150-01,T0015,delivering
73,2,48,25,270,false,,,,,to_pickup
73,3,39,25,270,false,,,,,return_home
73,4,30,28,270,false,,,,,return_home
73,5,39,27,180,true,M3,200A,DP-200A-01,T0007,delivering
73,6,43,21,270,true,M1,200C,DP-200C-04,T0036,delivering
73,7,36,27,180,true,M2,200B,DP-200B-02,T0017,delivering
73,8,36,26,180,true,M1,209A,DP-209A-01,T0006,delivering
74,1,43,27,180,true,M2,150,DP-150-01,T0015,delivering
74,2,47,25,180,false,,,,,to_pickup
74,3,40,25,270,false,,,,,return_home
74,4,31,28,270,false,,,,,return_home
74,5,38,27,180,true,M3,200A,DP-200A-01,T0007,delivering
74,6,42,21,180,true,M1,200C,DP-200C-04,T0036,delivering
74,7,35,27,180,true,M2,200B,DP-200B-02,T0017,delivering
74,8,35,26,180,true,M1,209A,DP-209A-01,T0006,delivering
75,1,42,27,180,true,M2,150,DP-150-01,T0015,delivering
75,2,46,25,180,false,,,,,to_pickup
75,3,41,25,270,false,,,,,return_home
75,4,32,28,270,false,,,,,return_home
75,5,37,27,180,true,M3,200A,DP-200A-01,T0007,delivering
75,6,41,21,180,true,M1,200C,DP-200C-04,T0036,delivering
75,7,35,28,90,true,M2,200B,DP-200B-02,T0017,delivering
75,8,35,27,90,true,M1,209A,DP-209A-01,T0006,delivering
76,1,41,27,180,true,M2,150,DP-150-01,T0015,delivering
76,2,46,25,180,false,,,,,loading
76,3,42,25,270,false,,,,,return_home
76,4,33,28,270,false,,,,,return_home
76,5,36,27,180,true,M3,200A,DP-200A-01,T0007,delivering
76,6,40,21,180,true,M1,200C,DP-200C-04,T0036,delivering
76,7,34,28,180,true,M2,200B,DP-200B-02,T0017,delivering
76,8,35,28,90,true,M1,209A,DP-209A-01,T0006,delivering
77,1,40,27,180,true,M2,150,DP-150-01,T0015,delivering
77,2,46,25,180,false,,,,,loading
77,3,43,25,270,false,,,,,return_home
77,4,34,28,270,false,,,,,return_home
77,5,35,27,180,true,M3,200A,DP-200A-01,T0007,delivering
77,6,40,20,270,true,M1,200C,DP-200C-04,T0036,delivering
77,7,35,28,180,true,M2,200B,DP-200B-02,T0017,delivering
77,8,35,29,90,true,M1,209A,DP-209A-01,T0006,delivering
78,1,39,27,180,true,M2,150,DP-150-01,T0015,delivering
78,2,45,25,180,true,M5,200C,DP-200C-02,T0018,delivering
78,3,44,25,270,false,,,,,return_home
78,4,35,28,270,false,,,,,return_home
78,5,34,27,180,true,M3,200A,DP-200A-01,T0007,delivering
78,6,40,19,270,true,M1,200C,DP-200C-04,T0036,delivering
78,7,35,29,90,true,M2,200B,DP-200B-02,T0017,delivering
78,8,34,29,180,true,M1,209A,DP-209A-01,T0006,delivering
79,1,38,27,180,true,M2,150,DP-150-01,T0015,delivering
79,2,45,26,90,true,M5,200C,DP-200C-02,T0018,delivering
79,3,45,25,270,false,,,,,return_home
79,4,36,28,270,false,,,,,return_home
79,5,33,27,180,true,M3,200A,DP-200A-01,T0007,delivering
79,6,40,18,270,true,M1,200C,DP-200C-04,T0036,delivering
79,7,35,29,90,true,M2,200B,DP-200B-02,T0017,unloading
79,8,34,30,90,true,M1,209A,DP-209A-01,T0006,delivering
80,1,37,27,180,true,M2,150,DP-150-01,T0015,delivering
80,2,44,26,180,true,M5,200C,DP-200C-02,T0018,delivering
80,3,45,24,270,false,,,,,return_home
80,4,37,28,270,false,,,,,return_home
80,5,32,27,180,true,M3,200A,DP-200A-01,T0007,delivering
80,6,40,17,270,true,M1,200C,DP-200C-04,T0036,delivering
80,7,35,29,90,true,M2,200B,DP-200B-02,T0017,unloading
80,8,34,31,90,true,M1,209A,DP-209A-01,T0006,delivering
81,1,36,27,180,true,M2,150,DP-150-01,T0015,delivering
81,2,43,26,180,true,M5,200C,DP-200C-02,T0018,delivering
81,3,46,24,270,false,,,,,return_home
81,4,38,28,270,false,,,,,return_home
81,5,31,27,180,true,M3,200A,DP-200A-01,T0007,delivering
81,6,40,17,270,true,M1,200C,DP-200C-04,T0036,unloading
81,7,35,28,270,false,,,,,return_home
81,8,34,32,90,true,M1,209A,DP-209A-01,T0006,delivering
82,1,35,27,180,true,M2,150,DP-150-01,T0015,delivering
82,2,42,26,180,true,M5,200C,DP-200C-02,T0018,delivering
82,3,47,24,270,false,,,,,return_home
82,4,39,28,270,false,,,,,return_home
82,5,30,27,180,true,M3,200A,DP-200A-01,T0007,delivering
82,6,40,17,270,true,M1,200C,DP-200C-04,T0036,unloading
82,7,36,28,270,false,,,,,return_home
82,8,34,33,90,true,M1,209A,DP-209A-01,T0006,delivering
83,1,34,27,180,true,M2,150,DP-150-01,T0015,delivering
83,2,41,26,180,true,M5,200C,DP-200C-02,T0018,delivering
83,3,47,25,90,false,,,,,return_home
83,4,40,28,270,false,,,,,return_home
83,5,29,27,180,true,M3,200A,DP-200A-01,T0007,delivering
83,6,40,18,90,false,,,,,return_home
83,7,37,28,270,false,,,,,return_home
83,8,34,34,90,true,M1,209A,DP-209A-01,T0006,delivering
84,1,33,27,180,true,M2,150,DP-150-01,T0015,delivering
84,2,41,27,90,true,M5,200C,DP-200C-02,T0018,delivering
84,3,48,25,90,false,,,,,return_home
84,4,41,28,270,false,,,,,return_home
84,5,28,27,180,true,M3,200A,DP-200A-01,T0007,delivering
84,6,40,19,90,false,,,,,return_home
84,7,38,28,270,false,,,,,return_home
84,8,34,35,90,true,M1,209A,DP-209A-01,T0006,delivering
85,1,32,27,180,true,M2,150,DP-150-01,T0015,delivering
85,2,41,28,90,true,M5,200C,DP-200C-02,T0018,delivering
85,3,48,26,90,false,,,,,return_home
85,4,42,28,270,false,,,,,return_home
85,5,27,27,180,true,M3,200A,DP-200A-01,T0007,delivering
85,6,40,20,90,false,,,,,return_home
85,7,39,28,270,false,,,,,return_home
85,8,34,36,90,true,M1,209A,DP-209A-01,T0006,delivering
86,1,31,27,180,true,M2,150,DP-150-01,T0015,delivering
86,2,41,29,90,true,M5,200C,DP-200C-02,T0018,delivering
86,3,49,26,90,false,,,,,return_home
86,4,43,28,270,false,,,,,return_home
86,5,27,28,90,true,M3,200A,DP-200A-01,T0007,delivering
86,6,40,21,90,false,,,,,return_home
86,7,40,28,270,false,,,,,return_home
86,8,34,37,90,true,M1,209A,DP-209A-01,T0006,delivering
87,1,30,27,180,true,M2,150,DP-150-01,T0015,delivering
87,2,40,29,180,true,M5,200C,DP-200C-02,T0018,delivering
87,3,50,26,90,false,,,,,return_home
87,4,44,28,270,false,,,,,return_home
87,5,27,29,90,true,M3,200A,DP-200A-01,T0007,delivering
87,6,41,21,90,false,,,,,return_home
87,7,41,28,270,false,,,,,return_home
87,8,34,38,90,true,M1,209A,DP-209A-01,T0006,delivering
88,1,29,27,180,true,M2,150,DP-150-01,T0015,delivering
88,2,40,29,180,true,M5,200C,DP-200C-02,T0018,unloading
88,3,49,26,180,false,,,,,to_pickup
88,4,45,28,270,false,,,,,return_home
88,5,27,30,90,true,M3,200A,DP-200A-01,T0007,delivering
88,6,42,21,90,false,,,,,return_home
88,7,42,28,270,false,,,,,return_home
88,8,34,39,90,true,M1,209A,DP-209A-01,T0006,delivering
89,1,28,27,180,true,M2,150,DP-150-01,T0015,delivering
89,2,40,29,180,true,M5,200C,DP-200C-02,T0018,unloading
89,3,48,26,180,false,,,,,to_pickup
89,4,46,28,270,false,,,,,return_home
89,5,27,31,90,true,M3,200A,DP-200A-01,T0007,delivering
89,6,43,21,90,false,,,,,return_home
89,7,43,28,270,false,,,,,return_home
89,8,34,40,90,true,M1,209A,DP-209A-01,T0006,delivering
90,1,27,27,180,true,M2,150,DP-150-01,T0015,delivering
90,2,40,28,270,false,,,,,return_home
90,3,48,25,270,false,,,,,to_pickup
90,4,47,28,270,false,,,,,return_home
90,5,27,32,90,true,M3,200A,DP-200A-01,T0007,delivering
90,6,43,22,90,false,,,,,return_home
90,7,44,28,270,false,,,,,return_home
90,8,34,41,90,true,M1,209A,DP-209A-01,T0006,delivering
91,1,26,27,180,true,M2,150,DP-150-01,T0015,delivering
91,2,41,28,270,false,,,,,return_home
91,3,47,25,180,false,,,,,to_pickup
91,4,47,27,270,false,,,,,return_home
91,5,27,33,90,true,M3,200A,DP-200A-01,T0007,delivering
91,6,43,23,90,false,,,,,return_home
91,7,45,28,270,false,,,,,return_home
91,8,34,42,90,true,M1,209A,DP-209A-01,T0006,delivering
92,1,25,27,180,true,M2,150,DP-150-01,T0015,delivering
92,2,42,28,270,false,,,,,return_home
92,3,46,25,180,false,,,,,to_pickup
92,4,48,27,270,false,,,,,return_home
92,5,26,33,180,true,M3,200A,DP-200A-01,T0007,delivering
92,6,43,24,90,false,,,,,return_home
92,7,46,28,270,false,,,,,return_home
92,8,34,43,90,true,M1,209A,DP-209A-01,T0006,delivering
93,1,24,27,180,true,M2,150,DP-150-01,T0015,delivering
93,2,43,28,270,false,,,,,return_home
93,3,46,25,180,false,,,,,loading
93,4,48,26,270,false,,,,,return_home
93,5,26,34,90,true,M3,200A,DP-200A-01,T0007,delivering
93,6,44,24,90,false,,,,,return_home
93,7,47,28,270,false,,,,,return_home
93,8,34,44,90,true,M1,209A,DP-209A-01,T0006,delivering
94,1,24,28,90,true,M2,150,DP-150-01,T0015,delivering
94,2,44,28,270,false,,,,,return_home
94,3,46,25,180,false,,,,,loading
94,4,49,26,270,false,,,,,return_home
94,5,26,35,90,true,M3,200A,DP-200A-01,T0007,delivering
94,6,45,24,90,false,,,,,return_home
94,7,47,27,270,false,,,,,return_home
94,8,34,45,90,true,M1,209A,DP-209A-01,T0006,delivering
95,1,24,29,90,true,M2,150,DP-150-01,T0015,delivering
95,2,45,28,270,false,,,,,return_home
95,3,45,25,180,true,M5,150,DP-150-03,T0033,delivering
95,4,50,26,270,false,,,,,return_home
95,5,26,36,90,true,M3,200A,DP-200A-01,T0007,delivering
95,6,46,24,90,false,,,,,return_home
95,7,48,27,270,false,,,,,return_home
95,8,34,45,90,true,M1,209A,DP-209A-01,T0006,unloading
96,1,24,29,90,true,M2,150,DP-150-01,T0015,unloading
96,2,46,28,270,false,,,,,return_home
96,3,44,25,180,true,M5,150,DP-150-03,T0033,delivering
96,4,49,26,180,false,,,,,to_pickup
96,5,26,37,90,true,M3,200A,DP-200A-01,T0007,delivering
96,6,47,24,90,false,,,,,return_home
96,7,48,26,270,false,,,,,return_home
96,8,34,45,90,true,M1,209A,DP-209A-01,T0006,unloading
97,1,24,29,90,true,M2,150,DP-150-01,T0015,unloading
97,2,47,28,270,false,,,,,return_home
97,3,43,25,180,true,M5,150,DP-150-03,T0033,delivering
97,4,49,25,270,false,,,,,to_pickup
97,5,26,37,90,true,M3,200A,DP-200A-01,T0007,unloading
97,6,47,25,90,false,,,,,return_home
97,7,49,26,270,false,,,,,return_home
97,8,34,44,270,false,,,,,return_home
98,1,24,28,270,false,,,,,return_home
98,2,47,27,270,false,,,,,return_home
98,3,42,25,180,true,M5,150,DP-150-03,T0033,delivering
98,4,49,25,270,false,,,,,to_pickup
98,5,26,37,90,true,M3,200A,DP-200A-01,T0007,unloading
98,6,48,25,90,false,,,,,return_home
98,7,50,26,270,false,,,,,return_home
98,8,34,43,270,false,,,,,return_home
99,1,25,28,270,false,,,,,return_home
99,2,48,27,270,false,,,,,return_home
99,3,41,25,180,true,M5,150,DP-150-03,T0033,delivering
99,4,48,25,180,false,,,,,to_pickup
99,5,26,36,270,false,,,,,return_home
99,6,48,26,90,false,,,,,return_home
99,7,49,26,180,false,,,,,to_pickup
99,8,34,42,270,false,,,,,return_home
100,1,26,28,270,false,,,,,return_home
100,2,48,26,270,false,,,,,return_home
100,3,40,25,180,true,M5,150,DP-150-03,T0033,delivering
100,4,47,25,180,false,,,,,to_pickup
100,5,26,35,270,false,,,,,return_home
100,6,49,26,90,false,,,,,return_home
100,7,49,27,90,false,,,,,to_pickup
100,8,34,41,270,false,,,,,return_home
101,1,27,28,270,false,,,,,return_home
101,2,49,26,270,false,,,,,return_home
101,3,39,25,180,true,M5,150,DP-150-03,T0033,delivering
101,4,46,25,180,false,,,,,to_pickup
101,5,26,34,270,false,,,,,return_home
101,6,50,26,90,false,,,,,return_home
101,7,48,27,180,false,,,,,to_pickup
101,8,34,40,270,false,,,,,return_home
102,1,28,28,270,false,,,,,return_home
102,2,50,26,270,false,,,,,return_home
102,3,38,25,180,true,M5,150,DP-150-03,T0033,delivering
102,4,46,25,180,false,,,,,loading
102,5,26,33,270,false,,,,,return_home
102,6,49,26,180,false,,,,,to_pickup
102,7,47,27,180,false,,,,,to_pickup
102,8,34,39,270,false,,,,,return_home
103,1,29,28,270,false,,,,,return_home
103,2,49,26,180,false,,,,,to_pickup
103,3,37,25,180,true,M5,150,DP-150-03,T0033,delivering
103,4,46,25,180,false,,,,,loading
103,5,27,33,270,false,,,,,return_home
103,6,48,26,180,false,,,,,to_pickup
103,7,46,27,180,false,,,,,to_pickup
103,8,34,38,270,false,,,,,return_home
104,1,30,28,270,false,,,,,return_home
104,2,48,26,180,false,,,,,to_pickup
104,3,36,25,180,true,M5,150,DP-150-03,T0033,delivering
104,4,45,25,180,true,M1,200B,DP-200B-04,T0035,delivering
104,5,27,32,270,false,,,,,return_home
104,6,48,25,270,false,,,,,to_pickup
104,7,46,27,180,false,,,,,loading
104,8,34,37,270,false,,,,,return_home
105,1,31,28,270,false,,,,,return_home
105,2,48,27,90,false,,,,,to_pickup
105,3,35,25,180,true,M5,150,DP-150-03,T0033,delivering
105,4,44,25,180,true,M1,200B,DP-200B-04,T0035,delivering
105,5,27,31,270,false,,,,,return_home
105,6,47,25,180,false,,,,,to_pickup
105,7,46,27,180,false,,,,,loading
105,8,34,36,270,false,,,,,return_home
106,1,32,28,270,false,,,,,return_home
106,2,47,27,180,false,,,,,to_pickup
106,3,34,25,180,true,M5,150,DP-150-03,T0033,delivering
106,4,43,25,180,true,M1,200B,DP-200B-04,T0035,delivering
106,5,27,30,270,false,,,,,return_home
106,6,46,25,180,false,,,,,to_pickup
106,7,45,27,180,true,M1,200B,DP-200B-01,T0008,delivering
106,8,34,35,270,false,,,,,return_home
107,1,33,28,270,false,,,,,return_home
107,2,46,27,180,false,,,,,to_pickup
107,3,33,25,180,true,M5,150,DP-150-03,T0033,delivering
107,4,42,25,180,true,M1,200B,DP-200B-04,T0035,delivering
107,5,27,29,270,false,,,,,return_home
107,6,46,25,180,false,,,,,loading
107,7,44,27,180,true,M1,200B,DP-200B-01,T0008,delivering
107,8,34,34,270,false,,,,,return_home
108,1,34,28,270,false,,,,,return_home
108,2,46,27,180,false,,,,,loading
108,3,32,25,180,true,M5,150,DP-150-03,T0033,delivering
108,4,41,25,180,true,M1,200B,DP-200B-04,T0035,delivering
108,5,27,28,270,false,,,,,return_home
108,6,46,25,180,false,,,,,loading
108,7,43,27,180,true,M1,200B,DP-200B-01,T0008,delivering
108,8,34,33,270,false,,,,,return_home
109,1,35,28,270,false,,,,,return_home
109,2,46,27,180,false,,,,,loading
109,3,31,25,180,true,M5,150,DP-150-03,T0033,delivering
109,4,40,25,180,true,M1,200B,DP-200B-04,T0035,delivering
109,5,28,28,270,false,,,,,return_home
109,6,45,25,180,true,M3,130B,DP-130B-02,T0020,delivering
109,7,42,27,180,true,M1,200B,DP-200B-01,T0008,delivering
109,8,34,32,270,false,,,,,return_home
110,1,36,28,270,false,,,,,return_home
110,2,45,27,180,true,M1,130B,DP-130B-03,T0029,delivering
110,3,30,25,180,true,M5,150,DP-150-03,T0033,delivering
110,4,39,25,180,true,M1,200B,DP-200B-04,T0035,delivering
110,5,29,28,270,false,,,,,return_home
110,6,44,25,180,true,M3,130B,DP-130B-02,T0020,delivering
110,7,41,27,180,true,M1,200B,DP-200B-01,T0008,delivering
110,8,34,31,270,false,,,,,return_home
111,1,37,28,270,false,,,,,return_home
111,2,44,27,180,true,M1,130B,DP-130B-03,T0029,delivering
111,3,29,25,180,true,M5,150,DP-150-03,T0033,delivering
111,4,38,25,180,true,M1,200B,DP-200B-04,T0035,delivering
111,5,30,28,270,false,,,,,return_home
111,6,43,25,180,true,M3,130B,DP-130B-02,T0020,delivering
111,7,40,27,180,true,M1,200B,DP-200B-01,T0008,delivering
111,8,34,30,270,false,,,,,return_home
112,1,38,28,270,false,,,,,return_home
112,2,43,27,180,true,M1,130B,DP-130B-03,T0029,delivering
112,3,28,25,180,true,M5,150,DP-150-03,T0033,delivering
112,4,38,24,270,true,M1,200B,DP-200B-04,T0035,delivering
112,5,31,28,270,false,,,,,return_home
112,6,42,25,180,true,M3,130B,DP-130B-02,T0020,delivering
112,7,39,27,180,true,M1,200B,DP-200B-01,T0008,delivering
112,8,34,29,270,false,,,,,return_home
113,1,39,28,270,false,,,,,return_home
113,2,42,27,180,true,M1,130B,DP-130B-03,T0029,delivering
113,3,27,25,180,true,M5,150,DP-150-03,T0033,delivering
113,4,38,23,270,true,M1,200B,DP-200B-04,T0035,delivering
113,5,32,28,270,false,,,,,return_home
113,6,41,25,180,true,M3,130B,DP-130B-02,T0020,delivering
113,7,38,27,180,true,M1,200B,DP-200B-01,T0008,delivering
113,8,34,28,270,false,,,,,return_home
114,1,40,28,270,false,,,,,return_home
114,2,41,27,180,true,M1,130B,DP-130B-03,T0029,delivering
114,3,27,24,270,true,M5,150,DP-150-03,T0033,delivering
114,4,38,22,270,true,M1,200B,DP-200B-04,T0035,delivering
114,5,33,28,270,false,,,,,return_home
114,6,40,25,180,true,M3,130B,DP-130B-02,T0020,delivering
114,7,37,27,180,true,M1,200B,DP-200B-01,T0008,delivering
114,8,35,28,270,false,,,,,return_home
115,1,41,28,270,false,,,,,return_home
115,2,40,27,180,true,M1,130B,DP-130B-03,T0029,delivering
115,3,27,23,270,true,M5,150,DP-150-03,T0033,delivering
115,4,38,21,270,true,M1,200B,DP-200B-04,T0035,delivering
115,5,34,28,270,false,,,,,return_home
115,6,39,25,180,true,M3,130B,DP-130B-02,T0020,delivering
115,7,36,27,180,true,M1,200B,DP-200B-01,T0008,delivering
115,8,36,28,270,false,,,,,return_home
116,1,42,28,270,false,,,,,return_home
116,2,39,27,180,true,M1,130B,DP-130B-03,T0029,delivering
116,3,27,22,270,true,M5,150,DP-150-03,T0033,delivering
116,4,37,21,180,true,M1,200B,DP-200B-04,T0035,delivering
116,5,35,28,270,false,,,,,return_home
116,6,38,25,180,true,M3,130B,DP-130B-02,T0020,delivering
116,7,35,27,180,true,M1,200B,DP-200B-01,T0008,delivering
116,8,37,28,270,false,,,,,return_home
117,1,43,28,270,false,,,,,return_home
117,2,38,27,180,true,M1,130B,DP-130B-03,T0029,delivering
117,3,27,21,270,true,M5,150,DP-150-03,T0033,delivering
117,4,36,21,180,true,M1,200B,DP-200B-04,T0035,delivering
117,5,36,28,270,false,,,,,return_home
117,6,37,25,180,true,M3,130B,DP-130B-02,T0020,delivering
117,7,34,27,180,true,M1,200B,DP-200B-01,T0008,delivering
117,8,38,28,270,false,,,,,return_home
118,1,44,28,270,false,,,,,return_home
118,2,37,27,180,true,M1,130B,DP-130B-03,T0029,delivering
118,3,26,21,180,true,M5,150,DP-150-03,T0033,delivering
118,4,35,21,180,true,M1,200B,DP-200B-04,T0035,delivering
118,5,37,28,270,false,,,,,return_home
118,6,36,25,180,true,M3,130B,DP-130B-02,T0020,delivering
118,7,33,27,180,true,M1,200B,DP-200B-01,T0008,delivering
118,8,39,28,270,false,,,,,return_home
119,1,45,28,270,false,,,,,return_home
119,2,36,27,180,true,M1,130B,DP-130B-03,T0029,delivering
119,3,25,21,180,true,M5,150,DP-150-03,T0033,delivering
119,4,35,20,270,true,M1,200B,DP-200B-04,T0035,delivering
119,5,38,28,270,false,,,,,return_home
119,6,35,25,180,true,M3,130B,DP-130B-02,T0020,delivering
119,7,33,28,90,true,M1,200B,DP-200B-01,T0008,delivering
119,8,40,28,270,false,,,,,return_home
120,1,46,28,270,false,,,,,return_home
120,2,35,27,180,true,M1,130B,DP-130B-03,T0029,delivering
120,3,24,21,180,true,M5,150,DP-150-03,T0033,delivering
120,4,35,19,270,true,M1,200B,DP-200B-04,T0035,delivering
120,5,39,28,270,false,,,,,return_home
120,6,34,25,180,true,M3,130B,DP-130B-02,T0020,delivering
120,7,33,29,90,true,M1,200B,DP-200B-01,T0008,delivering
120,8,41,28,270,false,,,,,return_home
121,1,47,28,270,false,,,,,return_home
121,2,34,27,180,true,M1,130B,DP-130B-03,T0029,delivering
121,3,24,20,270,true,M5,150,DP-150-03,T0033,delivering
121,4,35,18,270,true,M1,200B,DP-200B-04,T0035,delivering
121,5,40,28,270,false,,,,,return_home
121,6,33,25,180,true,M3,130B,DP-130B-02,T0020,delivering
121,7,33,30,90,true,M1,200B,DP-200B-01,T0008,delivering
121,8,42,28,270,false,,,,,return_home
122,1,47,27,270,false,,,,,return_home
122,2,33,27,180,true,M1,130B,DP-130B-03,T0029,delivering
122,3,24,19,270,true,M5,150,DP-150-03,T0033,delivering
122,4,35,17,270,true,M1,200B,DP-200B-04,T0035,delivering
122,5,41,28,270,false,,,,,return_home
122,6,32,25,180,true,M3,130B,DP-130B-02,T0020,delivering
122,7,33,31,90,true,M1,200B,DP-200B-01,T0008,delivering
122,8,43,28,270,false,,,,,return_home
123,1,48,27,270,false,,,,,return_home
123,2,32,27,180,true,M1,130B,DP-130B-03,T0029,delivering
123,3,24,18,270,true,M5,150,DP-150-03,T0033,delivering
123,4,35,17,270,true,M1,200B,DP-200B-04,T0035,unloading
123,5,42,28,270,false,,,,,return_home
123,6,31,25,180,true,M3,130B,DP-130B-02,T0020,delivering
123,7,33,32,90,true,M1,200B,DP-200B-01,T0008,delivering
123,8,44,28,270,false,,,,,return_home
124,1,48,26,270,false,,,,,return_home
124,2,31,27,180,true,M1,130B,DP-130B-03,T0029,delivering
124,3,24,17,270,true,M5,150,DP-150-03,T0033,delivering
124,4,35,17,270,true,M1,200B,DP-200B-04,T0035,unloading
124,5,43,28,270,false,,,,,return_home
124,6,30,25,180,true,M3,130B,DP-130B-02,T0020,delivering
124,7,33,33,90,true,M1,200B,DP-200B-01,T0008,delivering
124,8,45,28,270,false,,,,,return_home
125,1,49,26,270,false,,,,,return_home
125,2,30,27,180,true,M1,130B,DP-130B-03,T0029,delivering
125,3,24,17,270,true,M5,150,DP-150-03,T0033,unloading
125,4,35,18,90,false,,,,,return_home
125,5,44,28,270,false,,,,,return_home
125,6,29,25,180,true,M3,130B,DP-130B-02,T0020,delivering
125,7,32,33,180,true,M1,200B,DP-200B-01,T0008,delivering
125,8,46,28,270,false,,,,,return_home
126,1,50,26,270,false,,,,,return_home
126,2,29,27,180,true,M1,130B,DP-130B-03,T0029,delivering
126,3,24,17,270,true,M5,150,DP-150-03,T0033,unloading
126,4,35,19,90,false,,,,,return_home
126,5,45,28,270,false,,,,,return_home
126,6,28,25,180,true,M3,130B,DP-130B-02,T0020,delivering
126,7,31,33,180,true,M1,200B,DP-200B-01,T0008,delivering
126,8,47,28,270,false,,,,,return_home
127,1,49,26,180,false,,,,,to_pickup
127,2,28,27,180,true,M1,130B,DP-130B-03,T0029,delivering
127,3,24,18,90,false,,,,,return_home
127,4,35,20,90,false,,,,,return_home
127,5,46,28,270,false,,,,,return_home
127,6,27,25,180,true,M3,130B,DP-130B-02,T0020,delivering
127,7,31,34,90,true,M1,200B,DP-200B-01,T0008,delivering
127,8,47,27,270,false,,,,,return_home
128,1,48,26,180,false,,,,,to_pickup
128,2,27,27,180,true,M1,130B,DP-130B-03,T0029,delivering
128,3,24,19,90,false,,,,,return_home
128,4,35,21,90,false,,,,,return_home
128,5,47,28,270,false,,,,,return_home
128,6,26,25,180,true,M3,130B,DP-130B-02,T0020,delivering
128,7,31,35,90,true,M1,200B,DP-200B-01,T0008,delivering
128,8,48,27,270,false,,,,,return_home
129,1,48,25,270,false,,,,,to_pickup
129,2,26,27,180,true,M1,130B,DP-130B-03,T0029,delivering
129,3,24,20,90,false,,,,,return_home
129,4,36,21,90,false,,,,,return_home
129,5,47,27,270,false,,,,,return_home
129,6,25,25,180,true,M3,130B,DP-130B-02,T0020,delivering
129,7,31,36,90,true,M1,200B,DP-200B-01,T0008,delivering
129,8,48,26,270,false,,,,,return_home
130,1,47,25,180,false,,,,,to_pickup
130,2,25,27,180,true,M1,130B,DP-130B-03,T0029,delivering
130,3,24,21,90,false,,,,,return_home
130,4,37,21,90,false,,,,,return_home
130,5,48,27,270,false,,,,,return_home
130,6,24,25,180,true,M3,130B,DP-130B-02,T0020,delivering
130,7,31,37,90,true,M1,200B,DP-200B-01,T0008,delivering
130,8,49,26,270,false,,,,,return_home
131,1,46,25,180,false,,,,,to_pickup
131,2,24,27,180,true,M1,130B,DP-130B-03,T0029,delivering
131,3,25,21,90,false,,,,,return_home
131,4,38,21,90,false,,,,,return_home
131,5,48,26,270,false,,,,,return_home
131,6,23,25,180,true,M3,130B,DP-130B-02,T0020,delivering
131,7,31,37,90,true,M1,200B,DP-200B-01,T0008,unloading
131,8,50,26,270,false,,,,,return_home
132,1,46,25,180,false,,,,,loading
132,2,23,27,180,true,M1,130B,DP-130B-03,T0029,delivering
132,3,26,21,90,false,,,,,return_home
132,4,39,21,90,false,,,,,return_home
132,5,49,26,270,false,,,,,return_home
132,6,22,25,180,true,M3,130B,DP-130B-02,T0020,delivering
132,7,31,37,90,true,M1,200B,DP-200B-01,T0008,unloading
132,8,50,25,270,false,,,,,to_pickup
133,1,46,25,180,false,,,,,loading
133,2,22,27,180,true,M1,130B,DP-130B-03,T0029,delivering
133,3,27,21,90,false,,,,,return_home
133,4,40,21,90,false,,,,,return_home
133,5,50,26,270,false,,,,,return_home
133,6,21,25,180,true,M3,130B,DP-130B-02,T0020,delivering
133,7,31,36,270,false,,,,,return_home
133,8,49,25,180,false,,,,,to_pickup
134,1,45,25,180,true,M1,200B,DP-200B-03,T0026,delivering
134,2,21,27,180,true,M1,130B,DP-130B-03,T0029,delivering
134,3,28,21,90,false,,,,,return_home
134,4,41,21,90,false,,,,,return_home
134,5,49,26,180,false,,,,,to_pickup
134,6,20,25,180,true,M3,130B,DP-130B-02,T0020,delivering
134,7,31,35,270,false,,,,,return_home
134,8,48,25,180,false,,,,,to_pickup
135,1,44,25,180,true,M1,200B,DP-200B-03,T0026,delivering
135,2,20,27,180,true,M1,130B,DP-130B-03,T0029,delivering
135,3,29,21,90,false,,,,,return_home
135,4,42,21,90,false,,,,,return_home
135,5,48,26,180,false,,,,,to_pickup
135,6,19,25,180,true,M3,130B,DP-130B-02,T0020,delivering
135,7,31,34,270,false,,,,,return_home
135,8,47,25,180,false,,,,,to_pickup
136,1,43,25,180,true,M1,200B,DP-200B-03,T0026,delivering
136,2,19,27,180,true,M1,130B,DP-130B-03,T0029,delivering
136,3,30,21,90,false,,,,,return_home
136,4,43,21,90,false,,,,,return_home
136,5,48,27,90,false,,,,,to_pickup
136,6,18,25,180,true,M3,130B,DP-130B-02,T0020,delivering
136,7,31,33,270,false,,,,,return_home
136,8,46,25,180,false,,,,,to_pickup
137,1,42,25,180,true,M1,200B,DP-200B-03,T0026,delivering
137,2,18,27,180,true,M1,130B,DP-130B-03,T0029,delivering
137,3,31,21,90,false,,,,,return_home
137,4,43,22,90,false,,,,,return_home
137,5,47,27,180,false,,,,,to_pickup
137,6,17,25,180,true,M3,130B,DP-130B-02,T0020,delivering
137,7,32,33,270,false,,,,,return_home
137,8,46,25,180,false,,,,,loading
138,1,41,25,180,true,M1,200B,DP-200B-03,T0026,delivering
138,2,17,27,180,true,M1,130B,DP-130B-03,T0029,delivering
138,3,32,21,90,false,,,,,return_home
138,4,43,23,90,false,,,,,return_home
138,5,46,27,180,false,,,,,to_pickup
138,6,16,25,180,true,M3,130B,DP-130B-02,T0020,delivering
138,7,33,33,270,false,,,,,return_home
138,8,46,25,180,false,,,,,loading
139,1,40,25,180,true,M1,200B,DP-200B-03,T0026,delivering
139,2,16,27,180,true,M1,130B,DP-130B-03,T0029,delivering
139,3,33,21,90,false,,,,,return_home
139,4,43,24,90,false,,,,,return_home
139,5,46,27,180,false,,,,,loading
139,6,15,25,180,true,M3,130B,DP-130B-02,T0020,delivering
139,7,33,32,270,false,,,,,return_home
139,8,45,25,180,true,M1,140B,DP-140B-03,T0031,delivering
140,1,39,25,180,true,M1,200B,DP-200B-03,T0026,delivering
140,2,15,27,180,true,M1,130B,DP-130B-03,T0029,delivering
140,3,34,21,90,false,,,,,return_home
140,4,44,24,90,false,,,,,return_home
140,5,46,27,180,false,,,,,loading
140,6,14,25,180,true,M3,130B,DP-130B-02,T0020,delivering
140,7,33,31,270,false,,,,,return_home
140,8,44,25,180,true,M1,140B,DP-140B-03,T0031,delivering
141,1,38,25,180,true,M1,200B,DP-200B-03,T0026,delivering
141,2,14,27,180,true,M1,130B,DP-130B-03,T0029,delivering
141,3,35,21,90,false,,,,,return_home
141,4,45,24,90,false,,,,,return_home
141,5,45,27,180,true,M2,140B,DP-140B-01,T0013,delivering
141,6,13,25,180,true,M3,130B,DP-130B-02,T0020,delivering
141,7,33,30,270,false,,,,,return_home
141,8,43,25,180,true,M1,140B,DP-140B-03,T0031,delivering
142,1,37,25,180,true,M1,200B,DP-200B-03,T0026,delivering
142,2,13,27,180,true,M1,130B,DP-130B-03,T0029,delivering
142,3,36,21,90,false,,,,,return_home
142,4,46,24,90,false,,,,,return_home
142,5,44,27,180,true,M2,140B,DP-140B-01,T0013,delivering
142,6,12,25,180,true,M3,130B,DP-130B-02,T0020,delivering
142,7,33,29,270,false,,,,,return_home
142,8,42,25,180,true,M1,140B,DP-140B-03,T0031,delivering
143,1,36,25,180,true,M1,200B,DP-200B-03,T0026,delivering
143,2,12,27,180,true,M1,130B,DP-130B-03,T0029,delivering
143,3,37,21,90,false,,,,,return_home
143,4,47,24,90,false,,,,,return_home
143,5,43,27,180,true,M2,140B,DP-140B-01,T0013,delivering
143,6,11,25,180,true,M3,130B,DP-130B-02,T0020,delivering
143,7,33,28,270,false,,,,,return_home
143,8,41,25,180,true,M1,140B,DP-140B-03,T0031,delivering
144,1,35,25,180,true,M1,200B,DP-200B-03,T0026,delivering
144,2,11,27,180,true,M1,130B,DP-130B-03,T0029,delivering
144,3,38,21,90,false,,,,,return_home
144,4,47,25,90,false,,,,,return_home
144,5,42,27,180,true,M2,140B,DP-140B-01,T0013,delivering
144,6,10,25,180,true,M3,130B,DP-130B-02,T0020,delivering
144,7,34,28,270,false,,,,,return_home
144,8,40,25,180,true,M1,140B,DP-140B-03,T0031,delivering
145,1,35,25,180,true,M1,200B,DP-200B-03,T0026,unloading
145,2,11,26,270,true,M1,130B,DP-130B-03,T0029,delivering
145,3,39,21,90,false,,,,,return_home
145,4,48,25,90,false,,,,,return_home
145,5,41,27,180,true,M2,140B,DP-140B-01,T0013,delivering
145,6,9,25,180,true,M3,130B,DP-130B-02,T0020,delivering
145,7,35,28,270,false,,,,,return_home
145,8,39,25,180,true,M1,140B,DP-140B-03,T0031,delivering
146,1,35,25,180,true,M1,200B,DP-200B-03,T0026,unloading
146,2,11,25,270,true,M1,130B,DP-130B-03,T0029,delivering
146,3,40,21,90,false,,,,,return_home
146,4,48,26,90,false,,,,,return_home
146,5,40,27,180,true,M2,140B,DP-140B-01,T0013,delivering
146,6,8,25,180,true,M3,130B,DP-130B-02,T0020,delivering
146,7,36,28,270,false,,,,,return_home
146,8,38,25,180,true,M1,140B,DP-140B-03,T0031,delivering
147,1,36,25,180,false,,,,,return_home
147,2,11,24,270,true,M1,130B,DP-130B-03,T0029,delivering
147,3,41,21,90,false,,,,,return_home
147,4,49,26,90,false,,,,,return_home
147,5,39,27,180,true,M2,140B,DP-140B-01,T0013,delivering
147,6,8,25,180,true,M3,130B,DP-130B-02,T0020,unloading
147,7,37,28,270,false,,,,,return_home
147,8,38,24,270,true,M1,140B,DP-140B-03,T0031,delivering
148,1,37,25,180,false,,,,,return_home
148,2,11,23,270,true,M1,130B,DP-130B-03,T0029,delivering
148,3,42,21,90,false,,,,,return_home
148,4,50,26,90,false,,,,,return_home
148,5,38,27,180,true,M2,140B,DP-140B-01,T0013,delivering
148,6,8,25,180,true,M3,130B,DP-130B-02,T0020,unloading
148,7,38,28,270,false,,,,,return_home
148,8,38,23,270,true,M1,140B,DP-140B-03,T0031,delivering
149,1,38,25,180,false,,,,,return_home
149,2,11,22,270,true,M1,130B,DP-130B-03,T0029,delivering
149,3,43,21,90,false,,,,,return_home
149,4,49,26,180,false,,,,,to_pickup
149,5,37,27,180,true,M2,140B,DP-140B-01,T0013,delivering
149,6,9,25,180,false,,,,,return_home
149,7,39,28,270,false,,,,,return_home
149,8,38,22,270,true,M1,140B,DP-140B-03,T0031,delivering
150,1,39,25,180,false,,,,,return_home
150,2,11,21,270,true,M1,130B,DP-130B-03,T0029,delivering
150,3,43,22,90,false,,,,,return_home
150,4,48,26,180,false,,,,,to_pickup
150,5,36,27,180,true,M2,140B,DP-140B-01,T0013,delivering
150,6,10,25,180,false,,,,,return_home
150,7,40,28,270,false,,,,,return_home
150,8,38,21,270,true,M1,140B,DP-140B-03,T0031,delivering
151,1,40,25,180,false,,,,,return_home
151,2,10,21,180,true,M1,130B,DP-130B-03,T0029,delivering
151,3,43,23,90,false,,,,,return_home
151,4,48,25,270,false,,,,,to_pickup
151,5,35,27,180,true,M2,140B,DP-140B-01,T0013,delivering
151,6,11,25,180,false,,,,,return_home
151,7,41,28,270,false,,,,,return_home
151,8,37,21,180,true,M1,140B,DP-140B-03,T0031,delivering
152,1,41,25,180,false,,,,,return_home
152,2,9,21,180,true,M1,130B,DP-130B-03,T0029,delivering
152,3,43,24,90,false,,,,,return_home
152,4,47,25,180,false,,,,,to_pickup
152,5,34,27,180,true,M2,140B,DP-140B-01,T0013,delivering
152,6,12,25,180,false,,,,,return_home
152,7,42,28,270,false,,,,,return_home
152,8,36,21,180,true,M1,140B,DP-140B-03,T0031,delivering
153,1,42,25,180,false,,,,,return_home
153,2,8,21,180,true,M1,130B,DP-130B-03,T0029,delivering
153,3,44,24,90,false,,,,,return_home
153,4,46,25,180,false,,,,,to_pickup
153,5,33,27,180,true,M2,140B,DP-140B-01,T0013,delivering
153,6,13,25,180,false,,,,,return_home
153,7,43,28,270,false,,,,,return_home
153,8,35,21,180,true,M1,140B,DP-140B-03,T0031,delivering
154,1,43,25,180,false,,,,,return_home
154,2,8,20,270,true,M1,130B,DP-130B-03,T0029,delivering
154,3,45,24,90,false,,,,,return_home
154,4,46,25,180,false,,,,,loading
154,5,32,27,180,true,M2,140B,DP-140B-01,T0013,delivering
154,6,14,25,180,false,,,,,return_home
154,7,44,28,270,false,,,,,return_home
154,8,34,21,180,true,M1,140B,DP-140B-03,T0031,delivering
155,1,44,25,180,false,,,,,return_home
155,2,8,19,270,true,M1,130B,DP-130B-03,T0029,delivering
155,3,46,24,90,false,,,,,return_home
155,4,46,25,180,false,,,,,loading
155,5,31,27,180,true,M2,140B,DP-140B-01,T0013,delivering
155,6,15,25,180,false,,,,,return_home
155,7,45,28,270,false,,,,,return_home
155,8,33,21,180,true,M1,140B,DP-140B-03,T0031,delivering
156,1,45,25,180,false,,,,,return_home
156,2,8,18,270,true,M1,130B,DP-130B-03,T0029,delivering
156,3,47,24,90,false,,,,,return_home
156,4,46,26,90,true,M1,140C,DP-140C-01,T0014,delivering
156,5,30,27,180,true,M2,140B,DP-140B-01,T0013,delivering
156,6,16,25,180,false,,,,,return_home
156,7,46,28,270,false,,,,,return_home
156,8,32,21,180,true,M1,140B,DP-140B-03,T0031,delivering
157,1,45,24,270,false,,,,,return_home
157,2,8,17,270,true,M1,130B,DP-130B-03,T0029,delivering
157,3,47,25,90,false,,,,,return_home
157,4,45,26,180,true,M1,140C,DP-140C-01,T0014,delivering
157,5,29,27,180,true,M2,140B,DP-140B-01,T0013,delivering
157,6,17,25,180,false,,,,,return_home
157,7,47,28,270,false,,,,,return_home
157,8,31,21,180,true,M1,140B,DP-140B-03,T0031,delivering
158,1,46,24,270,false,,,,,return_home
158,2,8,17,270,true,M1,130B,DP-130B-03,T0029,unloading
158,3,48,25,90,false,,,,,return_home
158,4,44,26,180,true,M1,140C,DP-140C-01,T0014,delivering
158,5,28,27,180,true,M2,140B,DP-140B-01,T0013,delivering
158,6,18,25,180,false,,,,,return_home
158,7,47,27,270,false,,,,,return_home
158,8,30,21,180,true,M1,140B,DP-140B-03,T0031,delivering
159,1,47,24,270,false,,,,,return_home
159,2,8,17,270,true,M1,130B,DP-130B-03,T0029,unloading
159,3,48,26,90,false,,,,,return_home
159,4,43,26,180,true,M1,140C,DP-140C-01,T0014,delivering
159,5,27,27,180,true,M2,140B,DP-140B-01,T0013,delivering
159,6,19,25,180,false,,,,,return_home
159,7,48,27,270,false,,,,,return_home
159,8,29,21,180,true,M1,140B,DP-140B-03,T0031,delivering
160,1,47,25,90,false,,,,,return_home
160,2,8,18,90,false,,,,,return_home
160,3,49,26,90,false,,,,,return_home
160,4,42,26,180,true,M1,140C,DP-140C-01,T0014,delivering
160,5,26,27,180,true,M2,140B,DP-140B-01,T0013,delivering
160,6,20,25,180,false,,,,,return_home
160,7,48,26,270,false,,,,,return_home
160,8,28,21,180,true,M1,140B,DP-140B-03,T0031,delivering
161,1,48,25,90,false,,,,,return_home
161,2,8,19,90,false,,,,,return_home
161,3,50,26,90,false,,,,,return_home
161,4,41,26,180,true,M1,140C,DP-140C-01,T0014,delivering
161,5,25,27,180,true,M2,140B,DP-140B-01,T0013,delivering
161,6,21,25,180,false,,,,,return_home
161,7,49,26,270,false,,,,,return_home
161,8,27,21,180,true,M1,140B,DP-140B-03,T0031,delivering
162,1,48,26,90,false,,,,,return_home
162,2,8,20,90,false,,,,,return_home
162,3,49,26,180,false,,,,,to_pickup
162,4,40,26,180,true,M1,140C,DP-140C-01,T0014,delivering
162,5,24,27,180,true,M2,140B,DP-140B-01,T0013,delivering
162,6,22,25,180,false,,,,,return_home
162,7,50,26,270,false,,,,,return_home
162,8,26,21,180,true,M1,140B,DP-140B-03,T0031,delivering
163,1,49,26,90,false,,,,,return_home
163,2,8,21,90,false,,,,,return_home
163,3,49,25,270,false,,,,,to_pickup
163,4,39,26,180,true,M1,140C,DP-140C-01,T0014,delivering
163,5,23,27,180,true,M2,140B,DP-140B-01,T0013,delivering
163,6,23,25,180,false,,,,,return_home
163,7,50,27,90,false,,,,,to_pickup
163,8,25,21,180,true,M1,140B,DP-140B-03,T0031,delivering
164,1,50,26,90,false,,,,,return_home
164,2,9,21,90,false,,,,,return_home
164,3,48,25,180,false,,,,,to_pickup
164,4,38,26,180,true,M1,140C,DP-140C-01,T0014,delivering
164,5,22,27,180,true,M2,140B,DP-140B-01,T0013,delivering
164,6,24,25,180,false,,,,,return_home
164,7,49,27,180,false,,,,,to_pickup
164,8,24,21,180,true,M1,140B,DP-140B-03,T0031,delivering
165,1,49,26,180,false,,,,,to_pickup
165,2,10,21,90,false,,,,,return_home
165,3,47,25,180,false,,,,,to_pickup
165,4,37,26,180,true,M1,140C,DP-140C-01,T0014,delivering
165,5,21,27,180,true,M2,140B,DP-140B-01,T0013,delivering
165,6,25,25,180,false,,,,,return_home
165,7,48,27,180,false,,,,,to_pickup
165,8,23,21,180,true,M1,140B,DP-140B-03,T0031,delivering
166,1,48,26,180,false,,,,,to_pickup
166,2,11,21,90,false,,,,,return_home
166,3,46,25,180,false,,,,,to_pickup
166,4,36,26,180,true,M1,140C,DP-140C-01,T0014,delivering
166,5,20,27,180,true,M2,140B,DP-140B-01,T0013,delivering
166,6,26,25,180,false,,,,,return_home
166,7,47,27,180,false,,,,,to_pickup
166,8,22,21,180,true,M1,140B,DP-140B-03,T0031,delivering
167,1,48,25,270,false,,,,,to_pickup
167,2,12,21,90,false,,,,,return_home
167,3,46,25,180,false,,,,,loading
167,4,35,26,180,true,M1,140C,DP-140C-01,T0014,delivering
167,5,19,27,180,true,M2,140B,DP-140B-01,T0013,delivering
167,6,27,25,180,false,,,,,return_home
167,7,46,27,180,false,,,,,to_pickup
167,8,21,21,180,true,M1,140B,DP-140B-03,T0031,delivering
168,1,47,25,180,false,,,,,to_pickup
168,2,13,21,90,false,,,,,return_home
168,3,46,25,180,false,,,,,loading
168,4,34,26,180,true,M1,140C,DP-140C-01,T0014,delivering
168,5,18,27,180,true,M2,140B,DP-140B-01,T0013,delivering
168,6,28,25,180,false,,,,,return_home
168,7,46,27,180,false,,,,,loading
168,8,20,21,180,true,M1,140B,DP-140B-03,T0031,delivering
169,1,46,25,180,false,,,,,to_pickup
169,2,14,21,90,false,,,,,return_home
169,3,45,25,180,true,M2,140A,DP-140A-02,T0021,delivering
169,4,33,26,180,true,M1,140C,DP-140C-01,T0014,delivering
169,5,17,27,180,true,M2,140B,DP-140B-01,T0013,delivering
169,6,29,25,180,false,,,,,return_home
169,7,46,27,180,false,,,,,loading
169,8,19,21,180,true,M1,140B,DP-140B-03,T0031,delivering
170,1,46,25,180,false,,,,,loading
170,2,15,21,90,false,,,,,return_home
170,3,44,25,180,true,M2,140A,DP-140A-02,T0021,delivering
170,4,32,26,180,true,M1,140C,DP-140C-01,T0014,delivering
170,5,16,27,180,true,M2,140B,DP-140B-01,T0013,delivering
170,6,30,25,180,false,,,,,return_home
170,7,45,27,180,true,M1,130B,DP-130B-01,T0011,delivering
170,8,18,21,180,true,M1,140B,DP-140B-03,T0031,delivering
171,1,46,25,180,false,,,,,loading
171,2,16,21,90,false,,,,,return_home
171,3,43,25,180,true,M2,140A,DP-140A-02,T0021,delivering
171,4,31,26,180,true,M1,140C,DP-140C-01,T0014,delivering
171,5,16,28,90,true,M2,140B,DP-140B-01,T0013,delivering
171,6,31,25,180,false,,,,,return_home
171,7,44,27,180,true,M1,130B,DP-130B-01,T0011,delivering
171,8,17,21,180,true,M1,140B,DP-140B-03,T0031,delivering
172,1,45,25,180,true,M5,150,DP-150-02,T0024,delivering
172,2,17,21,90,false,,,,,return_home
172,3,42,25,180,true,M2,140A,DP-140A-02,T0021,delivering
172,4,30,26,180,true,M1,140C,DP-140C-01,T0014,delivering
172,5,16,29,90,true,M2,140B,DP-140B-01,T0013,delivering
172,6,32,25,180,false,,,,,return_home
172,7,43,27,180,true,M1,130B,DP-130B-01,T0011,delivering
172,8,17,20,270,true,M1,140B,DP-140B-03,T0031,delivering
173,1,44,25,180,true,M5,150,DP-150-02,T0024,delivering
173,2,18,21,90,false,,,,,return_home
173,3,41,25,180,true,M2,140A,DP-140A-02,T0021,delivering
173,4,29,26,180,true,M1,140C,DP-140C-01,T0014,delivering
173,5,16,29,90,true,M2,140B,DP-140B-01,T0013,unloading
173,6,33,25,180,false,,,,,return_home
173,7,42,27,180,true,M1,130B,DP-130B-01,T0011,delivering
173,8,16,20,180,true,M1,140B,DP-140B-03,T0031,delivering
174,1,43,25,180,true,M5,150,DP-150-02,T0024,delivering
174,2,19,21,90,false,,,,,return_home
174,3,40,25,180,true,M2,140A,DP-140A-02,T0021,delivering
174,4,28,26,180,true,M1,140C,DP-140C-01,T0014,delivering
174,5,16,29,90,true,M2,140B,DP-140B-01,T0013,unloading
174,6,34,25,180,false,,,,,return_home
174,7,41,27,180,true,M1,130B,DP-130B-01,T0011,delivering
174,8,16,19,270,true,M1,140B,DP-140B-03,T0031,delivering
175,1,42,25,180,true,M5,150,DP-150-02,T0024,delivering
175,2,20,21,90,false,,,,,return_home
175,3,39,25,180,true,M2,140A,DP-140A-02,T0021,delivering
175,4,27,26,180,true,M1,140C,DP-140C-01,T0014,delivering
175,5,16,28,270,false,,,,,return_home
175,6,35,25,180,false,,,,,return_home
175,7,40,27,180,true,M1,130B,DP-130B-01,T0011,delivering
175,8,16,18,270,true,M1,140B,DP-140B-03,T0031,delivering
176,1,41,25,180,true,M5,150,DP-150-02,T0024,delivering
176,2,21,21,90,false,,,,,return_home
176,3,38,25,180,true,M2,140A,DP-140A-02,T0021,delivering
176,4,26,26,180,true,M1,140C,DP-140C-01,T0014,delivering
176,5,17,28,270,false,,,,,return_home
176,6,36,25,180,false,,,,,return_home
176,7,39,27,180,true,M1,130B,DP-130B-01,T0011,delivering
176,8,16,17,270,true,M1,140B,DP-140B-03,T0031,delivering
177,1,40,25,180,true,M5,150,DP-150-02,T0024,delivering
177,2,22,21,90,false,,,,,return_home
177,3,38,26,90,true,M2,140A,DP-140A-02,T0021,delivering
177,4,25,26,180,true,M1,140C,DP-140C-01,T0014,delivering
177,5,18,28,270,false,,,,,return_home
177,6,37,25,180,false,,,,,return_home
177,7,38,27,180,true,M1,130B,DP-130B-01,T0011,delivering
177,8,16,17,270,true,M1,140B,DP-140B-03,T0031,unloading
178,1,39,25,180,true,M5,150,DP-150-02,T0024,delivering
178,2,23,21,90,false,,,,,return_home
178,3,37,26,180,true,M2,140A,DP-140A-02,T0021,delivering
178,4,24,26,180,true,M1,140C,DP-140C-01,T0014,delivering
178,5,19,28,270,false,,,,,return_home
178,6,38,25,180,false,,,,,return_home
178,7,37,27,180,true,M1,130B,DP-130B-01,T0011,delivering
178,8,16,17,270,true,M1,140B,DP-140B-03,T0031,unloading
179,1,39,26,90,true,M5,150,DP-150-02,T0024,delivering
179,2,24,21,90,false,,,,,return_home
179,3,36,26,180,true,M2,140A,DP-140A-02,T0021,delivering
179,4,23,26,180,true,M1,140C,DP-140C-01,T0014,delivering
179,5,20,28,270,false,,,,,return_home
179,6,39,25,180,false,,,,,return_home
179,7,36,27,180,true,M1,130B,DP-130B-01,T0011,delivering
179,8,16,18,90,false,,,,,return_home
180,1,38,26,180,true,M5,150,DP-150-02,T0024,delivering
180,2,25,21,90,false,,,,,return_home
180,3,35,26,180,true,M2,140A,DP-140A-02,T0021,delivering
180,4,22,26,180,true,M1,140C,DP-140C-01,T0014,delivering
180,5,21,28,270,false,,,,,return_home
180,6,40,25,180,false,,,,,return_home
180,7,35,27,180,true,M1,130B,DP-130B-01,T0011,delivering
180,8,16,19,90,false,,,,,return_home
181,1,37,26,180,true,M5,150,DP-150-02,T0024,delivering
181,2,26,21,90,false,,,,,return_home
181,3,34,26,180,true,M2,140A,DP-140A-02,T0021,delivering
181,4,21,26,180,true,M1,140C,DP-140C-01,T0014,delivering
181,5,22,28,270,false,,,,,return_home
181,6,41,25,180,false,,,,,return_home
181,7,34,27,180,true,M1,130B,DP-130B-01,T0011,delivering
181,8,16,20,90,false,,,,,return_home
182,1,36,26,180,true,M5,150,DP-150-02,T0024,delivering
182,2,27,21,90,false,,,,,return_home
182,3,33,26,180,true,M2,140A,DP-140A-02,T0021,delivering
182,4,20,26,180,true,M1,140C,DP-140C-01,T0014,delivering
182,5,23,28,270,false,,,,,return_home
182,6,42,25,180,false,,,,,return_home
182,7,33,27,180,true,M1,130B,DP-130B-01,T0011,delivering
182,8,16,21,90,false,,,,,return_home
183,1,35,26,180,true,M5,150,DP-150-02,T0024,delivering
183,2,28,21,90,false,,,,,return_home
183,3,32,26,180,true,M2,140A,DP-140A-02,T0021,delivering
183,4,20,27,90,true,M1,140C,DP-140C-01,T0014,delivering
183,5,24,28,270,false,,,,,return_home
183,6,43,25,180,false,,,,,return_home
183,7,32,27,180,true,M1,130B,DP-130B-01,T0011,delivering
183,8,17,21,90,false,,,,,return_home
184,1,34,26,180,true,M5,150,DP-150-02,T0024,delivering
184,2,29,21,90,false,,,,,return_home
184,3,31,26,180,true,M2,140A,DP-140A-02,T0021,delivering
184,4,20,28,90,true,M1,140C,DP-140C-01,T0014,delivering
184,5,25,28,270,false,,,,,return_home
184,6,44,25,180,false,,,,,return_home
184,7,31,27,180,true,M1,130B,DP-130B-01,T0011,delivering
184,8,18,21,90,false,,,,,return_home
185,1,33,26,180,true,M5,150,DP-150-02,T0024,delivering
185,2,30,21,90,false,,,,,return_home
185,3,30,26,180,true,M2,140A,DP-140A-02,T0021,delivering
185,4,20,29,90,true,M1,140C,DP-140C-01,T0014,delivering
185,5,26,28,270,false,,,,,return_home
185,6,45,25,180,false,,,,,return_home
185,7,30,27,180,true,M1,130B,DP-130B-01,T0011,delivering
185,8,19,21,90,false,,,,,return_home
186,1,32,26,180,true,M5,150,DP-150-02,T0024,delivering
186,2,31,21,90,false,,,,,return_home
186,3,29,26,180,true,M2,140A,DP-140A-02,T0021,delivering
186,4,20,29,90,true,M1,140C,DP-140C-01,T0014,unloading
186,5,27,28,270,false,,,,,return_home
186,6,45,24,270,false,,,,,return_home
186,7,29,27,180,true,M1,130B,DP-130B-01,T0011,delivering
186,8,20,21,90,false,,,,,return_home
187,1,31,26,180,true,M5,150,DP-150-02,T0024,delivering
187,2,32,21,90,false,,,,,return_home
187,3,28,26,180,true,M2,140A,DP-140A-02,T0021,delivering
187,4,20,29,90,true,M1,140C,DP-140C-01,T0014,unloading
187,5,28,28,270,false,,,,,return_home
187,6,46,24,270,false,,,,,return_home
187,7,28,27,180,true,M1,130B,DP-130B-01,T0011,delivering
187,8,21,21,90,false,,,,,return_home
188,1,30,26,180,true,M5,150,DP-150-02,T0024,delivering
188,2,33,21,90,false,,,,,return_home
188,3,27,26,180,true,M2,140A,DP-140A-02,T0021,delivering
188,4,20,28,270,false,,,,,return_home
188,5,29,28,270,false,,,,,return_home
188,6,47,24,270,false,,,,,return_home
188,7,27,27,180,true,M1,130B,DP-130B-01,T0011,delivering
188,8,22,21,90,false,,,,,return_home
189,1,29,26,180,true,M5,150,DP-150-02,T0024,delivering
189,2,34,21,90,false,,,,,return_home
189,3,26,26,180,true,M2,140A,DP-140A-02,T0021,delivering
189,4,21,28,270,false,,,,,return_home
189,5,30,28,270,false,,,,,return_home
189,6,47,25,90,false,,,,,return_home
189,7,26,27,180,true,M1,130B,DP-130B-01,T0011,delivering
189,8,23,21,90,false,,,,,return_home
190,1,28,26,180,true,M5,150,DP-150-02,T0024,delivering
190,2,35,21,90,false,,,,,return_home
190,3,25,26,180,true,M2,140A,DP-140A-02,T0021,delivering
190,4,22,28,270,false,,,,,return_home
190,5,31,28,270,false,,,,,return_home
190,6,48,25,90,false,,,,,return_home
190,7,25,27,180,true,M1,130B,DP-130B-01,T0011,delivering
190,8,24,21,90,false,,,,,return_home
191,1,27,26,180,true,M5,150,DP-150-02,T0024,delivering
191,2,36,21,90,false,,,,,return_home
191,3,24,26,180,true,M2,140A,DP-140A-02,T0021,delivering
191,4,23,28,270,false,,,,,return_home
191,5,32,28,270,false,,,,,return_home
191,6,48,26,90,false,,,,,return_home
191,7,24,27,180,true,M1,130B,DP-130B-01,T0011,delivering
191,8,25,21,90,false,,,,,return_home
192,1,26,26,180,true,M5,150,DP-150-02,T0024,delivering
192,2,37,21,90,false,,,,,return_home
192,3,23,26,180,true,M2,140A,DP-140A-02,T0021,delivering
192,4,24,28,270,false,,,,,return_home
192,5,33,28,270,false,,,,,return_home
192,6,49,26,90,false,,,,,return_home
192,7,23,27,180,true,M1,130B,DP-130B-01,T0011,delivering
192,8,26,21,90,false,,,,,return_home
193,1,25,26,180,true,M5,150,DP-150-02,T0024,delivering
193,2,38,21,90,false,,,,,return_home
193,3,22,26,180,true,M2,140A,DP-140A-02,T0021,delivering
193,4,25,28,270,false,,,,,return_home
193,5,34,28,270,false,,,,,return_home
193,6,50,26,90,false,,,,,return_home
193,7,22,27,180,true,M1,130B,DP-130B-01,T0011,delivering
193,8,27,21,90,false,,,,,return_home
194,1,24,26,180,true,M5,150,DP-150-02,T0024,delivering
194,2,39,21,90,false,,,,,return_home
194,3,21,26,180,true,M2,140A,DP-140A-02,T0021,delivering
194,4,26,28,270,false,,,,,return_home
194,5,35,28,270,false,,,,,return_home
194,6,49,26,180,false,,,,,to_pickup
194,7,21,27,180,true,M1,130B,DP-130B-01,T0011,delivering
194,8,28,21,90,false,,,,,return_home
195,1,24,25,270,true,M5,150,DP-150-02,T0024,delivering
195,2,40,21,90,false,,,,,return_home
195,3,20,26,180,true,M2,140A,DP-140A-02,T0021,delivering
195,4,27,28,270,false,,,,,return_home
195,5,36,28,270,false,,,,,return_home
195,6,48,26,180,false,,,,,to_pickup
195,7,20,27,180,true,M1,130B,DP-130B-01,T0011,delivering
195,8,29,21,90,false,,,,,return_home
196,1,24,25,270,true,M5,150,DP-150-02,T0024,unloading
196,2,41,21,90,false,,,,,return_home
196,3,19,26,180,true,M2,140A,DP-140A-02,T0021,delivering
196,4,28,28,270,false,,,,,return_home
196,5,37,28,270,false,,,,,return_home
196,6,48,25,270,false,,,,,to_pickup
196,7,19,27,180,true,M1,130B,DP-130B-01,T0011,delivering
196,8,30,21,90,false,,,,,return_home
197,1,24,25,270,true,M5,150,DP-150-02,T0024,unloading
197,2,42,21,90,false,,,,,return_home
197,3,18,26,180,true,M2,140A,DP-140A-02,T0021,delivering
197,4,29,28,270,false,,,,,return_home
197,5,38,28,270,false,,,,,return_home
197,6,47,25,180,false,,,,,to_pickup
197,7,18,27,180,true,M1,130B,DP-130B-01,T0011,delivering
197,8,31,21,90,false,,,,,return_home
198,1,25,25,270,false,,,,,return_home
198,2,43,21,90,false,,,,,return_home
198,3,17,26,180,true,M2,140A,DP-140A-02,T0021,delivering
198,4,30,28,270,false,,,,,return_home
198,5,39,28,270,false,,,,,return_home
198,6,46,25,180,false,,,,,to_pickup
198,7,17,27,180,true,M1,130B,DP-130B-01,T0011,delivering
198,8,32,21,90,false,,,,,return_home
199,1,26,25,270,false,,,,,return_home
199,2,43,22,90,false,,,,,return_home
199,3,16,26,180,true,M2,140A,DP-140A-02,T0021,delivering
199,4,31,28,270,false,,,,,return_home
199,5,40,28,270,false,,,,,return_home
199,6,46,25,180,false,,,,,loading
199,7,16,27,180,true,M1,130B,DP-130B-01,T0011,delivering
199,8,33,21,90,false,,,,,return_home
200,1,27,25,270,false,,,,,return_home
200,2,43,23,90,false,,,,,return_home
200,3,15,26,180,true,M2,140A,DP-140A-02,T0021,delivering
200,4,32,28,270,false,,,,,return_home
200,5,41,28,270,false,,,,,return_home
200,6,46,25,180,false,,,,,loading
200,7,15,27,180,true,M1,130B,DP-130B-01,T0011,delivering
200,8,34,21,90,false,,,,,return_home
201,1,28,25,270,false,,,,,return_home
201,2,43,24,90,false,,,,,return_home
201,3,14,26,180,true,M2,140A,DP-140A-02,T0021,delivering
201,4,33,28,270,false,,,,,return_home
201,5,42,28,270,false,,,,,return_home
201,6,45,25,180,true,M2,130A,DP-130A-02,T0019,delivering
201,7,14,27,180,true,M1,130B,DP-130B-01,T0011,delivering
201,8,35,21,90,false,,,,,return_home
202,1,29,25,270,false,,,,,return_home
202,2,44,24,90,false,,,,,return_home
202,3,13,26,180,true,M2,140A,DP-140A-02,T0021,delivering
202,4,34,28,270,false,,,,,return_home
202,5,43,28,270,false,,,,,return_home
202,6,44,25,180,true,M2,130A,DP-130A-02,T0019,delivering
202,7,13,27,180,true,M1,130B,DP-130B-01,T0011,delivering
202,8,36,21,90,false,,,,,return_home
203,1,30,25,270,false,,,,,return_home
203,2,45,24,90,false,,,,,return_home
203,3,12,26,180,true,M2,140A,DP-140A-02,T0021,delivering
203,4,35,28,270,false,,,,,return_home
203,5,44,28,270,false,,,,,return_home
203,6,43,25,180,true,M2,130A,DP-130A-02,T0019,delivering
203,7,12,27,180,true,M1,130B,DP-130B-01,T0011,delivering
203,8,37,21,90,false,,,,,return_home
204,1,31,25,270,false,,,,,return_home
204,2,46,24,90,false,,,,,return_home
204,3,12,25,270,true,M2,140A,DP-140A-02,T0021,delivering
204,4,36,28,270,false,,,,,return_home
204,5,45,28,270,false,,,,,return_home
204,6,42,25,180,true,M2,130A,DP-130A-02,T0019,delivering
204,7,11,27,180,true,M1,130B,DP-130B-01,T0011,delivering
204,8,38,21,90,false,,,,,return_home
205,1,32,25,270,false,,,,,return_home
205,2,47,24,90,false,,,,,return_home
205,3,12,25,270,true,M2,140A,DP-140A-02,T0021,unloading
205,4,37,28,270,false,,,,,return_home
205,5,46,28,270,false,,,,,return_home
205,6,41,25,180,true,M2,130A,DP-130A-02,T0019,delivering
205,7,10,27,180,true,M1,130B,DP-130B-01,T0011,delivering
205,8,39,21,90,false,,,,,return_home
206,1,33,25,270,false,,,,,return_home
206,2,47,25,90,false,,,,,return_home
206,3,12,25,270,true,M2,140A,DP-140A-02,T0021,unloading
206,4,38,28,270,false,,,,,return_home
206,5,47,28,270,false,,,,,return_home
206,6,40,25,180,true,M2,130A,DP-130A-02,T0019,delivering
206,7,9,27,180,true,M1,130B,DP-130B-01,T0011,delivering
206,8,40,21,90,false,,,,,return_home
207,1,34,25,270,false,,,,,return_home
207,2,48,25,90,false,,,,,return_home
207,3,13,25,270,false,,,,,return_home
207,4,39,28,270,false,,,,,return_home
207,5,47,27,270,false,,,,,return_home
207,6,39,25,180,true,M2,130A,DP-130A-02,T0019,delivering
207,7,8,27,180,true,M1,130B,DP-130B-01,T0011,delivering
207,8,41,21,90,false,,,,,return_home
208,1,35,25,270,false,,,,,return_home
208,2,48,26,90,false,,,,,return_home
208,3,14,25,270,false,,,,,return_home
208,4,40,28,270,false,,,,,return_home
208,5,48,27,270,false,,,,,return_home
208,6,38,25,180,true,M2,130A,DP-130A-02,T0019,delivering
208,7,8,28,90,true,M1,130B,DP-130B-01,T0011,delivering
208,8,42,21,90,false,,,,,return_home
209,1,36,25,270,false,,,,,return_home
209,2,49,26,90,false,,,,,return_home
209,3,15,25,270,false,,,,,return_home
209,4,41,28,270,false,,,,,return_home
209,5,48,26,270,false,,,,,return_home
209,6,37,25,180,true,M2,130A,DP-130A-02,T0019,delivering
209,7,8,29,90,true,M1,130B,DP-130B-01,T0011,delivering
209,8,43,21,90,false,,,,,return_home
210,1,37,25,270,false,,,,,return_home
210,2,50,26,90,false,,,,,return_home
210,3,16,25,270,false,,,,,return_home
210,4,42,28,270,false,,,,,return_home
210,5,49,26,270,false,,,,,return_home
210,6,37,26,90,true,M2,130A,DP-130A-02,T0019,delivering
210,7,8,29,90,true,M1,130B,DP-130B-01,T0011,unloading
210,8,43,22,90,false,,,,,return_home
211,1,38,25,270,false,,,,,return_home
211,2,49,26,180,false,,,,,to_pickup
211,3,17,25,270,false,,,,,return_home
211,4,43,28,270,false,,,,,return_home
211,5,50,26,270,false,,,,,return_home
211,6,36,26,180,true,M2,130A,DP-130A-02,T0019,delivering
211,7,8,29,90,true,M1,130B,DP-130B-01,T0011,unloading
211,8,43,23,90,false,,,,,return_home
212,1,39,25,270,false,,,,,return_home
212,2,48,26,180,false,,,,,to_pickup
212,3,18,25,270,false,,,,,return_home
212,4,44,28,270,false,,,,,return_home
212,5,49,26,180,false,,,,,to_pickup
212,6,35,26,180,true,M2,130A,DP-130A-02,T0019,delivering
212,7,8,28,270,false,,,,,return_home
212,8,43,24,90,false,,,,,return_home
213,1,40,25,270,false,,,,,return_home
213,2,48,25,270,false,,,,,to_pickup
213,3,19,25,270,false,,,,,return_home
213,4,45,28,270,false,,,,,return_home
213,5,48,26,180,false,,,,,to_pickup
213,6,34,26,180,true,M2,130A,DP-130A-02,T0019,delivering
213,7,9,28,270,false,,,,,return_home
213,8,44,24,90,false,,,,,return_home
214,1,41,25,270,false,,,,,return_home
214,2,47,25,180,false,,,,,to_pickup
214,3,20,25,270,false,,,,,return_home
214,4,46,28,270,false,,,,,return_home
214,5,48,27,90,false,,,,,to_pickup
214,6,33,26,180,true,M2,130A,DP-130A-02,T0019,delivering
214,7,10,28,270,false,,,,,return_home
214,8,45,24,90,false,,,,,return_home
215,1,42,25,270,false,,,,,return_home
215,2,46,25,180,false,,,,,to_pickup
215,3,21,25,270,false,,,,,return_home
215,4,47,28,270,false,,,,,return_home
215,5,47,27,180,false,,,,,to_pickup
215,6,32,26,180,true,M2,130A,DP-130A-02,T0019,delivering
215,7,11,28,270,false,,,,,return_home
215,8,46,24,90,false,,,,,return_home
216,1,43,25,270,false,,,,,return_home
216,2,46,25,180,false,,,,,loading
216,3,22,25,270,false,,,,,return_home
216,4,47,27,270,false,,,,,return_home
216,5,46,27,180,false,,,,,to_pickup
216,6,31,26,180,true,M2,130A,DP-130A-02,T0019,delivering
216,7,12,28,270,false,,,,,return_home
216,8,47,24,90,false,,,,,return_home
217,1,44,25,270,false,,,,,return_home
217,2,46,25,180,false,,,,,loading
217,3,23,25,270,false,,,,,return_home
217,4,48,27,270,false,,,,,return_home
217,5,46,27,180,false,,,,,loading
217,6,30,26,180,true,M2,130A,DP-130A-02,T0019,delivering
217,7,13,28,270,false,,,,,return_home
217,8,47,25,90,false,,,,,return_home
218,1,45,25,270,false,,,,,return_home
218,2,46,26,90,true,M4,209B,DP-209B-01,T0005,delivering
218,3,24,25,270,false,,,,,return_home
218,4,48,26,270,false,,,,,return_home
218,5,46,27,180,false,,,,,loading
218,6,29,26,180,true,M2,130A,DP-130A-02,T0019,delivering
218,7,14,28,270,false,,,,,return_home
218,8,48,25,90,false,,,,,return_home
219,1,45,24,270,false,,,,,return_home
219,2,45,26,180,true,M4,209B,DP-209B-01,T0005,delivering
219,3,25,25,270,false,,,,,return_home
219,4,49,26,270,false,,,,,return_home
219,5,45,27,180,true,M1,209D,DP-209D-01,T0003,delivering
219,6,28,26,180,true,M2,130A,DP-130A-02,T0019,delivering
219,7,15,28,270,false,,,,,return_home
219,8,48,26,90,false,,,,,return_home
220,1,46,24,270,false,,,,,return_home
220,2,44,26,180,true,M4,209B,DP-209B-01,T0005,delivering
220,3,26,25,270,false,,,,,return_home
220,4,50,26,270,false,,,,,return_home
220,5,44,27,180,true,M1,209D,DP-209D-01,T0003,delivering
220,6,27,26,180,true,M2,130A,DP-130A-02,T0019,delivering
220,7,16,28,270,false,,,,,return_home
220,8,49,26,90,false,,,,,return_home
221,1,47,24,270,false,,,,,return_home
221,2,43,26,180,true,M4,209B,DP-209B-01,T0005,delivering
221,3,27,25,270,false,,,,,return_home
221,4,49,26,180,false,,,,,to_pickup
221,5,43,27,180,true,M1,209D,DP-209D-01,T0003,delivering
221,6,26,26,180,true,M2,130A,DP-130A-02,T0019,delivering
221,7,17,28,270,false,,,,,return_home
221,8,50,26,90,false,,,,,return_home
222,1,47,25,90,false,,,,,return_home
222,2,42,26,180,true,M4,209B,DP-209B-01,T0005,delivering
222,3,28,25,270,false,,,,,return_home
222,4,48,26,180,false,,,,,to_pickup
222,5,42,27,180,true,M1,209D,DP-209D-01,T0003,delivering
222,6,25,26,180,true,M2,130A,DP-130A-02,T0019,delivering
222,7,18,28,270,false,,,,,return_home
222,8,49,26,180,false,,,,,to_pickup
223,1,48,25,90,false,,,,,return_home
223,2,41,26,180,true,M4,209B,DP-209B-01,T0005,delivering
223,3,29,25,270,false,,,,,return_home
223,4,48,27,90,false,,,,,to_pickup
223,5,41,27,180,true,M1,209D,DP-209D-01,T0003,delivering
223,6,24,26,180,true,M2,130A,DP-130A-02,T0019,delivering
223,7,19,28,270,false,,,,,return_home
223,8,49,25,270,false,,,,,to_pickup
224,1,48,26,90,false,,,,,return_home
224,2,40,26,180,true,M4,209B,DP-209B-01,T0005,delivering
224,3,30,25,270,false,,,,,return_home
224,4,47,27,180,false,,,,,to_pickup
224,5,40,27,180,true,M1,209D,DP-209D-01,T0003,delivering
224,6,23,26,180,true,M2,130A,DP-130A-02,T0019,delivering
224,7,20,28,270,false,,,,,return_home
224,8,48,25,180,false,,,,,to_pickup
225,1,49,26,90,false,,,,,return_home
225,2,39,26,180,true,M4,209B,DP-209B-01,T0005,delivering
225,3,31,25,270,false,,,,,return_home
225,4,46,27,180,false,,,,,to_pickup
225,5,39,27,180,true,M1,209D,DP-209D-01,T0003,delivering
225,6,22,26,180,true,M2,130A,DP-130A-02,T0019,delivering
225,7,21,28,270,false,,,,,return_home
225,8,47,25,180,false,,,,,to_pickup
226,1,50,26,90,false,,,,,return_home
226,2,38,26,180,true,M4,209B,DP-209B-01,T0005,delivering
226,3,32,25,270,false,,,,,return_home
226,4,46,27,180,false,,,,,loading
226,5,38,27,180,true,M1,209D,DP-209D-01,T0003,delivering
226,6,21,26,180,true,M2,130A,DP-130A-02,T0019,delivering
226,7,22,28,270,false,,,,,return_home
226,8,46,25,180,false,,,,,to_pickup
227,1,49,26,180,false,,,,,to_pickup
227,2,37,26,180,true,M4,209B,DP-209B-01,T0005,delivering
227,3,33,25,270,false,,,,,return_home
227,4,46,27,180,false,,,,,loading
227,5,37,27,180,true,M1,209D,DP-209D-01,T0003,delivering
227,6,20,26,180,true,M2,130A,DP-130A-02,T0019,delivering
227,7,23,28,270,false,,,,,return_home
227,8,46,25,180,false,,,,,loading
228,1,48,26,180,false,,,,,to_pickup
228,2,36,26,180,true,M4,209B,DP-209B-01,T0005,delivering
228,3,34,25,270,false,,,,,return_home
228,4,45,27,180,true,M5,140A,DP-140A-01,T0012,delivering
228,5,36,27,180,true,M1,209D,DP-209D-01,T0003,delivering
228,6,19,26,180,true,M2,130A,DP-130A-02,T0019,delivering
228,7,24,28,270,false,,,,,return_home
228,8,46,25,180,false,,,,,loading
229,1,48,25,270,false,,,,,to_pickup
229,2,35,26,180,true,M4,209B,DP-209B-01,T0005,delivering
229,3,35,25,270,false,,,,,return_home
229,4,44,27,180,true,M5,140A,DP-140A-01,T0012,delivering
229,5,35,27,180,true,M1,209D,DP-209D-01,T0003,delivering
229,6,18,26,180,true,M2,130A,DP-130A-02,T0019,delivering
229,7,25,28,270,false,,,,,return_home
229,8,45,25,180,true,M4,130A,DP-130A-01,T0010,delivering
230,1,47,25,180,false,,,,,to_pickup
230,2,34,26,180,true,M4,209B,DP-209B-01,T0005,delivering
230,3,36,25,270,false,,,,,return_home
230,4,43,27,180,true,M5,140A,DP-140A-01,T0012,delivering
230,5,34,27,180,true,M1,209D,DP-209D-01,T0003,delivering
230,6,17,26,180,true,M2,130A,DP-130A-02,T0019,delivering
230,7,26,28,270,false,,,,,return_home
230,8,44,25,180,true,M4,130A,DP-130A-01,T0010,delivering
231,1,46,25,180,false,,,,,to_pickup
231,2,33,26,180,true,M4,209B,DP-209B-01,T0005,delivering
231,3,37,25,270,false,,,,,return_home
231,4,42,27,180,true,M5,140A,DP-140A-01,T0012,delivering
231,5,33,27,180,true,M1,209D,DP-209D-01,T0003,delivering
231,6,16,26,180,true,M2,130A,DP-130A-02,T0019,delivering
231,7,27,28,270,false,,,,,return_home
231,8,43,25,180,true,M4,130A,DP-130A-01,T0010,delivering
232,1,46,25,180,false,,,,,loading
232,2,33,27,90,true,M4,209B,DP-209B-01,T0005,delivering
232,3,38,25,270,false,,,,,return_home
232,4,41,27,180,true,M5,140A,DP-140A-01,T0012,delivering
232,5,32,27,180,true,M1,209D,DP-209D-01,T0003,delivering
232,6,15,26,180,true,M2,130A,DP-130A-02,T0019,delivering
232,7,28,28,270,false,,,,,return_home
232,8,42,25,180,true,M4,130A,DP-130A-01,T0010,delivering
233,1,46,25,180,false,,,,,loading
233,2,33,28,90,true,M4,209B,DP-209B-01,T0005,delivering
233,3,39,25,270,false,,,,,return_home
233,4,40,27,180,true,M5,140A,DP-140A-01,T0012,delivering
233,5,31,27,180,true,M1,209D,DP-209D-01,T0003,delivering
233,6,14,26,180,true,M2,130A,DP-130A-02,T0019,delivering
233,7,29,28,270,false,,,,,return_home
233,8,41,25,180,true,M4,130A,DP-130A-01,T0010,delivering
234,1,45,25,180,true,M1,140A,DP-140A-03,T0030,delivering
234,2,33,29,90,true,M4,209B,DP-209B-01,T0005,delivering
234,3,40,25,270,false,,,,,return_home
234,4,39,27,180,true,M5,140A,DP-140A-01,T0012,delivering
234,5,30,27,180,true,M1,209D,DP-209D-01,T0003,delivering
234,6,13,26,180,true,M2,130A,DP-130A-02,T0019,delivering
234,7,30,28,270,false,,,,,return_home
234,8,41,26,90,true,M4,130A,DP-130A-01,T0010,delivering
235,1,44,25,180,true,M1,140A,DP-140A-03,T0030,delivering
235,2,33,30,90,true,M4,209B,DP-209B-01,T0005,delivering
235,3,41,25,270,false,,,,,return_home
235,4,38,27,180,true,M5,140A,DP-140A-01,T0012,delivering
235,5,29,27,180,true,M1,209D,DP-209D-01,T0003,delivering
235,6,12,26,180,true,M2,130A,DP-130A-02,T0019,delivering
235,7,31,28,270,false,,,,,return_home
235,8,40,26,180,true,M4,130A,DP-130A-01,T0010,delivering
236,1,43,25,180,true,M1,140A,DP-140A-03,T0030,delivering
236,2,33,31,90,true,M4,209B,DP-209B-01,T0005,delivering
236,3,42,25,270,false,,,,,return_home
236,4,37,27,180,true,M5,140A,DP-140A-01,T0012,delivering
236,5,28,27,180,true,M1,209D,DP-209D-01,T0003,delivering
236,6,11,26,180,true,M2,130A,DP-130A-02,T0019,delivering
236,7,32,28,270,false,,,,,return_home
236,8,39,26,180,true,M4,130A,DP-130A-01,T0010,delivering
237,1,43,24,270,true,M1,140A,DP-140A-03,T0030,delivering
237,2,33,32,90,true,M4,209B,DP-209B-01,T0005,delivering
237,3,43,25,270,false,,,,,return_home
237,4,36,27,180,true,M5,140A,DP-140A-01,T0012,delivering
237,5,27,27,180,true,M1,209D,DP-209D-01,T0003,delivering
237,6,10,26,180,true,M2,130A,DP-130A-02,T0019,delivering
237,7,33,28,270,false,,,,,return_home
237,8,38,26,180,true,M4,130A,DP-130A-01,T0010,delivering
238,1,43,23,270,true,M1,140A,DP-140A-03,T0030,delivering
238,2,33,33,90,true,M4,209B,DP-209B-01,T0005,delivering
238,3,44,25,270,false,,,,,return_home
238,4,35,27,180,true,M5,140A,DP-140A-01,T0012,delivering
238,5,26,27,180,true,M1,209D,DP-209D-01,T0003,delivering
238,6,9,26,180,true,M2,130A,DP-130A-02,T0019,delivering
238,7,34,28,270,false,,,,,return_home
238,8,37,26,180,true,M4,130A,DP-130A-01,T0010,delivering
239,1,43,22,270,true,M1,140A,DP-140A-03,T0030,delivering
239,2,32,33,180,true,M4,209B,DP-209B-01,T0005,delivering
239,3,45,25,270,false,,,,,return_home
239,4,34,27,180,true,M5,140A,DP-140A-01,T0012,delivering
239,5,25,27,180,true,M1,209D,DP-209D-01,T0003,delivering
239,6,8,26,180,true,M2,130A,DP-130A-02,T0019,delivering
239,7,35,28,270,false,,,,,return_home
239,8,36,26,180,true,M4,130A,DP-130A-01,T0010,delivering
240,1,43,21,270,true,M1,140A,DP-140A-03,T0030,delivering
240,2,31,33,180,true,M4,209B,DP-209B-01,T0005,delivering
240,3,45,24,270,false,,,,,return_home
240,4,33,27,180,true,M5,140A,DP-140A-01,T0012,delivering
240,5,24,27,180,true,M1,209D,DP-209D-01,T0003,delivering
240,6,7,26,180,true,M2,130A,DP-130A-02,T0019,delivering
240,7,36,28,270,false,,,,,return_home
240,8,35,26,180,true,M4,130A,DP-130A-01,T0010,delivering
241,1,42,21,180,true,M1,140A,DP-140A-03,T0030,delivering
241,2,30,33,180,true,M4,209B,DP-209B-01,T0005,delivering
241,3,46,24,270,false,,,,,return_home
241,4,32,27,180,true,M5,140A,DP-140A-01,T0012,delivering
241,5,23,27,180,true,M1,209D,DP-209D-01,T0003,delivering
241,6,6,26,180,true,M2,130A,DP-130A-02,T0019,delivering
241,7,37,28,270,false,,,,,return_home
241,8,34,26,180,true,M4,130A,DP-130A-01,T0010,delivering
242,1,41,21,180,true,M1,140A,DP-140A-03,T0030,delivering
242,2,30,34,90,true,M4,209B,DP-209B-01,T0005,delivering
242,3,47,24,270,false,,,,,return_home
242,4,31,27,180,true,M5,140A,DP-140A-01,T0012,delivering
242,5,23,28,90,true,M1,209D,DP-209D-01,T0003,delivering
242,6,5,26,180,true,M2,130A,DP-130A-02,T0019,delivering
242,7,38,28,270,false,,,,,return_home
242,8,33,26,180,true,M4,130A,DP-130A-01,T0010,delivering
243,1,40,21,180,true,M1,140A,DP-140A-03,T0030,delivering
243,2,30,35,90,true,M4,209B,DP-209B-01,T0005,delivering
243,3,47,25,90,false,,,,,return_home
243,4,30,27,180,true,M5,140A,DP-140A-01,T0012,delivering
243,5,23,29,90,true,M1,209D,DP-209D-01,T0003,delivering
243,6,4,26,180,true,M2,130A,DP-130A-02,T0019,delivering
243,7,39,28,270,false,,,,,return_home
243,8,32,26,180,true,M4,130A,DP-130A-01,T0010,delivering
244,1,39,21,180,true,M1,140A,DP-140A-03,T0030,delivering
244,2,30,36,90,true,M4,209B,DP-209B-01,T0005,delivering
244,3,48,25,90,false,,,,,return_home
244,4,29,27,180,true,M5,140A,DP-140A-01,T0012,delivering
244,5,23,30,90,true,M1,209D,DP-209D-01,T0003,delivering
244,6,4,25,270,true,M2,130A,DP-130A-02,T0019,delivering
244,7,40,28,270,false,,,,,return_home
244,8,31,26,180,true,M4,130A,DP-130A-01,T0010,delivering
245,1,38,21,180,true,M1,140A,DP-140A-03,T0030,delivering
245,2,30,37,90,true,M4,209B,DP-209B-01,T0005,delivering
245,3,48,26,90,false,,,,,return_home
245,4,28,27,180,true,M5,140A,DP-140A-01,T0012,delivering
245,5,23,31,90,true,M1,209D,DP-209D-01,T0003,delivering
245,6,4,25,270,true,M2,130A,DP-130A-02,T0019,unloading
245,7,41,28,270,false,,,,,return_home
245,8,30,26,180,true,M4,130A,DP-130A-01,T0010,delivering
246,1,37,21,180,true,M1,140A,DP-140A-03,T0030,delivering
246,2,30,38,90,true,M4,209B,DP-209B-01,T0005,delivering
246,3,49,26,90,false,,,,,return_home
246,4,27,27,180,true,M5,140A,DP-140A-01,T0012,delivering
246,5,23,32,90,true,M1,209D,DP-209D-01,T0003,delivering
246,6,4,25,270,true,M2,130A,DP-130A-02,T0019,unloading
246,7,42,28,270,false,,,,,return_home
246,8,29,26,180,true,M4,130A,DP-130A-01,T0010,delivering
247,1,36,21,180,true,M1,140A,DP-140A-03,T0030,delivering
247,2,30,39,90,true,M4,209B,DP-209B-01,T0005,delivering
247,3,50,26,90,false,,,,,return_home
247,4,26,27,180,true,M5,140A,DP-140A-01,T0012,delivering
247,5,23,33,90,true,M1,209D,DP-209D-01,T0003,delivering
247,6,5,25,270,false,,,,,return_home
247,7,43,28,270,false,,,,,return_home
247,8,28,26,180,true,M4,130A,DP-130A-01,T0010,delivering
248,1,35,21,180,true,M1,140A,DP-140A-03,T0030,delivering
248,2,30,40,90,true,M4,209B,DP-209B-01,T0005,delivering
248,3,49,26,180,false,,,,,to_pickup
248,4,25,27,180,true,M5,140A,DP-140A-01,T0012,delivering
248,5,22,33,180,true,M1,209D,DP-209D-01,T0003,delivering
248,6,6,25,270,false,,,,,return_home
248,7,44,28,270,false,,,,,return_home
248,8,27,26,180,true,M4,130A,DP-130A-01,T0010,delivering
249,1,34,21,180,true,M1,140A,DP-140A-03,T0030,delivering
249,2,30,41,90,true,M4,209B,DP-209B-01,T0005,delivering
249,3,48,26,180,false,,,,,to_pickup
249,4,24,27,180,true,M5,140A,DP-140A-01,T0012,delivering
249,5,22,34,90,true,M1,209D,DP-209D-01,T0003,delivering
249,6,7,25,270,false,,,,,return_home
249,7,45,28,270,false,,,,,return_home
249,8,26,26,180,true,M4,130A,DP-130A-01,T0010,delivering
250,1,33,21,180,true,M1,140A,DP-140A-03,T0030,delivering
250,2,30,42,90,true,M4,209B,DP-209B-01,T0005,delivering
250,3,48,25,270,false,,,,,to_pickup
250,4,23,27,180,true,M5,140A,DP-140A-01,T0012,delivering
250,5,22,35,90,true,M1,209D,DP-209D-01,T0003,delivering
250,6,8,25,270,false,,,,,return_home
250,7,46,28,270,false,,,,,return_home
250,8,25,26,180,true,M4,130A,DP-130A-01,T0010,delivering
251,1,32,21,180,true,M1,140A,DP-140A-03,T0030,delivering
251,2,30,43,90,true,M4,209B,DP-209B-01,T0005,delivering
251,3,47,25,180,false,,,,,to_pickup
251,4,22,27,180,true,M5,140A,DP-140A-01,T0012,delivering
251,5,22,36,90,true,M1,209D,DP-209D-01,T0003,delivering
251,6,9,25,270,false,,,,,return_home
251,7,47,28,270,false,,,,,return_home
251,8,24,26,180,true,M4,130A,DP-130A-01,T0010,delivering
252,1,31,21,180,true,M1,140A,DP-140A-03,T0030,delivering
252,2,30,44,90,true,M4,209B,DP-209B-01,T0005,delivering
252,3,46,25,180,false,,,,,to_pickup
252,4,21,27,180,true,M5,140A,DP-140A-01,T0012,delivering
252,5,22,37,90,true,M1,209D,DP-209D-01,T0003,delivering
252,6,10,25,270,false,,,,,return_home
252,7,47,27,270,false,,,,,return_home
252,8,23,26,180,true,M4,130A,DP-130A-01,T0010,delivering
253,1,30,21,180,true,M1,140A,DP-140A-03,T0030,delivering
253,2,30,45,90,true,M4,209B,DP-209B-01,T0005,delivering
253,3,46,25,180,false,,,,,loading
253,4,20,27,180,true,M5,140A,DP-140A-01,T0012,delivering
253,5,22,38,90,true,M1,209D,DP-209D-01,T0003,delivering
253,6,11,25,270,false,,,,,return_home
253,7,48,27,270,false,,,,,return_home
253,8,22,26,180,true,M4,130A,DP-130A-01,T0010,delivering
254,1,29,21,180,true,M1,140A,DP-140A-03,T0030,delivering
254,2,30,45,90,true,M4,209B,DP-209B-01,T0005,unloading
254,3,46,25,180,false,,,,,loading
254,4,19,27,180,true,M5,140A,DP-140A-01,T0012,delivering
254,5,22,39,90,true,M1,209D,DP-209D-01,T0003,delivering
254,6,12,25,270,false,,,,,return_home
254,7,48,26,270,false,,,,,return_home
254,8,21,26,180,true,M4,130A,DP-130A-01,T0010,delivering
255,1,28,21,180,true,M1,140A,DP-140A-03,T0030,delivering
255,2,30,45,90,true,M4,209B,DP-209B-01,T0005,unloading
255,3,45,25,180,true,M5,209E,DP-209E-01,T0002,delivering
255,4,18,27,180,true,M5,140A,DP-140A-01,T0012,delivering
255,5,22,40,90,true,M1,209D,DP-209D-01,T0003,delivering
255,6,13,25,270,false,,,,,return_home
255,7,49,26,270,false,,,,,return_home
255,8,20,26,180,true,M4,130A,DP-130A-01,T0010,delivering
256,1,27,21,180,true,M1,140A,DP-140A-03,T0030,delivering
256,2,30,44,270,false,,,,,return_home
256,3,44,25,180,true,M5,209E,DP-209E-01,T0002,delivering
256,4,17,27,180,true,M5,140A,DP-140A-01,T0012,delivering
256,5,22,41,90,true,M1,209D,DP-209D-01,T0003,delivering
256,6,14,25,270,false,,,,,return_home
256,7,50,26,270,false,,,,,return_home
256,8,19,26,180,true,M4,130A,DP-130A-01,T0010,delivering
257,1,26,21,180,true,M1,140A,DP-140A-03,T0030,delivering
257,2,30,43,270,false,,,,,return_home
257,3,43,25,180,true,M5,209E,DP-209E-01,T0002,delivering
257,4,16,27,180,true,M5,140A,DP-140A-01,T0012,delivering
257,5,22,42,90,true,M1,209D,DP-209D-01,T0003,delivering
257,6,15,25,270,false,,,,,return_home
257,7,49,26,180,false,,,,,to_pickup
257,8,18,26,180,true,M4,130A,DP-130A-01,T0010,delivering
258,1,25,21,180,true,M1,140A,DP-140A-03,T0030,delivering
258,2,30,42,270,false,,,,,return_home
258,3,42,25,180,true,M5,209E,DP-209E-01,T0002,delivering
258,4,15,27,180,true,M5,140A,DP-140A-01,T0012,delivering
258,5,22,43,90,true,M1,209D,DP-209D-01,T0003,delivering
258,6,16,25,270,false,,,,,return_home
258,7,48,26,180,false,,,,,to_pickup
258,8,17,26,180,true,M4,130A,DP-130A-01,T0010,delivering
259,1,24,21,180,true,M1,140A,DP-140A-03,T0030,delivering
259,2,30,41,270,false,,,,,return_home
259,3,41,25,180,true,M5,209E,DP-209E-01,T0002,delivering
259,4,14,27,180,true,M5,140A,DP-140A-01,T0012,delivering
259,5,22,44,90,true,M1,209D,DP-209D-01,T0003,delivering
259,6,17,25,270,false,,,,,return_home
259,7,48,25,270,false,,,,,to_pickup
259,8,16,26,180,true,M4,130A,DP-130A-01,T0010,delivering
260,1,23,21,180,true,M1,140A,DP-140A-03,T0030,delivering
260,2,30,40,270,false,,,,,return_home
260,3,40,25,180,true,M5,209E,DP-209E-01,T0002,delivering
260,4,13,27,180,true,M5,140A,DP-140A-01,T0012,delivering
260,5,22,45,90,true,M1,209D,DP-209D-01,T0003,delivering
260,6,18,25,270,false,,,,,return_home
260,7,47,25,180,false,,,,,to_pickup
260,8,15,26,180,true,M4,130A,DP-130A-01,T0010,delivering
261,1,22,21,180,true,M1,140A,DP-140A-03,T0030,delivering
261,2,30,39,270,false,,,,,return_home
261,3,39,25,180,true,M5,209E,DP-209E-01,T0002,delivering
261,4,12,27,180,true,M5,140A,DP-140A-01,T0012,delivering
261,5,22,45,90,true,M1,209D,DP-209D-01,T0003,unloading
261,6,19,25,270,false,,,,,return_home
261,7,46,25,180,false,,,,,to_pickup
261,8,14,26,180,true,M4,130A,DP-130A-01,T0010,delivering
262,1,21,21,180,true,M1,140A,DP-140A-03,T0030,delivering
262,2,30,38,270,false,,,,,return_home
262,3,38,25,180,true,M5,209E,DP-209E-01,T0002,delivering
262,4,12,28,90,true,M5,140A,DP-140A-01,T0012,delivering
262,5,22,45,90,true,M1,209D,DP-209D-01,T0003,unloading
262,6,20,25,270,false,,,,,return_home
262,7,46,25,180,false,,,,,loading
262,8,13,26,180,true,M4,130A,DP-130A-01,T0010,delivering
263,1,20,21,180,true,M1,140A,DP-140A-03,T0030,delivering
263,2,30,37,270,false,,,,,return_home
263,3,37,25,180,true,M5,209E,DP-209E-01,T0002,delivering
263,4,12,29,90,true,M5,140A,DP-140A-01,T0012,delivering
263,5,22,44,270,false,,,,,return_home
263,6,21,25,270,false,,,,,return_home
263,7,46,25,180,false,,,,,loading
263,8,12,26,180,true,M4,130A,DP-130A-01,T0010,delivering
264,1,19,21,180,true,M1,140A,DP-140A-03,T0030,delivering
264,2,30,36,270,false,,,,,return_home
264,3,36,25,180,true,M5,209E,DP-209E-01,T0002,delivering
264,4,12,29,90,true,M5,140A,DP-140A-01,T0012,unloading
264,5,22,43,270,false,,,,,return_home
264,6,22,25,270,false,,,,,return_home
264,7,45,25,180,true,M5,140C,DP-140C-03,T0032,delivering
264,8,11,26,180,true,M4,130A,DP-130A-01,T0010,delivering
265,1,18,21,180,true,M1,140A,DP-140A-03,T0030,delivering
265,2,30,35,270,false,,,,,return_home
265,3,35,25,180,true,M5,209E,DP-209E-01,T0002,delivering
265,4,12,29,90,true,M5,140A,DP-140A-01,T0012,unloading
265,5,22,42,270,false,,,,,return_home
265,6,23,25,270,false,,,,,return_home
265,7,44,25,180,true,M5,140C,DP-140C-03,T0032,delivering
265,8,10,26,180,true,M4,130A,DP-130A-01,T0010,delivering
266,1,17,21,180,true,M1,140A,DP-140A-03,T0030,delivering
266,2,30,34,270,false,,,,,return_home
266,3,34,25,180,true,M5,209E,DP-209E-01,T0002,delivering
266,4,12,28,270,false,,,,,return_home
266,5,22,41,270,false,,,,,return_home
266,6,24,25,270,false,,,,,return_home
266,7,43,25,180,true,M5,140C,DP-140C-03,T0032,delivering
266,8,9,26,180,true,M4,130A,DP-130A-01,T0010,delivering
267,1,16,21,180,true,M1,140A,DP-140A-03,T0030,delivering
267,2,30,33,270,false,,,,,return_home
267,3,33,25,180,true,M5,209E,DP-209E-01,T0002,delivering
267,4,13,28,270,false,,,,,return_home
267,5,22,40,270,false,,,,,return_home
267,6,25,25,270,false,,,,,return_home
267,7,42,25,180,true,M5,140C,DP-140C-03,T0032,delivering
267,8,8,26,180,true,M4,130A,DP-130A-01,T0010,delivering
268,1,15,21,180,true,M1,140A,DP-140A-03,T0030,delivering
268,2,31,33,270,false,,,,,return_home
268,3,32,25,180,true,M5,209E,DP-209E-01,T0002,delivering
268,4,14,28,270,false,,,,,return_home
268,5,22,39,270,false,,,,,return_home
268,6,26,25,270,false,,,,,return_home
268,7,41,25,180,true,M5,140C,DP-140C-03,T0032,delivering
268,8,7,26,180,true,M4,130A,DP-130A-01,T0010,delivering
269,1,14,21,180,true,M1,140A,DP-140A-03,T0030,delivering
269,2,32,33,270,false,,,,,return_home
269,3,31,25,180,true,M5,209E,DP-209E-01,T0002,delivering
269,4,15,28,270,false,,,,,return_home
269,5,22,38,270,false,,,,,return_home
269,6,27,25,270,false,,,,,return_home
269,7,40,25,180,true,M5,140C,DP-140C-03,T0032,delivering
269,8,6,26,180,true,M4,130A,DP-130A-01,T0010,delivering
270,1,13,21,180,true,M1,140A,DP-140A-03,T0030,delivering
270,2,33,33,270,false,,,,,return_home
270,3,30,25,180,true,M5,209E,DP-209E-01,T0002,delivering
270,4,16,28,270,false,,,,,return_home
270,5,22,37,270,false,,,,,return_home
270,6,28,25,270,false,,,,,return_home
270,7,39,25,180,true,M5,140C,DP-140C-03,T0032,delivering
270,8,5,26,180,true,M4,130A,DP-130A-01,T0010,delivering
271,1,12,21,180,true,M1,140A,DP-140A-03,T0030,delivering
271,2,33,32,270,false,,,,,return_home
271,3,30,26,90,true,M5,209E,DP-209E-01,T0002,delivering
271,4,17,28,270,false,,,,,return_home
271,5,22,36,270,false,,,,,return_home
271,6,29,25,270,false,,,,,return_home
271,7,38,25,180,true,M5,140C,DP-140C-03,T0032,delivering
271,8,4,26,180,true,M4,130A,DP-130A-01,T0010,delivering
272,1,12,20,270,true,M1,140A,DP-140A-03,T0030,delivering
272,2,33,31,270,false,,,,,return_home
272,3,29,26,180,true,M5,209E,DP-209E-01,T0002,delivering
272,4,18,28,270,false,,,,,return_home
272,5,22,35,270,false,,,,,return_home
272,6,30,25,270,false,,,,,return_home
272,7,37,25,180,true,M5,140C,DP-140C-03,T0032,delivering
272,8,4,27,90,true,M4,130A,DP-130A-01,T0010,delivering
273,1,12,19,270,true,M1,140A,DP-140A-03,T0030,delivering
273,2,33,30,270,false,,,,,return_home
273,3,28,26,180,true,M5,209E,DP-209E-01,T0002,delivering
273,4,19,28,270,false,,,,,return_home
273,5,22,34,270,false,,,,,return_home
273,6,31,25,270,false,,,,,return_home
273,7,36,25,180,true,M5,140C,DP-140C-03,T0032,delivering
273,8,4,28,90,true,M4,130A,DP-130A-01,T0010,delivering
274,1,12,18,270,true,M1,140A,DP-140A-03,T0030,delivering
274,2,33,29,270,false,,,,,return_home
274,3,27,26,180,true,M5,209E,DP-209E-01,T0002,delivering
274,4,20,28,270,false,,,,,return_home
274,5,22,33,270,false,,,,,return_home
274,6,32,25,270,false,,,,,return_home
274,7,35,25,180,true,M5,140C,DP-140C-03,T0032,delivering
274,8,4,29,90,true,M4,130A,DP-130A-01,T0010,delivering
275,1,12,17,270,true,M1,140A,DP-140A-03,T0030,delivering
275,2,33,28,270,false,,,,,return_home
275,3,26,26,180,true,M5,209E,DP-209E-01,T0002,delivering
275,4,21,28,270,false,,,,,return_home
275,5,23,33,270,false,,,,,return_home
275,6,33,25,270,false,,,,,return_home
275,7,34,25,180,true,M5,140C,DP-140C-03,T0032,delivering
275,8,4,29,90,true,M4,130A,DP-130A-01,T0010,unloading
276,1,12,17,270,true,M1,140A,DP-140A-03,T0030,unloading
276,2,34,28,270,false,,,,,return_home
276,3,25,26,180,true,M5,209E,DP-209E-01,T0002,delivering
276,4,22,28,270,false,,,,,return_home
276,5,23,32,270,false,,,,,return_home
276,6,34,25,270,false,,,,,return_home
276,7,34,24,270,true,M5,140C,DP-140C-03,T0032,delivering
276,8,4,29,90,true,M4,130A,DP-130A-01,T0010,unloading
277,1,12,17,270,true,M1,140A,DP-140A-03,T0030,unloading
277,2,35,28,270,false,,,,,return_home
277,3,24,26,180,true,M5,209E,DP-209E-01,T0002,delivering
277,4,23,28,270,false,,,,,return_home
277,5,23,31,270,false,,,,,return_home
277,6,35,25,270,false,,,,,return_home
277,7,33,24,180,true,M5,140C,DP-140C-03,T0032,delivering
277,8,4,28,270,false,,,,,return_home
278,1,12,18,90,false,,,,,return_home
278,2,36,28,270,false,,,,,return_home
278,3,23,26,180,true,M5,209E,DP-209E-01,T0002,delivering
278,4,24,28,270,false,,,,,return_home
278,5,23,30,270,false,,,,,return_home
278,6,36,25,270,false,,,,,return_home
278,7,33,23,270,true,M5,140C,DP-140C-03,T0032,delivering
278,8,5,28,270,false,,,,,return_home
279,1,12,19,90,false,,,,,return_home
279,2,37,28,270,false,,,,,return_home
279,3,22,26,180,true,M5,209E,DP-209E-01,T0002,delivering
279,4,25,28,270,false,,,,,return_home
279,5,23,29,270,false,,,,,return_home
279,6,37,25,270,false,,,,,return_home
279,7,33,22,270,true,M5,140C,DP-140C-03,T0032,delivering
279,8,6,28,270,false,,,,,return_home
280,1,12,20,90,false,,,,,return_home
280,2,38,28,270,false,,,,,return_home
280,3,21,26,180,true,M5,209E,DP-209E-01,T0002,delivering
280,4,26,28,270,false,,,,,return_home
280,5,23,28,270,false,,,,,return_home
280,6,38,25,270,false,,,,,return_home
280,7,33,21,270,true,M5,140C,DP-140C-03,T0032,delivering
280,8,7,28,270,false,,,,,return_home
281,1,12,21,90,false,,,,,return_home
281,2,39,28,270,false,,,,,return_home
281,3,20,26,180,true,M5,209E,DP-209E-01,T0002,delivering
281,4,27,28,270,false,,,,,return_home
281,5,24,28,270,false,,,,,return_home
281,6,39,25,270,false,,,,,return_home
281,7,32,21,180,true,M5,140C,DP-140C-03,T0032,delivering
281,8,8,28,270,false,,,,,return_home
282,1,13,21,90,false,,,,,return_home
282,2,40,28,270,false,,,,,return_home
282,3,19,26,180,true,M5,209E,DP-209E-01,T0002,delivering
282,4,28,28,270,false,,,,,return_home
282,5,25,28,270,false,,,,,return_home
282,6,40,25,270,false,,,,,return_home
282,7,31,21,180,true,M5,140C,DP-140C-03,T0032,delivering
282,8,9,28,270,false,,,,,return_home
283,1,14,21,90,false,,,,,return_home
283,2,41,28,270,false,,,,,return_home
283,3,19,27,90,true,M5,209E,DP-209E-01,T0002,delivering
283,4,29,28,270,false,,,,,return_home
283,5,26,28,270,false,,,,,return_home
283,6,41,25,270,false,,,,,return_home
283,7,30,21,180,true,M5,140C,DP-140C-03,T0032,delivering
283,8,10,28,270,false,,,,,return_home
284,1,15,21,90,false,,,,,return_home
284,2,42,28,270,false,,,,,return_home
284,3,19,28,90,true,M5,209E,DP-209E-01,T0002,delivering
284,4,30,28,270,false,,,,,return_home
284,5,27,28,270,false,,,,,return_home
284,6,42,25,270,false,,,,,return_home
284,7,29,21,180,true,M5,140C,DP-140C-03,T0032,delivering
284,8,11,28,270,false,,,,,return_home
285,1,16,21,90,false,,,,,return_home
285,2,43,28,270,false,,,,,return_home
285,3,19,29,90,true,M5,209E,DP-209E-01,T0002,delivering
285,4,31,28,270,false,,,,,return_home
285,5,28,28,270,false,,,,,return_home
285,6,43,25,270,false,,,,,return_home
285,7,28,21,180,true,M5,140C,DP-140C-03,T0032,delivering
285,8,12,28,270,false,,,,,return_home
286,1,17,21,90,false,,,,,return_home
286,2,44,28,270,false,,,,,return_home
286,3,19,30,90,true,M5,209E,DP-209E-01,T0002,delivering
286,4,32,28,270,false,,,,,return_home
286,5,29,28,270,false,,,,,return_home
286,6,44,25,270,false,,,,,return_home
286,7,27,21,180,true,M5,140C,DP-140C-03,T0032,delivering
286,8,13,28,270,false,,,,,return_home
287,1,18,21,90,false,,,,,return_home
287,2,45,28,270,false,,,,,return_home
287,3,19,31,90,true,M5,209E,DP-209E-01,T0002,delivering
287,4,33,28,270,false,,,,,return_home
287,5,30,28,270,false,,,,,return_home
287,6,45,25,270,false,,,,,return_home
287,7,26,21,180,true,M5,140C,DP-140C-03,T0032,delivering
287,8,14,28,270,false,,,,,return_home
288,1,19,21,90,false,,,,,return_home
288,2,46,28,270,false,,,,,return_home
288,3,19,32,90,true,M5,209E,DP-209E-01,T0002,delivering
288,4,34,28,270,false,,,,,return_home
288,5,31,28,270,false,,,,,return_home
288,6,45,24,270,false,,,,,return_home
288,7,25,21,180,true,M5,140C,DP-140C-03,T0032,delivering
288,8,15,28,270,false,,,,,return_home
289,1,20,21,90,false,,,,,return_home
289,2,47,28,270,false,,,,,return_home
289,3,19,33,90,true,M5,209E,DP-209E-01,T0002,delivering
289,4,35,28,270,false,,,,,return_home
289,5,32,28,270,false,,,,,return_home
289,6,46,24,270,false,,,,,return_home
289,7,24,21,180,true,M5,140C,DP-140C-03,T0032,delivering
289,8,16,28,270,false,,,,,return_home
290,1,21,21,90,false,,,,,return_home
290,2,47,27,270,false,,,,,return_home
290,3,18,33,180,true,M5,209E,DP-209E-01,T0002,delivering
290,4,36,28,270,false,,,,,return_home
290,5,33,28,270,false,,,,,return_home
290,6,47,24,270,false,,,,,return_home
290,7,23,21,180,true,M5,140C,DP-140C-03,T0032,delivering
290,8,17,28,270,false,,,,,return_home
291,1,22,21,90,false,,,,,return_home
291,2,48,27,270,false,,,,,return_home
291,3,18,34,90,true,M5,209E,DP-209E-01,T0002,delivering
291,4,37,28,270,false,,,,,return_home
291,5,34,28,270,false,,,,,return_home
291,6,47,25,90,false,,,,,return_home
291,7,23,20,270,true,M5,140C,DP-140C-03,T0032,delivering
291,8,18,28,270,false,,,,,return_home
292,1,23,21,90,false,,,,,return_home
292,2,48,26,270,false,,,,,return_home
292,3,18,35,90,true,M5,209E,DP-209E-01,T0002,delivering
292,4,38,28,270,false,,,,,return_home
292,5,35,28,270,false,,,,,return_home
292,6,48,25,90,false,,,,,return_home
292,7,22,20,180,true,M5,140C,DP-140C-03,T0032,delivering
292,8,19,28,270,false,,,,,return_home
293,1,24,21,90,false,,,,,return_home
293,2,49,26,270,false,,,,,return_home
293,3,18,36,90,true,M5,209E,DP-209E-01,T0002,delivering
293,4,39,28,270,false,,,,,return_home
293,5,36,28,270,false,,,,,return_home
293,6,48,26,90,false,,,,,return_home
293,7,21,20,180,true,M5,140C,DP-140C-03,T0032,delivering
293,8,20,28,270,false,,,,,return_home
294,1,25,21,90,false,,,,,return_home
294,2,50,26,270,false,,,,,return_home
294,3,18,37,90,true,M5,209E,DP-209E-01,T0002,delivering
294,4,40,28,270,false,,,,,return_home
294,5,37,28,270,false,,,,,return_home
294,6,49,26,90,false,,,,,return_home
294,7,20,20,180,true,M5,140C,DP-140C-03,T0032,delivering
294,8,21,28,270,false,,,,,return_home
295,1,26,21,90,false,,,,,return_home
295,2,49,26,180,false,,,,,to_pickup
295,3,18,38,90,true,M5,209E,DP-209E-01,T0002,delivering
295,4,41,28,270,false,,,,,return_home
295,5,38,28,270,false,,,,,return_home
295,6,50,26,90,false,,,,,return_home
295,7,20,19,270,true,M5,140C,DP-140C-03,T0032,delivering
295,8,22,28,270,false,,,,,return_home
296,1,27,21,90,false,,,,,return_home
296,2,48,26,180,false,,,,,to_pickup
296,3,18,39,90,true,M5,209E,DP-209E-01,T0002,delivering
296,4,42,28,270,false,,,,,return_home
296,5,39,28,270,false,,,,,return_home
296,6,49,26,180,false,,,,,to_pickup
296,7,20,18,270,true,M5,140C,DP-140C-03,T0032,delivering
296,8,23,28,270,false,,,,,return_home
297,1,28,21,90,false,,,,,return_home
297,2,48,25,270,false,,,,,to_pickup
297,3,18,40,90,true,M5,209E,DP-209E-01,T0002,delivering
297,4,43,28,270,false,,,,,return_home
297,5,40,28,270,false,,,,,return_home
297,6,48,26,180,false,,,,,to_pickup
297,7,20,17,270,true,M5,140C,DP-140C-03,T0032,delivering
297,8,24,28,270,false,,,,,return_home
298,1,29,21,90,false,,,,,return_home
298,2,47,25,180,false,,,,,to_pickup
298,3,18,41,90,true,M5,209E,DP-209E-01,T0002,delivering
298,4,44,28,270,false,,,,,return_home
298,5,41,28,270,false,,,,,return_home
298,6,48,27,90,false,,,,,to_pickup
298,7,20,17,270,true,M5,140C,DP-140C-03,T0032,unloading
298,8,25,28,270,false,,,,,return_home
299,1,30,21,90,false,,,,,return_home
299,2,46,25,180,false,,,,,to_pickup
299,3,18,42,90,true,M5,209E,DP-209E-01,T0002,delivering
299,4,45,28,270,false,,,,,return_home
299,5,42,28,270,false,,,,,return_home
299,6,47,27,180,false,,,,,to_pickup
299,7,20,17,270,true,M5,140C,DP-140C-03,T0032,unloading
299,8,26,28,270,false,,,,,return_home
300,1,31,21,90,false,,,,,return_home
300,2,46,25,180,false,,,,,loading
300,3,18,43,90,true,M5,209E,DP-209E-01,T0002,delivering
300,4,46,28,270,false,,,,,return_home
300,5,43,28,270,false,,,,,return_home
300,6,46,27,180,false,,,,,to_pickup
300,7,20,18,90,false,,,,,return_home
300,8,27,28,270,false,,,,,return_home
301,1,32,21,90,false,,,,,return_home
301,2,46,25,180,false,,,,,loading
301,3,18,44,90,true,M5,209E,DP-209E-01,T0002,delivering
301,4,47,28,270,false,,,,,return_home
301,5,44,28,270,false,,,,,return_home
301,6,46,27,180,false,,,,,loading
301,7,20,19,90,false,,,,,return_home
301,8,28,28,270,false,,,,,return_home
302,1,33,21,90,false,,,,,return_home
302,2,45,25,180,true,M3,209F,DP-209F-01,T0001,delivering
302,3,18,45,90,true,M5,209E,DP-209E-01,T0002,delivering
302,4,47,27,270,false,,,,,return_home
302,5,45,28,270,false,,,,,return_home
302,6,46,27,180,false,,,,,loading
302,7,20,20,90,false,,,,,return_home
302,8,29,28,270,false,,,,,return_home
303,1,34,21,90,false,,,,,return_home
303,2,44,25,180,true,M3,209F,DP-209F-01,T0001,delivering
303,3,18,45,90,true,M5,209E,DP-209E-01,T0002,unloading
303,4,48,27,270,false,,,,,return_home
303,5,46,28,270,false,,,,,return_home
303,6,45,27,180,true,M5,130A,DP-130A-03,T0028,delivering
303,7,20,21,90,false,,,,,return_home
303,8,30,28,270,false,,,,,return_home
304,1,35,21,90,false,,,,,return_home
304,2,43,25,180,true,M3,209F,DP-209F-01,T0001,delivering
304,3,18,45,90,true,M5,209E,DP-209E-01,T0002,unloading
304,4,48,26,270,false,,,,,return_home
304,5,47,28,270,false,,,,,return_home
304,6,44,27,180,true,M5,130A,DP-130A-03,T0028,delivering
304,7,21,21,90,false,,,,,return_home
304,8,31,28,270,false,,,,,return_home
305,1,36,21,90,false,,,,,return_home
305,2,42,25,180,true,M3,209F,DP-209F-01,T0001,delivering
305,3,18,44,270,false,,,,,return_home
305,4,49,26,270,false,,,,,return_home
305,5,47,27,270,false,,,,,return_home
305,6,43,27,180,true,M5,130A,DP-130A-03,T0028,delivering
305,7,22,21,90,false,,,,,return_home
305,8,32,28,270,false,,,,,return_home
306,1,37,21,90,false,,,,,return_home
306,2,41,25,180,true,M3,209F,DP-209F-01,T0001,delivering
306,3,18,43,270,false,,,,,return_home
306,4,50,26,270,false,,,,,return_home
306,5,48,27,270,false,,,,,return_home
306,6,42,27,180,true,M5,130A,DP-130A-03,T0028,delivering
306,7,23,21,90,false,,,,,return_home
306,8,33,28,270,false,,,,,return_home
307,1,38,21,90,false,,,,,return_home
307,2,40,25,180,true,M3,209F,DP-209F-01,T0001,delivering
307,3,18,42,270,false,,,,,return_home
307,4,50,26,270,false,,,,,idle
307,5,48,26,270,false,,,,,return_home
307,6,41,27,180,true,M5,130A,DP-130A-03,T0028,delivering
307,7,24,21,90,false,,,,,return_home
307,8,34,28,270,false,,,,,return_home
308,1,39,21,90,false,,,,,return_home
308,2,39,25,180,true,M3,209F,DP-209F-01,T0001,delivering
308,3,18,41,270,false,,,,,return_home
308,4,50,26,270,false,,,,,idle
308,5,49,26,270,false,,,,,return_home
308,6,40,27,180,true,M5,130A,DP-130A-03,T0028,delivering
308,7,25,21,90,false,,,,,return_home
308,8,35,28,270,false,,,,,return_home
309,1,40,21,90,false,,,,,return_home
309,2,38,25,180,true,M3,209F,DP-209F-01,T0001,delivering
309,3,18,40,270,false,,,,,return_home
309,4,50,26,270,false,,,,,idle
309,5,50,26,270,false,,,,,return_home
309,6,39,27,180,true,M5,130A,DP-130A-03,T0028,delivering
309,7,26,21,90,false,,,,,return_home
309,8,36,28,270,false,,,,,return_home
310,1,41,21,90,false,,,,,return_home
310,2,37,25,180,true,M3,209F,DP-209F-01,T0001,delivering
310,3,18,39,270,false,,,,,return_home
310,4,50,26,270,false,,,,,idle
310,5,50,26,270,false,,,,,idle
310,6,38,27,180,true,M5,130A,DP-130A-03,T0028,delivering
310,7,27,21,90,false,,,,,return_home
310,8,37,28,270,false,,,,,return_home
311,1,42,21,90,false,,,,,return_home
311,2,36,25,180,true,M3,209F,DP-209F-01,T0001,delivering
311,3,18,38,270,false,,,,,return_home
311,4,50,26,270,false,,,,,idle
311,5,50,26,270,false,,,,,idle
311,6,37,27,180,true,M5,130A,DP-130A-03,T0028,delivering
311,7,28,21,90,false,,,,,return_home
311,8,38,28,270,false,,,,,return_home
312,1,43,21,90,false,,,,,return_home
312,2,35,25,180,true,M3,209F,DP-209F-01,T0001,delivering
312,3,18,37,270,false,,,,,return_home
312,4,50,26,270,false,,,,,idle
312,5,50,26,270,false,,,,,idle
312,6,36,27,180,true,M5,130A,DP-130A-03,T0028,delivering
312,7,29,21,90,false,,,,,return_home
312,8,39,28,270,false,,,,,return_home
313,1,43,22,90,false,,,,,return_home
313,2,34,25,180,true,M3,209F,DP-209F-01,T0001,delivering
313,3,18,36,270,false,,,,,return_home
313,4,50,26,270,false,,,,,idle
313,5,50,26,270,false,,,,,idle
313,6,35,27,180,true,M5,130A,DP-130A-03,T0028,delivering
313,7,30,21,90,false,,,,,return_home
313,8,40,28,270,false,,,,,return_home
314,1,43,23,90,false,,,,,return_home
314,2,33,25,180,true,M3,209F,DP-209F-01,T0001,delivering
314,3,18,35,270,false,,,,,return_home
314,4,50,26,270,false,,,,,idle
314,5,50,26,270,false,,,,,idle
314,6,34,27,180,true,M5,130A,DP-130A-03,T0028,delivering
314,7,31,21,90,false,,,,,return_home
314,8,41,28,270,false,,,,,return_home
315,1,43,24,90,false,,,,,return_home
315,2,32,25,180,true,M3,209F,DP-209F-01,T0001,delivering
315,3,18,34,270,false,,,,,return_home
315,4,50,26,270,false,,,,,idle
315,5,50,26,270,false,,,,,idle
315,6,33,27,180,true,M5,130A,DP-130A-03,T0028,delivering
315,7,32,21,90,false,,,,,return_home
315,8,42,28,270,false,,,,,return_home
316,1,44,24,90,false,,,,,return_home
316,2,31,25,180,true,M3,209F,DP-209F-01,T0001,delivering
316,3,18,33,270,false,,,,,return_home
316,4,50,26,270,false,,,,,idle
316,5,50,26,270,false,,,,,idle
316,6,32,27,180,true,M5,130A,DP-130A-03,T0028,delivering
316,7,33,21,90,false,,,,,return_home
316,8,43,28,270,false,,,,,return_home
317,1,45,24,90,false,,,,,return_home
317,2,30,25,180,true,M3,209F,DP-209F-01,T0001,delivering
317,3,19,33,270,false,,,,,return_home
317,4,50,26,270,false,,,,,idle
317,5,50,26,270,false,,,,,idle
317,6,31,27,180,true,M5,130A,DP-130A-03,T0028,delivering
317,7,34,21,90,false,,,,,return_home
317,8,44,28,270,false,,,,,return_home
318,1,46,24,90,false,,,,,return_home
318,2,29,25,180,true,M3,209F,DP-209F-01,T0001,delivering
318,3,19,32,270,false,,,,,return_home
318,4,50,26,270,false,,,,,idle
318,5,50,26,270,false,,,,,idle
318,6,30,27,180,true,M5,130A,DP-130A-03,T0028,delivering
318,7,35,21,90,false,,,,,return_home
318,8,45,28,270,false,,,,,return_home
319,1,47,24,90,false,,,,,return_home
319,2,28,25,180,true,M3,209F,DP-209F-01,T0001,delivering
319,3,19,31,270,false,,,,,return_home
319,4,50,26,270,false,,,,,idle
319,5,50,26,270,false,,,,,idle
319,6,29,27,180,true,M5,130A,DP-130A-03,T0028,delivering
319,7,36,21,90,false,,,,,return_home
319,8,46,28,270,false,,,,,return_home
320,1,47,25,90,false,,,,,return_home
320,2,27,25,180,true,M3,209F,DP-209F-01,T0001,delivering
320,3,19,30,270,false,,,,,return_home
320,4,50,26,270,false,,,,,idle
320,5,50,26,270,false,,,,,idle
320,6,28,27,180,true,M5,130A,DP-130A-03,T0028,delivering
320,7,37,21,90,false,,,,,return_home
320,8,47,28,270,false,,,,,return_home
321,1,48,25,90,false,,,,,return_home
321,2,26,25,180,true,M3,209F,DP-209F-01,T0001,delivering
321,3,19,29,270,false,,,,,return_home
321,4,50,26,270,false,,,,,idle
321,5,50,26,270,false,,,,,idle
321,6,27,27,180,true,M5,130A,DP-130A-03,T0028,delivering
321,7,38,21,90,false,,,,,return_home
321,8,47,27,270,false,,,,,return_home
322,1,48,26,90,false,,,,,return_home
322,2,25,25,180,true,M3,209F,DP-209F-01,T0001,delivering
322,3,19,28,270,false,,,,,return_home
322,4,50,26,270,false,,,,,idle
322,5,50,26,270,false,,,,,idle
322,6,26,27,180,true,M5,130A,DP-130A-03,T0028,delivering
322,7,39,21,90,false,,,,,return_home
322,8,48,27,270,false,,,,,return_home
323,1,49,26,90,false,,,,,return_home
323,2,24,25,180,true,M3,209F,DP-209F-01,T0001,delivering
323,3,20,28,270,false,,,,,return_home
323,4,50,26,270,false,,,,,idle
323,5,50,26,270,false,,,,,idle
323,6,25,27,180,true,M5,130A,DP-130A-03,T0028,delivering
323,7,40,21,90,false,,,,,return_home
323,8,48,26,270,false,,,,,return_home
324,1,50,26,90,false,,,,,return_home
324,2,23,25,180,true,M3,209F,DP-209F-01,T0001,delivering
324,3,21,28,270,false,,,,,return_home
324,4,50,26,270,false,,,,,idle
324,5,50,26,270,false,,,,,idle
324,6,24,27,180,true,M5,130A,DP-130A-03,T0028,delivering
324,7,41,21,90,false,,,,,return_home
324,8,49,26,270,false,,,,,return_home
325,1,50,26,90,false,,,,,idle
325,2,22,25,180,true,M3,209F,DP-209F-01,T0001,delivering
325,3,22,28,270,false,,,,,return_home
325,4,50,26,270,false,,,,,idle
325,5,50,26,270,false,,,,,idle
325,6,23,27,180,true,M5,130A,DP-130A-03,T0028,delivering
325,7,42,21,90,false,,,,,return_home
325,8,50,26,270,false,,,,,return_home
326,1,50,26,90,false,,,,,idle
326,2,21,25,180,true,M3,209F,DP-209F-01,T0001,delivering
326,3,23,28,270,false,,,,,return_home
326,4,50,26,270,false,,,,,idle
326,5,50,26,270,false,,,,,idle
326,6,22,27,180,true,M5,130A,DP-130A-03,T0028,delivering
326,7,43,21,90,false,,,,,return_home
326,8,50,26,270,false,,,,,idle
327,1,50,26,90,false,,,,,idle
327,2,20,25,180,true,M3,209F,DP-209F-01,T0001,delivering
327,3,24,28,270,false,,,,,return_home
327,4,50,26,270,false,,,,,idle
327,5,50,26,270,false,,,,,idle
327,6,21,27,180,true,M5,130A,DP-130A-03,T0028,delivering
327,7,43,22,90,false,,,,,return_home
327,8,50,26,270,false,,,,,idle
328,1,50,26,90,false,,,,,idle
328,2,19,25,180,true,M3,209F,DP-209F-01,T0001,delivering
328,3,25,28,270,false,,,,,return_home
328,4,50,26,270,false,,,,,idle
328,5,50,26,270,false,,,,,idle
328,6,20,27,180,true,M5,130A,DP-130A-03,T0028,delivering
328,7,43,23,90,false,,,,,return_home
328,8,50,26,270,false,,,,,idle
329,1,50,26,90,false,,,,,idle
329,2,18,25,180,true,M3,209F,DP-209F-01,T0001,delivering
329,3,26,28,270,false,,,,,return_home
329,4,50,26,270,false,,,,,idle
329,5,50,26,270,false,,,,,idle
329,6,19,27,180,true,M5,130A,DP-130A-03,T0028,delivering
329,7,43,24,90,false,,,,,return_home
329,8,50,26,270,false,,,,,idle
330,1,50,26,90,false,,,,,idle
330,2,17,25,180,true,M3,209F,DP-209F-01,T0001,delivering
330,3,27,28,270,false,,,,,return_home
330,4,50,26,270,false,,,,,idle
330,5,50,26,270,false,,,,,idle
330,6,18,27,180,true,M5,130A,DP-130A-03,T0028,delivering
330,7,44,24,90,false,,,,,return_home
330,8,50,26,270,false,,,,,idle
331,1,50,26,90,false,,,,,idle
331,2,16,25,180,true,M3,209F,DP-209F-01,T0001,delivering
331,3,28,28,270,false,,,,,return_home
331,4,50,26,270,false,,,,,idle
331,5,50,26,270,false,,,,,idle
331,6,17,27,180,true,M5,130A,DP-130A-03,T0028,delivering
331,7,45,24,90,false,,,,,return_home
331,8,50,26,270,false,,,,,idle
332,1,50,26,90,false,,,,,idle
332,2,15,25,180,true,M3,209F,DP-209F-01,T0001,delivering
332,3,29,28,270,false,,,,,return_home
332,4,50,26,270,false,,,,,idle
332,5,50,26,270,false,,,,,idle
332,6,16,27,180,true,M5,130A,DP-130A-03,T0028,delivering
332,7,46,24,90,false,,,,,return_home
332,8,50,26,270,false,,,,,idle
333,1,50,26,90,false,,,,,idle
333,2,15,26,90,true,M3,209F,DP-209F-01,T0001,delivering
333,3,30,28,270,false,,,,,return_home
333,4,50,26,270,false,,,,,idle
333,5,50,26,270,false,,,,,idle
333,6,15,27,180,true,M5,130A,DP-130A-03,T0028,delivering
333,7,47,24,90,false,,,,,return_home
333,8,50,26,270,false,,,,,idle
334,1,50,26,90,false,,,,,idle
334,2,15,27,90,true,M3,209F,DP-209F-01,T0001,delivering
334,3,31,28,270,false,,,,,return_home
334,4,50,26,270,false,,,,,idle
334,5,50,26,270,false,,,,,idle
334,6,14,27,180,true,M5,130A,DP-130A-03,T0028,delivering
334,7,47,25,90,false,,,,,return_home
334,8,50,26,270,false,,,,,idle
335,1,50,26,90,false,,,,,idle
335,2,15,28,90,true,M3,209F,DP-209F-01,T0001,delivering
335,3,32,28,270,false,,,,,return_home
335,4,50,26,270,false,,,,,idle
335,5,50,26,270,false,,,,,idle
335,6,13,27,180,true,M5,130A,DP-130A-03,T0028,delivering
335,7,48,25,90,false,,,,,return_home
335,8,50,26,270,false,,,,,idle
336,1,50,26,90,false,,,,,idle
336,2,15,29,90,true,M3,209F,DP-209F-01,T0001,delivering
336,3,33,28,270,false,,,,,return_home
336,4,50,26,270,false,,,,,idle
336,5,50,26,270,false,,,,,idle
336,6,12,27,180,true,M5,130A,DP-130A-03,T0028,delivering
336,7,48,26,90,false,,,,,return_home
336,8,50,26,270,false,,,,,idle
337,1,50,26,90,false,,,,,idle
337,2,15,30,90,true,M3,209F,DP-209F-01,T0001,delivering
337,3,34,28,270,false,,,,,return_home
337,4,50,26,270,false,,,,,idle
337,5,50,26,270,false,,,,,idle
337,6,11,27,180,true,M5,130A,DP-130A-03,T0028,delivering
337,7,49,26,90,false,,,,,return_home
337,8,50,26,270,false,,,,,idle
338,1,50,26,90,false,,,,,idle
338,2,15,31,90,true,M3,209F,DP-209F-01,T0001,delivering
338,3,35,28,270,false,,,,,return_home
338,4,50,26,270,false,,,,,idle
338,5,50,26,270,false,,,,,idle
338,6,10,27,180,true,M5,130A,DP-130A-03,T0028,delivering
338,7,50,26,90,false,,,,,return_home
338,8,50,26,270,false,,,,,idle
339,1,50,26,90,false,,,,,idle
339,2,15,32,90,true,M3,209F,DP-209F-01,T0001,delivering
339,3,36,28,270,false,,,,,return_home
339,4,50,26,270,false,,,,,idle
339,5,50,26,270,false,,,,,idle
339,6,9,27,180,true,M5,130A,DP-130A-03,T0028,delivering
339,7,50,26,90,false,,,,,idle
339,8,50,26,270,false,,,,,idle
340,1,50,26,90,false,,,,,idle
340,2,15,33,90,true,M3,209F,DP-209F-01,T0001,delivering
340,3,37,28,270,false,,,,,return_home
340,4,50,26,270,false,,,,,idle
340,5,50,26,270,false,,,,,idle
340,6,8,27,180,true,M5,130A,DP-130A-03,T0028,delivering
340,7,50,26,90,false,,,,,idle
340,8,50,26,270,false,,,,,idle
341,1,50,26,90,false,,,,,idle
341,2,14,33,180,true,M3,209F,DP-209F-01,T0001,delivering
341,3,38,28,270,false,,,,,return_home
341,4,50,26,270,false,,,,,idle
341,5,50,26,270,false,,,,,idle
341,6,7,27,180,true,M5,130A,DP-130A-03,T0028,delivering
341,7,50,26,90,false,,,,,idle
341,8,50,26,270,false,,,,,idle
342,1,50,26,90,false,,,,,idle
342,2,14,34,90,true,M3,209F,DP-209F-01,T0001,delivering
342,3,39,28,270,false,,,,,return_home
342,4,50,26,270,false,,,,,idle
342,5,50,26,270,false,,,,,idle
342,6,7,26,270,true,M5,130A,DP-130A-03,T0028,delivering
342,7,50,26,90,false,,,,,idle
342,8,50,26,270,false,,,,,idle
343,1,50,26,90,false,,,,,idle
343,2,14,35,90,true,M3,209F,DP-209F-01,T0001,delivering
343,3,40,28,270,false,,,,,return_home
343,4,50,26,270,false,,,,,idle
343,5,50,26,270,false,,,,,idle
343,6,7,25,270,true,M5,130A,DP-130A-03,T0028,delivering
343,7,50,26,90,false,,,,,idle
343,8,50,26,270,false,,,,,idle
344,1,50,26,90,false,,,,,idle
344,2,14,36,90,true,M3,209F,DP-209F-01,T0001,delivering
344,3,41,28,270,false,,,,,return_home
344,4,50,26,270,false,,,,,idle
344,5,50,26,270,false,,,,,idle
344,6,7,24,270,true,M5,130A,DP-130A-03,T0028,delivering
344,7,50,26,90,false,,,,,idle
344,8,50,26,270,false,,,,,idle
345,1,50,26,90,false,,,,,idle
345,2,14,37,90,true,M3,209F,DP-209F-01,T0001,delivering
345,3,42,28,270,false,,,,,return_home
345,4,50,26,270,false,,,,,idle
345,5,50,26,270,false,,,,,idle
345,6,7,23,270,true,M5,130A,DP-130A-03,T0028,delivering
345,7,50,26,90,false,,,,,idle
345,8,50,26,270,false,,,,,idle
346,1,50,26,90,false,,,,,idle
346,2,14,38,90,true,M3,209F,DP-209F-01,T0001,delivering
346,3,43,28,270,false,,,,,return_home
346,4,50,26,270,false,,,,,idle
346,5,50,26,270,false,,,,,idle
346,6,7,22,270,true,M5,130A,DP-130A-03,T0028,delivering
346,7,50,26,90,false,,,,,idle
346,8,50,26,270,false,,,,,idle
347,1,50,26,90,false,,,,,idle
347,2,14,39,90,true,M3,209F,DP-209F-01,T0001,delivering
347,3,44,28,270,false,,,,,return_home
347,4,50,26,270,false,,,,,idle
347,5,50,26,270,false,,,,,idle
347,6,7,21,270,true,M5,130A,DP-130A-03,T0028,delivering
347,7,50,26,90,false,,,,,idle
347,8,50,26,270,false,,,,,idle
348,1,50,26,90,false,,,,,idle
348,2,14,40,90,true,M3,209F,DP-209F-01,T0001,delivering
348,3,45,28,270,false,,,,,return_home
348,4,50,26,270,false,,,,,idle
348,5,50,26,270,false,,,,,idle
348,6,6,21,180,true,M5,130A,DP-130A-03,T0028,delivering
348,7,50,26,90,false,,,,,idle
348,8,50,26,270,false,,,,,idle
349,1,50,26,90,false,,,,,idle
349,2,14,41,90,true,M3,209F,DP-209F-01,T0001,delivering
349,3,46,28,270,false,,,,,return_home
349,4,50,26,270,false,,,,,idle
349,5,50,26,270,false,,,,,idle
349,6,5,21,180,true,M5,130A,DP-130A-03,T0028,delivering
349,7,50,26,90,false,,,,,idle
349,8,50,26,270,false,,,,,idle
350,1,50,26,90,false,,,,,idle
350,2,14,42,90,true,M3,209F,DP-209F-01,T0001,delivering
350,3,47,28,270,false,,,,,return_home
350,4,50,26,270,false,,,,,idle
350,5,50,26,270,false,,,,,idle
350,6,4,21,180,true,M5,130A,DP-130A-03,T0028,delivering
350,7,50,26,90,false,,,,,idle
350,8,50,26,270,false,,,,,idle
351,1,50,26,90,false,,,,,idle
351,2,14,43,90,true,M3,209F,DP-209F-01,T0001,delivering
351,3,47,27,270,false,,,,,return_home
351,4,50,26,270,false,,,,,idle
351,5,50,26,270,false,,,,,idle
351,6,4,20,270,true,M5,130A,DP-130A-03,T0028,delivering
351,7,50,26,90,false,,,,,idle
351,8,50,26,270,false,,,,,idle
352,1,50,26,90,false,,,,,idle
352,2,14,44,90,true,M3,209F,DP-209F-01,T0001,delivering
352,3,48,27,270,false,,,,,return_home
352,4,50,26,270,false,,,,,idle
352,5,50,26,270,false,,,,,idle
352,6,4,19,270,true,M5,130A,DP-130A-03,T0028,delivering
352,7,50,26,90,false,,,,,idle
352,8,50,26,270,false,,,,,idle
353,1,50,26,90,false,,,,,idle
353,2,14,45,90,true,M3,209F,DP-209F-01,T0001,delivering
353,3,48,26,270,false,,,,,return_home
353,4,50,26,270,false,,,,,idle
353,5,50,26,270,false,,,,,idle
353,6,4,18,270,true,M5,130A,DP-130A-03,T0028,delivering
353,7,50,26,90,false,,,,,idle
353,8,50,26,270,false,,,,,idle
354,1,50,26,90,false,,,,,idle
354,2,14,45,90,true,M3,209F,DP-209F-01,T0001,unloading
354,3,49,26,270,false,,,,,return_home
354,4,50,26,270,false,,,,,idle
354,5,50,26,270,false,,,,,idle
354,6,4,17,270,true,M5,130A,DP-130A-03,T0028,delivering
354,7,50,26,90,false,,,,,idle
354,8,50,26,270,false,,,,,idle
355,1,50,26,90,false,,,,,idle
355,2,14,45,90,true,M3,209F,DP-209F-01,T0001,unloading
355,3,50,26,270,false,,,,,return_home
355,4,50,26,270,false,,,,,idle
355,5,50,26,270,false,,,,,idle
355,6,4,17,270,true,M5,130A,DP-130A-03,T0028,unloading
355,7,50,26,90,false,,,,,idle
355,8,50,26,270,false,,,,,idle
356,1,50,26,90,false,,,,,idle
356,2,14,44,270,false,,,,,return_home
356,3,50,26,270,false,,,,,idle
356,4,50,26,270,false,,,,,idle
356,5,50,26,270,false,,,,,idle
356,6,4,17,270,true,M5,130A,DP-130A-03,T0028,unloading
356,7,50,26,90,false,,,,,idle
356,8,50,26,270,false,,,,,idle
357,1,50,26,90,false,,,,,idle
357,2,14,43,270,false,,,,,return_home
357,3,50,26,270,false,,,,,idle
357,4,50,26,270,false,,,,,idle
357,5,50,26,270,false,,,,,idle
357,6,4,18,90,false,,,,,return_home
357,7,50,26,90,false,,,,,idle
357,8,50,26,270,false,,,,,idle
358,1,50,26,90,false,,,,,idle
358,2,14,42,270,false,,,,,return_home
358,3,50,26,270,false,,,,,idle
358,4,50,26,270,false,,,,,idle
358,5,50,26,270,false,,,,,idle
358,6,4,19,90,false,,,,,return_home
358,7,50,26,90,false,,,,,idle
358,8,50,26,270,false,,,,,idle
359,1,50,26,90,false,,,,,idle
359,2,14,41,270,false,,,,,return_home
359,3,50,26,270,false,,,,,idle
359,4,50,26,270,false,,,,,idle
359,5,50,26,270,false,,,,,idle
359,6,4,20,90,false,,,,,return_home
359,7,50,26,90,false,,,,,idle
359,8,50,26,270,false,,,,,idle
360,1,50,26,90,false,,,,,idle
360,2,14,40,270,false,,,,,return_home
360,3,50,26,270,false,,,,,idle
360,4,50,26,270,false,,,,,idle
360,5,50,26,270,false,,,,,idle
360,6,4,21,90,false,,,,,return_home
360,7,50,26,90,false,,,,,idle
360,8,50,26,270,false,,,,,idle
361,1,50,26,90,false,,,,,idle
361,2,14,39,270,false,,,,,return_home
361,3,50,26,270,false,,,,,idle
361,4,50,26,270,false,,,,,idle
361,5,50,26,270,false,,,,,idle
361,6,5,21,90,false,,,,,return_home
361,7,50,26,90,false,,,,,idle
361,8,50,26,270,false,,,,,idle
362,1,50,26,90,false,,,,,idle
362,2,14,38,270,false,,,,,return_home
362,3,50,26,270,false,,,,,idle
362,4,50,26,270,false,,,,,idle
362,5,50,26,270,false,,,,,idle
362,6,6,21,90,false,,,,,return_home
362,7,50,26,90,false,,,,,idle
362,8,50,26,270,false,,,,,idle
363,1,50,26,90,false,,,,,idle
363,2,14,37,270,false,,,,,return_home
363,3,50,26,270,false,,,,,idle
363,4,50,26,270,false,,,,,idle
363,5,50,26,270,false,,,,,idle
363,6,7,21,90,false,,,,,return_home
363,7,50,26,90,false,,,,,idle
363,8,50,26,270,false,,,,,idle
364,1,50,26,90,false,,,,,idle
364,2,14,36,270,false,,,,,return_home
364,3,50,26,270,false,,,,,idle
364,4,50,26,270,false,,,,,idle
364,5,50,26,270,false,,,,,idle
364,6,8,21,90,false,,,,,return_home
364,7,50,26,90,false,,,,,idle
364,8,50,26,270,false,,,,,idle
365,1,50,26,90,false,,,,,idle
365,2,14,35,270,false,,,,,return_home
365,3,50,26,270,false,,,,,idle
365,4,50,26,270,false,,,,,idle
365,5,50,26,270,false,,,,,idle
365,6,9,21,90,false,,,,,return_home
365,7,50,26,90,false,,,,,idle
365,8,50,26,270,false,,,,,idle
366,1,50,26,90,false,,,,,idle
366,2,14,34,270,false,,,,,return_home
366,3,50,26,270,false,,,,,idle
366,4,50,26,270,false,,,,,idle
366,5,50,26,270,false,,,,,idle
366,6,10,21,90,false,,,,,return_home
366,7,50,26,90,false,,,,,idle
366,8,50,26,270,false,,,,,idle
367,1,50,26,90,false,,,,,idle
367,2,14,33,270,false,,,,,return_home
367,3,50,26,270,false,,,,,idle
367,4,50,26,270,false,,,,,idle
367,5,50,26,270,false,,,,,idle
367,6,11,21,90,false,,,,,return_home
367,7,50,26,90,false,,,,,idle
367,8,50,26,270,false,,,,,idle
368,1,50,26,90,false,,,,,idle
368,2,15,33,270,false,,,,,return_home
368,3,50,26,270,false,,,,,idle
368,4,50,26,270,false,,,,,idle
368,5,50,26,270,false,,,,,idle
368,6,12,21,90,false,,,,,return_home
368,7,50,26,90,false,,,,,idle
368,8,50,26,270,false,,,,,idle
369,1,50,26,90,false,,,,,idle
369,2,15,32,270,false,,,,,return_home
369,3,50,26,270,false,,,,,idle
369,4,50,26,270,false,,,,,idle
369,5,50,26,270,false,,,,,idle
369,6,13,21,90,false,,,,,return_home
369,7,50,26,90,false,,,,,idle
369,8,50,26,270,false,,,,,idle
370,1,50,26,90,false,,,,,idle
370,2,15,31,270,false,,,,,return_home
370,3,50,26,270,false,,,,,idle
370,4,50,26,270,false,,,,,idle
370,5,50,26,270,false,,,,,idle
370,6,14,21,90,false,,,,,return_home
370,7,50,26,90,false,,,,,idle
370,8,50,26,270,false,,,,,idle
371,1,50,26,90,false,,,,,idle
371,2,15,30,270,false,,,,,return_home
371,3,50,26,270,false,,,,,idle
371,4,50,26,270,false,,,,,idle
371,5,50,26,270,false,,,,,idle
371,6,15,21,90,false,,,,,return_home
371,7,50,26,90,false,,,,,idle
371,8,50,26,270,false,,,,,idle
372,1,50,26,90,false,,,,,idle
372,2,15,29,270,false,,,,,return_home
372,3,50,26,270,false,,,,,idle
372,4,50,26,270,false,,,,,idle
372,5,50,26,270,false,,,,,idle
372,6,16,21,90,false,,,,,return_home
372,7,50,26,90,false,,,,,idle
372,8,50,26,270,false,,,,,idle
373,1,50,26,90,false,,,,,idle
373,2,15,28,270,false,,,,,return_home
373,3,50,26,270,false,,,,,idle
373,4,50,26,270,false,,,,,idle
373,5,50,26,270,false,,,,,idle
373,6,17,21,90,false,,,,,return_home
373,7,50,26,90,false,,,,,idle
373,8,50,26,270,false,,,,,idle
374,1,50,26,90,false,,,,,idle
374,2,16,28,270,false,,,,,return_home
374,3,50,26,270,false,,,,,idle
374,4,50,26,270,false,,,,,idle
374,5,50,26,270,false,,,,,idle
374,6,18,21,90,false,,,,,return_home
374,7,50,26,90,false,,,,,idle
374,8,50,26,270,false,,,,,idle
375,1,50,26,90,false,,,,,idle
375,2,17,28,270,false,,,,,return_home
375,3,50,26,270,false,,,,,idle
375,4,50,26,270,false,,,,,idle
375,5,50,26,270,false,,,,,idle
375,6,19,21,90,false,,,,,return_home
375,7,50,26,90,false,,,,,idle
375,8,50,26,270,false,,,,,idle
376,1,50,26,90,false,,,,,idle
376,2,18,28,270,false,,,,,return_home
376,3,50,26,270,false,,,,,idle
376,4,50,26,270,false,,,,,idle
376,5,50,26,270,false,,,,,idle
376,6,20,21,90,false,,,,,return_home
376,7,50,26,90,false,,,,,idle
376,8,50,26,270,false,,,,,idle
377,1,50,26,90,false,,,,,idle
377,2,19,28,270,false,,,,,return_home
377,3,50,26,270,false,,,,,idle
377,4,50,26,270,false,,,,,idle
377,5,50,26,270,false,,,,,idle
377,6,21,21,90,false,,,,,return_home
377,7,50,26,90,false,,,,,idle
377,8,50,26,270,false,,,,,idle
378,1,50,26,90,false,,,,,idle
378,2,20,28,270,false,,,,,return_home
378,3,50,26,270,false,,,,,idle
378,4,50,26,270,false,,,,,idle
378,5,50,26,270,false,,,,,idle
378,6,22,21,90,false,,,,,return_home
378,7,50,26,90,false,,,,,idle
378,8,50,26,270,false,,,,,idle
379,1,50,26,90,false,,,,,idle
379,2,21,28,270,false,,,,,return_home
379,3,50,26,270,false,,,,,idle
379,4,50,26,270,false,,,,,idle
379,5,50,26,270,false,,,,,idle
379,6,23,21,90,false,,,,,return_home
379,7,50,26,90,false,,,,,idle
379,8,50,26,270,false,,,,,idle
380,1,50,26,90,false,,,,,idle
380,2,22,28,270,false,,,,,return_home
380,3,50,26,270,false,,,,,idle
380,4,50,26,270,false,,,,,idle
380,5,50,26,270,false,,,,,idle
380,6,24,21,90,false,,,,,return_home
380,7,50,26,90,false,,,,,idle
380,8,50,26,270,false,,,,,idle
381,1,50,26,90,false,,,,,idle
381,2,23,28,270,false,,,,,return_home
381,3,50,26,270,false,,,,,idle
381,4,50,26,270,false,,,,,idle
381,5,50,26,270,false,,,,,idle
381,6,25,21,90,false,,,,,return_home
381,7,50,26,90,false,,,,,idle
381,8,50,26,270,false,,,,,idle
382,1,50,26,90,false,,,,,idle
382,2,24,28,270,false,,,,,return_home
382,3,50,26,270,false,,,,,idle
382,4,50,26,270,false,,,,,idle
382,5,50,26,270,false,,,,,idle
382,6,26,21,90,false,,,,,return_home
382,7,50,26,90,false,,,,,idle
382,8,50,26,270,false,,,,,idle
383,1,50,26,90,false,,,,,idle
383,2,25,28,270,false,,,,,return_home
383,3,50,26,270,false,,,,,idle
383,4,50,26,270,false,,,,,idle
383,5,50,26,270,false,,,,,idle
383,6,27,21,90,false,,,,,return_home
383,7,50,26,90,false,,,,,idle
383,8,50,26,270,false,,,,,idle
384,1,50,26,90,false,,,,,idle
384,2,26,28,270,false,,,,,return_home
384,3,50,26,270,false,,,,,idle
384,4,50,26,270,false,,,,,idle
384,5,50,26,270,false,,,,,idle
384,6,28,21,90,false,,,,,return_home
384,7,50,26,90,false,,,,,idle
384,8,50,26,270,false,,,,,idle
385,1,50,26,90,false,,,,,idle
385,2,27,28,270,false,,,,,return_home
385,3,50,26,270,false,,,,,idle
385,4,50,26,270,false,,,,,idle
385,5,50,26,270,false,,,,,idle
385,6,29,21,90,false,,,,,return_home
385,7,50,26,90,false,,,,,idle
385,8,50,26,270,false,,,,,idle
386,1,50,26,90,false,,,,,idle
386,2,28,28,270,false,,,,,return_home
386,3,50,26,270,false,,,,,idle
386,4,50,26,270,false,,,,,idle
386,5,50,26,270,false,,,,,idle
386,6,30,21,90,false,,,,,return_home
386,7,50,26,90,false,,,,,idle
386,8,50,26,270,false,,,,,idle
387,1,50,26,90,false,,,,,idle
387,2,29,28,270,false,,,,,return_home
387,3,50,26,270,false,,,,,idle
387,4,50,26,270,false,,,,,idle
387,5,50,26,270,false,,,,,idle
387,6,31,21,90,false,,,,,return_home
387,7,50,26,90,false,,,,,idle
387,8,50,26,270,false,,,,,idle
388,1,50,26,90,false,,,,,idle
388,2,30,28,270,false,,,,,return_home
388,3,50,26,270,false,,,,,idle
388,4,50,26,270,false,,,,,idle
388,5,50,26,270,false,,,,,idle
388,6,32,21,90,false,,,,,return_home
388,7,50,26,90,false,,,,,idle
388,8,50,26,270,false,,,,,idle
389,1,50,26,90,false,,,,,idle
389,2,31,28,270,false,,,,,return_home
389,3,50,26,270,false,,,,,idle
389,4,50,26,270,false,,,,,idle
389,5,50,26,270,false,,,,,idle
389,6,33,21,90,false,,,,,return_home
389,7,50,26,90,false,,,,,idle
389,8,50,26,270,false,,,,,idle
390,1,50,26,90,false,,,,,idle
390,2,32,28,270,false,,,,,return_home
390,3,50,26,270,false,,,,,idle
390,4,50,26,270,false,,,,,idle
390,5,50,26,270,false,,,,,idle
390,6,34,21,90,false,,,,,return_home
390,7,50,26,90,false,,,,,idle
390,8,50,26,270,false,,,,,idle
391,1,50,26,90,false,,,,,idle
391,2,33,28,270,false,,,,,return_home
391,3,50,26,270,false,,,,,idle
391,4,50,26,270,false,,,,,idle
391,5,50,26,270,false,,,,,idle
391,6,35,21,90,false,,,,,return_home
391,7,50,26,90,false,,,,,idle
391,8,50,26,270,false,,,,,idle
392,1,50,26,90,false,,,,,idle
392,2,34,28,270,false,,,,,return_home
392,3,50,26,270,false,,,,,idle
392,4,50,26,270,false,,,,,idle
392,5,50,26,270,false,,,,,idle
392,6,36,21,90,false,,,,,return_home
392,7,50,26,90,false,,,,,idle
392,8,50,26,270,false,,,,,idle
393,1,50,26,90,false,,,,,idle
393,2,35,28,270,false,,,,,return_home
393,3,50,26,270,false,,,,,idle
393,4,50,26,270,false,,,,,idle
393,5,50,26,270,false,,,,,idle
393,6,37,21,90,false,,,,,return_home
393,7,50,26,90,false,,,,,idle
393,8,50,26,270,false,,,,,idle
394,1,50,26,90,false,,,,,idle
394,2,36,28,270,false,,,,,return_home
394,3,50,26,270,false,,,,,idle
394,4,50,26,270,false,,,,,idle
394,5,50,26,270,false,,,,,idle
394,6,38,21,90,false,,,,,return_home
394,7,50,26,90,false,,,,,idle
394,8,50,26,270,false,,,,,idle
395,1,50,26,90,false,,,,,idle
395,2,37,28,270,false,,,,,return_home
395,3,50,26,270,false,,,,,idle
395,4,50,26,270,false,,,,,idle
395,5,50,26,270,false,,,,,idle
395,6,39,21,90,false,,,,,return_home
395,7,50,26,90,false,,,,,idle
395,8,50,26,270,false,,,,,idle
396,1,50,26,90,false,,,,,idle
396,2,38,28,270,false,,,,,return_home
396,3,50,26,270,false,,,,,idle
396,4,50,26,270,false,,,,,idle
396,5,50,26,270,false,,,,,idle
396,6,40,21,90,false,,,,,return_home
396,7,50,26,90,false,,,,,idle
396,8,50,26,270,false,,,,,idle
397,1,50,26,90,false,,,,,idle
397,2,39,28,270,false,,,,,return_home
397,3,50,26,270,false,,,,,idle
397,4,50,26,270,false,,,,,idle
397,5,50,26,270,false,,,,,idle
397,6,41,21,90,false,,,,,return_home
397,7,50,26,90,false,,,,,idle
397,8,50,26,270,false,,,,,idle
398,1,50,26,90,false,,,,,idle
398,2,40,28,270,false,,,,,return_home
398,3,50,26,270,false,,,,,idle
398,4,50,26,270,false,,,,,idle
398,5,50,26,270,false,,,,,idle
398,6,42,21,90,false,,,,,return_home
398,7,50,26,90,false,,,,,idle
398,8,50,26,270,false,,,,,idle
399,1,50,26,90,false,,,,,idle
399,2,41,28,270,false,,,,,return_home
399,3,50,26,270,false,,,,,idle
399,4,50,26,270,false,,,,,idle
399,5,50,26,270,false,,,,,idle
399,6,43,21,90,false,,,,,return_home
399,7,50,26,90,false,,,,,idle
399,8,50,26,270,false,,,,,idle
400,1,50,26,90,false,,,,,idle
400,2,42,28,270,false,,,,,return_home
400,3,50,26,270,false,,,,,idle
400,4,50,26,270,false,,,,,idle
400,5,50,26,270,false,,,,,idle
400,6,43,22,90,false,,,,,return_home
400,7,50,26,90,false,,,,,idle
400,8,50,26,270,false,,,,,idle
401,1,50,26,90,false,,,,,idle
401,2,43,28,270,false,,,,,return_home
401,3,50,26,270,false,,,,,idle
401,4,50,26,270,false,,,,,idle
401,5,50,26,270,false,,,,,idle
401,6,43,23,90,false,,,,,return_home
401,7,50,26,90,false,,,,,idle
401,8,50,26,270,false,,,,,idle
402,1,50,26,90,false,,,,,idle
402,2,44,28,270,false,,,,,return_home
402,3,50,26,270,false,,,,,idle
402,4,50,26,270,false,,,,,idle
402,5,50,26,270,false,,,,,idle
402,6,43,24,90,false,,,,,return_home
402,7,50,26,90,false,,,,,idle
402,8,50,26,270,false,,,,,idle
403,1,50,26,90,false,,,,,idle
403,2,45,28,270,false,,,,,return_home
403,3,50,26,270,false,,,,,idle
403,4,50,26,270,false,,,,,idle
403,5,50,26,270,false,,,,,idle
403,6,44,24,90,false,,,,,return_home
403,7,50,26,90,false,,,,,idle
403,8,50,26,270,false,,,,,idle
404,1,50,26,90,false,,,,,idle
404,2,46,28,270,false,,,,,return_home
404,3,50,26,270,false,,,,,idle
404,4,50,26,270,false,,,,,idle
404,5,50,26,270,false,,,,,idle
404,6,45,24,90,false,,,,,return_home
404,7,50,26,90,false,,,,,idle
404,8,50,26,270,false,,,,,idle
405,1,50,26,90,false,,,,,idle
405,2,47,28,270,false,,,,,return_home
405,3,50,26,270,false,,,,,idle
405,4,50,26,270,false,,,,,idle
405,5,50,26,270,false,,,,,idle
405,6,46,24,90,false,,,,,return_home
405,7,50,26,90,false,,,,,idle
405,8,50,26,270,false,,,,,idle
406,1,50,26,90,false,,,,,idle
406,2,47,27,270,false,,,,,return_home
406,3,50,26,270,false,,,,,idle
406,4,50,26,270,false,,,,,idle
406,5,50,26,270,false,,,,,idle
406,6,47,24,90,false,,,,,return_home
406,7,50,26,90,false,,,,,idle
406,8,50,26,270,false,,,,,idle
407,1,50,26,90,false,,,,,idle
407,2,48,27,270,false,,,,,return_home
407,3,50,26,270,false,,,,,idle
407,4,50,26,270,false,,,,,idle
407,5,50,26,270,false,,,,,idle
407,6,47,25,90,false,,,,,return_home
407,7,50,26,90,false,,,,,idle
407,8,50,26,270,false,,,,,idle
408,1,50,26,90,false,,,,,idle
408,2,48,26,270,false,,,,,return_home
408,3,50,26,270,false,,,,,idle
408,4,50,26,270,false,,,,,idle
408,5,50,26,270,false,,,,,idle
408,6,48,25,90,false,,,,,return_home
408,7,50,26,90,false,,,,,idle
408,8,50,26,270,false,,,,,idle
409,1,50,26,90,false,,,,,idle
409,2,49,26,270,false,,,,,return_home
409,3,50,26,270,false,,,,,idle
409,4,50,26,270,false,,,,,idle
409,5,50,26,270,false,,,,,idle
409,6,48,26,90,false,,,,,return_home
409,7,50,26,90,false,,,,,idle
409,8,50,26,270,false,,,,,idle
410,1,50,26,90,false,,,,,idle
410,2,50,26,270,false,,,,,return_home
410,3,50,26,270,false,,,,,idle
410,4,50,26,270,false,,,,,idle
410,5,50,26,270,false,,,,,idle
410,6,49,26,90,false,,,,,return_home
410,7,50,26,90,false,,,,,idle
410,8,50,26,270,false,,,,,idle
411,1,50,26,90,false,,,,,idle
411,2,50,26,270,false,,,,,idle
411,3,50,26,270,false,,,,,idle
411,4,50,26,270,false,,,,,idle
411,5,50,26,270,false,,,,,idle
411,6,50,26,90,false,,,,,return_home
411,7,50,26,90,false,,,,,idle
411,8,50,26,270,false,,,,,idle
