timestamp,name,X,Y,pitch,loaded,material,destination_label,destination_id,task_id,status
0,1,50,26,180,false,,,,,idle
0,2,50,26,180,false,,,,,idle
0,3,50,26,180,false,,,,,idle
0,4,50,26,180,false,,,,,idle
0,5,50,26,180,false,,,,,idle
0,6,50,26,180,false,,,,,idle
0,7,50,26,180,false,,,,,idle
0,8,50,26,180,false,,,,,idle
1,1,49,26,180,false,,,,,to_pickup
1,2,50,27,90,false,,,,,to_pickup
1,3,50,25,270,false,,,,,to_pickup
1,4,50,26,180,false,,,,,to_pickup
1,5,50,26,180,false,,,,,to_pickup
1,6,50,26,180,false,,,,,to_pickup
1,7,50,26,180,false,,,,,to_pickup
1,8,50,26,180,false,,,,,to_pickup
2,1,48,26,180,false,,,,,to_pickup
2,2,49,27,180,false,,,,,to_pickup
2,3,49,25,180,false,,,,,to_pickup
2,4,49,26,180,false,,,,,to_pickup
2,5,50,25,270,false,,,,,to_pickup
2,6,50,26,180,false,,,,,to_pickup
2,7,50,26,180,false,,,,,to_pickup
2,8,50,27,90,false,,,,,to_pickup
3,1,48,25,270,false,,,,,to_pickup
3,2,48,27,180,false,,,,,to_pickup
3,3,49,24,270,false,,,,,to_pickup
3,4,48,26,180,false,,,,,to_pickup
3,5,49,25,180,false,,,,,to_pickup
3,6,49,26,180,false,,,,,to_pickup
3,7,50,25,270,false,,,,,to_pickup
3,8,49,27,180,false,,,,,to_pickup
4,1,47,25,180,false,,,,,to_pickup
4,2,47,27,180,false,,,,,to_pickup
4,3,48,24,180,false,,,,,to_pickup
4,4,48,27,90,false,,,,,to_pickup
4,5,48,25,180,false,,,,,to_pickup
4,6,48,26,180,false,,,,,to_pickup
4,7,49,25,180,false,,,,,to_pickup
4,8,49,28,90,false,,,,,to_pickup
5,1,46,25,180,false,,,,,to_pickup
5,2,46,27,180,false,,,,,to_pickup
5,3,47,24,180,false,,,,,to_pickup
5,4,47,27,180,false,,,,,to_pickup
5,5,47,25,180,false,,,,,to_pickup
5,6,48,27,90,false,,,,,to_pickup
5,7,48,25,180,false,,,,,to_pickup
5,8,48,28,180,false,,,,,to_pickup
6,1,46,25,180,false,,,,,loading
6,2,46,27,180,false,,,,,loading
6,3,46,24,180,false,,,,,to_pickup
6,4,47,28,90,false,,,,,to_pickup
6,5,47,25,180,false,,,,,to_pickup
6,6,47,27,180,false,,,,,to_pickup
6,7,48,24,270,false,,,,,to_pickup
6,8,48,29,90,false,,,,,to_pickup
7,1,46,25,180,false,,,,,loading
7,2,46,27,180,false,,,,,loading
7,3,46,24,180,false,,,,,to_pickup
7,4,46,28,180,false,,,,,to_pickup
7,5,47,24,270,false,,,,,to_pickup
7,6,47,28,90,false,,,,,to_pickup
7,7,48,23,270,false,,,,,to_pickup
7,8,47,29,180,false,,,,,to_pickup
8,1,45,25,180,true,M1,140C,DP-140C-01,T0014,delivering
8,2,45,27,180,true,M1,130B,DP-130B-01,T0011,delivering
8,3,46,25,90,false,,,,,to_pickup
8,4,46,27,270,false,,,,,to_pickup
8,5,46,24,180,false,,,,,to_pickup
8,6,46,28,180,false,,,,,to_pickup
8,7,47,23,180,false,,,,,to_pickup
8,8,46,29,180,false,,,,,to_pickup
9,1,44,25,180,true,M1,140C,DP-140C-01,T0014,delivering
9,2,44,27,180,true,M1,130B,DP-130B-01,T0011,delivering
9,3,46,25,90,false,,,,,loading
9,4,46,27,270,false,,,,,loading
9,5,46,24,180,false,,,,,to_pickup
9,6,46,28,180,false,,,,,to_pickup
9,7,46,23,180,false,,,,,to_pickup
9,8,45,29,180,false,,,,,to_pickup
10,1,43,25,180,true,M1,140C,DP-140C-01,T0014,delivering
10,2,43,27,180,true,M1,130B,DP-130B-01,T0011,delivering
10,3,46,25,90,false,,,,,loading
10,4,46,27,270,false,,,,,loading
10,5,46,24,180,false,,,,,to_pickup
10,6,46,28,180,false,,,,,to_pickup
10,7,46,23,180,false,,,,,to_pickup
10,8,45,28,270,false,,,,,to_pickup
11,1,42,25,180,true,M1,140C,DP-140C-01,T0014,delivering
11,2,42,27,180,true,M1,130B,DP-130B-01,T0011,delivering
11,3,45,25,180,true,M5,140C,DP-140C-02,T0023,delivering
11,4,45,27,180,true,M5,209C,DP-209C-01,T0004,delivering
11,5,46,25,90,false,,,,,to_pickup
11,6,46,27,270,false,,,,,to_pickup
11,7,46,24,90,false,,,,,to_pickup
11,8,46,28,270,false,,,,,to_pickup
12,1,41,25,180,true,M1,140C,DP-140C-01,T0014,delivering
12,2,41,27,180,true,M1,130B,DP-130B-01,T0011,delivering
12,3,44,25,180,true,M5,140C,DP-140C-02,T0023,delivering
12,4,44,27,180,true,M5,209C,DP-209C-01,T0004,delivering
12,5,46,25,90,false,,,,,loading
12,6,46,27,270,false,,,,,loading
12,7,46,24,90,false,,,,,to_pickup
12,8,46,28,270,false,,,,,to_pickup
13,1,40,25,180,true,M1,140C,DP-140C-01,T0014,delivering
13,2,40,27,180,true,M1,130B,DP-130B-01,T0011,delivering
13,3,43,25,180,true,M5,140C,DP-140C-02,T0023,delivering
13,4,43,27,180,true,M5,209C,DP-209C-01,T0004,delivering
13,5,46,25,90,false,,,,,loading
13,6,46,27,270,false,,,,,loading
13,7,46,24,90,false,,,,,to_pickup
13,8,46,28,270,false,,,,,to_pickup
14,1,39,25,180,true,M1,140C,DP-140C-01,T0014,delivering
14,2,39,27,180,true,M1,130B,DP-130B-01,T0011,delivering
14,3,42,25,180,true,M5,140C,DP-140C-02,T0023,delivering
14,4,42,27,180,true,M5,209C,DP-209C-01,T0004,delivering
14,5,45,25,180,true,M1,200B,DP-200B-01,T0008,delivering
14,6,45,27,180,true,M2,140A,DP-140A-02,T0021,delivering
14,7,46,25,90,false,,,,,to_pickup
14,8,46,27,270,false,,,,,to_pickup
15,1,38,25,180,true,M1,140C,DP-140C-01,T0014,delivering
15,2,38,27,180,true,M1,130B,DP-130B-01,T0011,delivering
15,3,41,25,180,true,M5,140C,DP-140C-02,T0023,delivering
15,4,41,27,180,true,M5,209C,DP-209C-01,T0004,delivering
15,5,44,25,180,true,M1,200B,DP-200B-01,T0008,delivering
15,6,44,27,180,true,M2,140A,DP-140A-02,T0021,delivering
15,7,46,25,90,false,,,,,loading
15,8,46,27,270,false,,,,,loading
16,1,37,25,180,true,M1,140C,DP-140C-01,T0014,delivering
16,2,37,27,180,true,M1,130B,DP-130B-01,T0011,delivering
16,3,40,25,180,true,M5,140C,DP-140C-02,T0023,delivering
16,4,40,27,180,true,M5,209C,DP-209C-01,T0004,delivering
16,5,43,25,180,true,M1,200B,DP-200B-01,T0008,delivering
16,6,43,27,180,true,M2,140A,DP-140A-02,T0021,delivering
16,7,46,25,90,false,,,,,loading
16,8,46,27,270,false,,,,,loading
17,1,36,25,180,true,M1,140C,DP-140C-01,T0014,delivering
17,2,36,27,180,true,M1,130B,DP-130B-01,T0011,delivering
17,3,39,25,180,true,M5,140C,DP-140C-02,T0023,delivering
17,4,39,27,180,true,M5,209C,DP-209C-01,T0004,delivering
17,5,42,25,180,true,M1,200B,DP-200B-01,T0008,delivering
17,6,42,27,180,true,M2,140A,DP-140A-02,T0021,delivering
17,7,45,25,180,true,M2,200A,DP-200A-04,T0034,delivering
17,8,45,27,180,true,M2,150,DP-150-01,T0015,delivering
18,1,35,25,180,true,M1,140C,DP-140C-01,T0014,delivering
18,2,35,27,180,true,M1,130B,DP-130B-01,T0011,delivering
18,3,38,25,180,true,M5,140C,DP-140C-02,T0023,delivering
18,4,38,27,180,true,M5,209C,DP-209C-01,T0004,delivering
18,5,41,25,180,true,M1,200B,DP-200B-01,T0008,delivering
18,6,41,27,180,true,M2,140A,DP-140A-02,T0021,delivering
18,7,44,25,180,true,M2,200A,DP-200A-04,T0034,delivering
18,8,44,27,180,true,M2,150,DP-150-01,T0015,delivering
19,1,34,25,180,true,M1,140C,DP-140C-01,T0014,delivering
19,2,34,27,180,true,M1,130B,DP-130B-01,T0011,delivering
19,3,37,25,180,true,M5,140C,DP-140C-02,T0023,delivering
19,4,37,27,180,true,M5,209C,DP-209C-01,T0004,delivering
19,5,40,25,180,true,M1,200B,DP-200B-01,T0008,delivering
19,6,40,27,180,true,M2,140A,DP-140A-02,T0021,delivering
19,7,43,25,180,true,M2,200A,DP-200A-04,T0034,delivering
19,8,43,27,180,true,M2,150,DP-150-01,T0015,delivering
20,1,33,25,180,true,M1,140C,DP-140C-01,T0014,delivering
20,2,33,27,180,true,M1,130B,DP-130B-01,T0011,delivering
20,3,36,25,180,true,M5,140C,DP-140C-02,T0023,delivering
20,4,36,27,180,true,M5,209C,DP-209C-01,T0004,delivering
20,5,39,25,180,true,M1,200B,DP-200B-01,T0008,delivering
20,6,39,27,180,true,M2,140A,DP-140A-02,T0021,delivering
20,7,42,25,180,true,M2,200A,DP-200A-04,T0034,delivering
20,8,42,27,180,true,M2,150,DP-150-01,T0015,delivering
21,1,32,25,180,true,M1,140C,DP-140C-01,T0014,delivering
21,2,32,27,180,true,M1,130B,DP-130B-01,T0011,delivering
21,3,35,25,180,true,M5,140C,DP-140C-02,T0023,delivering
21,4,35,27,180,true,M5,209C,DP-209C-01,T0004,delivering
21,5,38,25,180,true,M1,200B,DP-200B-01,T0008,delivering
21,6,38,27,180,true,M2,140A,DP-140A-02,T0021,delivering
21,7,41,25,180,true,M2,200A,DP-200A-04,T0034,delivering
21,8,41,27,180,true,M2,150,DP-150-01,T0015,delivering
22,1,31,25,180,true,M1,140C,DP-140C-01,T0014,delivering
22,2,31,27,180,true,M1,130B,DP-130B-01,T0011,delivering
22,3,34,25,180,true,M5,140C,DP-140C-02,T0023,delivering
22,4,34,27,180,true,M5,209C,DP-209C-01,T0004,delivering
22,5,37,25,180,true,M1,200B,DP-200B-01,T0008,delivering
22,6,37,27,180,true,M2,140A,DP-140A-02,T0021,delivering
22,7,40,25,180,true,M2,200A,DP-200A-04,T0034,delivering
22,8,40,27,180,true,M2,150,DP-150-01,T0015,delivering
23,1,30,25,180,true,M1,140C,DP-140C-01,T0014,delivering
23,2,30,27,180,true,M1,130B,DP-130B-01,T0011,delivering
23,3,33,25,180,true,M5,140C,DP-140C-02,T0023,delivering
23,4,33,27,180,true,M5,209C,DP-209C-01,T0004,delivering
23,5,36,25,180,true,M1,200B,DP-200B-01,T0008,delivering
23,6,36,27,180,true,M2,140A,DP-140A-02,T0021,delivering
23,7,39,25,180,true,M2,200A,DP-200A-04,T0034,delivering
23,8,39,27,180,true,M2,150,DP-150-01,T0015,delivering
24,1,29,25,180,true,M1,140C,DP-140C-01,T0014,delivering
24,2,29,27,180,true,M1,130B,DP-130B-01,T0011,delivering
24,3,32,25,180,true,M5,140C,DP-140C-02,T0023,delivering
24,4,32,27,180,true,M5,209C,DP-209C-01,T0004,delivering
24,5,35,25,180,true,M1,200B,DP-200B-01,T0008,delivering
24,6,35,27,180,true,M2,140A,DP-140A-02,T0021,delivering
24,7,38,25,180,true,M2,200A,DP-200A-04,T0034,delivering
24,8,38,27,180,true,M2,150,DP-150-01,T0015,delivering
25,1,28,25,180,true,M1,140C,DP-140C-01,T0014,delivering
25,2,28,27,180,true,M1,130B,DP-130B-01,T0011,delivering
25,3,31,25,180,true,M5,140C,DP-140C-02,T0023,delivering
25,4,31,27,180,true,M5,209C,DP-209C-01,T0004,delivering
25,5,34,25,180,true,M1,200B,DP-200B-01,T0008,delivering
25,6,34,27,180,true,M2,140A,DP-140A-02,T0021,delivering
25,7,37,25,180,true,M2,200A,DP-200A-04,T0034,delivering
25,8,37,27,180,true,M2,150,DP-150-01,T0015,delivering
26,1,27,25,180,true,M1,140C,DP-140C-01,T0014,delivering
26,2,27,27,180,true,M1,130B,DP-130B-01,T0011,delivering
26,3,30,25,180,true,M5,140C,DP-140C-02,T0023,delivering
26,4,30,27,180,true,M5,209C,DP-209C-01,T0004,delivering
26,5,33,25,180,true,M1,200B,DP-200B-01,T0008,delivering
26,6,33,27,180,true,M2,140A,DP-140A-02,T0021,delivering
26,7,36,25,180,true,M2,200A,DP-200A-04,T0034,delivering
26,8,36,27,180,true,M2,150,DP-150-01,T0015,delivering
27,1,26,25,180,true,M1,140C,DP-140C-01,T0014,delivering
27,2,26,27,180,true,M1,130B,DP-130B-01,T0011,delivering
27,3,29,25,180,true,M5,140C,DP-140C-02,T0023,delivering
27,4,29,27,180,true,M5,209C,DP-209C-01,T0004,delivering
27,5,33,26,90,true,M1,200B,DP-200B-01,T0008,delivering
27,6,32,27,180,true,M2,140A,DP-140A-02,T0021,delivering
27,7,35,25,180,true,M2,200A,DP-200A-04,T0034,delivering
27,8,35,27,180,true,M2,150,DP-150-01,T0015,delivering
28,1,25,25,180,true,M1,140C,DP-140C-01,T0014,delivering
28,2,25,27,180,true,M1,130B,DP-130B-01,T0011,delivering
28,3,28,25,180,true,M5,140C,DP-140C-02,T0023,delivering
28,4,29,28,90,true,M5,209C,DP-209C-01,T0004,delivering
28,5,33,27,90,true,M1,200B,DP-200B-01,T0008,delivering
28,6,31,27,180,true,M2,140A,DP-140A-02,T0021,delivering
28,7,34,25,180,true,M2,200A,DP-200A-04,T0034,delivering
28,8,34,27,180,true,M2,150,DP-150-01,T0015,delivering
29,1,24,25,180,true,M1,140C,DP-140C-01,T0014,delivering
29,2,24,27,180,true,M1,130B,DP-130B-01,T0011,delivering
29,3,27,25,180,true,M5,140C,DP-140C-02,T0023,delivering
29,4,29,29,90,true,M5,209C,DP-209C-01,T0004,delivering
29,5,33,28,90,true,M1,200B,DP-200B-01,T0008,delivering
29,6,30,27,180,true,M2,140A,DP-140A-02,T0021,delivering
29,7,33,25,180,true,M2,200A,DP-200A-04,T0034,delivering
29,8,33,27,180,true,M2,150,DP-150-01,T0015,delivering
30,1,23,25,180,true,M1,140C,DP-140C-01,T0014,delivering
30,2,23,27,180,true,M1,130B,DP-130B-01,T0011,delivering
30,3,26,25,180,true,M5,140C,DP-140C-02,T0023,delivering
30,4,29,30,90,true,M5,209C,DP-209C-01,T0004,delivering
30,5,33,29,90,true,M1,200B,DP-200B-01,T0008,delivering
30,6,29,27,180,true,M2,140A,DP-140A-02,T0021,delivering
30,7,33,24,270,true,M2,200A,DP-200A-04,T0034,delivering
30,8,32,27,180,true,M2,150,DP-150-01,T0015,delivering
31,1,22,25,180,true,M1,140C,DP-140C-01,T0014,delivering
31,2,22,27,180,true,M1,130B,DP-130B-01,T0011,delivering
31,3,25,25,180,true,M5,140C,DP-140C-02,T0023,delivering
31,4,29,31,90,true,M5,209C,DP-209C-01,T0004,delivering
31,5,33,30,90,true,M1,200B,DP-200B-01,T0008,delivering
31,6,28,27,180,true,M2,140A,DP-140A-02,T0021,delivering
31,7,33,23,270,true,M2,200A,DP-200A-04,T0034,delivering
31,8,31,27,180,true,M2,150,DP-150-01,T0015,delivering
32,1,21,25,180,true,M1,140C,DP-140C-01,T0014,delivering
32,2,21,27,180,true,M1,130B,DP-130B-01,T0011,delivering
32,3,24,25,180,true,M5,140C,DP-140C-02,T0023,delivering
32,4,29,32,90,true,M5,209C,DP-209C-01,T0004,delivering
32,5,33,31,90,true,M1,200B,DP-200B-01,T0008,delivering
32,6,27,27,180,true,M2,140A,DP-140A-02,T0021,delivering
32,7,33,22,270,true,M2,200A,DP-200A-04,T0034,delivering
32,8,30,27,180,true,M2,150,DP-150-01,T0015,delivering
33,1,20,25,180,true,M1,140C,DP-140C-01,T0014,delivering
33,2,20,27,180,true,M1,130B,DP-130B-01,T0011,delivering
33,3,23,25,180,true,M5,140C,DP-140C-02,T0023,delivering
33,4,29,33,90,true,M5,209C,DP-209C-01,T0004,delivering
33,5,33,32,90,true,M1,200B,DP-200B-01,T0008,delivering
33,6,26,27,180,true,M2,140A,DP-140A-02,T0021,delivering
33,7,33,21,270,true,M2,200A,DP-200A-04,T0034,delivering
33,8,29,27,180,true,M2,150,DP-150-01,T0015,delivering
34,1,20,26,90,true,M1,140C,DP-140C-01,T0014,delivering
34,2,19,27,180,true,M1,130B,DP-130B-01,T0011,delivering
34,3,22,25,180,true,M5,140C,DP-140C-02,T0023,delivering
34,4,29,34,90,true,M5,209C,DP-209C-01,T0004,delivering
34,5,33,33,90,true,M1,200B,DP-200B-01,T0008,delivering
34,6,25,27,180,true,M2,140A,DP-140A-02,T0021,delivering
34,7,32,21,180,true,M2,200A,DP-200A-04,T0034,delivering
34,8,28,27,180,true,M2,150,DP-150-01,T0015,delivering
35,1,20,27,90,true,M1,140C,DP-140C-01,T0014,delivering
35,2,18,27,180,true,M1,130B,DP-130B-01,T0011,delivering
35,3,21,25,180,true,M5,140C,DP-140C-02,T0023,delivering
35,4,29,35,90,true,M5,209C,DP-209C-01,T0004,delivering
35,5,32,33,180,true,M1,200B,DP-200B-01,T0008,delivering
35,6,24,27,180,true,M2,140A,DP-140A-02,T0021,delivering
35,7,31,21,180,true,M2,200A,DP-200A-04,T0034,delivering
35,8,27,27,180,true,M2,150,DP-150-01,T0015,delivering
36,1,20,28,90,true,M1,140C,DP-140C-01,T0014,delivering
36,2,17,27,180,true,M1,130B,DP-130B-01,T0011,delivering
36,3,20,25,180,true,M5,140C,DP-140C-02,T0023,delivering
36,4,29,36,90,true,M5,209C,DP-209C-01,T0004,delivering
36,5,31,33,180,true,M1,200B,DP-200B-01,T0008,delivering
36,6,23,27,180,true,M2,140A,DP-140A-02,T0021,delivering
36,7,30,21,180,true,M2,200A,DP-200A-04,T0034,delivering
36,8,26,27,180,true,M2,150,DP-150-01,T0015,delivering
37,1,20,29,90,true,M1,140C,DP-140C-01,T0014,delivering
37,2,16,27,180,true,M1,130B,DP-130B-01,T0011,delivering
37,3,20,25,180,true,M5,140C,DP-140C-02,T0023,unloading
37,4,29,37,90,true,M5,209C,DP-209C-01,T0004,delivering
37,5,31,34,90,true,M1,200B,DP-200B-01,T0008,delivering
37,6,22,27,180,true,M2,140A,DP-140A-02,T0021,delivering
37,7,30,20,270,true,M2,200A,DP-200A-04,T0034,delivering
37,8,25,27,180,true,M2,150,DP-150-01,T0015,delivering
38,1,20,29,90,true,M1,140C,DP-140C-01,T0014,unloading
38,2,15,27,180,true,M1,130B,DP-130B-01,T0011,delivering
38,3,20,25,180,true,M5,140C,DP-140C-02,T0023,unloading
38,4,29,38,90,true,M5,209C,DP-209C-01,T0004,delivering
38,5,31,35,90,true,M1,200B,DP-200B-01,T0008,delivering
38,6,21,27,180,true,M2,140A,DP-140A-02,T0021,delivering
38,7,30,19,270,true,M2,200A,DP-200A-04,T0034,delivering
38,8,24,27,180,true,M2,150,DP-150-01,T0015,delivering
39,1,20,29,90,true,M1,140C,DP-140C-01,T0014,unloading
39,2,14,27,180,true,M1,130B,DP-130B-01,T0011,delivering
39,3,21,25,180,false,,,,,return_home
39,4,29,39,90,true,M5,209C,DP-209C-01,T0004,delivering
39,5,31,36,90,true,M1,200B,DP-200B-01,T0008,delivering
39,6,20,27,180,true,M2,140A,DP-140A-02,T0021,delivering
39,7,30,18,270,true,M2,200A,DP-200A-04,T0034,delivering
39,8,24,28,90,true,M2,150,DP-150-01,T0015,delivering
40,1,20,28,270,false,,,,,return_home
40,2,13,27,180,true,M1,130B,DP-130B-01,T0011,delivering
40,3,22,25,180,false,,,,,return_home
40,4,29,40,90,true,M5,209C,DP-209C-01,T0004,delivering
40,5,31,37,90,true,M1,200B,DP-200B-01,T0008,delivering
40,6,19,27,180,true,M2,140A,DP-140A-02,T0021,delivering
40,7,30,17,270,true,M2,200A,DP-200A-04,T0034,delivering
40,8,24,29,90,true,M2,150,DP-150-01,T0015,delivering
41,1,21,28,270,false,,,,,return_home
41,2,12,27,180,true,M1,130B,DP-130B-01,T0011,delivering
41,3,23,25,180,false,,,,,return_home
41,4,29,41,90,true,M5,209C,DP-209C-01,T0004,delivering
41,5,31,37,90,true,M1,200B,DP-200B-01,T0008,unloading
41,6,18,27,180,true,M2,140A,DP-140A-02,T0021,delivering
41,7,30,17,270,true,M2,200A,DP-200A-04,T0034,unloading
41,8,24,29,90,true,M2,150,DP-150-01,T0015,unloading
42,1,22,28,270,false,,,,,return_home
42,2,11,27,180,true,M1,130B,DP-130B-01,T0011,delivering
42,3,24,25,180,false,,,,,return_home
42,4,28,41,180,true,M5,209C,DP-209C-01,T0004,delivering
42,5,31,37,90,true,M1,200B,DP-200B-01,T0008,unloading
42,6,17,27,180,true,M2,140A,DP-140A-02,T0021,delivering
42,7,30,17,270,true,M2,200A,DP-200A-04,T0034,unloading
42,8,24,29,90,true,M2,150,DP-150-01,T0015,unloading
43,1,23,28,270,false,,,,,return_home
43,2,10,27,180,true,M1,130B,DP-130B-01,T0011,delivering
43,3,25,25,180,false,,,,,return_home
43,4,27,41,180,true,M5,209C,DP-209C-01,T0004,delivering
43,5,31,36,270,false,,,,,return_home
43,6,16,27,180,true,M2,140A,DP-140A-02,T0021,delivering
43,7,30,18,90,false,,,,,return_home
43,8,24,28,270,false,,,,,return_home
44,1,24,28,270,false,,,,,return_home
44,2,9,27,180,true,M1,130B,DP-130B-01,T0011,delivering
44,3,26,25,180,false,,,,,return_home
44,4,26,41,180,true,M5,209C,DP-209C-01,T0004,delivering
44,5,31,35,270,false,,,,,return_home
44,6,15,27,180,true,M2,140A,DP-140A-02,T0021,delivering
44,7,30,19,90,false,,,,,return_home
44,8,25,28,270,false,,,,,return_home
45,1,25,28,270,false,,,,,return_home
45,2,8,27,180,true,M1,130B,DP-130B-01,T0011,delivering
45,3,27,25,180,false,,,,,return_home
45,4,26,42,90,true,M5,209C,DP-209C-01,T0004,delivering
45,5,31,34,270,false,,,,,return_home
45,6,14,27,180,true,M2,140A,DP-140A-02,T0021,delivering
45,7,30,20,90,false,,,,,return_home
45,8,26,28,270,false,,,,,return_home
46,1,26,28,270,false,,,,,return_home
46,2,8,28,90,true,M1,130B,DP-130B-01,T0011,delivering
46,3,28,25,180,false,,,,,return_home
46,4,26,43,90,true,M5,209C,DP-209C-01,T0004,delivering
46,5,31,33,270,false,,,,,return_home
46,6,13,27,180,true,M2,140A,DP-140A-02,T0021,delivering
46,7,30,21,90,false,,,,,return_home
46,8,27,28,270,false,,,,,return_home
47,1,27,28,270,false,,,,,return_home
47,2,8,29,90,true,M1,130B,DP-130B-01,T0011,delivering
47,3,29,25,180,false,,,,,return_home
47,4,26,44,90,true,M5,209C,DP-209C-01,T0004,delivering
47,5,32,33,270,false,,,,,return_home
47,6,12,27,180,true,M2,140A,DP-140A-02,T0021,delivering
47,7,31,21,90,false,,,,,return_home
47,8,28,28,270,false,,,,,return_home
48,1,28,28,270,false,,,,,return_home
48,2,8,29,90,true,M1,130B,DP-130B-01,T0011,unloading
48,3,30,25,180,false,,,,,return_home
48,4,26,45,90,true,M5,209C,DP-209C-01,T0004,delivering
48,5,33,33,270,false,,,,,return_home
48,6,12,26,270,true,M2,140A,DP-140A-02,T0021,delivering
48,7,32,21,90,false,,,,,return_home
48,8,29,28,270,false,,,,,return_home
49,1,29,28,270,false,,,,,return_home
49,2,8,29,90,true,M1,130B,DP-130B-01,T0011,unloading
49,3,31,25,180,false,,,,,return_home
49,4,26,45,90,true,M5,209C,DP-209C-01,T0004,unloading
49,5,33,32,270,false,,,,,return_home
49,6,12,25,270,true,M2,140A,DP-140A-02,T0021,delivering
49,7,33,21,90,false,,,,,return_home
49,8,30,28,270,false,,,,,return_home
50,1,30,28,270,false,,,,,return_home
50,2,8,28,270,false,,,,,return_home
50,3,32,25,180,false,,,,,return_home
50,4,26,45,90,true,M5,209C,DP-209C-01,T0004,unloading
50,5,33,31,270,false,,,,,return_home
50,6,12,25,270,true,M2,140A,DP-140A-02,T0021,unloading
50,7,34,21,90,false,,,,,return_home
50,8,31,28,270,false,,,,,return_home
51,1,31,28,270,false,,,,,return_home
51,2,9,28,270,false,,,,,return_home
51,3,33,25,180,false,,,,,return_home
51,4,26,44,270,false,,,,,return_home
51,5,33,30,270,false,,,,,return_home
51,6,12,25,270,true,M2,140A,DP-140A-02,T0021,unloading
51,7,35,21,90,false,,,,,return_home
51,8,32,28,270,false,,,,,return_home
52,1,32,28,270,false,,,,,return_home
52,2,10,28,270,false,,,,,return_home
52,3,34,25,180,false,,,,,return_home
52,4,26,43,270,false,,,,,return_home
52,5,33,29,270,false,,,,,return_home
52,6,13,25,270,false,,,,,return_home
52,7,36,21,90,false,,,,,return_home
52,8,33,28,270,false,,,,,return_home
53,1,33,28,270,false,,,,,return_home
53,2,11,28,270,false,,,,,return_home
53,3,35,25,180,false,,,,,return_home
53,4,26,42,270,false,,,,,return_home
53,5,34,29,270,false,,,,,return_home
53,6,14,25,270,false,,,,,return_home
53,7,37,21,90,false,,,,,return_home
53,8,34,28,270,false,,,,,return_home
54,1,34,28,270,false,,,,,return_home
54,2,12,28,270,false,,,,,return_home
54,3,36,25,180,false,,,,,return_home
54,4,26,41,270,false,,,,,return_home
54,5,35,29,270,false,,,,,return_home
54,6,15,25,270,false,,,,,return_home
54,7,38,21,90,false,,,,,return_home
54,8,35,28,270,false,,,,,return_home
55,1,35,28,270,false,,,,,return_home
55,2,13,28,270,false,,,,,return_home
55,3,37,25,180,false,,,,,return_home
55,4,27,41,270,false,,,,,return_home
55,5,36,29,270,false,,,,,return_home
55,6,16,25,270,false,,,,,return_home
55,7,39,21,90,false,,,,,return_home
55,8,36,28,270,false,,,,,return_home
56,1,36,28,270,false,,,,,return_home
56,2,14,28,270,false,,,,,return_home
56,3,38,25,180,false,,,,,return_home
56,4,28,41,270,false,,,,,return_home
56,5,37,29,270,false,,,,,return_home
56,6,17,25,270,false,,,,,return_home
56,7,40,21,90,false,,,,,return_home
56,8,37,28,270,false,,,,,return_home
57,1,37,28,270,false,,,,,return_home
57,2,15,28,270,false,,,,,return_home
57,3,39,25,180,false,,,,,return_home
57,4,29,41,270,false,,,,,return_home
57,5,38,29,270,false,,,,,return_home
57,6,18,25,270,false,,,,,return_home
57,7,41,21,90,false,,,,,return_home
57,8,38,28,270,false,,,,,return_home
58,1,38,28,270,false,,,,,return_home
58,2,16,28,270,false,,,,,return_home
58,3,40,25,180,false,,,,,return_home
58,4,29,40,270,false,,,,,return_home
58,5,39,29,270,false,,,,,return_home
58,6,19,25,270,false,,,,,return_home
58,7,42,21,90,false,,,,,return_home
58,8,39,28,270,false,,,,,return_home
59,1,39,28,270,false,,,,,return_home
59,2,17,28,270,false,,,,,return_home
59,3,41,25,180,false,,,,,return_home
59,4,29,39,270,false,,,,,return_home
59,5,40,29,270,false,,,,,return_home
59,6,20,25,270,false,,,,,return_home
59,7,43,21,90,false,,,,,return_home
59,8,40,28,270,false,,,,,return_home
60,1,40,28,270,false,,,,,return_home
60,2,18,28,270,false,,,,,return_home
60,3,42,25,180,false,,,,,return_home
60,4,29,38,270,false,,,,,return_home
60,5,41,29,270,false,,,,,return_home
60,6,21,25,270,false,,,,,return_home
60,7,43,22,90,false,,,,,return_home
60,8,41,28,270,false,,,,,return_home
61,1,41,28,270,false,,,,,return_home
61,2,19,28,270,false,,,,,return_home
61,3,43,25,180,false,,,,,return_home
61,4,29,37,270,false,,,,,return_home
61,5,42,29,270,false,,,,,return_home
61,6,22,25,270,false,,,,,return_home
61,7,43,23,90,false,,,,,return_home
61,8,42,28,270,false,,,,,return_home
62,1,42,28,270,false,,,,,return_home
62,2,20,28,270,false,,,,,return_home
62,3,44,25,180,false,,,,,return_home
62,4,29,36,270,false,,,,,return_home
62,5,43,29,270,false,,,,,return_home
62,6,23,25,270,false,,,,,return_home
62,7,44,23,90,false,,,,,return_home
62,8,43,28,270,false,,,,,return_home
63,1,43,28,270,false,,,,,return_home
63,2,21,28,270,false,,,,,return_home
63,3,45,25,180,false,,,,,return_home
63,4,29,35,270,false,,,,,return_home
63,5,44,29,270,false,,,,,return_home
63,6,24,25,270,false,,,,,return_home
63,7,45,23,90,false,,,,,return_home
63,8,44,28,270,false,,,,,return_home
64,1,44,28,270,false,,,,,return_home
64,2,22,28,270,false,,,,,return_home
64,3,45,24,270,false,,,,,return_home
64,4,29,34,270,false,,,,,return_home
64,5,45,29,270,false,,,,,return_home
64,6,25,25,270,false,,,,,return_home
64,7,46,23,90,false,,,,,return_home
64,8,45,28,270,false,,,,,return_home
65,1,45,28,270,false,,,,,return_home
65,2,23,28,270,false,,,,,return_home
65,3,46,24,270,false,,,,,return_home
65,4,29,33,270,false,,,,,return_home
65,5,46,29,270,false,,,,,return_home
65,6,26,25,270,false,,,,,return_home
65,7,47,23,90,false,,,,,return_home
65,8,46,28,270,false,,,,,return_home
66,1,46,28,270,false,,,,,return_home
66,2,24,28,270,false,,,,,return_home
66,3,47,24,270,false,,,,,return_home
66,4,29,32,270,false,,,,,return_home
66,5,47,29,270,false,,,,,return_home
66,6,27,25,270,false,,,,,return_home
66,7,48,23,90,false,,,,,return_home
66,8,47,28,270,false,,,,,return_home
67,1,47,28,270,false,,,,,return_home
67,2,25,28,270,false,,,,,return_home
67,3,47,25,90,false,,,,,return_home
67,4,29,31,270,false,,,,,return_home
67,5,48,29,270,false,,,,,return_home
67,6,28,25,270,false,,,,,return_home
67,7,48,24,90,false,,,,,return_home
67,8,47,27,270,false,,,,,return_home
68,1,47,27,270,false,,,,,return_home
68,2,26,28,270,false,,,,,return_home
68,3,48,25,90,false,,,,,return_home
68,4,29,30,270,false,,,,,return_home
68,5,48,28,270,false,,,,,return_home
68,6,29,25,270,false,,,,,return_home
68,7,49,24,90,false,,,,,return_home
68,8,48,27,270,false,,,,,return_home
69,1,48,27,270,false,,,,,return_home
69,2,27,28,270,false,,,,,return_home
69,3,48,26,90,false,,,,,return_home
69,4,29,29,270,false,,,,,return_home
69,5,49,28,270,false,,,,,return_home
69,6,30,25,270,false,,,,,return_home
69,7,49,25,90,false,,,,,return_home
69,8,49,27,270,false,,,,,return_home
70,1,48,26,270,false,,,,,return_home
70,2,28,28,270,false,,,,,return_home
70,3,49,26,90,false,,,,,return_home
70,4,29,28,270,false,,,,,return_home
70,5,49,27,270,false,,,,,return_home
70,6,31,25,270,false,,,,,return_home
70,7,50,25,90,false,,,,,return_home
70,8,50,27,270,false,,,,,return_home
71,1,49,26,270,false,,,,,return_home
71,2,29,28,270,false,,,,,return_home
71,3,50,26,90,false,,,,,return_home
71,4,30,28,270,false,,,,,return_home
71,5,50,27,270,false,,,,,return_home
71,6,32,25,270,false,,,,,return_home
71,7,50,26,90,false,,,,,return_home
71,8,50,26,270,false,,,,,return_home
72,1,50,26,270,false,,,,,return_home
72,2,30,28,270,false,,,,,return_home
72,3,49,26,180,false,,,,,to_pickup
72,4,31,28,270,false,,,,,return_home
72,5,50,26,270,false,,,,,return_home
72,6,33,25,270,false,,,,,return_home
72,7,50,27,90,false,,,,,to_pickup
72,8,50,25,270,false,,,,,to_pickup
73,1,49,26,180,false,,,,,to_pickup
73,2,31,28,270,false,,,,,return_home
73,3,48,26,180,false,,,,,to_pickup
73,4,32,28,270,false,,,,,return_home
73,5,50,27,90,false,,,,,to_pickup
73,6,34,25,270,false,,,,,return_home
73,7,49,27,180,false,,,,,to_pickup
73,8,49,25,180,false,,,,,to_pickup
74,1,48,26,180,false,,,,,to_pickup
74,2,32,28,270,false,,,,,return_home
74,3,48,25,270,false,,,,,to_pickup
74,4,33,28,270,false,,,,,return_home
74,5,49,27,180,false,,,,,to_pickup
74,6,35,25,270,false,,,,,return_home
74,7,48,27,180,false,,,,,to_pickup
74,8,49,24,270,false,,,,,to_pickup
75,1,48,25,270,false,,,,,to_pickup
75,2,33,28,270,false,,,,,return_home
75,3,47,25,180,false,,,,,to_pickup
75,4,34,28,270,false,,,,,return_home
75,5,48,27,180,false,,,,,to_pickup
75,6,36,25,270,false,,,,,return_home
75,7,47,27,180,false,,,,,to_pickup
75,8,48,24,180,false,,,,,to_pickup
76,1,47,25,180,false,,,,,to_pickup
76,2,34,28,270,false,,,,,return_home
76,3,46,25,180,false,,,,,to_pickup
76,4,35,28,270,false,,,,,return_home
76,5,47,27,180,false,,,,,to_pickup
76,6,37,25,270,false,,,,,return_home
76,7,46,27,180,false,,,,,to_pickup
76,8,47,24,180,false,,,,,to_pickup
77,1,47,24,270,false,,,,,to_pickup
77,2,35,28,270,false,,,,,return_home
77,3,46,25,180,false,,,,,loading
77,4,36,28,270,false,,,,,return_home
77,5,47,28,90,false,,,,,to_pickup
77,6,38,25,270,false,,,,,return_home
77,7,46,27,180,false,,,,,loading
77,8,46,24,180,false,,,,,to_pickup
78,1,46,24,180,false,,,,,to_pickup
78,2,36,28,270,false,,,,,return_home
78,3,46,25,180,false,,,,,loading
78,4,37,28,270,false,,,,,return_home
78,5,46,28,180,false,,,,,to_pickup
78,6,39,25,270,false,,,,,return_home
78,7,46,27,180,false,,,,,loading
78,8,45,24,180,false,,,,,to_pickup
79,1,46,25,90,false,,,,,to_pickup
79,2,37,28,270,false,,,,,return_home
79,3,45,25,180,true,M5,140A,DP-140A-01,T0012,delivering
79,4,38,28,270,false,,,,,return_home
79,5,46,27,270,false,,,,,to_pickup
79,6,40,25,270,false,,,,,return_home
79,7,45,27,180,true,M5,130A,DP-130A-03,T0028,delivering
79,8,46,24,180,false,,,,,to_pickup
80,1,46,25,90,false,,,,,loading
80,2,38,28,270,false,,,,,return_home
80,3,44,25,180,true,M5,140A,DP-140A-01,T0012,delivering
80,4,39,28,270,false,,,,,return_home
80,5,46,27,270,false,,,,,loading
80,6,41,25,270,false,,,,,return_home
80,7,44,27,180,true,M5,130A,DP-130A-03,T0028,delivering
80,8,46,24,180,false,,,,,to_pickup
81,1,46,25,90,false,,,,,loading
81,2,39,28,270,false,,,,,return_home
81,3,43,25,180,true,M5,140A,DP-140A-01,T0012,delivering
81,4,40,28,270,false,,,,,return_home
81,5,46,27,270,false,,,,,loading
81,6,42,25,270,false,,,,,return_home
81,7,43,27,180,true,M5,130A,DP-130A-03,T0028,delivering
81,8,46,24,180,false,,,,,to_pickup
82,1,45,25,180,true,M1,140B,DP-140B-03,T0031,delivering
82,2,40,28,270,false,,,,,return_home
82,3,43,26,90,true,M5,140A,DP-140A-01,T0012,delivering
82,4,41,28,270,false,,,,,return_home
82,5,45,27,180,true,M4,209B,DP-209B-01,T0005,delivering
82,6,43,25,270,false,,,,,return_home
82,7,42,27,180,true,M5,130A,DP-130A-03,T0028,delivering
82,8,46,25,90,false,,,,,to_pickup
83,1,45,24,270,true,M1,140B,DP-140B-03,T0031,delivering
83,2,41,28,270,false,,,,,return_home
83,3,42,26,180,true,M5,140A,DP-140A-01,T0012,delivering
83,4,42,28,270,false,,,,,return_home
83,5,44,27,180,true,M4,209B,DP-209B-01,T0005,delivering
83,6,44,25,270,false,,,,,return_home
83,7,41,27,180,true,M5,130A,DP-130A-03,T0028,delivering
83,8,46,25,90,false,,,,,loading
84,1,44,24,180,true,M1,140B,DP-140B-03,T0031,delivering
84,2,42,28,270,false,,,,,return_home
84,3,41,26,180,true,M5,140A,DP-140A-01,T0012,delivering
84,4,43,28,270,false,,,,,return_home
84,5,43,27,180,true,M4,209B,DP-209B-01,T0005,delivering
84,6,45,25,270,false,,,,,return_home
84,7,40,27,180,true,M5,130A,DP-130A-03,T0028,delivering
84,8,46,25,90,false,,,,,loading
85,1,43,24,180,true,M1,140B,DP-140B-03,T0031,delivering
85,2,43,28,270,false,,,,,return_home
85,3,40,26,180,true,M5,140A,DP-140A-01,T0012,delivering
85,4,44,28,270,false,,,,,return_home
85,5,42,27,180,true,M4,209B,DP-209B-01,T0005,delivering
85,6,45,24,270,false,,,,,return_home
85,7,39,27,180,true,M5,130A,DP-130A-03,T0028,delivering
85,8,45,25,180,true,M1,200B,DP-200B-03,T0026,delivering
86,1,43,23,270,true,M1,140B,DP-140B-03,T0031,delivering
86,2,44,28,270,false,,,,,return_home
86,3,39,26,180,true,M5,140A,DP-140A-01,T0012,delivering
86,4,45,28,270,false,,,,,return_home
86,5,41,27,180,true,M4,209B,DP-209B-01,T0005,delivering
86,6,46,24,270,false,,,,,return_home
86,7,38,27,180,true,M5,130A,DP-130A-03,T0028,delivering
86,8,44,25,180,true,M1,200B,DP-200B-03,T0026,delivering
87,1,43,22,270,true,M1,140B,DP-140B-03,T0031,delivering
87,2,45,28,270,false,,,,,return_home
87,3,38,26,180,true,M5,140A,DP-140A-01,T0012,delivering
87,4,46,28,270,false,,,,,return_home
87,5,40,27,180,true,M4,209B,DP-209B-01,T0005,delivering
87,6,47,24,270,false,,,,,return_home
87,7,37,27,180,true,M5,130A,DP-130A-03,T0028,delivering
87,8,43,25,180,true,M1,200B,DP-200B-03,T0026,delivering
88,1,43,21,270,true,M1,140B,DP-140B-03,T0031,delivering
88,2,46,28,270,false,,,,,return_home
88,3,37,26,180,true,M5,140A,DP-140A-01,T0012,delivering
88,4,47,28,270,false,,,,,return_home
88,5,39,27,180,true,M4,209B,DP-209B-01,T0005,delivering
88,6,47,25,90,false,,,,,return_home
88,7,36,27,180,true,M5,130A,DP-130A-03,T0028,delivering
88,8,42,25,180,true,M1,200B,DP-200B-03,T0026,delivering
89,1,42,21,180,true,M1,140B,DP-140B-03,T0031,delivering
89,2,47,28,270,false,,,,,return_home
89,3,36,26,180,true,M5,140A,DP-140A-01,T0012,delivering
89,4,47,27,270,false,,,,,return_home
89,5,38,27,180,true,M4,209B,DP-209B-01,T0005,delivering
89,6,48,25,90,false,,,,,return_home
89,7,35,27,180,true,M5,130A,DP-130A-03,T0028,delivering
89,8,41,25,180,true,M1,200B,DP-200B-03,T0026,delivering
90,1,41,21,180,true,M1,140B,DP-140B-03,T0031,delivering
90,2,47,27,270,false,,,,,return_home
90,3,35,26,180,true,M5,140A,DP-140A-01,T0012,delivering
90,4,48,27,270,false,,,,,return_home
90,5,37,27,180,true,M4,209B,DP-209B-01,T0005,delivering
90,6,48,26,90,false,,,,,return_home
90,7,34,27,180,true,M5,130A,DP-130A-03,T0028,delivering
90,8,40,25,180,true,M1,200B,DP-200B-03,T0026,delivering
91,1,40,21,180,true,M1,140B,DP-140B-03,T0031,delivering
91,2,48,27,270,false,,,,,return_home
91,3,34,26,180,true,M5,140A,DP-140A-01,T0012,delivering
91,4,48,26,270,false,,,,,return_home
91,5,36,27,180,true,M4,209B,DP-209B-01,T0005,delivering
91,6,49,26,90,false,,,,,return_home
91,7,33,27,180,true,M5,130A,DP-130A-03,T0028,delivering
91,8,39,25,180,true,M1,200B,DP-200B-03,T0026,delivering
92,1,39,21,180,true,M1,140B,DP-140B-03,T0031,delivering
92,2,48,26,270,false,,,,,return_home
92,3,33,26,180,true,M5,140A,DP-140A-01,T0012,delivering
92,4,49,26,270,false,,,,,return_home
92,5,35,27,180,true,M4,209B,DP-209B-01,T0005,delivering
92,6,50,26,90,false,,,,,return_home
92,7,32,27,180,true,M5,130A,DP-130A-03,T0028,delivering
92,8,38,25,180,true,M1,200B,DP-200B-03,T0026,delivering
93,1,38,21,180,true,M1,140B,DP-140B-03,T0031,delivering
93,2,49,26,270,false,,,,,return_home
93,3,32,26,180,true,M5,140A,DP-140A-01,T0012,delivering
93,4,50,26,270,false,,,,,return_home
93,5,34,27,180,true,M4,209B,DP-209B-01,T0005,delivering
93,6,50,25,270,false,,,,,to_pickup
93,7,31,27,180,true,M5,130A,DP-130A-03,T0028,delivering
93,8,37,25,180,true,M1,200B,DP-200B-03,T0026,delivering
94,1,37,21,180,true,M1,140B,DP-140B-03,T0031,delivering
94,2,50,26,270,false,,,,,return_home
94,3,31,26,180,true,M5,140A,DP-140A-01,T0012,delivering
94,4,49,26,180,false,,,,,to_pickup
94,5,33,27,180,true,M4,209B,DP-209B-01,T0005,delivering
94,6,49,25,180,false,,,,,to_pickup
94,7,30,27,180,true,M5,130A,DP-130A-03,T0028,delivering
94,8,36,25,180,true,M1,200B,DP-200B-03,T0026,delivering
95,1,36,21,180,true,M1,140B,DP-140B-03,T0031,delivering
95,2,49,26,180,false,,,,,to_pickup
95,3,30,26,180,true,M5,140A,DP-140A-01,T0012,delivering
95,4,48,26,180,false,,,,,to_pickup
95,5,33,28,90,true,M4,209B,DP-209B-01,T0005,delivering
95,6,48,25,180,false,,,,,to_pickup
95,7,29,27,180,true,M5,130A,DP-130A-03,T0028,delivering
95,8,35,25,180,true,M1,200B,DP-200B-03,T0026,delivering
96,1,35,21,180,true,M1,140B,DP-140B-03,T0031,delivering
96,2,48,26,180,false,,,,,to_pickup
96,3,29,26,180,true,M5,140A,DP-140A-01,T0012,delivering
96,4,48,27,90,false,,,,,to_pickup
96,5,33,29,90,true,M4,209B,DP-209B-01,T0005,delivering
96,6,47,25,180,false,,,,,to_pickup
96,7,28,27,180,true,M5,130A,DP-130A-03,T0028,delivering
96,8,35,25,180,true,M1,200B,DP-200B-03,T0026,unloading
97,1,34,21,180,true,M1,140B,DP-140B-03,T0031,delivering
97,2,48,25,270,false,,,,,to_pickup
97,3,28,26,180,true,M5,140A,DP-140A-01,T0012,delivering
97,4,47,27,180,false,,,,,to_pickup
97,5,33,30,90,true,M4,209B,DP-209B-01,T0005,delivering
97,6,46,25,180,false,,,,,to_pickup
97,7,27,27,180,true,M5,130A,DP-130A-03,T0028,delivering
97,8,35,25,180,true,M1,200B,DP-200B-03,T0026,unloading
98,1,33,21,180,true,M1,140B,DP-140B-03,T0031,delivering
98,2,47,25,180,false,,,,,to_pickup
98,3,27,26,180,true,M5,140A,DP-140A-01,T0012,delivering
98,4,46,27,180,false,,,,,to_pickup
98,5,33,31,90,true,M4,209B,DP-209B-01,T0005,delivering
98,6,46,25,180,false,,,,,loading
98,7,26,27,180,true,M5,130A,DP-130A-03,T0028,delivering
98,8,36,25,180,false,,,,,return_home
99,1,32,21,180,true,M1,140B,DP-140B-03,T0031,delivering
99,2,47,25,180,false,,,,,to_pickup
99,3,26,26,180,true,M5,140A,DP-140A-01,T0012,delivering
99,4,46,27,180,false,,,,,loading
99,5,33,32,90,true,M4,209B,DP-209B-01,T0005,delivering
99,6,46,25,180,false,,,,,loading
99,7,25,27,180,true,M5,130A,DP-130A-03,T0028,delivering
99,8,37,25,180,false,,,,,return_home
100,1,31,21,180,true,M1,140B,DP-140B-03,T0031,delivering
100,2,46,25,180,false,,,,,to_pickup
100,3,25,26,180,true,M5,140A,DP-140A-01,T0012,delivering
100,4,46,27,180,false,,,,,loading
100,5,33,33,90,true,M4,209B,DP-209B-01,T0005,delivering
100,6,45,25,180,true,M3,200C,DP-200C-01,T0009,delivering
100,7,24,27,180,true,M5,130A,DP-130A-03,T0028,delivering
100,8,38,25,180,false,,,,,return_home
101,1,30,21,180,true,M1,140B,DP-140B-03,T0031,delivering
101,2,46,25,180,false,,,,,loading
101,3,24,26,180,true,M5,140A,DP-140A-01,T0012,delivering
101,4,45,27,180,true,M2,140B,DP-140B-02,T0022,delivering
101,5,32,33,180,true,M4,209B,DP-209B-01,T0005,delivering
101,6,44,25,180,true,M3,200C,DP-200C-01,T0009,delivering
101,7,23,27,180,true,M5,130A,DP-130A-03,T0028,delivering
101,8,39,25,180,false,,,,,return_home
102,1,29,21,180,true,M1,140B,DP-140B-03,T0031,delivering
102,2,46,25,180,false,,,,,loading
102,3,23,26,180,true,M5,140A,DP-140A-01,T0012,delivering
102,4,44,27,180,true,M2,140B,DP-140B-02,T0022,delivering
102,5,31,33,180,true,M4,209B,DP-209B-01,T0005,delivering
102,6,43,25,180,true,M3,200C,DP-200C-01,T0009,delivering
102,7,22,27,180,true,M5,130A,DP-130A-03,T0028,delivering
102,8,40,25,180,false,,,,,return_home
103,1,28,21,180,true,M1,140B,DP-140B-03,T0031,delivering
103,2,45,25,180,true,M1,200A,DP-200A-02,T0016,delivering
103,3,22,26,180,true,M5,140A,DP-140A-01,T0012,delivering
103,4,43,27,180,true,M2,140B,DP-140B-02,T0022,delivering
103,5,30,33,180,true,M4,209B,DP-209B-01,T0005,delivering
103,6,42,25,180,true,M3,200C,DP-200C-01,T0009,delivering
103,7,21,27,180,true,M5,130A,DP-130A-03,T0028,delivering
103,8,41,25,180,false,,,,,return_home
104,1,27,21,180,true,M1,140B,DP-140B-03,T0031,delivering
104,2,44,25,180,true,M1,200A,DP-200A-02,T0016,delivering
104,3,21,26,180,true,M5,140A,DP-140A-01,T0012,delivering
104,4,42,27,180,true,M2,140B,DP-140B-02,T0022,delivering
104,5,30,34,90,true,M4,209B,DP-209B-01,T0005,delivering
104,6,42,26,90,true,M3,200C,DP-200C-01,T0009,delivering
104,7,20,27,180,true,M5,130A,DP-130A-03,T0028,delivering
104,8,42,25,180,false,,,,,return_home
105,1,26,21,180,true,M1,140B,DP-140B-03,T0031,delivering
105,2,44,26,90,true,M1,200A,DP-200A-02,T0016,delivering
105,3,20,26,180,true,M5,140A,DP-140A-01,T0012,delivering
105,4,41,27,180,true,M2,140B,DP-140B-02,T0022,delivering
105,5,30,35,90,true,M4,209B,DP-209B-01,T0005,delivering
105,6,41,26,180,true,M3,200C,DP-200C-01,T0009,delivering
105,7,19,27,180,true,M5,130A,DP-130A-03,T0028,delivering
105,8,43,25,180,false,,,,,return_home
106,1,25,21,180,true,M1,140B,DP-140B-03,T0031,delivering
106,2,43,26,180,true,M1,200A,DP-200A-02,T0016,delivering
106,3,19,26,180,true,M5,140A,DP-140A-01,T0012,delivering
106,4,40,27,180,true,M2,140B,DP-140B-02,T0022,delivering
106,5,30,36,90,true,M4,209B,DP-209B-01,T0005,delivering
106,6,40,26,180,true,M3,200C,DP-200C-01,T0009,delivering
106,7,18,27,180,true,M5,130A,DP-130A-03,T0028,delivering
106,8,44,25,180,false,,,,,return_home
107,1,24,21,180,true,M1,140B,DP-140B-03,T0031,delivering
107,2,42,26,180,true,M1,200A,DP-200A-02,T0016,delivering
107,3,18,26,180,true,M5,140A,DP-140A-01,T0012,delivering
107,4,39,27,180,true,M2,140B,DP-140B-02,T0022,delivering
107,5,30,37,90,true,M4,209B,DP-209B-01,T0005,delivering
107,6,39,26,180,true,M3,200C,DP-200C-01,T0009,delivering
107,7,17,27,180,true,M5,130A,DP-130A-03,T0028,delivering
107,8,45,25,180,false,,,,,return_home
108,1,23,21,180,true,M1,140B,DP-140B-03,T0031,delivering
108,2,41,26,180,true,M1,200A,DP-200A-02,T0016,delivering
108,3,17,26,180,true,M5,140A,DP-140A-01,T0012,delivering
108,4,38,27,180,true,M2,140B,DP-140B-02,T0022,delivering
108,5,30,38,90,true,M4,209B,DP-209B-01,T0005,delivering
108,6,38,26,180,true,M3,200C,DP-200C-01,T0009,delivering
108,7,16,27,180,true,M5,130A,DP-130A-03,T0028,delivering
108,8,45,24,270,false,,,,,return_home
109,1,22,21,180,true,M1,140B,DP-140B-03,T0031,delivering
109,2,40,26,180,true,M1,200A,DP-200A-02,T0016,delivering
109,3,16,26,180,true,M5,140A,DP-140A-01,T0012,delivering
109,4,37,27,180,true,M2,140B,DP-140B-02,T0022,delivering
109,5,30,39,90,true,M4,209B,DP-209B-01,T0005,delivering
109,6,38,27,90,true,M3,200C,DP-200C-01,T0009,delivering
109,7,15,27,180,true,M5,130A,DP-130A-03,T0028,delivering
109,8,46,24,270,false,,,,,return_home
110,1,21,21,180,true,M1,140B,DP-140B-03,T0031,delivering
110,2,39,26,180,true,M1,200A,DP-200A-02,T0016,delivering
110,3,15,26,180,true,M5,140A,DP-140A-01,T0012,delivering
110,4,36,27,180,true,M2,140B,DP-140B-02,T0022,delivering
110,5,30,40,90,true,M4,209B,DP-209B-01,T0005,delivering
110,6,38,28,90,true,M3,200C,DP-200C-01,T0009,delivering
110,7,14,27,180,true,M5,130A,DP-130A-03,T0028,delivering
110,8,47,24,270,false,,,,,return_home
111,1,20,21,180,true,M1,140B,DP-140B-03,T0031,delivering
111,2,38,26,180,true,M1,200A,DP-200A-02,T0016,delivering
111,3,14,26,180,true,M5,140A,DP-140A-01,T0012,delivering
111,4,35,27,180,true,M2,140B,DP-140B-02,T0022,delivering
111,5,30,41,90,true,M4,209B,DP-209B-01,T0005,delivering
111,6,38,29,90,true,M3,200C,DP-200C-01,T0009,delivering
111,7,13,27,180,true,M5,130A,DP-130A-03,T0028,delivering
111,8,47,25,90,false,,,,,return_home
112,1,19,21,180,true,M1,140B,DP-140B-03,T0031,delivering
112,2,37,26,180,true,M1,200A,DP-200A-02,T0016,delivering
112,3,13,26,180,true,M5,140A,DP-140A-01,T0012,delivering
112,4,34,27,180,true,M2,140B,DP-140B-02,T0022,delivering
112,5,30,42,90,true,M4,209B,DP-209B-01,T0005,delivering
112,6,38,30,90,true,M3,200C,DP-200C-01,T0009,delivering
112,7,12,27,180,true,M5,130A,DP-130A-03,T0028,delivering
112,8,48,25,90,false,,,,,return_home
113,1,18,21,180,true,M1,140B,DP-140B-03,T0031,delivering
113,2,36,26,180,true,M1,200A,DP-200A-02,T0016,delivering
113,3,12,26,180,true,M5,140A,DP-140A-01,T0012,delivering
113,4,33,27,180,true,M2,140B,DP-140B-02,T0022,delivering
113,5,30,43,90,true,M4,209B,DP-209B-01,T0005,delivering
113,6,38,31,90,true,M3,200C,DP-200C-01,T0009,delivering
113,7,11,27,180,true,M5,130A,DP-130A-03,T0028,delivering
113,8,48,26,90,false,,,,,return_home
114,1,17,21,180,true,M1,140B,DP-140B-03,T0031,delivering
114,2,35,26,180,true,M1,200A,DP-200A-02,T0016,delivering
114,3,12,27,90,true,M5,140A,DP-140A-01,T0012,delivering
114,4,32,27,180,true,M2,140B,DP-140B-02,T0022,delivering
114,5,30,44,90,true,M4,209B,DP-209B-01,T0005,delivering
114,6,38,32,90,true,M3,200C,DP-200C-01,T0009,delivering
114,7,10,27,180,true,M5,130A,DP-130A-03,T0028,delivering
114,8,49,26,90,false,,,,,return_home
115,1,16,21,180,true,M1,140B,DP-140B-03,T0031,delivering
115,2,34,26,180,true,M1,200A,DP-200A-02,T0016,delivering
115,3,12,28,90,true,M5,140A,DP-140A-01,T0012,delivering
115,4,31,27,180,true,M2,140B,DP-140B-02,T0022,delivering
115,5,30,45,90,true,M4,209B,DP-209B-01,T0005,delivering
115,6,38,33,90,true,M3,200C,DP-200C-01,T0009,delivering
115,7,9,27,180,true,M5,130A,DP-130A-03,T0028,delivering
115,8,50,26,90,false,,,,,return_home
116,1,16,20,270,true,M1,140B,DP-140B-03,T0031,delivering
116,2,33,26,180,true,M1,200A,DP-200A-02,T0016,delivering
116,3,12,29,90,true,M5,140A,DP-140A-01,T0012,delivering
116,4,30,27,180,true,M2,140B,DP-140B-02,T0022,delivering
116,5,30,45,90,true,M4,209B,DP-209B-01,T0005,unloading
116,6,37,33,180,true,M3,200C,DP-200C-01,T0009,delivering
116,7,8,27,180,true,M5,130A,DP-130A-03,T0028,delivering
116,8,49,26,180,false,,,,,to_pickup
117,1,16,19,270,true,M1,140B,DP-140B-03,T0031,delivering
117,2,32,26,180,true,M1,200A,DP-200A-02,T0016,delivering
117,3,12,29,90,true,M5,140A,DP-140A-01,T0012,unloading
117,4,29,27,180,true,M2,140B,DP-140B-02,T0022,delivering
117,5,30,45,90,true,M4,209B,DP-209B-01,T0005,unloading
117,6,36,33,180,true,M3,200C,DP-200C-01,T0009,delivering
117,7,7,27,180,true,M5,130A,DP-130A-03,T0028,delivering
117,8,48,26,180,false,,,,,to_pickup
118,1,16,18,270,true,M1,140B,DP-140B-03,T0031,delivering
118,2,31,26,180,true,M1,200A,DP-200A-02,T0016,delivering
118,3,12,29,90,true,M5,140A,DP-140A-01,T0012,unloading
118,4,28,27,180,true,M2,140B,DP-140B-02,T0022,delivering
118,5,30,44,270,false,,,,,return_home
118,6,36,34,90,true,M3,200C,DP-200C-01,T0009,delivering
118,7,7,26,270,true,M5,130A,DP-130A-03,T0028,delivering
118,8,48,25,270,false,,,,,to_pickup
119,1,16,17,270,true,M1,140B,DP-140B-03,T0031,delivering
119,2,30,26,180,true,M1,200A,DP-200A-02,T0016,delivering
119,3,12,28,270,false,,,,,return_home
119,4,27,27,180,true,M2,140B,DP-140B-02,T0022,delivering
119,5,30,43,270,false,,,,,return_home
119,6,36,35,90,true,M3,200C,DP-200C-01,T0009,delivering
119,7,7,25,270,true,M5,130A,DP-130A-03,T0028,delivering
119,8,47,25,180,false,,,,,to_pickup
120,1,16,17,270,true,M1,140B,DP-140B-03,T0031,unloading
120,2,30,27,90,true,M1,200A,DP-200A-02,T0016,delivering
120,3,13,28,270,false,,,,,return_home
120,4,26,27,180,true,M2,140B,DP-140B-02,T0022,delivering
120,5,30,42,270,false,,,,,return_home
120,6,36,36,90,true,M3,200C,DP-200C-01,T0009,delivering
120,7,7,24,270,true,M5,130A,DP-130A-03,T0028,delivering
120,8,46,25,180,false,,,,,to_pickup
121,1,16,17,270,true,M1,140B,DP-140B-03,T0031,unloading
121,2,30,28,90,true,M1,200A,DP-200A-02,T0016,delivering
121,3,14,28,270,false,,,,,return_home
121,4,25,27,180,true,M2,140B,DP-140B-02,T0022,delivering
121,5,30,41,270,false,,,,,return_home
121,6,36,37,90,true,M3,200C,DP-200C-01,T0009,delivering
121,7,7,23,270,true,M5,130A,DP-130A-03,T0028,delivering
121,8,46,25,180,false,,,,,loading
122,1,16,18,90,false,,,,,return_home
122,2,30,29,90,true,M1,200A,DP-200A-02,T0016,delivering
122,3,15,28,270,false,,,,,return_home
122,4,24,27,180,true,M2,140B,DP-140B-02,T0022,delivering
122,5,30,40,270,false,,,,,return_home
122,6,36,37,90,true,M3,200C,DP-200C-01,T0009,unloading
122,7,7,22,270,true,M5,130A,DP-130A-03,T0028,delivering
122,8,46,25,180,false,,,,,loading
123,1,16,19,90,false,,,,,return_home
123,2,30,29,90,true,M1,200A,DP-200A-02,T0016,unloading
123,3,16,28,270,false,,,,,return_home
123,4,23,27,180,true,M2,140B,DP-140B-02,T0022,delivering
123,5,30,39,270,false,,,,,return_home
123,6,36,37,90,true,M3,200C,DP-200C-01,T0009,unloading
123,7,7,21,270,true,M5,130A,DP-130A-03,T0028,delivering
123,8,45,25,180,true,M2,200B,DP-200B-02,T0017,delivering
124,1,16,20,90,false,,,,,return_home
124,2,30,29,90,true,M1,200A,DP-200A-02,T0016,unloading
124,3,17,28,270,false,,,,,return_home
124,4,22,27,180,true,M2,140B,DP-140B-02,T0022,delivering
124,5,30,38,270,false,,,,,return_home
124,6,36,36,270,false,,,,,return_home
124,7,6,21,180,true,M5,130A,DP-130A-03,T0028,delivering
124,8,44,25,180,true,M2,200B,DP-200B-02,T0017,delivering
125,1,16,21,90,false,,,,,return_home
125,2,30,28,270,false,,,,,return_home
125,3,18,28,270,false,,,,,return_home
125,4,21,27,180,true,M2,140B,DP-140B-02,T0022,delivering
125,5,30,37,270,false,,,,,return_home
125,6,36,35,270,false,,,,,return_home
125,7,5,21,180,true,M5,130A,DP-130A-03,T0028,delivering
125,8,43,25,180,true,M2,200B,DP-200B-02,T0017,delivering
126,1,17,21,90,false,,,,,return_home
126,2,31,28,270,false,,,,,return_home
126,3,19,28,270,false,,,,,return_home
126,4,20,27,180,true,M2,140B,DP-140B-02,T0022,delivering
126,5,30,36,270,false,,,,,return_home
126,6,36,34,270,false,,,,,return_home
126,7,4,21,180,true,M5,130A,DP-130A-03,T0028,delivering
126,8,42,25,180,true,M2,200B,DP-200B-02,T0017,delivering
127,1,18,21,90,false,,,,,return_home
127,2,32,28,270,false,,,,,return_home
127,3,20,28,270,false,,,,,return_home
127,4,19,27,180,true,M2,140B,DP-140B-02,T0022,delivering
127,5,30,35,270,false,,,,,return_home
127,6,36,33,270,false,,,,,return_home
127,7,4,20,270,true,M5,130A,DP-130A-03,T0028,delivering
127,8,41,25,180,true,M2,200B,DP-200B-02,T0017,delivering
128,1,19,21,90,false,,,,,return_home
128,2,33,28,270,false,,,,,return_home
128,3,21,28,270,false,,,,,return_home
128,4,18,27,180,true,M2,140B,DP-140B-02,T0022,delivering
128,5,30,34,270,false,,,,,return_home
128,6,37,33,270,false,,,,,return_home
128,7,4,19,270,true,M5,130A,DP-130A-03,T0028,delivering
128,8,40,25,180,true,M2,200B,DP-200B-02,T0017,delivering
129,1,20,21,90,false,,,,,return_home
129,2,34,28,270,false,,,,,return_home
129,3,22,28,270,false,,,,,return_home
129,4,17,27,180,true,M2,140B,DP-140B-02,T0022,delivering
129,5,30,33,270,false,,,,,return_home
129,6,38,33,270,false,,,,,return_home
129,7,4,18,270,true,M5,130A,DP-130A-03,T0028,delivering
129,8,39,25,180,true,M2,200B,DP-200B-02,T0017,delivering
130,1,21,21,90,false,,,,,return_home
130,2,35,28,270,false,,,,,return_home
130,3,23,28,270,false,,,,,return_home
130,4,16,27,180,true,M2,140B,DP-140B-02,T0022,delivering
130,5,31,33,270,false,,,,,return_home
130,6,38,32,270,false,,,,,return_home
130,7,4,17,270,true,M5,130A,DP-130A-03,T0028,delivering
130,8,38,25,180,true,M2,200B,DP-200B-02,T0017,delivering
131,1,22,21,90,false,,,,,return_home
131,2,36,28,270,false,,,,,return_home
131,3,24,28,270,false,,,,,return_home
131,4,16,26,270,true,M2,140B,DP-140B-02,T0022,delivering
131,5,32,33,270,false,,,,,return_home
131,6,38,31,270,false,,,,,return_home
131,7,4,17,270,true,M5,130A,DP-130A-03,T0028,unloading
131,8,37,25,180,true,M2,200B,DP-200B-02,T0017,delivering
132,1,23,21,90,false,,,,,return_home
132,2,37,28,270,false,,,,,return_home
132,3,25,28,270,false,,,,,return_home
132,4,16,25,270,true,M2,140B,DP-140B-02,T0022,delivering
132,5,33,33,270,false,,,,,return_home
132,6,38,30,270,false,,,,,return_home
132,7,4,17,270,true,M5,130A,DP-130A-03,T0028,unloading
132,8,36,25,180,true,M2,200B,DP-200B-02,T0017,delivering
133,1,24,21,90,false,,,,,return_home
133,2,38,28,270,false,,,,,return_home
133,3,26,28,270,false,,,,,return_home
133,4,16,25,270,true,M2,140B,DP-140B-02,T0022,unloading
133,5,33,32,270,false,,,,,return_home
133,6,38,29,270,false,,,,,return_home
133,7,4,18,90,false,,,,,return_home
133,8,35,25,180,true,M2,200B,DP-200B-02,T0017,delivering
134,1,25,21,90,false,,,,,return_home
134,2,39,28,270,false,,,,,return_home
134,3,27,28,270,false,,,,,return_home
134,4,16,25,270,true,M2,140B,DP-140B-02,T0022,unloading
134,5,33,31,270,false,,,,,return_home
134,6,38,28,270,false,,,,,return_home
134,7,4,19,90,false,,,,,return_home
134,8,35,26,90,true,M2,200B,DP-200B-02,T0017,delivering
135,1,26,21,90,false,,,,,return_home
135,2,40,28,270,false,,,,,return_home
135,3,28,28,270,false,,,,,return_home
135,4,17,25,270,false,,,,,return_home
135,5,33,30,270,false,,,,,return_home
135,6,39,28,270,false,,,,,return_home
135,7,4,20,90,false,,,,,return_home
135,8,35,27,90,true,M2,200B,DP-200B-02,T0017,delivering
136,1,27,21,90,false,,,,,return_home
136,2,41,28,270,false,,,,,return_home
136,3,29,28,270,false,,,,,return_home
136,4,18,25,270,false,,,,,return_home
136,5,33,29,270,false,,,,,return_home
136,6,40,28,270,false,,,,,return_home
136,7,4,21,90,false,,,,,return_home
136,8,35,28,90,true,M2,200B,DP-200B-02,T0017,delivering
137,1,28,21,90,false,,,,,return_home
137,2,42,28,270,false,,,,,return_home
137,3,30,28,270,false,,,,,return_home
137,4,19,25,270,false,,,,,return_home
137,5,33,28,270,false,,,,,return_home
137,6,41,28,270,false,,,,,return_home
137,7,5,21,90,false,,,,,return_home
137,8,35,29,90,true,M2,200B,DP-200B-02,T0017,delivering
138,1,29,21,90,false,,,,,return_home
138,2,43,28,270,false,,,,,return_home
138,3,31,28,270,false,,,,,return_home
138,4,20,25,270,false,,,,,return_home
138,5,34,28,270,false,,,,,return_home
138,6,42,28,270,false,,,,,return_home
138,7,6,21,90,false,,,,,return_home
138,8,35,29,90,true,M2,200B,DP-200B-02,T0017,unloading
139,1,30,21,90,false,,,,,return_home
139,2,44,28,270,false,,,,,return_home
139,3,32,28,270,false,,,,,return_home
139,4,21,25,270,false,,,,,return_home
139,5,35,28,270,false,,,,,return_home
139,6,43,28,270,false,,,,,return_home
139,7,7,21,90,false,,,,,return_home
139,8,35,29,90,true,M2,200B,DP-200B-02,T0017,unloading
140,1,31,21,90,false,,,,,return_home
140,2,45,28,270,false,,,,,return_home
140,3,33,28,270,false,,,,,return_home
140,4,22,25,270,false,,,,,return_home
140,5,36,28,270,false,,,,,return_home
140,6,44,28,270,false,,,,,return_home
140,7,8,21,90,false,,,,,return_home
140,8,35,28,270,false,,,,,return_home
141,1,32,21,90,false,,,,,return_home
141,2,46,28,270,false,,,,,return_home
141,3,34,28,270,false,,,,,return_home
141,4,23,25,270,false,,,,,return_home
141,5,37,28,270,false,,,,,return_home
141,6,45,28,270,false,,,,,return_home
141,7,9,21,90,false,,,,,return_home
141,8,36,28,270,false,,,,,return_home
142,1,33,21,90,false,,,,,return_home
142,2,47,28,270,false,,,,,return_home
142,3,35,28,270,false,,,,,return_home
142,4,24,25,270,false,,,,,return_home
142,5,38,28,270,false,,,,,return_home
142,6,46,28,270,false,,,,,return_home
142,7,10,21,90,false,,,,,return_home
142,8,37,28,270,false,,,,,return_home
143,1,34,21,90,false,,,,,return_home
143,2,47,27,270,false,,,,,return_home
143,3,36,28,270,false,,,,,return_home
143,4,25,25,270,false,,,,,return_home
143,5,39,28,270,false,,,,,return_home
143,6,47,28,270,false,,,,,return_home
143,7,11,21,90,false,,,,,return_home
143,8,38,28,270,false,,,,,return_home
144,1,35,21,90,false,,,,,return_home
144,2,48,27,270,false,,,,,return_home
144,3,37,28,270,false,,,,,return_home
144,4,26,25,270,false,,,,,return_home
144,5,40,28,270,false,,,,,return_home
144,6,47,27,270,false,,,,,return_home
144,7,12,21,90,false,,,,,return_home
144,8,39,28,270,false,,,,,return_home
145,1,36,21,90,false,,,,,return_home
145,2,48,26,270,false,,,,,return_home
145,3,38,28,270,false,,,,,return_home
145,4,27,25,270,false,,,,,return_home
145,5,41,28,270,false,,,,,return_home
145,6,48,27,270,false,,,,,return_home
145,7,13,21,90,false,,,,,return_home
145,8,40,28,270,false,,,,,return_home
146,1,37,21,90,false,,,,,return_home
146,2,49,26,270,false,,,,,return_home
146,3,39,28,270,false,,,,,return_home
146,4,28,25,270,false,,,,,return_home
146,5,42,28,270,false,,,,,return_home
146,6,48,26,270,false,,,,,return_home
146,7,14,21,90,false,,,,,return_home
146,8,41,28,270,false,,,,,return_home
147,1,38,21,90,false,,,,,return_home
147,2,50,26,270,false,,,,,return_home
147,3,40,28,270,false,,,,,return_home
147,4,29,25,270,false,,,,,return_home
147,5,43,28,270,false,,,,,return_home
147,6,49,26,270,false,,,,,return_home
147,7,15,21,90,false,,,,,return_home
147,8,42,28,270,false,,,,,return_home
148,1,39,21,90,false,,,,,return_home
148,2,49,26,180,false,,,,,to_pickup
148,3,41,28,270,false,,,,,return_home
148,4,30,25,270,false,,,,,return_home
148,5,44,28,270,false,,,,,return_home
148,6,50,26,270,false,,,,,return_home
148,7,16,21,90,false,,,,,return_home
148,8,43,28,270,false,,,,,return_home
149,1,40,21,90,false,,,,,return_home
149,2,48,26,180,false,,,,,to_pickup
149,3,42,28,270,false,,,,,return_home
149,4,31,25,270,false,,,,,return_home
149,5,45,28,270,false,,,,,return_home
149,6,49,26,180,false,,,,,to_pickup
149,7,17,21,90,false,,,,,return_home
149,8,44,28,270,false,,,,,return_home
150,1,41,21,90,false,,,,,return_home
150,2,48,25,270,false,,,,,to_pickup
150,3,43,28,270,false,,,,,return_home
150,4,32,25,270,false,,,,,return_home
150,5,46,28,270,false,,,,,return_home
150,6,48,26,180,false,,,,,to_pickup
150,7,18,21,90,false,,,,,return_home
150,8,45,28,270,false,,,,,return_home
151,1,42,21,90,false,,,,,return_home
151,2,47,25,180,false,,,,,to_pickup
151,3,44,28,270,false,,,,,return_home
151,4,33,25,270,false,,,,,return_home
151,5,47,28,270,false,,,,,return_home
151,6,48,25,270,false,,,,,to_pickup
151,7,19,21,90,false,,,,,return_home
151,8,46,28,270,false,,,,,return_home
152,1,43,21,90,false,,,,,return_home
152,2,46,25,180,false,,,,,to_pickup
152,3,45,28,270,false,,,,,return_home
152,4,34,25,270,false,,,,,return_home
152,5,47,27,270,false,,,,,return_home
152,6,47,25,180,false,,,,,to_pickup
152,7,20,21,90,false,,,,,return_home
152,8,47,28,270,false,,,,,return_home
153,1,43,22,90,false,,,,,return_home
153,2,46,25,180,false,,,,,loading
153,3,46,28,270,false,,,,,return_home
153,4,35,25,270,false,,,,,return_home
153,5,48,27,270,false,,,,,return_home
153,6,47,24,270,false,,,,,to_pickup
153,7,21,21,90,false,,,,,return_home
153,8,47,27,270,false,,,,,return_home
154,1,43,23,90,false,,,,,return_home
154,2,46,25,180,false,,,,,loading
154,3,47,28,270,false,,,,,return_home
154,4,36,25,270,false,,,,,return_home
154,5,48,26,270,false,,,,,return_home
154,6,46,24,180,false,,,,,to_pickup
154,7,22,21,90,false,,,,,return_home
154,8,48,27,270,false,,,,,return_home
155,1,43,24,90,false,,,,,return_home
155,2,45,25,180,true,M5,209E,DP-209E-01,T0002,delivering
155,3,47,27,270,false,,,,,return_home
155,4,37,25,270,false,,,,,return_home
155,5,49,26,270,false,,,,,return_home
155,6,46,25,90,false,,,,,to_pickup
155,7,23,21,90,false,,,,,return_home
155,8,48,26,270,false,,,,,return_home
156,1,44,24,90,false,,,,,return_home
156,2,44,25,180,true,M5,209E,DP-209E-01,T0002,delivering
156,3,48,27,270,false,,,,,return_home
156,4,38,25,270,false,,,,,return_home
156,5,50,26,270,false,,,,,return_home
156,6,46,25,90,false,,,,,loading
156,7,24,21,90,false,,,,,return_home
156,8,49,26,270,false,,,,,return_home
157,1,45,24,90,false,,,,,return_home
157,2,43,25,180,true,M5,209E,DP-209E-01,T0002,delivering
157,3,48,26,270,false,,,,,return_home
157,4,39,25,270,false,,,,,return_home
157,5,49,26,180,false,,,,,to_pickup
157,6,46,25,90,false,,,,,loading
157,7,25,21,90,false,,,,,return_home
157,8,50,26,270,false,,,,,return_home
158,1,46,24,90,false,,,,,return_home
158,2,42,25,180,true,M5,209E,DP-209E-01,T0002,delivering
158,3,49,26,270,false,,,,,return_home
158,4,40,25,270,false,,,,,return_home
158,5,49,27,90,false,,,,,to_pickup
158,6,45,25,180,true,M1,209A,DP-209A-01,T0006,delivering
158,7,26,21,90,false,,,,,return_home
158,8,50,27,90,false,,,,,to_pickup
159,1,47,24,90,false,,,,,return_home
159,2,42,26,90,true,M5,209E,DP-209E-01,T0002,delivering
159,3,50,26,270,false,,,,,return_home
159,4,41,25,270,false,,,,,return_home
159,5,48,27,180,false,,,,,to_pickup
159,6,44,25,180,true,M1,209A,DP-209A-01,T0006,delivering
159,7,27,21,90,false,,,,,return_home
159,8,49,27,180,false,,,,,to_pickup
160,1,47,25,90,false,,,,,return_home
160,2,41,26,180,true,M5,209E,DP-209E-01,T0002,delivering
160,3,49,26,180,false,,,,,to_pickup
160,4,42,25,270,false,,,,,return_home
160,5,47,27,180,false,,,,,to_pickup
160,6,43,25,180,true,M1,209A,DP-209A-01,T0006,delivering
160,7,28,21,90,false,,,,,return_home
160,8,48,27,180,false,,,,,to_pickup
161,1,48,25,90,false,,,,,return_home
161,2,40,26,180,true,M5,209E,DP-209E-01,T0002,delivering
161,3,49,25,270,false,,,,,to_pickup
161,4,43,25,270,false,,,,,return_home
161,5,46,27,180,false,,,,,to_pickup
161,6,43,26,90,true,M1,209A,DP-209A-01,T0006,delivering
161,7,29,21,90,false,,,,,return_home
161,8,47,27,180,false,,,,,to_pickup
162,1,48,26,90,false,,,,,return_home
162,2,39,26,180,true,M5,209E,DP-209E-01,T0002,delivering
162,3,48,25,180,false,,,,,to_pickup
162,4,44,25,270,false,,,,,return_home
162,5,46,27,180,false,,,,,loading
162,6,42,26,180,true,M1,209A,DP-209A-01,T0006,delivering
162,7,30,21,90,false,,,,,return_home
162,8,47,28,90,false,,,,,to_pickup
163,1,49,26,90,false,,,,,return_home
163,2,38,26,180,true,M5,209E,DP-209E-01,T0002,delivering
163,3,47,25,180,false,,,,,to_pickup
163,4,45,25,270,false,,,,,return_home
163,5,46,27,180,false,,,,,loading
163,6,41,26,180,true,M1,209A,DP-209A-01,T0006,delivering
163,7,31,21,90,false,,,,,return_home
163,8,46,28,180,false,,,,,to_pickup
164,1,50,26,90,false,,,,,return_home
164,2,37,26,180,true,M5,209E,DP-209E-01,T0002,delivering
164,3,46,25,180,false,,,,,to_pickup
164,4,45,24,270,false,,,,,return_home
164,5,45,27,180,true,M5,200C,DP-200C-02,T0018,delivering
164,6,40,26,180,true,M1,209A,DP-209A-01,T0006,delivering
164,7,32,21,90,false,,,,,return_home
164,8,46,27,270,false,,,,,to_pickup
165,1,49,26,180,false,,,,,to_pickup
165,2,36,26,180,true,M5,209E,DP-209E-01,T0002,delivering
165,3,46,25,180,false,,,,,loading
165,4,46,24,270,false,,,,,return_home
165,5,44,27,180,true,M5,200C,DP-200C-02,T0018,delivering
165,6,39,26,180,true,M1,209A,DP-209A-01,T0006,delivering
165,7,33,21,90,false,,,,,return_home
165,8,46,27,270,false,,,,,loading
166,1,48,26,180,false,,,,,to_pickup
166,2,35,26,180,true,M5,209E,DP-209E-01,T0002,delivering
166,3,46,25,180,false,,,,,loading
166,4,47,24,270,false,,,,,return_home
166,5,43,27,180,true,M5,200C,DP-200C-02,T0018,delivering
166,6,38,26,180,true,M1,209A,DP-209A-01,T0006,delivering
166,7,34,21,90,false,,,,,return_home
166,8,46,27,270,false,,,,,loading
167,1,48,27,90,false,,,,,to_pickup
167,2,34,26,180,true,M5,209E,DP-209E-01,T0002,delivering
167,3,45,25,180,true,M4,130A,DP-130A-01,T0010,delivering
167,4,47,25,90,false,,,,,return_home
167,5,42,27,180,true,M5,200C,DP-200C-02,T0018,delivering
167,6,37,26,180,true,M1,209A,DP-209A-01,T0006,delivering
167,7,35,21,90,false,,,,,return_home
167,8,45,27,180,true,M5,200A,DP-200A-03,T0025,delivering
168,1,47,27,180,false,,,,,to_pickup
168,2,33,26,180,true,M5,209E,DP-209E-01,T0002,delivering
168,3,44,25,180,true,M4,130A,DP-130A-01,T0010,delivering
168,4,48,25,90,false,,,,,return_home
168,5,41,27,180,true,M5,200C,DP-200C-02,T0018,delivering
168,6,36,26,180,true,M1,209A,DP-209A-01,T0006,delivering
168,7,36,21,90,false,,,,,return_home
168,8,44,27,180,true,M5,200A,DP-200A-03,T0025,delivering
169,1,46,27,180,false,,,,,to_pickup
169,2,32,26,180,true,M5,209E,DP-209E-01,T0002,delivering
169,3,43,25,180,true,M4,130A,DP-130A-01,T0010,delivering
169,4,48,26,90,false,,,,,return_home
169,5,40,27,180,true,M5,200C,DP-200C-02,T0018,delivering
169,6,35,26,180,true,M1,209A,DP-209A-01,T0006,delivering
169,7,37,21,90,false,,,,,return_home
169,8,43,27,180,true,M5,200A,DP-200A-03,T0025,delivering
170,1,46,27,180,false,,,,,loading
170,2,31,26,180,true,M5,209E,DP-209E-01,T0002,delivering
170,3,42,25,180,true,M4,130A,DP-130A-01,T0010,delivering
170,4,49,26,90,false,,,,,return_home
170,5,40,28,90,true,M5,200C,DP-200C-02,T0018,delivering
170,6,34,26,180,true,M1,209A,DP-209A-01,T0006,delivering
170,7,38,21,90,false,,,,,return_home
170,8,42,27,180,true,M5,200A,DP-200A-03,T0025,delivering
171,1,46,27,180,false,,,,,loading
171,2,30,26,180,true,M5,209E,DP-209E-01,T0002,delivering
171,3,41,25,180,true,M4,130A,DP-130A-01,T0010,delivering
171,4,50,26,90,false,,,,,return_home
171,5,40,29,90,true,M5,200C,DP-200C-02,T0018,delivering
171,6,34,27,90,true,M1,209A,DP-209A-01,T0006,delivering
171,7,39,21,90,false,,,,,return_home
171,8,41,27,180,true,M5,200A,DP-200A-03,T0025,delivering
172,1,45,27,180,true,M5,200C,DP-200C-03,T0027,delivering
172,2,29,26,180,true,M5,209E,DP-209E-01,T0002,delivering
172,3,40,25,180,true,M4,130A,DP-130A-01,T0010,delivering
172,4,49,26,180,false,,,,,to_pickup
172,5,40,29,90,true,M5,200C,DP-200C-02,T0018,unloading
172,6,34,28,90,true,M1,209A,DP-209A-01,T0006,delivering
172,7,40,21,90,false,,,,,return_home
172,8,40,27,180,true,M5,200A,DP-200A-03,T0025,delivering
173,1,44,27,180,true,M5,200C,DP-200C-03,T0027,delivering
173,2,28,26,180,true,M5,209E,DP-209E-01,T0002,delivering
173,3,39,25,180,true,M4,130A,DP-130A-01,T0010,delivering
173,4,48,26,180,false,,,,,to_pickup
173,5,40,29,90,true,M5,200C,DP-200C-02,T0018,unloading
173,6,34,29,90,true,M1,209A,DP-209A-01,T0006,delivering
173,7,41,21,90,false,,,,,return_home
173,8,39,27,180,true,M5,200A,DP-200A-03,T0025,delivering
174,1,43,27,180,true,M5,200C,DP-200C-03,T0027,delivering
174,2,27,26,180,true,M5,209E,DP-209E-01,T0002,delivering
174,3,38,25,180,true,M4,130A,DP-130A-01,T0010,delivering
174,4,48,25,270,false,,,,,to_pickup
174,5,40,28,270,false,,,,,return_home
174,6,34,30,90,true,M1,209A,DP-209A-01,T0006,delivering
174,7,42,21,90,false,,,,,return_home
174,8,38,27,180,true,M5,200A,DP-200A-03,T0025,delivering
175,1,42,27,180,true,M5,200C,DP-200C-03,T0027,delivering
175,2,26,26,180,true,M5,209E,DP-209E-01,T0002,delivering
175,3,37,25,180,true,M4,130A,DP-130A-01,T0010,delivering
175,4,47,25,180,false,,,,,to_pickup
175,5,41,28,270,false,,,,,return_home
175,6,34,31,90,true,M1,209A,DP-209A-01,T0006,delivering
175,7,43,21,90,false,,,,,return_home
175,8,37,27,180,true,M5,200A,DP-200A-03,T0025,delivering
176,1,41,27,180,true,M5,200C,DP-200C-03,T0027,delivering
176,2,25,26,180,true,M5,209E,DP-209E-01,T0002,delivering
176,3,36,25,180,true,M4,130A,DP-130A-01,T0010,delivering
176,4,46,25,180,false,,,,,to_pickup
176,5,42,28,270,false,,,,,return_home
176,6,34,32,90,true,M1,209A,DP-209A-01,T0006,delivering
176,7,43,22,90,false,,,,,return_home
176,8,36,27,180,true,M5,200A,DP-200A-03,T0025,delivering
177,1,40,27,180,true,M5,200C,DP-200C-03,T0027,delivering
177,2,24,26,180,true,M5,209E,DP-209E-01,T0002,delivering
177,3,35,25,180,true,M4,130A,DP-130A-01,T0010,delivering
177,4,46,25,180,false,,,,,loading
177,5,43,28,270,false,,,,,return_home
177,6,34,33,90,true,M1,209A,DP-209A-01,T0006,delivering
177,7,43,23,90,false,,,,,return_home
177,8,35,27,180,true,M5,200A,DP-200A-03,T0025,delivering
178,1,40,26,270,true,M5,200C,DP-200C-03,T0027,delivering
178,2,23,26,180,true,M5,209E,DP-209E-01,T0002,delivering
178,3,34,25,180,true,M4,130A,DP-130A-01,T0010,delivering
178,4,46,25,180,false,,,,,loading
178,5,44,28,270,false,,,,,return_home
178,6,34,34,90,true,M1,209A,DP-209A-01,T0006,delivering
178,7,43,24,90,false,,,,,return_home
178,8,34,27,180,true,M5,200A,DP-200A-03,T0025,delivering
179,1,40,25,270,true,M5,200C,DP-200C-03,T0027,delivering
179,2,22,26,180,true,M5,209E,DP-209E-01,T0002,delivering
179,3,33,25,180,true,M4,130A,DP-130A-01,T0010,delivering
179,4,45,25,180,true,M1,200C,DP-200C-04,T0036,delivering
179,5,45,28,270,false,,,,,return_home
179,6,34,35,90,true,M1,209A,DP-209A-01,T0006,delivering
179,7,44,24,90,false,,,,,return_home
179,8,33,27,180,true,M5,200A,DP-200A-03,T0025,delivering
180,1,40,25,270,true,M5,200C,DP-200C-03,T0027,unloading
180,2,21,26,180,true,M5,209E,DP-209E-01,T0002,delivering
180,3,32,25,180,true,M4,130A,DP-130A-01,T0010,delivering
180,4,44,25,180,true,M1,200C,DP-200C-04,T0036,delivering
180,5,46,28,270,false,,,,,return_home
180,6,34,36,90,true,M1,209A,DP-209A-01,T0006,delivering
180,7,45,24,90,false,,,,,return_home
180,8,32,27,180,true,M5,200A,DP-200A-03,T0025,delivering
181,1,40,25,270,true,M5,200C,DP-200C-03,T0027,unloading
181,2,20,26,180,true,M5,209E,DP-209E-01,T0002,delivering
181,3,31,25,180,true,M4,130A,DP-130A-01,T0010,delivering
181,4,43,25,180,true,M1,200C,DP-200C-04,T0036,delivering
181,5,47,28,270,false,,,,,return_home
181,6,34,37,90,true,M1,209A,DP-209A-01,T0006,delivering
181,7,46,24,90,false,,,,,return_home
181,8,31,27,180,true,M5,200A,DP-200A-03,T0025,delivering
182,1,41,25,270,false,,,,,return_home
182,2,19,26,180,true,M5,209E,DP-209E-01,T0002,delivering
182,3,30,25,180,true,M4,130A,DP-130A-01,T0010,delivering
182,4,43,24,270,true,M1,200C,DP-200C-04,T0036,delivering
182,5,47,27,270,false,,,,,return_home
182,6,34,38,90,true,M1,209A,DP-209A-01,T0006,delivering
182,7,47,24,90,false,,,,,return_home
182,8,30,27,180,true,M5,200A,DP-200A-03,T0025,delivering
183,1,42,25,270,false,,,,,return_home
183,2,19,27,90,true,M5,209E,DP-209E-01,T0002,delivering
183,3,29,25,180,true,M4,130A,DP-130A-01,T0010,delivering
183,4,43,23,270,true,M1,200C,DP-200C-04,T0036,delivering
183,5,48,27,270,false,,,,,return_home
183,6,34,39,90,true,M1,209A,DP-209A-01,T0006,delivering
183,7,47,25,90,false,,,,,return_home
183,8,30,26,270,true,M5,200A,DP-200A-03,T0025,delivering
184,1,43,25,270,false,,,,,return_home
184,2,19,28,90,true,M5,209E,DP-209E-01,T0002,delivering
184,3,28,25,180,true,M4,130A,DP-130A-01,T0010,delivering
184,4,43,22,270,true,M1,200C,DP-200C-04,T0036,delivering
184,5,48,26,270,false,,,,,return_home
184,6,34,40,90,true,M1,209A,DP-209A-01,T0006,delivering
184,7,48,25,90,false,,,,,return_home
184,8,30,25,270,true,M5,200A,DP-200A-03,T0025,delivering
185,1,44,25,270,false,,,,,return_home
185,2,19,29,90,true,M5,209E,DP-209E-01,T0002,delivering
185,3,27,25,180,true,M4,130A,DP-130A-01,T0010,delivering
185,4,43,21,270,true,M1,200C,DP-200C-04,T0036,delivering
185,5,49,26,270,false,,,,,return_home
185,6,34,41,90,true,M1,209A,DP-209A-01,T0006,delivering
185,7,48,26,90,false,,,,,return_home
185,8,30,25,270,true,M5,200A,DP-200A-03,T0025,unloading
186,1,45,25,270,false,,,,,return_home
186,2,19,30,90,true,M5,209E,DP-209E-01,T0002,delivering
186,3,26,25,180,true,M4,130A,DP-130A-01,T0010,delivering
186,4,42,21,180,true,M1,200C,DP-200C-04,T0036,delivering
186,5,50,26,270,false,,,,,return_home
186,6,34,42,90,true,M1,209A,DP-209A-01,T0006,delivering
186,7,49,26,90,false,,,,,return_home
186,8,30,25,270,true,M5,200A,DP-200A-03,T0025,unloading
187,1,45,24,270,false,,,,,return_home
187,2,19,31,90,true,M5,209E,DP-209E-01,T0002,delivering
187,3,25,25,180,true,M4,130A,DP-130A-01,T0010,delivering
187,4,41,21,180,true,M1,200C,DP-200C-04,T0036,delivering
187,5,49,26,180,false,,,,,to_pickup
187,6,34,43,90,true,M1,209A,DP-209A-01,T0006,delivering
187,7,50,26,90,false,,,,,return_home
187,8,31,25,270,false,,,,,return_home
188,1,46,24,270,false,,,,,return_home
188,2,19,32,90,true,M5,209E,DP-209E-01,T0002,delivering
188,3,24,25,180,true,M4,130A,DP-130A-01,T0010,delivering
188,4,40,21,180,true,M1,200C,DP-200C-04,T0036,delivering
188,5,48,26,180,false,,,,,to_pickup
188,6,34,44,90,true,M1,209A,DP-209A-01,T0006,delivering
188,7,49,26,180,false,,,,,to_pickup
188,8,32,25,270,false,,,,,return_home
189,1,47,24,270,false,,,,,return_home
189,2,19,33,90,true,M5,209E,DP-209E-01,T0002,delivering
189,3,23,25,180,true,M4,130A,DP-130A-01,T0010,delivering
189,4,40,20,270,true,M1,200C,DP-200C-04,T0036,delivering
189,5,48,27,90,false,,,,,to_pickup
189,6,34,45,90,true,M1,209A,DP-209A-01,T0006,delivering
189,7,48,26,180,false,,,,,to_pickup
189,8,33,25,270,false,,,,,return_home
190,1,47,25,90,false,,,,,return_home
190,2,18,33,180,true,M5,209E,DP-209E-01,T0002,delivering
190,3,22,25,180,true,M4,130A,DP-130A-01,T0010,delivering
190,4,40,19,270,true,M1,200C,DP-200C-04,T0036,delivering
190,5,47,27,180,false,,,,,to_pickup
190,6,34,45,90,true,M1,209A,DP-209A-01,T0006,unloading
190,7,48,25,270,false,,,,,to_pickup
190,8,34,25,270,false,,,,,return_home
191,1,48,25,90,false,,,,,return_home
191,2,18,34,90,true,M5,209E,DP-209E-01,T0002,delivering
191,3,21,25,180,true,M4,130A,DP-130A-01,T0010,delivering
191,4,40,18,270,true,M1,200C,DP-200C-04,T0036,delivering
191,5,46,27,180,false,,,,,to_pickup
191,6,34,45,90,true,M1,209A,DP-209A-01,T0006,unloading
191,7,48,24,270,false,,,,,to_pickup
191,8,35,25,270,false,,,,,return_home
192,1,48,26,90,false,,,,,return_home
192,2,18,35,90,true,M5,209E,DP-209E-01,T0002,delivering
192,3,20,25,180,true,M4,130A,DP-130A-01,T0010,delivering
192,4,40,17,270,true,M1,200C,DP-200C-04,T0036,delivering
192,5,46,27,180,false,,,,,loading
192,6,34,44,270,false,,,,,return_home
192,7,47,24,180,false,,,,,to_pickup
192,8,36,25,270,false,,,,,return_home
193,1,49,26,90,false,,,,,return_home
193,2,18,36,90,true,M5,209E,DP-209E-01,T0002,delivering
193,3,19,25,180,true,M4,130A,DP-130A-01,T0010,delivering
193,4,40,17,270,true,M1,200C,DP-200C-04,T0036,unloading
193,5,46,27,180,false,,,,,loading
193,6,34,43,270,false,,,,,return_home
193,7,46,24,180,false,,,,,to_pickup
193,8,37,25,270,false,,,,,return_home
194,1,50,26,90,false,,,,,return_home
194,2,18,37,90,true,M5,209E,DP-209E-01,T0002,delivering
194,3,18,25,180,true,M4,130A,DP-130A-01,T0010,delivering
194,4,40,17,270,true,M1,200C,DP-200C-04,T0036,unloading
194,5,45,27,180,true,M5,150,DP-150-02,T0024,delivering
194,6,34,42,270,false,,,,,return_home
194,7,46,25,90,false,,,,,to_pickup
194,8,38,25,270,false,,,,,return_home
195,1,49,26,180,false,,,,,to_pickup
195,2,18,38,90,true,M5,209E,DP-209E-01,T0002,delivering
195,3,17,25,180,true,M4,130A,DP-130A-01,T0010,delivering
195,4,40,18,90,false,,,,,return_home
195,5,44,27,180,true,M5,150,DP-150-02,T0024,delivering
195,6,34,41,270,false,,,,,return_home
195,7,46,25,90,false,,,,,loading
195,8,39,25,270,false,,,,,return_home
196,1,48,26,180,false,,,,,to_pickup
196,2,18,39,90,true,M5,209E,DP-209E-01,T0002,delivering
196,3,16,25,180,true,M4,130A,DP-130A-01,T0010,delivering
196,4,40,19,90,false,,,,,return_home
196,5,43,27,180,true,M5,150,DP-150-02,T0024,delivering
196,6,34,40,270,false,,,,,return_home
196,7,46,25,90,false,,,,,loading
196,8,40,25,270,false,,,,,return_home
197,1,48,25,270,false,,,,,to_pickup
197,2,18,40,90,true,M5,209E,DP-209E-01,T0002,delivering
197,3,15,25,180,true,M4,130A,DP-130A-01,T0010,delivering
197,4,40,20,90,false,,,,,return_home
197,5,42,27,180,true,M5,150,DP-150-02,T0024,delivering
197,6,34,39,270,false,,,,,return_home
197,7,45,25,180,true,M5,140C,DP-140C-03,T0032,delivering
197,8,41,25,270,false,,,,,return_home
198,1,47,25,180,false,,,,,to_pickup
198,2,18,41,90,true,M5,209E,DP-209E-01,T0002,delivering
198,3,14,25,180,true,M4,130A,DP-130A-01,T0010,delivering
198,4,40,21,90,false,,,,,return_home
198,5,41,27,180,true,M5,150,DP-150-02,T0024,delivering
198,6,34,38,270,false,,,,,return_home
198,7,44,25,180,true,M5,140C,DP-140C-03,T0032,delivering
198,8,42,25,270,false,,,,,return_home
199,1,46,25,180,false,,,,,to_pickup
199,2,18,42,90,true,M5,209E,DP-209E-01,T0002,delivering
199,3,13,25,180,true,M4,130A,DP-130A-01,T0010,delivering
199,4,41,21,90,false,,,,,return_home
199,5,40,27,180,true,M5,150,DP-150-02,T0024,delivering
199,6,34,37,270,false,,,,,return_home
199,7,44,24,270,true,M5,140C,DP-140C-03,T0032,delivering
199,8,43,25,270,false,,,,,return_home
200,1,46,25,180,false,,,,,loading
200,2,18,43,90,true,M5,209E,DP-209E-01,T0002,delivering
200,3,12,25,180,true,M4,130A,DP-130A-01,T0010,delivering
200,4,42,21,90,false,,,,,return_home
200,5,39,27,180,true,M5,150,DP-150-02,T0024,delivering
200,6,34,36,270,false,,,,,return_home
200,7,44,23,270,true,M5,140C,DP-140C-03,T0032,delivering
200,8,44,25,270,false,,,,,return_home
201,1,46,25,180,false,,,,,loading
201,2,18,44,90,true,M5,209E,DP-209E-01,T0002,delivering
201,3,11,25,180,true,M4,130A,DP-130A-01,T0010,delivering
201,4,43,21,90,false,,,,,return_home
201,5,38,27,180,true,M5,150,DP-150-02,T0024,delivering
201,6,34,35,270,false,,,,,return_home
201,7,44,22,270,true,M5,140C,DP-140C-03,T0032,delivering
201,8,45,25,270,false,,,,,return_home
202,1,45,25,180,true,M3,200A,DP-200A-01,T0007,delivering
202,2,18,45,90,true,M5,209E,DP-209E-01,T0002,delivering
202,3,10,25,180,true,M4,130A,DP-130A-01,T0010,delivering
202,4,43,22,90,false,,,,,return_home
202,5,37,27,180,true,M5,150,DP-150-02,T0024,delivering
202,6,34,34,270,false,,,,,return_home
202,7,44,21,270,true,M5,140C,DP-140C-03,T0032,delivering
202,8,45,24,270,false,,,,,return_home
203,1,44,25,180,true,M3,200A,DP-200A-01,T0007,delivering
203,2,18,45,90,true,M5,209E,DP-209E-01,T0002,unloading
203,3,9,25,180,true,M4,130A,DP-130A-01,T0010,delivering
203,4,43,23,90,false,,,,,return_home
203,5,36,27,180,true,M5,150,DP-150-02,T0024,delivering
203,6,34,33,270,false,,,,,return_home
203,7,43,21,180,true,M5,140C,DP-140C-03,T0032,delivering
203,8,46,24,270,false,,,,,return_home
204,1,43,25,180,true,M3,200A,DP-200A-01,T0007,delivering
204,2,18,45,90,true,M5,209E,DP-209E-01,T0002,unloading
204,3,8,25,180,true,M4,130A,DP-130A-01,T0010,delivering
204,4,43,24,90,false,,,,,return_home
204,5,35,27,180,true,M5,150,DP-150-02,T0024,delivering
204,6,34,32,270,false,,,,,return_home
204,7,42,21,180,true,M5,140C,DP-140C-03,T0032,delivering
204,8,47,24,270,false,,,,,return_home
205,1,42,25,180,true,M3,200A,DP-200A-01,T0007,delivering
205,2,18,44,270,false,,,,,return_home
205,3,7,25,180,true,M4,130A,DP-130A-01,T0010,delivering
205,4,44,24,90,false,,,,,return_home
205,5,34,27,180,true,M5,150,DP-150-02,T0024,delivering
205,6,34,31,270,false,,,,,return_home
205,7,41,21,180,true,M5,140C,DP-140C-03,T0032,delivering
205,8,47,25,90,false,,,,,return_home
206,1,41,25,180,true,M3,200A,DP-200A-01,T0007,delivering
206,2,18,43,270,false,,,,,return_home
206,3,6,25,180,true,M4,130A,DP-130A-01,T0010,delivering
206,4,45,24,90,false,,,,,return_home
206,5,33,27,180,true,M5,150,DP-150-02,T0024,delivering
206,6,34,30,270,false,,,,,return_home
206,7,40,21,180,true,M5,140C,DP-140C-03,T0032,delivering
206,8,48,25,90,false,,,,,return_home
207,1,40,25,180,true,M3,200A,DP-200A-01,T0007,delivering
207,2,18,42,270,false,,,,,return_home
207,3,5,25,180,true,M4,130A,DP-130A-01,T0010,delivering
207,4,46,24,90,false,,,,,return_home
207,5,32,27,180,true,M5,150,DP-150-02,T0024,delivering
207,6,34,29,270,false,,,,,return_home
207,7,39,21,180,true,M5,140C,DP-140C-03,T0032,delivering
207,8,48,26,90,false,,,,,return_home
208,1,39,25,180,true,M3,200A,DP-200A-01,T0007,delivering
208,2,18,41,270,false,,,,,return_home
208,3,4,25,180,true,M4,130A,DP-130A-01,T0010,delivering
208,4,47,24,90,false,,,,,return_home
208,5,31,27,180,true,M5,150,DP-150-02,T0024,delivering
208,6,34,28,270,false,,,,,return_home
208,7,38,21,180,true,M5,140C,DP-140C-03,T0032,delivering
208,8,49,26,90,false,,,,,return_home
209,1,38,25,180,true,M3,200A,DP-200A-01,T0007,delivering
209,2,18,40,270,false,,,,,return_home
209,3,4,26,90,true,M4,130A,DP-130A-01,T0010,delivering
209,4,47,25,90,false,,,,,return_home
209,5,30,27,180,true,M5,150,DP-150-02,T0024,delivering
209,6,35,28,270,false,,,,,return_home
209,7,37,21,180,true,M5,140C,DP-140C-03,T0032,delivering
209,8,50,26,90,false,,,,,return_home
210,1,37,25,180,true,M3,200A,DP-200A-01,T0007,delivering
210,2,18,39,270,false,,,,,return_home
210,3,4,27,90,true,M4,130A,DP-130A-01,T0010,delivering
210,4,48,25,90,false,,,,,return_home
210,5,29,27,180,true,M5,150,DP-150-02,T0024,delivering
210,6,36,28,270,false,,,,,return_home
210,7,36,21,180,true,M5,140C,DP-140C-03,T0032,delivering
210,8,49,26,180,false,,,,,to_pickup
211,1,36,25,180,true,M3,200A,DP-200A-01,T0007,delivering
211,2,18,38,270,false,,,,,return_home
211,3,4,28,90,true,M4,130A,DP-130A-01,T0010,delivering
211,4,48,26,90,false,,,,,return_home
211,5,28,27,180,true,M5,150,DP-150-02,T0024,delivering
211,6,37,28,270,false,,,,,return_home
211,7,35,21,180,true,M5,140C,DP-140C-03,T0032,delivering
211,8,49,25,270,false,,,,,to_pickup
212,1,35,25,180,true,M3,200A,DP-200A-01,T0007,delivering
212,2,18,37,270,false,,,,,return_home
212,3,4,29,90,true,M4,130A,DP-130A-01,T0010,delivering
212,4,49,26,90,false,,,,,return_home
212,5,27,27,180,true,M5,150,DP-150-02,T0024,delivering
212,6,38,28,270,false,,,,,return_home
212,7,34,21,180,true,M5,140C,DP-140C-03,T0032,delivering
212,8,48,25,180,false,,,,,to_pickup
213,1,34,25,180,true,M3,200A,DP-200A-01,T0007,delivering
213,2,18,36,270,false,,,,,return_home
213,3,4,29,90,true,M4,130A,DP-130A-01,T0010,unloading
213,4,50,26,90,false,,,,,return_home
213,5,26,27,180,true,M5,150,DP-150-02,T0024,delivering
213,6,39,28,270,false,,,,,return_home
213,7,33,21,180,true,M5,140C,DP-140C-03,T0032,delivering
213,8,47,25,180,false,,,,,to_pickup
214,1,33,25,180,true,M3,200A,DP-200A-01,T0007,delivering
214,2,18,35,270,false,,,,,return_home
214,3,4,29,90,true,M4,130A,DP-130A-01,T0010,unloading
214,4,49,26,180,false,,,,,to_pickup
214,5,25,27,180,true,M5,150,DP-150-02,T0024,delivering
214,6,40,28,270,false,,,,,return_home
214,7,32,21,180,true,M5,140C,DP-140C-03,T0032,delivering
214,8,46,25,180,false,,,,,to_pickup
215,1,32,25,180,true,M3,200A,DP-200A-01,T0007,delivering
215,2,18,34,270,false,,,,,return_home
215,3,4,28,270,false,,,,,return_home
215,4,48,26,180,false,,,,,to_pickup
215,5,24,27,180,true,M5,150,DP-150-02,T0024,delivering
215,6,41,28,270,false,,,,,return_home
215,7,31,21,180,true,M5,140C,DP-140C-03,T0032,delivering
215,8,46,25,180,false,,,,,loading
216,1,31,25,180,true,M3,200A,DP-200A-01,T0007,delivering
216,2,18,33,270,false,,,,,return_home
216,3,5,28,270,false,,,,,return_home
216,4,48,25,270,false,,,,,to_pickup
216,5,24,26,270,true,M5,150,DP-150-02,T0024,delivering
216,6,42,28,270,false,,,,,return_home
216,7,30,21,180,true,M5,140C,DP-140C-03,T0032,delivering
216,8,46,25,180,false,,,,,loading
217,1,30,25,180,true,M3,200A,DP-200A-01,T0007,delivering
217,2,19,33,270,false,,,,,return_home
217,3,6,28,270,false,,,,,return_home
217,4,47,25,180,false,,,,,to_pickup
217,5,24,25,270,true,M5,150,DP-150-02,T0024,delivering
217,6,43,28,270,false,,,,,return_home
217,7,29,21,180,true,M5,140C,DP-140C-03,T0032,delivering
217,8,45,25,180,true,M3,130B,DP-130B-02,T0020,delivering
218,1,29,25,180,true,M3,200A,DP-200A-01,T0007,delivering
218,2,19,32,270,false,,,,,return_home
218,3,7,28,270,false,,,,,return_home
218,4,46,25,180,false,,,,,to_pickup
218,5,24,25,270,true,M5,150,DP-150-02,T0024,unloading
218,6,44,28,270,false,,,,,return_home
218,7,28,21,180,true,M5,140C,DP-140C-03,T0032,delivering
218,8,44,25,180,true,M3,130B,DP-130B-02,T0020,delivering
219,1,28,25,180,true,M3,200A,DP-200A-01,T0007,delivering
219,2,19,31,270,false,,,,,return_home
219,3,8,28,270,false,,,,,return_home
219,4,46,25,180,false,,,,,loading
219,5,24,25,270,true,M5,150,DP-150-02,T0024,unloading
219,6,45,28,270,false,,,,,return_home
219,7,27,21,180,true,M5,140C,DP-140C-03,T0032,delivering
219,8,43,25,180,true,M3,130B,DP-130B-02,T0020,delivering
220,1,27,25,180,true,M3,200A,DP-200A-01,T0007,delivering
220,2,19,30,270,false,,,,,return_home
220,3,9,28,270,false,,,,,return_home
220,4,46,25,180,false,,,,,loading
220,5,25,25,270,false,,,,,return_home
220,6,46,28,270,false,,,,,return_home
220,7,26,21,180,true,M5,140C,DP-140C-03,T0032,delivering
220,8,42,25,180,true,M3,130B,DP-130B-02,T0020,delivering
221,1,27,26,90,true,M3,200A,DP-200A-01,T0007,delivering
221,2,19,29,270,false,,,,,return_home
221,3,10,28,270,false,,,,,return_home
221,4,45,25,180,true,M1,140A,DP-140A-03,T0030,delivering
221,5,26,25,270,false,,,,,return_home
221,6,47,28,270,false,,,,,return_home
221,7,25,21,180,true,M5,140C,DP-140C-03,T0032,delivering
221,8,41,25,180,true,M3,130B,DP-130B-02,T0020,delivering
222,1,27,27,90,true,M3,200A,DP-200A-01,T0007,delivering
222,2,19,28,270,false,,,,,return_home
222,3,11,28,270,false,,,,,return_home
222,4,44,25,180,true,M1,140A,DP-140A-03,T0030,delivering
222,5,27,25,270,false,,,,,return_home
222,6,47,27,270,false,,,,,return_home
222,7,24,21,180,true,M5,140C,DP-140C-03,T0032,delivering
222,8,40,25,180,true,M3,130B,DP-130B-02,T0020,delivering
223,1,27,28,90,true,M3,200A,DP-200A-01,T0007,delivering
223,2,20,28,270,false,,,,,return_home
223,3,12,28,270,false,,,,,return_home
223,4,43,25,180,true,M1,140A,DP-140A-03,T0030,delivering
223,5,28,25,270,false,,,,,return_home
223,6,48,27,270,false,,,,,return_home
223,7,23,21,180,true,M5,140C,DP-140C-03,T0032,delivering
223,8,39,25,180,true,M3,130B,DP-130B-02,T0020,delivering
224,1,27,29,90,true,M3,200A,DP-200A-01,T0007,delivering
224,2,21,28,270,false,,,,,return_home
224,3,13,28,270,false,,,,,return_home
224,4,42,25,180,true,M1,140A,DP-140A-03,T0030,delivering
224,5,29,25,270,false,,,,,return_home
224,6,48,26,270,false,,,,,return_home
224,7,22,21,180,true,M5,140C,DP-140C-03,T0032,delivering
224,8,38,25,180,true,M3,130B,DP-130B-02,T0020,delivering
225,1,27,30,90,true,M3,200A,DP-200A-01,T0007,delivering
225,2,22,28,270,false,,,,,return_home
225,3,14,28,270,false,,,,,return_home
225,4,41,25,180,true,M1,140A,DP-140A-03,T0030,delivering
225,5,30,25,270,false,,,,,return_home
225,6,49,26,270,false,,,,,return_home
225,7,21,21,180,true,M5,140C,DP-140C-03,T0032,delivering
225,8,37,25,180,true,M3,130B,DP-130B-02,T0020,delivering
226,1,27,31,90,true,M3,200A,DP-200A-01,T0007,delivering
226,2,23,28,270,false,,,,,return_home
226,3,15,28,270,false,,,,,return_home
226,4,40,25,180,true,M1,140A,DP-140A-03,T0030,delivering
226,5,31,25,270,false,,,,,return_home
226,6,50,26,270,false,,,,,return_home
226,7,20,21,180,true,M5,140C,DP-140C-03,T0032,delivering
226,8,36,25,180,true,M3,130B,DP-130B-02,T0020,delivering
227,1,27,32,90,true,M3,200A,DP-200A-01,T0007,delivering
227,2,24,28,270,false,,,,,return_home
227,3,16,28,270,false,,,,,return_home
227,4,39,25,180,true,M1,140A,DP-140A-03,T0030,delivering
227,5,32,25,270,false,,,,,return_home
227,6,49,26,180,false,,,,,to_pickup
227,7,20,20,270,true,M5,140C,DP-140C-03,T0032,delivering
227,8,35,25,180,true,M3,130B,DP-130B-02,T0020,delivering
228,1,27,33,90,true,M3,200A,DP-200A-01,T0007,delivering
228,2,25,28,270,false,,,,,return_home
228,3,17,28,270,false,,,,,return_home
228,4,38,25,180,true,M1,140A,DP-140A-03,T0030,delivering
228,5,33,25,270,false,,,,,return_home
228,6,48,26,180,false,,,,,to_pickup
228,7,20,19,270,true,M5,140C,DP-140C-03,T0032,delivering
228,8,34,25,180,true,M3,130B,DP-130B-02,T0020,delivering
229,1,26,33,180,true,M3,200A,DP-200A-01,T0007,delivering
229,2,26,28,270,false,,,,,return_home
229,3,18,28,270,false,,,,,return_home
229,4,38,24,270,true,M1,140A,DP-140A-03,T0030,delivering
229,5,34,25,270,false,,,,,return_home
229,6,48,25,270,false,,,,,to_pickup
229,7,20,18,270,true,M5,140C,DP-140C-03,T0032,delivering
229,8,34,26,90,true,M3,130B,DP-130B-02,T0020,delivering
230,1,26,34,90,true,M3,200A,DP-200A-01,T0007,delivering
230,2,27,28,270,false,,,,,return_home
230,3,19,28,270,false,,,,,return_home
230,4,38,23,270,true,M1,140A,DP-140A-03,T0030,delivering
230,5,35,25,270,false,,,,,return_home
230,6,47,25,180,false,,,,,to_pickup
230,7,20,17,270,true,M5,140C,DP-140C-03,T0032,delivering
230,8,33,26,180,true,M3,130B,DP-130B-02,T0020,delivering
231,1,26,35,90,true,M3,200A,DP-200A-01,T0007,delivering
231,2,28,28,270,false,,,,,return_home
231,3,20,28,270,false,,,,,return_home
231,4,38,22,270,true,M1,140A,DP-140A-03,T0030,delivering
231,5,36,25,270,false,,,,,return_home
231,6,46,25,180,false,,,,,to_pickup
231,7,20,17,270,true,M5,140C,DP-140C-03,T0032,unloading
231,8,32,26,180,true,M3,130B,DP-130B-02,T0020,delivering
232,1,26,36,90,true,M3,200A,DP-200A-01,T0007,delivering
232,2,29,28,270,false,,,,,return_home
232,3,21,28,270,false,,,,,return_home
232,4,38,21,270,true,M1,140A,DP-140A-03,T0030,delivering
232,5,37,25,270,false,,,,,return_home
232,6,46,25,180,false,,,,,loading
232,7,20,17,270,true,M5,140C,DP-140C-03,T0032,unloading
232,8,31,26,180,true,M3,130B,DP-130B-02,T0020,delivering
233,1,26,37,90,true,M3,200A,DP-200A-01,T0007,delivering
233,2,30,28,270,false,,,,,return_home
233,3,22,28,270,false,,,,,return_home
233,4,37,21,180,true,M1,140A,DP-140A-03,T0030,delivering
233,5,38,25,270,false,,,,,return_home
233,6,46,25,180,false,,,,,loading
233,7,20,18,90,false,,,,,return_home
233,8,30,26,180,true,M3,130B,DP-130B-02,T0020,delivering
234,1,26,37,90,true,M3,200A,DP-200A-01,T0007,unloading
234,2,31,28,270,false,,,,,return_home
234,3,23,28,270,false,,,,,return_home
234,4,36,21,180,true,M1,140A,DP-140A-03,T0030,delivering
234,5,39,25,270,false,,,,,return_home
234,6,45,25,180,true,M1,200B,DP-200B-04,T0035,delivering
234,7,20,19,90,false,,,,,return_home
234,8,29,26,180,true,M3,130B,DP-130B-02,T0020,delivering
235,1,26,37,90,true,M3,200A,DP-200A-01,T0007,unloading
235,2,32,28,270,false,,,,,return_home
235,3,24,28,270,false,,,,,return_home
235,4,35,21,180,true,M1,140A,DP-140A-03,T0030,delivering
235,5,40,25,270,false,,,,,return_home
235,6,44,25,180,true,M1,200B,DP-200B-04,T0035,delivering
235,7,20,20,90,false,,,,,return_home
235,8,28,26,180,true,M3,130B,DP-130B-02,T0020,delivering
236,1,26,36,270,false,,,,,return_home
236,2,33,28,270,false,,,,,return_home
236,3,25,28,270,false,,,,,return_home
236,4,34,21,180,true,M1,140A,DP-140A-03,T0030,delivering
236,5,41,25,270,false,,,,,return_home
236,6,43,25,180,true,M1,200B,DP-200B-04,T0035,delivering
236,7,20,21,90,false,,,,,return_home
236,8,27,26,180,true,M3,130B,DP-130B-02,T0020,delivering
237,1,26,35,270,false,,,,,return_home
237,2,34,28,270,false,,,,,return_home
237,3,26,28,270,false,,,,,return_home
237,4,33,21,180,true,M1,140A,DP-140A-03,T0030,delivering
237,5,42,25,270,false,,,,,return_home
237,6,43,24,270,true,M1,200B,DP-200B-04,T0035,delivering
237,7,21,21,90,false,,,,,return_home
237,8,26,26,180,true,M3,130B,DP-130B-02,T0020,delivering
238,1,26,34,270,false,,,,,return_home
238,2,35,28,270,false,,,,,return_home
238,3,27,28,270,false,,,,,return_home
238,4,32,21,180,true,M1,140A,DP-140A-03,T0030,delivering
238,5,43,25,270,false,,,,,return_home
238,6,43,23,270,true,M1,200B,DP-200B-04,T0035,delivering
238,7,22,21,90,false,,,,,return_home
238,8,25,26,180,true,M3,130B,DP-130B-02,T0020,delivering
239,1,26,33,270,false,,,,,return_home
239,2,36,28,270,false,,,,,return_home
239,3,28,28,270,false,,,,,return_home
239,4,31,21,180,true,M1,140A,DP-140A-03,T0030,delivering
239,5,44,25,270,false,,,,,return_home
239,6,43,22,270,true,M1,200B,DP-200B-04,T0035,delivering
239,7,23,21,90,false,,,,,return_home
239,8,24,26,180,true,M3,130B,DP-130B-02,T0020,delivering
240,1,27,33,270,false,,,,,return_home
240,2,37,28,270,false,,,,,return_home
240,3,29,28,270,false,,,,,return_home
240,4,30,21,180,true,M1,140A,DP-140A-03,T0030,delivering
240,5,45,25,270,false,,,,,return_home
240,6,43,21,270,true,M1,200B,DP-200B-04,T0035,delivering
240,7,24,21,90,false,,,,,return_home
240,8,23,26,180,true,M3,130B,DP-130B-02,T0020,delivering
241,1,27,32,270,false,,,,,return_home
241,2,38,28,270,false,,,,,return_home
241,3,30,28,270,false,,,,,return_home
241,4,29,21,180,true,M1,140A,DP-140A-03,T0030,delivering
241,5,45,24,270,false,,,,,return_home
241,6,42,21,180,true,M1,200B,DP-200B-04,T0035,delivering
241,7,25,21,90,false,,,,,return_home
241,8,22,26,180,true,M3,130B,DP-130B-02,T0020,delivering
242,1,27,31,270,false,,,,,return_home
242,2,39,28,270,false,,,,,return_home
242,3,31,28,270,false,,,,,return_home
242,4,28,21,180,true,M1,140A,DP-140A-03,T0030,delivering
242,5,46,24,270,false,,,,,return_home
242,6,41,21,180,true,M1,200B,DP-200B-04,T0035,delivering
242,7,26,21,90,false,,,,,return_home
242,8,21,26,180,true,M3,130B,DP-130B-02,T0020,delivering
243,1,27,30,270,false,,,,,return_home
243,2,40,28,270,false,,,,,return_home
243,3,32,28,270,false,,,,,return_home
243,4,28,20,270,true,M1,140A,DP-140A-03,T0030,delivering
243,5,47,24,270,false,,,,,return_home
243,6,40,21,180,true,M1,200B,DP-200B-04,T0035,delivering
243,7,27,21,90,false,,,,,return_home
243,8,20,26,180,true,M3,130B,DP-130B-02,T0020,delivering
244,1,27,29,270,false,,,,,return_home
244,2,41,28,270,false,,,,,return_home
244,3,33,28,270,false,,,,,return_home
244,4,27,20,180,true,M1,140A,DP-140A-03,T0030,delivering
244,5,47,25,90,false,,,,,return_home
244,6,39,21,180,true,M1,200B,DP-200B-04,T0035,delivering
244,7,28,21,90,false,,,,,return_home
244,8,19,26,180,true,M3,130B,DP-130B-02,T0020,delivering
245,1,27,28,270,false,,,,,return_home
245,2,42,28,270,false,,,,,return_home
245,3,34,28,270,false,,,,,return_home
245,4,26,20,180,true,M1,140A,DP-140A-03,T0030,delivering
245,5,48,25,90,false,,,,,return_home
245,6,38,21,180,true,M1,200B,DP-200B-04,T0035,delivering
245,7,29,21,90,false,,,,,return_home
245,8,18,26,180,true,M3,130B,DP-130B-02,T0020,delivering
246,1,28,28,270,false,,,,,return_home
246,2,43,28,270,false,,,,,return_home
246,3,35,28,270,false,,,,,return_home
246,4,25,20,180,true,M1,140A,DP-140A-03,T0030,delivering
246,5,48,26,90,false,,,,,return_home
246,6,37,21,180,true,M1,200B,DP-200B-04,T0035,delivering
246,7,30,21,90,false,,,,,return_home
246,8,17,26,180,true,M3,130B,DP-130B-02,T0020,delivering
247,1,29,28,270,false,,,,,return_home
247,2,44,28,270,false,,,,,return_home
247,3,36,28,270,false,,,,,return_home
247,4,24,20,180,true,M1,140A,DP-140A-03,T0030,delivering
247,5,49,26,90,false,,,,,return_home
247,6,36,21,180,true,M1,200B,DP-200B-04,T0035,delivering
247,7,31,21,90,false,,,,,return_home
247,8,16,26,180,true,M3,130B,DP-130B-02,T0020,delivering
248,1,30,28,270,false,,,,,return_home
248,2,45,28,270,false,,,,,return_home
248,3,37,28,270,false,,,,,return_home
248,4,23,20,180,true,M1,140A,DP-140A-03,T0030,delivering
248,5,50,26,90,false,,,,,return_home
248,6,35,21,180,true,M1,200B,DP-200B-04,T0035,delivering
248,7,32,21,90,false,,,,,return_home
248,8,15,26,180,true,M3,130B,DP-130B-02,T0020,delivering
249,1,31,28,270,false,,,,,return_home
249,2,46,28,270,false,,,,,return_home
249,3,38,28,270,false,,,,,return_home
249,4,22,20,180,true,M1,140A,DP-140A-03,T0030,delivering
249,5,49,26,180,false,,,,,to_pickup
249,6,35,20,270,true,M1,200B,DP-200B-04,T0035,delivering
249,7,33,21,90,false,,,,,return_home
249,8,14,26,180,true,M3,130B,DP-130B-02,T0020,delivering
250,1,32,28,270,false,,,,,return_home
250,2,47,28,270,false,,,,,return_home
250,3,39,28,270,false,,,,,return_home
250,4,21,20,180,true,M1,140A,DP-140A-03,T0030,delivering
250,5,48,26,180,false,,,,,to_pickup
250,6,35,19,270,true,M1,200B,DP-200B-04,T0035,delivering
250,7,34,21,90,false,,,,,return_home
250,8,13,26,180,true,M3,130B,DP-130B-02,T0020,delivering
251,1,33,28,270,false,,,,,return_home
251,2,47,27,270,false,,,,,return_home
251,3,40,28,270,false,,,,,return_home
251,4,20,20,180,true,M1,140A,DP-140A-03,T0030,delivering
251,5,48,25,270,false,,,,,to_pickup
251,6,35,18,270,true,M1,200B,DP-200B-04,T0035,delivering
251,7,35,21,90,false,,,,,return_home
251,8,12,26,180,true,M3,130B,DP-130B-02,T0020,delivering
252,1,34,28,270,false,,,,,return_home
252,2,48,27,270,false,,,,,return_home
252,3,41,28,270,false,,,,,return_home
252,4,19,20,180,true,M1,140A,DP-140A-03,T0030,delivering
252,5,47,25,180,false,,,,,to_pickup
252,6,35,17,270,true,M1,200B,DP-200B-04,T0035,delivering
252,7,36,21,90,false,,,,,return_home
252,8,11,26,180,true,M3,130B,DP-130B-02,T0020,delivering
253,1,35,28,270,false,,,,,return_home
253,2,48,26,270,false,,,,,return_home
253,3,42,28,270,false,,,,,return_home
253,4,18,20,180,true,M1,140A,DP-140A-03,T0030,delivering
253,5,46,25,180,false,,,,,to_pickup
253,6,35,17,270,true,M1,200B,DP-200B-04,T0035,unloading
253,7,37,21,90,false,,,,,return_home
253,8,10,26,180,true,M3,130B,DP-130B-02,T0020,delivering
254,1,36,28,270,false,,,,,return_home
254,2,49,26,270,false,,,,,return_home
254,3,43,28,270,false,,,,,return_home
254,4,17,20,180,true,M1,140A,DP-140A-03,T0030,delivering
254,5,46,25,180,false,,,,,loading
254,6,35,17,270,true,M1,200B,DP-200B-04,T0035,unloading
254,7,38,21,90,false,,,,,return_home
254,8,9,26,180,true,M3,130B,DP-130B-02,T0020,delivering
255,1,37,28,270,false,,,,,return_home
255,2,50,26,270,false,,,,,return_home
255,3,44,28,270,false,,,,,return_home
255,4,16,20,180,true,M1,140A,DP-140A-03,T0030,delivering
255,5,46,25,180,false,,,,,loading
255,6,35,18,90,false,,,,,return_home
255,7,39,21,90,false,,,,,return_home
255,8,8,26,180,true,M3,130B,DP-130B-02,T0020,delivering
256,1,38,28,270,false,,,,,return_home
256,2,49,26,180,false,,,,,to_pickup
256,3,45,28,270,false,,,,,return_home
256,4,15,20,180,true,M1,140A,DP-140A-03,T0030,delivering
256,5,45,25,180,true,M1,130B,DP-130B-03,T0029,delivering
256,6,35,19,90,false,,,,,return_home
256,7,40,21,90,false,,,,,return_home
256,8,8,25,270,true,M3,130B,DP-130B-02,T0020,delivering
257,1,39,28,270,false,,,,,return_home
257,2,48,26,180,false,,,,,to_pickup
257,3,46,28,270,false,,,,,return_home
257,4,14,20,180,true,M1,140A,DP-140A-03,T0030,delivering
257,5,44,25,180,true,M1,130B,DP-130B-03,T0029,delivering
257,6,35,20,90,false,,,,,return_home
257,7,41,21,90,false,,,,,return_home
257,8,8,25,270,true,M3,130B,DP-130B-02,T0020,unloading
258,1,40,28,270,false,,,,,return_home
258,2,48,25,270,false,,,,,to_pickup
258,3,47,28,270,false,,,,,return_home
258,4,13,20,180,true,M1,140A,DP-140A-03,T0030,delivering
258,5,43,25,180,true,M1,130B,DP-130B-03,T0029,delivering
258,6,35,21,90,false,,,,,return_home
258,7,42,21,90,false,,,,,return_home
258,8,8,25,270,true,M3,130B,DP-130B-02,T0020,unloading
259,1,41,28,270,false,,,,,return_home
259,2,47,25,180,false,,,,,to_pickup
259,3,47,27,270,false,,,,,return_home
259,4,12,20,180,true,M1,140A,DP-140A-03,T0030,delivering
259,5,42,25,180,true,M1,130B,DP-130B-03,T0029,delivering
259,6,36,21,90,false,,,,,return_home
259,7,43,21,90,false,,,,,return_home
259,8,9,25,270,false,,,,,return_home
260,1,42,28,270,false,,,,,return_home
260,2,46,25,180,false,,,,,to_pickup
260,3,48,27,270,false,,,,,return_home
260,4,12,19,270,true,M1,140A,DP-140A-03,T0030,delivering
260,5,41,25,180,true,M1,130B,DP-130B-03,T0029,delivering
260,6,37,21,90,false,,,,,return_home
260,7,43,22,90,false,,,,,return_home
260,8,10,25,270,false,,,,,return_home
261,1,43,28,270,false,,,,,return_home
261,2,46,25,180,false,,,,,loading
261,3,48,26,270,false,,,,,return_home
261,4,12,18,270,true,M1,140A,DP-140A-03,T0030,delivering
261,5,40,25,180,true,M1,130B,DP-130B-03,T0029,delivering
261,6,38,21,90,false,,,,,return_home
261,7,43,23,90,false,,,,,return_home
261,8,11,25,270,false,,,,,return_home
262,1,44,28,270,false,,,,,return_home
262,2,46,25,180,false,,,,,loading
262,3,49,26,270,false,,,,,return_home
262,4,12,17,270,true,M1,140A,DP-140A-03,T0030,delivering
262,5,39,25,180,true,M1,130B,DP-130B-03,T0029,delivering
262,6,39,21,90,false,,,,,return_home
262,7,43,24,90,false,,,,,return_home
262,8,12,25,270,false,,,,,return_home
263,1,45,28,270,false,,,,,return_home
263,2,45,25,180,true,M1,209D,DP-209D-01,T0003,delivering
263,3,50,26,270,false,,,,,return_home
263,4,12,17,270,true,M1,140A,DP-140A-03,T0030,unloading
263,5,38,25,180,true,M1,130B,DP-130B-03,T0029,delivering
263,6,40,21,90,false,,,,,return_home
263,7,44,24,90,false,,,,,return_home
263,8,13,25,270,false,,,,,return_home
264,1,46,28,270,false,,,,,return_home
264,2,44,25,180,true,M1,209D,DP-209D-01,T0003,delivering
264,3,49,26,180,false,,,,,to_pickup
264,4,12,17,270,true,M1,140A,DP-140A-03,T0030,unloading
264,5,37,25,180,true,M1,130B,DP-130B-03,T0029,delivering
264,6,41,21,90,false,,,,,return_home
264,7,45,24,90,false,,,,,return_home
264,8,14,25,270,false,,,,,return_home
265,1,47,28,270,false,,,,,return_home
265,2,43,25,180,true,M1,209D,DP-209D-01,T0003,delivering
265,3,48,26,180,false,,,,,to_pickup
265,4,12,18,90,false,,,,,return_home
265,5,36,25,180,true,M1,130B,DP-130B-03,T0029,delivering
265,6,42,21,90,false,,,,,return_home
265,7,46,24,90,false,,,,,return_home
265,8,15,25,270,false,,,,,return_home
266,1,47,27,270,false,,,,,return_home
266,2,42,25,180,true,M1,209D,DP-209D-01,T0003,delivering
266,3,48,25,270,false,,,,,to_pickup
266,4,12,19,90,false,,,,,return_home
266,5,35,25,180,true,M1,130B,DP-130B-03,T0029,delivering
266,6,43,21,90,false,,,,,return_home
266,7,47,24,90,false,,,,,return_home
266,8,16,25,270,false,,,,,return_home
267,1,48,27,270,false,,,,,return_home
267,2,41,25,180,true,M1,209D,DP-209D-01,T0003,delivering
267,3,48,24,270,false,,,,,to_pickup
267,4,12,20,90,false,,,,,return_home
267,5,34,25,180,true,M1,130B,DP-130B-03,T0029,delivering
267,6,43,22,90,false,,,,,return_home
267,7,47,25,90,false,,,,,return_home
267,8,17,25,270,false,,,,,return_home
268,1,48,26,270,false,,,,,return_home
268,2,40,25,180,true,M1,209D,DP-209D-01,T0003,delivering
268,3,47,24,180,false,,,,,to_pickup
268,4,12,21,90,false,,,,,return_home
268,5,33,25,180,true,M1,130B,DP-130B-03,T0029,delivering
268,6,43,23,90,false,,,,,return_home
268,7,48,25,90,false,,,,,return_home
268,8,18,25,270,false,,,,,return_home
269,1,49,26,270,false,,,,,return_home
269,2,39,25,180,true,M1,209D,DP-209D-01,T0003,delivering
269,3,46,24,180,false,,,,,to_pickup
269,4,13,21,90,false,,,,,return_home
269,5,32,25,180,true,M1,130B,DP-130B-03,T0029,delivering
269,6,43,24,90,false,,,,,return_home
269,7,48,26,90,false,,,,,return_home
269,8,19,25,270,false,,,,,return_home
270,1,50,26,270,false,,,,,return_home
270,2,38,25,180,true,M1,209D,DP-209D-01,T0003,delivering
270,3,46,25,90,false,,,,,to_pickup
270,4,14,21,90,false,,,,,return_home
270,5,31,25,180,true,M1,130B,DP-130B-03,T0029,delivering
270,6,44,24,90,false,,,,,return_home
270,7,49,26,90,false,,,,,return_home
270,8,20,25,270,false,,,,,return_home
271,1,49,26,180,false,,,,,to_pickup
271,2,37,25,180,true,M1,209D,DP-209D-01,T0003,delivering
271,3,46,25,90,false,,,,,loading
271,4,15,21,90,false,,,,,return_home
271,5,30,25,180,true,M1,130B,DP-130B-03,T0029,delivering
271,6,45,24,90,false,,,,,return_home
271,7,50,26,90,false,,,,,return_home
271,8,21,25,270,false,,,,,return_home
272,1,48,26,180,false,,,,,to_pickup
272,2,36,25,180,true,M1,209D,DP-209D-01,T0003,delivering
272,3,46,25,90,false,,,,,loading
272,4,16,21,90,false,,,,,return_home
272,5,29,25,180,true,M1,130B,DP-130B-03,T0029,delivering
272,6,46,24,90,false,,,,,return_home
272,7,49,26,180,false,,,,,to_pickup
272,8,22,25,270,false,,,,,return_home
273,1,48,27,90,false,,,,,to_pickup
273,2,35,25,180,true,M1,209D,DP-209D-01,T0003,delivering
273,3,45,25,180,true,M5,150,DP-150-03,T0033,delivering
273,4,17,21,90,false,,,,,return_home
273,5,28,25,180,true,M1,130B,DP-130B-03,T0029,delivering
273,6,47,24,90,false,,,,,return_home
273,7,48,26,180,false,,,,,to_pickup
273,8,23,25,270,false,,,,,return_home
274,1,47,27,180,false,,,,,to_pickup
274,2,34,25,180,true,M1,209D,DP-209D-01,T0003,delivering
274,3,44,25,180,true,M5,150,DP-150-03,T0033,delivering
274,4,18,21,90,false,,,,,return_home
274,5,27,25,180,true,M1,130B,DP-130B-03,T0029,delivering
274,6,47,25,90,false,,,,,return_home
274,7,48,25,270,false,,,,,to_pickup
274,8,24,25,270,false,,,,,return_home
275,1,46,27,180,false,,,,,to_pickup
275,2,33,25,180,true,M1,209D,DP-209D-01,T0003,delivering
275,3,43,25,180,true,M5,150,DP-150-03,T0033,delivering
275,4,19,21,90,false,,,,,return_home
275,5,27,24,270,true,M1,130B,DP-130B-03,T0029,delivering
275,6,48,25,90,false,,,,,return_home
275,7,48,24,270,false,,,,,to_pickup
275,8,25,25,270,false,,,,,return_home
276,1,46,27,180,false,,,,,loading
276,2,32,25,180,true,M1,209D,DP-209D-01,T0003,delivering
276,3,42,25,180,true,M5,150,DP-150-03,T0033,delivering
276,4,20,21,90,false,,,,,return_home
276,5,27,23,270,true,M1,130B,DP-130B-03,T0029,delivering
276,6,48,26,90,false,,,,,return_home
276,7,47,24,180,false,,,,,to_pickup
276,8,26,25,270,false,,,,,return_home
277,1,46,27,180,false,,,,,loading
277,2,31,25,180,true,M1,209D,DP-209D-01,T0003,delivering
277,3,41,25,180,true,M5,150,DP-150-03,T0033,delivering
277,4,21,21,90,false,,,,,return_home
277,5,27,22,270,true,M1,130B,DP-130B-03,T0029,delivering
277,6,49,26,90,false,,,,,return_home
277,7,46,24,180,false,,,,,to_pickup
277,8,27,25,270,false,,,,,return_home
278,1,45,27,180,true,M3,209F,DP-209F-01,T0001,delivering
278,2,30,25,180,true,M1,209D,DP-209D-01,T0003,delivering
278,3,40,25,180,true,M5,150,DP-150-03,T0033,delivering
278,4,22,21,90,false,,,,,return_home
278,5,27,21,270,true,M1,130B,DP-130B-03,T0029,delivering
278,6,50,26,90,false,,,,,return_home
278,7,46,25,90,false,,,,,to_pickup
278,8,28,25,270,false,,,,,return_home
279,1,44,27,180,true,M3,209F,DP-209F-01,T0001,delivering
279,2,30,26,90,true,M1,209D,DP-209D-01,T0003,delivering
279,3,39,25,180,true,M5,150,DP-150-03,T0033,delivering
279,4,23,21,90,false,,,,,return_home
279,5,26,21,180,true,M1,130B,DP-130B-03,T0029,delivering
279,6,49,26,180,false,,,,,to_pickup
279,7,46,25,90,false,,,,,loading
279,8,29,25,270,false,,,,,return_home
280,1,43,27,180,true,M3,209F,DP-209F-01,T0001,delivering
280,2,29,26,180,true,M1,209D,DP-209D-01,T0003,delivering
280,3,38,25,180,true,M5,150,DP-150-03,T0033,delivering
280,4,24,21,90,false,,,,,return_home
280,5,25,21,180,true,M1,130B,DP-130B-03,T0029,delivering
280,6,48,26,180,false,,,,,to_pickup
280,7,46,25,90,false,,,,,loading
280,8,30,25,270,false,,,,,return_home
281,1,42,27,180,true,M3,209F,DP-209F-01,T0001,delivering
281,2,28,26,180,true,M1,209D,DP-209D-01,T0003,delivering
281,3,38,24,270,true,M5,150,DP-150-03,T0033,delivering
281,4,25,21,90,false,,,,,return_home
281,5,25,20,270,true,M1,130B,DP-130B-03,T0029,delivering
281,6,48,25,270,false,,,,,to_pickup
281,7,45,25,180,true,M2,130A,DP-130A-02,T0019,delivering
281,8,31,25,270,false,,,,,return_home
282,1,41,27,180,true,M3,209F,DP-209F-01,T0001,delivering
282,2,27,26,180,true,M1,209D,DP-209D-01,T0003,delivering
282,3,38,23,270,true,M5,150,DP-150-03,T0033,delivering
282,4,26,21,90,false,,,,,return_home
282,5,24,20,180,true,M1,130B,DP-130B-03,T0029,delivering
282,6,47,25,180,false,,,,,to_pickup
282,7,44,25,180,true,M2,130A,DP-130A-02,T0019,delivering
282,8,32,25,270,false,,,,,return_home
283,1,40,27,180,true,M3,209F,DP-209F-01,T0001,delivering
283,2,26,26,180,true,M1,209D,DP-209D-01,T0003,delivering
283,3,38,22,270,true,M5,150,DP-150-03,T0033,delivering
283,4,27,21,90,false,,,,,return_home
283,5,23,20,180,true,M1,130B,DP-130B-03,T0029,delivering
283,6,46,25,180,false,,,,,to_pickup
283,7,43,25,180,true,M2,130A,DP-130A-02,T0019,delivering
283,8,33,25,270,false,,,,,return_home
284,1,39,27,180,true,M3,209F,DP-209F-01,T0001,delivering
284,2,25,26,180,true,M1,209D,DP-209D-01,T0003,delivering
284,3,38,21,270,true,M5,150,DP-150-03,T0033,delivering
284,4,28,21,90,false,,,,,return_home
284,5,22,20,180,true,M1,130B,DP-130B-03,T0029,delivering
284,6,46,25,180,false,,,,,loading
284,7,42,25,180,true,M2,130A,DP-130A-02,T0019,delivering
284,8,34,25,270,false,,,,,return_home
285,1,38,27,180,true,M3,209F,DP-209F-01,T0001,delivering
285,2,24,26,180,true,M1,209D,DP-209D-01,T0003,delivering
285,3,37,21,180,true,M5,150,DP-150-03,T0033,delivering
285,4,29,21,90,false,,,,,return_home
285,5,21,20,180,true,M1,130B,DP-130B-03,T0029,delivering
285,6,46,25,180,false,,,,,loading
285,7,41,25,180,true,M2,130A,DP-130A-02,T0019,delivering
285,8,35,25,270,false,,,,,return_home
286,1,37,27,180,true,M3,209F,DP-209F-01,T0001,delivering
286,2,23,26,180,true,M1,209D,DP-209D-01,T0003,delivering
286,3,36,21,180,true,M5,150,DP-150-03,T0033,delivering
286,4,30,21,90,false,,,,,return_home
286,5,20,20,180,true,M1,130B,DP-130B-03,T0029,delivering
286,6,45,25,180,true,M2,140B,DP-140B-01,T0013,delivering
286,7,40,25,180,true,M2,130A,DP-130A-02,T0019,delivering
286,8,36,25,270,false,,,,,return_home
287,1,36,27,180,true,M3,209F,DP-209F-01,T0001,delivering
287,2,23,27,90,true,M1,209D,DP-209D-01,T0003,delivering
287,3,35,21,180,true,M5,150,DP-150-03,T0033,delivering
287,4,31,21,90,false,,,,,return_home
287,5,19,20,180,true,M1,130B,DP-130B-03,T0029,delivering
287,6,44,25,180,true,M2,140B,DP-140B-01,T0013,delivering
287,7,39,25,180,true,M2,130A,DP-130A-02,T0019,delivering
287,8,37,25,270,false,,,,,return_home
288,1,35,27,180,true,M3,209F,DP-209F-01,T0001,delivering
288,2,23,28,90,true,M1,209D,DP-209D-01,T0003,delivering
288,3,34,21,180,true,M5,150,DP-150-03,T0033,delivering
288,4,32,21,90,false,,,,,return_home
288,5,18,20,180,true,M1,130B,DP-130B-03,T0029,delivering
288,6,43,25,180,true,M2,140B,DP-140B-01,T0013,delivering
288,7,39,26,90,true,M2,130A,DP-130A-02,T0019,delivering
288,8,38,25,270,false,,,,,return_home
289,1,34,27,180,true,M3,209F,DP-209F-01,T0001,delivering
289,2,23,29,90,true,M1,209D,DP-209D-01,T0003,delivering
289,3,34,20,270,true,M5,150,DP-150-03,T0033,delivering
289,4,33,21,90,false,,,,,return_home
289,5,17,20,180,true,M1,130B,DP-130B-03,T0029,delivering
289,6,42,25,180,true,M2,140B,DP-140B-01,T0013,delivering
289,7,38,26,180,true,M2,130A,DP-130A-02,T0019,delivering
289,8,39,25,270,false,,,,,return_home
290,1,33,27,180,true,M3,209F,DP-209F-01,T0001,delivering
290,2,23,30,90,true,M1,209D,DP-209D-01,T0003,delivering
290,3,33,20,180,true,M5,150,DP-150-03,T0033,delivering
290,4,34,21,90,false,,,,,return_home
290,5,16,20,180,true,M1,130B,DP-130B-03,T0029,delivering
290,6,41,25,180,true,M2,140B,DP-140B-01,T0013,delivering
290,7,37,26,180,true,M2,130A,DP-130A-02,T0019,delivering
290,8,40,25,270,false,,,,,return_home
291,1,32,27,180,true,M3,209F,DP-209F-01,T0001,delivering
291,2,23,31,90,true,M1,209D,DP-209D-01,T0003,delivering
291,3,32,20,180,true,M5,150,DP-150-03,T0033,delivering
291,4,35,21,90,false,,,,,return_home
291,5,15,20,180,true,M1,130B,DP-130B-03,T0029,delivering
291,6,41,26,90,true,M2,140B,DP-140B-01,T0013,delivering
291,7,36,26,180,true,M2,130A,DP-130A-02,T0019,delivering
291,8,41,25,270,false,,,,,return_home
292,1,31,27,180,true,M3,209F,DP-209F-01,T0001,delivering
292,2,23,32,90,true,M1,209D,DP-209D-01,T0003,delivering
292,3,31,20,180,true,M5,150,DP-150-03,T0033,delivering
292,4,36,21,90,false,,,,,return_home
292,5,14,20,180,true,M1,130B,DP-130B-03,T0029,delivering
292,6,40,26,180,true,M2,140B,DP-140B-01,T0013,delivering
292,7,35,26,180,true,M2,130A,DP-130A-02,T0019,delivering
292,8,42,25,270,false,,,,,return_home
293,1,30,27,180,true,M3,209F,DP-209F-01,T0001,delivering
293,2,23,33,90,true,M1,209D,DP-209D-01,T0003,delivering
293,3,30,20,180,true,M5,150,DP-150-03,T0033,delivering
293,4,37,21,90,false,,,,,return_home
293,5,13,20,180,true,M1,130B,DP-130B-03,T0029,delivering
293,6,39,26,180,true,M2,140B,DP-140B-01,T0013,delivering
293,7,34,26,180,true,M2,130A,DP-130A-02,T0019,delivering
293,8,43,25,270,false,,,,,return_home
294,1,29,27,180,true,M3,209F,DP-209F-01,T0001,delivering
294,2,22,33,180,true,M1,209D,DP-209D-01,T0003,delivering
294,3,29,20,180,true,M5,150,DP-150-03,T0033,delivering
294,4,38,21,90,false,,,,,return_home
294,5,12,20,180,true,M1,130B,DP-130B-03,T0029,delivering
294,6,38,26,180,true,M2,140B,DP-140B-01,T0013,delivering
294,7,33,26,180,true,M2,130A,DP-130A-02,T0019,delivering
294,8,44,25,270,false,,,,,return_home
295,1,28,27,180,true,M3,209F,DP-209F-01,T0001,delivering
295,2,22,34,90,true,M1,209D,DP-209D-01,T0003,delivering
295,3,28,20,180,true,M5,150,DP-150-03,T0033,delivering
295,4,39,21,90,false,,,,,return_home
295,5,11,20,180,true,M1,130B,DP-130B-03,T0029,delivering
295,6,37,26,180,true,M2,140B,DP-140B-01,T0013,delivering
295,7,32,26,180,true,M2,130A,DP-130A-02,T0019,delivering
295,8,45,25,270,false,,,,,return_home
296,1,27,27,180,true,M3,209F,DP-209F-01,T0001,delivering
296,2,22,35,90,true,M1,209D,DP-209D-01,T0003,delivering
296,3,27,20,180,true,M5,150,DP-150-03,T0033,delivering
296,4,40,21,90,false,,,,,return_home
296,5,10,20,180,true,M1,130B,DP-130B-03,T0029,delivering
296,6,36,26,180,true,M2,140B,DP-140B-01,T0013,delivering
296,7,31,26,180,true,M2,130A,DP-130A-02,T0019,delivering
296,8,45,24,270,false,,,,,return_home
297,1,26,27,180,true,M3,209F,DP-209F-01,T0001,delivering
297,2,22,36,90,true,M1,209D,DP-209D-01,T0003,delivering
297,3,26,20,180,true,M5,150,DP-150-03,T0033,delivering
297,4,41,21,90,false,,,,,return_home
297,5,9,20,180,true,M1,130B,DP-130B-03,T0029,delivering
297,6,35,26,180,true,M2,140B,DP-140B-01,T0013,delivering
297,7,30,26,180,true,M2,130A,DP-130A-02,T0019,delivering
297,8,46,24,270,false,,,,,return_home
298,1,25,27,180,true,M3,209F,DP-209F-01,T0001,delivering
298,2,22,37,90,true,M1,209D,DP-209D-01,T0003,delivering
298,3,25,20,180,true,M5,150,DP-150-03,T0033,delivering
298,4,42,21,90,false,,,,,return_home
298,5,8,20,180,true,M1,130B,DP-130B-03,T0029,delivering
298,6,34,26,180,true,M2,140B,DP-140B-01,T0013,delivering
298,7,29,26,180,true,M2,130A,DP-130A-02,T0019,delivering
298,8,47,24,270,false,,,,,return_home
299,1,24,27,180,true,M3,209F,DP-209F-01,T0001,delivering
299,2,22,38,90,true,M1,209D,DP-209D-01,T0003,delivering
299,3,24,20,180,true,M5,150,DP-150-03,T0033,delivering
299,4,43,21,90,false,,,,,return_home
299,5,8,19,270,true,M1,130B,DP-130B-03,T0029,delivering
299,6,33,26,180,true,M2,140B,DP-140B-01,T0013,delivering
299,7,28,26,180,true,M2,130A,DP-130A-02,T0019,delivering
299,8,47,25,90,false,,,,,return_home
300,1,23,27,180,true,M3,209F,DP-209F-01,T0001,delivering
300,2,22,39,90,true,M1,209D,DP-209D-01,T0003,delivering
300,3,24,19,270,true,M5,150,DP-150-03,T0033,delivering
300,4,43,22,90,false,,,,,return_home
300,5,8,18,270,true,M1,130B,DP-130B-03,T0029,delivering
300,6,32,26,180,true,M2,140B,DP-140B-01,T0013,delivering
300,7,27,26,180,true,M2,130A,DP-130A-02,T0019,delivering
300,8,48,25,90,false,,,,,return_home
301,1,22,27,180,true,M3,209F,DP-209F-01,T0001,delivering
301,2,22,40,90,true,M1,209D,DP-209D-01,T0003,delivering
301,3,24,18,270,true,M5,150,DP-150-03,T0033,delivering
301,4,43,23,90,false,,,,,return_home
301,5,8,17,270,true,M1,130B,DP-130B-03,T0029,delivering
301,6,31,26,180,true,M2,140B,DP-140B-01,T0013,delivering
301,7,26,26,180,true,M2,130A,DP-130A-02,T0019,delivering
301,8,48,26,90,false,,,,,return_home
302,1,21,27,180,true,M3,209F,DP-209F-01,T0001,delivering
302,2,22,41,90,true,M1,209D,DP-209D-01,T0003,delivering
302,3,24,17,270,true,M5,150,DP-150-03,T0033,delivering
302,4,43,24,90,false,,,,,return_home
302,5,8,17,270,true,M1,130B,DP-130B-03,T0029,unloading
302,6,30,26,180,true,M2,140B,DP-140B-01,T0013,delivering
302,7,25,26,180,true,M2,130A,DP-130A-02,T0019,delivering
302,8,49,26,90,false,,,,,return_home
303,1,20,27,180,true,M3,209F,DP-209F-01,T0001,delivering
303,2,22,42,90,true,M1,209D,DP-209D-01,T0003,delivering
303,3,24,17,270,true,M5,150,DP-150-03,T0033,unloading
303,4,44,24,90,false,,,,,return_home
303,5,8,17,270,true,M1,130B,DP-130B-03,T0029,unloading
303,6,29,26,180,true,M2,140B,DP-140B-01,T0013,delivering
303,7,24,26,180,true,M2,130A,DP-130A-02,T0019,delivering
303,8,50,26,90,false,,,,,return_home
304,1,19,27,180,true,M3,209F,DP-209F-01,T0001,delivering
304,2,22,43,90,true,M1,209D,DP-209D-01,T0003,delivering
304,3,24,17,270,true,M5,150,DP-150-03,T0033,unloading
304,4,45,24,90,false,,,,,return_home
304,5,8,18,90,false,,,,,return_home
304,6,28,26,180,true,M2,140B,DP-140B-01,T0013,delivering
304,7,23,26,180,true,M2,130A,DP-130A-02,T0019,delivering
304,8,50,26,90,false,,,,,idle
305,1,18,27,180,true,M3,209F,DP-209F-01,T0001,delivering
305,2,22,44,90,true,M1,209D,DP-209D-01,T0003,delivering
305,3,24,18,90,false,,,,,return_home
305,4,46,24,90,false,,,,,return_home
305,5,8,19,90,false,,,,,return_home
305,6,27,26,180,true,M2,140B,DP-140B-01,T0013,delivering
305,7,22,26,180,true,M2,130A,DP-130A-02,T0019,delivering
305,8,50,26,90,false,,,,,idle
306,1,17,27,180,true,M3,209F,DP-209F-01,T0001,delivering
306,2,22,45,90,true,M1,209D,DP-209D-01,T0003,delivering
306,3,24,19,90,false,,,,,return_home
306,4,47,24,90,false,,,,,return_home
306,5,8,20,90,false,,,,,return_home
306,6,26,26,180,true,M2,140B,DP-140B-01,T0013,delivering
306,7,21,26,180,true,M2,130A,DP-130A-02,T0019,delivering
306,8,50,26,90,false,,,,,idle
307,1,16,27,180,true,M3,209F,DP-209F-01,T0001,delivering
307,2,22,45,90,true,M1,209D,DP-209D-01,T0003,unloading
307,3,24,20,90,false,,,,,return_home
307,4,47,25,90,false,,,,,return_home
307,5,8,21,90,false,,,,,return_home
307,6,25,26,180,true,M2,140B,DP-140B-01,T0013,delivering
307,7,20,26,180,true,M2,130A,DP-130A-02,T0019,delivering
307,8,50,26,90,false,,,,,idle
308,1,15,27,180,true,M3,209F,DP-209F-01,T0001,delivering
308,2,22,45,90,true,M1,209D,DP-209D-01,T0003,unloading
308,3,24,21,90,false,,,,,return_home
308,4,48,25,90,false,,,,,return_home
308,5,9,21,90,false,,,,,return_home
308,6,24,26,180,true,M2,140B,DP-140B-01,T0013,delivering
308,7,19,26,180,true,M2,130A,DP-130A-02,T0019,delivering
308,8,50,26,90,false,,,,,idle
309,1,15,28,90,true,M3,209F,DP-209F-01,T0001,delivering
309,2,22,44,270,false,,,,,return_home
309,3,25,21,90,false,,,,,return_home
309,4,48,26,90,false,,,,,return_home
309,5,10,21,90,false,,,,,return_home
309,6,23,26,180,true,M2,140B,DP-140B-01,T0013,delivering
309,7,18,26,180,true,M2,130A,DP-130A-02,T0019,delivering
309,8,50,26,90,false,,,,,idle
310,1,15,29,90,true,M3,209F,DP-209F-01,T0001,delivering
310,2,22,43,270,false,,,,,return_home
310,3,26,21,90,false,,,,,return_home
310,4,49,26,90,false,,,,,return_home
310,5,11,21,90,false,,,,,return_home
310,6,22,26,180,true,M2,140B,DP-140B-01,T0013,delivering
310,7,17,26,180,true,M2,130A,DP-130A-02,T0019,delivering
310,8,50,26,90,false,,,,,idle
311,1,15,30,90,true,M3,209F,DP-209F-01,T0001,delivering
311,2,22,42,270,false,,,,,return_home
311,3,27,21,90,false,,,,,return_home
311,4,50,26,90,false,,,,,return_home
311,5,12,21,90,false,,,,,return_home
311,6,21,26,180,true,M2,140B,DP-140B-01,T0013,delivering
311,7,16,26,180,true,M2,130A,DP-130A-02,T0019,delivering
311,8,50,26,90,false,,,,,idle
312,1,15,31,90,true,M3,209F,DP-209F-01,T0001,delivering
312,2,22,41,270,false,,,,,return_home
312,3,28,21,90,false,,,,,return_home
312,4,50,26,90,false,,,,,idle
312,5,13,21,90,false,,,,,return_home
312,6,20,26,180,true,M2,140B,DP-140B-01,T0013,delivering
312,7,15,26,180,true,M2,130A,DP-130A-02,T0019,delivering
312,8,50,26,90,false,,,,,idle
313,1,15,32,90,true,M3,209F,DP-209F-01,T0001,delivering
313,2,22,40,270,false,,,,,return_home
313,3,29,21,90,false,,,,,return_home
313,4,50,26,90,false,,,,,idle
313,5,14,21,90,false,,,,,return_home
313,6,19,26,180,true,M2,140B,DP-140B-01,T0013,delivering
313,7,14,26,180,true,M2,130A,DP-130A-02,T0019,delivering
313,8,50,26,90,false,,,,,idle
314,1,15,33,90,true,M3,209F,DP-209F-01,T0001,delivering
314,2,22,39,270,false,,,,,return_home
314,3,30,21,90,false,,,,,return_home
314,4,50,26,90,false,,,,,idle
314,5,15,21,90,false,,,,,return_home
314,6,18,26,180,true,M2,140B,DP-140B-01,T0013,delivering
314,7,13,26,180,true,M2,130A,DP-130A-02,T0019,delivering
314,8,50,26,90,false,,,,,idle
315,1,14,33,180,true,M3,209F,DP-209F-01,T0001,delivering
315,2,22,38,270,false,,,,,return_home
315,3,31,21,90,false,,,,,return_home
315,4,50,26,90,false,,,,,idle
315,5,16,21,90,false,,,,,return_home
315,6,17,26,180,true,M2,140B,DP-140B-01,T0013,delivering
315,7,12,26,180,true,M2,130A,DP-130A-02,T0019,delivering
315,8,50,26,90,false,,,,,idle
316,1,14,34,90,true,M3,209F,DP-209F-01,T0001,delivering
316,2,22,37,270,false,,,,,return_home
316,3,32,21,90,false,,,,,return_home
316,4,50,26,90,false,,,,,idle
316,5,17,21,90,false,,,,,return_home
316,6,16,26,180,true,M2,140B,DP-140B-01,T0013,delivering
316,7,11,26,180,true,M2,130A,DP-130A-02,T0019,delivering
316,8,50,26,90,false,,,,,idle
317,1,14,35,90,true,M3,209F,DP-209F-01,T0001,delivering
317,2,22,36,270,false,,,,,return_home
317,3,33,21,90,false,,,,,return_home
317,4,50,26,90,false,,,,,idle
317,5,18,21,90,false,,,,,return_home
317,6,16,27,90,true,M2,140B,DP-140B-01,T0013,delivering
317,7,10,26,180,true,M2,130A,DP-130A-02,T0019,delivering
317,8,50,26,90,false,,,,,idle
318,1,14,36,90,true,M3,209F,DP-209F-01,T0001,delivering
318,2,22,35,270,false,,,,,return_home
318,3,34,21,90,false,,,,,return_home
318,4,50,26,90,false,,,,,idle
318,5,19,21,90,false,,,,,return_home
318,6,16,28,90,true,M2,140B,DP-140B-01,T0013,delivering
318,7,9,26,180,true,M2,130A,DP-130A-02,T0019,delivering
318,8,50,26,90,false,,,,,idle
319,1,14,37,90,true,M3,209F,DP-209F-01,T0001,delivering
319,2,22,34,270,false,,,,,return_home
319,3,35,21,90,false,,,,,return_home
319,4,50,26,90,false,,,,,idle
319,5,20,21,90,false,,,,,return_home
319,6,16,29,90,true,M2,140B,DP-140B-01,T0013,delivering
319,7,8,26,180,true,M2,130A,DP-130A-02,T0019,delivering
319,8,50,26,90,false,,,,,idle
320,1,14,38,90,true,M3,209F,DP-209F-01,T0001,delivering
320,2,22,33,270,false,,,,,return_home
320,3,36,21,90,false,,,,,return_home
320,4,50,26,90,false,,,,,idle
320,5,21,21,90,false,,,,,return_home
320,6,16,29,90,true,M2,140B,DP-140B-01,T0013,unloading
320,7,7,26,180,true,M2,130A,DP-130A-02,T0019,delivering
320,8,50,26,90,false,,,,,idle
321,1,14,39,90,true,M3,209F,DP-209F-01,T0001,delivering
321,2,23,33,270,false,,,,,return_home
321,3,37,21,90,false,,,,,return_home
321,4,50,26,90,false,,,,,idle
321,5,22,21,90,false,,,,,return_home
321,6,16,29,90,true,M2,140B,DP-140B-01,T0013,unloading
321,7,6,26,180,true,M2,130A,DP-130A-02,T0019,delivering
321,8,50,26,90,false,,,,,idle
322,1,14,40,90,true,M3,209F,DP-209F-01,T0001,delivering
322,2,23,32,270,false,,,,,return_home
322,3,38,21,90,false,,,,,return_home
322,4,50,26,90,false,,,,,idle
322,5,23,21,90,false,,,,,return_home
322,6,16,28,270,false,,,,,return_home
322,7,5,26,180,true,M2,130A,DP-130A-02,T0019,delivering
322,8,50,26,90,false,,,,,idle
323,1,14,41,90,true,M3,209F,DP-209F-01,T0001,delivering
323,2,23,31,270,false,,,,,return_home
323,3,39,21,90,false,,,,,return_home
323,4,50,26,90,false,,,,,idle
323,5,24,21,90,false,,,,,return_home
323,6,17,28,270,false,,,,,return_home
323,7,4,26,180,true,M2,130A,DP-130A-02,T0019,delivering
323,8,50,26,90,false,,,,,idle
324,1,14,42,90,true,M3,209F,DP-209F-01,T0001,delivering
324,2,23,30,270,false,,,,,return_home
324,3,40,21,90,false,,,,,return_home
324,4,50,26,90,false,,,,,idle
324,5,25,21,90,false,,,,,return_home
324,6,18,28,270,false,,,,,return_home
324,7,4,25,270,true,M2,130A,DP-130A-02,T0019,delivering
324,8,50,26,90,false,,,,,idle
325,1,14,43,90,true,M3,209F,DP-209F-01,T0001,delivering
325,2,23,29,270,false,,,,,return_home
325,3,41,21,90,false,,,,,return_home
325,4,50,26,90,false,,,,,idle
325,5,26,21,90,false,,,,,return_home
325,6,19,28,270,false,,,,,return_home
325,7,4,25,270,true,M2,130A,DP-130A-02,T0019,unloading
325,8,50,26,90,false,,,,,idle
326,1,14,44,90,true,M3,209F,DP-209F-01,T0001,delivering
326,2,23,28,270,false,,,,,return_home
326,3,42,21,90,false,,,,,return_home
326,4,50,26,90,false,,,,,idle
326,5,27,21,90,false,,,,,return_home
326,6,20,28,270,false,,,,,return_home
326,7,4,25,270,true,M2,130A,DP-130A-02,T0019,unloading
326,8,50,26,90,false,,,,,idle
327,1,14,45,90,true,M3,209F,DP-209F-01,T0001,delivering
327,2,24,28,270,false,,,,,return_home
327,3,43,21,90,false,,,,,return_home
327,4,50,26,90,false,,,,,idle
327,5,28,21,90,false,,,,,return_home
327,6,21,28,270,false,,,,,return_home
327,7,5,25,270,false,,,,,return_home
327,8,50,26,90,false,,,,,idle
328,1,14,45,90,true,M3,209F,DP-209F-01,T0001,unloading
328,2,25,28,270,false,,,,,return_home
328,3,43,22,90,false,,,,,return_home
328,4,50,26,90,false,,,,,idle
328,5,29,21,90,false,,,,,return_home
328,6,22,28,270,false,,,,,return_home
328,7,6,25,270,false,,,,,return_home
328,8,50,26,90,false,,,,,idle
329,1,14,45,90,true,M3,209F,DP-209F-01,T0001,unloading
329,2,26,28,270,false,,,,,return_home
329,3,43,23,90,false,,,,,return_home
329,4,50,26,90,false,,,,,idle
329,5,30,21,90,false,,,,,return_home
329,6,23,28,270,false,,,,,return_home
329,7,7,25,270,false,,,,,return_home
329,8,50,26,90,false,,,,,idle
330,1,14,44,270,false,,,,,return_home
330,2,27,28,270,false,,,,,return_home
330,3,43,24,90,false,,,,,return_home
330,4,50,26,90,false,,,,,idle
330,5,31,21,90,false,,,,,return_home
330,6,24,28,270,false,,,,,return_home
330,7,8,25,270,false,,,,,return_home
330,8,50,26,90,false,,,,,idle
331,1,14,43,270,false,,,,,return_home
331,2,28,28,270,false,,,,,return_home
331,3,44,24,90,false,,,,,return_home
331,4,50,26,90,false,,,,,idle
331,5,32,21,90,false,,,,,return_home
331,6,25,28,270,false,,,,,return_home
331,7,9,25,270,false,,,,,return_home
331,8,50,26,90,false,,,,,idle
332,1,14,42,270,false,,,,,return_home
332,2,29,28,270,false,,,,,return_home
332,3,45,24,90,false,,,,,return_home
332,4,50,26,90,false,,,,,idle
332,5,33,21,90,false,,,,,return_home
332,6,26,28,270,false,,,,,return_home
332,7,10,25,270,false,,,,,return_home
332,8,50,26,90,false,,,,,idle
333,1,14,41,270,false,,,,,return_home
333,2,30,28,270,false,,,,,return_home
333,3,46,24,90,false,,,,,return_home
333,4,50,26,90,false,,,,,idle
333,5,34,21,90,false,,,,,return_home
333,6,27,28,270,false,,,,,return_home
333,7,11,25,270,false,,,,,return_home
333,8,50,26,90,false,,,,,idle
334,1,14,40,270,false,,,,,return_home
334,2,31,28,270,false,,,,,return_home
334,3,47,24,90,false,,,,,return_home
334,4,50,26,90,false,,,,,idle
334,5,35,21,90,false,,,,,return_home
334,6,28,28,270,false,,,,,return_home
334,7,12,25,270,false,,,,,return_home
334,8,50,26,90,false,,,,,idle
335,1,14,39,270,false,,,,,return_home
335,2,32,28,270,false,,,,,return_home
335,3,47,25,90,false,,,,,return_home
335,4,50,26,90,false,,,,,idle
335,5,36,21,90,false,,,,,return_home
335,6,29,28,270,false,,,,,return_home
335,7,13,25,270,false,,,,,return_home
335,8,50,26,90,false,,,,,idle
336,1,14,38,270,false,,,,,return_home
336,2,33,28,270,false,,,,,return_home
336,3,48,25,90,false,,,,,return_home
336,4,50,26,90,false,,,,,idle
336,5,37,21,90,false,,,,,return_home
336,6,30,28,270,false,,,,,return_home
336,7,14,25,270,false,,,,,return_home
336,8,50,26,90,false,,,,,idle
337,1,14,37,270,false,,,,,return_home
337,2,34,28,270,false,,,,,return_home
337,3,48,26,90,false,,,,,return_home
337,4,50,26,90,false,,,,,idle
337,5,38,21,90,false,,,,,return_home
337,6,31,28,270,false,,,,,return_home
337,7,15,25,270,false,,,,,return_home
337,8,50,26,90,false,,,,,idle
338,1,14,36,270,false,,,,,return_home
338,2,35,28,270,false,,,,,return_home
338,3,49,26,90,false,,,,,return_home
338,4,50,26,90,false,,,,,idle
338,5,39,21,90,false,,,,,return_home
338,6,32,28,270,false,,,,,return_home
338,7,16,25,270,false,,,,,return_home
338,8,50,26,90,false,,,,,idle
339,1,14,35,270,false,,,,,return_home
339,2,36,28,270,false,,,,,return_home
339,3,50,26,90,false,,,,,return_home
339,4,50,26,90,false,,,,,idle
339,5,40,21,90,false,,,,,return_home
339,6,33,28,270,false,,,,,return_home
339,7,17,25,270,false,,,,,return_home
339,8,50,26,90,false,,,,,idle
340,1,14,34,270,false,,,,,return_home
340,2,37,28,270,false,,,,,return_home
340,3,50,26,90,false,,,,,idle
340,4,50,26,90,false,,,,,idle
340,5,41,21,90,false,,,,,return_home
340,6,34,28,270,false,,,,,return_home
340,7,18,25,270,false,,,,,return_home
340,8,50,26,90,false,,,,,idle
341,1,14,33,270,false,,,,,return_home
341,2,38,28,270,false,,,,,return_home
341,3,50,26,90,false,,,,,idle
341,4,50,26,90,false,,,,,idle
341,5,42,21,90,false,,,,,return_home
341,6,35,28,270,false,,,,,return_home
341,7,19,25,270,false,,,,,return_home
341,8,50,26,90,false,,,,,idle
342,1,15,33,270,false,,,,,return_home
342,2,39,28,270,false,,,,,return_home
342,3,50,26,90,false,,,,,idle
342,4,50,26,90,false,,,,,idle
342,5,43,21,90,false,,,,,return_home
342,6,36,28,270,false,,,,,return_home
342,7,20,25,270,false,,,,,return_home
342,8,50,26,90,false,,,,,idle
343,1,15,32,270,false,,,,,return_home
343,2,40,28,270,false,,,,,return_home
343,3,50,26,90,false,,,,,idle
343,4,50,26,90,false,,,,,idle
343,5,43,22,90,false,,,,,return_home
343,6,37,28,270,false,,,,,return_home
343,7,21,25,270,false,,,,,return_home
343,8,50,26,90,false,,,,,idle
344,1,15,31,270,false,,,,,return_home
344,2,41,28,270,false,,,,,return_home
344,3,50,26,90,false,,,,,idle
344,4,50,26,90,false,,,,,idle
344,5,43,23,90,false,,,,,return_home
344,6,38,28,270,false,,,,,return_home
344,7,22,25,270,false,,,,,return_home
344,8,50,26,90,false,,,,,idle
345,1,15,30,270,false,,,,,return_home
345,2,42,28,270,false,,,,,return_home
345,3,50,26,90,false,,,,,idle
345,4,50,26,90,false,,,,,idle
345,5,43,24,90,false,,,,,return_home
345,6,39,28,270,false,,,,,return_home
345,7,23,25,270,false,,,,,return_home
345,8,50,26,90,false,,,,,idle
346,1,15,29,270,false,,,,,return_home
346,2,43,28,270,false,,,,,return_home
346,3,50,26,90,false,,,,,idle
346,4,50,26,90,false,,,,,idle
346,5,44,24,90,false,,,,,return_home
346,6,40,28,270,false,,,,,return_home
346,7,24,25,270,false,,,,,return_home
346,8,50,26,90,false,,,,,idle
347,1,15,28,270,false,,,,,return_home
347,2,44,28,270,false,,,,,return_home
347,3,50,26,90,false,,,,,idle
347,4,50,26,90,false,,,,,idle
347,5,45,24,90,false,,,,,return_home
347,6,41,28,270,false,,,,,return_home
347,7,25,25,270,false,,,,,return_home
347,8,50,26,90,false,,,,,idle
348,1,16,28,270,false,,,,,return_home
348,2,45,28,270,false,,,,,return_home
348,3,50,26,90,false,,,,,idle
348,4,50,26,90,false,,,,,idle
348,5,46,24,90,false,,,,,return_home
348,6,42,28,270,false,,,,,return_home
348,7,26,25,270,false,,,,,return_home
348,8,50,26,90,false,,,,,idle
349,1,17,28,270,false,,,,,return_home
349,2,46,28,270,false,,,,,return_home
349,3,50,26,90,false,,,,,idle
349,4,50,26,90,false,,,,,idle
349,5,47,24,90,false,,,,,return_home
349,6,43,28,270,false,,,,,return_home
349,7,27,25,270,false,,,,,return_home
349,8,50,26,90,false,,,,,idle
350,1,18,28,270,false,,,,,return_home
350,2,47,28,270,false,,,,,return_home
350,3,50,26,90,false,,,,,idle
350,4,50,26,90,false,,,,,idle
350,5,47,25,90,false,,,,,return_home
350,6,44,28,270,false,,,,,return_home
350,7,28,25,270,false,,,,,return_home
350,8,50,26,90,false,,,,,idle
351,1,19,28,270,false,,,,,return_home
351,2,47,27,270,false,,,,,return_home
351,3,50,26,90,false,,,,,idle
351,4,50,26,90,false,,,,,idle
351,5,48,25,90,false,,,,,return_home
351,6,45,28,270,false,,,,,return_home
351,7,29,25,270,false,,,,,return_home
351,8,50,26,90,false,,,,,idle
352,1,20,28,270,false,,,,,return_home
352,2,48,27,270,false,,,,,return_home
352,3,50,26,90,false,,,,,idle
352,4,50,26,90,false,,,,,idle
352,5,48,26,90,false,,,,,return_home
352,6,46,28,270,false,,,,,return_home
352,7,30,25,270,false,,,,,return_home
352,8,50,26,90,false,,,,,idle
353,1,21,28,270,false,,,,,return_home
353,2,48,26,270,false,,,,,return_home
353,3,50,26,90,false,,,,,idle
353,4,50,26,90,false,,,,,idle
353,5,49,26,90,false,,,,,return_home
353,6,47,28,270,false,,,,,return_home
353,7,31,25,270,false,,,,,return_home
353,8,50,26,90,false,,,,,idle
354,1,22,28,270,false,,,,,return_home
354,2,49,26,270,false,,,,,return_home
354,3,50,26,90,false,,,,,idle
354,4,50,26,90,false,,,,,idle
354,5,50,26,90,false,,,,,return_home
354,6,47,27,270,false,,,,,return_home
354,7,32,25,270,false,,,,,return_home
354,8,50,26,90,false,,,,,idle
355,1,23,28,270,false,,,,,return_home
355,2,50,26,270,false,,,,,return_home
355,3,50,26,90,false,,,,,idle
355,4,50,26,90,false,,,,,idle
355,5,50,26,90,false,,,,,idle
355,6,48,27,270,false,,,,,return_home
355,7,33,25,270,false,,,,,return_home
355,8,50,26,90,false,,,,,idle
356,1,24,28,270,false,,,,,return_home
356,2,50,26,270,false,,,,,idle
356,3,50,26,90,false,,,,,idle
356,4,50,26,90,false,,,,,idle
356,5,50,26,90,false,,,,,idle
356,6,48,26,270,false,,,,,return_home
356,7,34,25,270,false,,,,,return_home
356,8,50,26,90,false,,,,,idle
357,1,25,28,270,false,,,,,return_home
357,2,50,26,270,false,,,,,idle
357,3,50,26,90,false,,,,,idle
357,4,50,26,90,false,,,,,idle
357,5,50,26,90,false,,,,,idle
357,6,49,26,270,false,,,,,return_home
357,7,35,25,270,false,,,,,return_home
357,8,50,26,90,false,,,,,idle
358,1,26,28,270,false,,,,,return_home
358,2,50,26,270,false,,,,,idle
358,3,50,26,90,false,,,,,idle
358,4,50,26,90,false,,,,,idle
358,5,50,26,90,false,,,,,idle
358,6,50,26,270,false,,,,,return_home
358,7,36,25,270,false,,,,,return_home
358,8,50,26,90,false,,,,,idle
359,1,27,28,270,false,,,,,return_home
359,2,50,26,270,false,,,,,idle
359,3,50,26,90,false,,,,,idle
359,4,50,26,90,false,,,,,idle
359,5,50,26,90,false,,,,,idle
359,6,50,26,270,false,,,,,idle
359,7,37,25,270,false,,,,,return_home
359,8,50,26,90,false,,,,,idle
360,1,28,28,270,false,,,,,return_home
360,2,50,26,270,false,,,,,idle
360,3,50,26,90,false,,,,,idle
360,4,50,26,90,false,,,,,idle
360,5,50,26,90,false,,,,,idle
360,6,50,26,270,false,,,,,idle
360,7,38,25,270,false,,,,,return_home
360,8,50,26,90,false,,,,,idle
361,1,29,28,270,false,,,,,return_home
361,2,50,26,270,false,,,,,idle
361,3,50,26,90,false,,,,,idle
361,4,50,26,90,false,,,,,idle
361,5,50,26,90,false,,,,,idle
361,6,50,26,270,false,,,,,idle
361,7,39,25,270,false,,,,,return_home
361,8,50,26,90,false,,,,,idle
362,1,30,28,270,false,,,,,return_home
362,2,50,26,270,false,,,,,idle
362,3,50,26,90,false,,,,,idle
362,4,50,26,90,false,,,,,idle
362,5,50,26,90,false,,,,,idle
362,6,50,26,270,false,,,,,idle
362,7,40,25,270,false,,,,,return_home
362,8,50,26,90,false,,,,,idle
363,1,31,28,270,false,,,,,return_home
363,2,50,26,270,false,,,,,idle
363,3,50,26,90,false,,,,,idle
363,4,50,26,90,false,,,,,idle
363,5,50,26,90,false,,,,,idle
363,6,50,26,270,false,,,,,idle
363,7,41,25,270,false,,,,,return_home
363,8,50,26,90,false,,,,,idle
364,1,32,28,270,false,,,,,return_home
364,2,50,26,270,false,,,,,idle
364,3,50,26,90,false,,,,,idle
364,4,50,26,90,false,,,,,idle
364,5,50,26,90,false,,,,,idle
364,6,50,26,270,false,,,,,idle
364,7,42,25,270,false,,,,,return_home
364,8,50,26,90,false,,,,,idle
365,1,33,28,270,false,,,,,return_home
365,2,50,26,270,false,,,,,idle
365,3,50,26,90,false,,,,,idle
365,4,50,26,90,false,,,,,idle
365,5,50,26,90,false,,,,,idle
365,6,50,26,270,false,,,,,idle
365,7,43,25,270,false,,,,,return_home
365,8,50,26,90,false,,,,,idle
366,1,34,28,270,false,,,,,return_home
366,2,50,26,270,false,,,,,idle
366,3,50,26,90,false,,,,,idle
366,4,50,26,90,false,,,,,idle
366,5,50,26,90,false,,,,,idle
366,6,50,26,270,false,,,,,idle
366,7,44,25,270,false,,,,,return_home
366,8,50,26,90,false,,,,,idle
367,1,35,28,270,false,,,,,return_home
367,2,50,26,270,false,,,,,idle
367,3,50,26,90,false,,,,,idle
367,4,50,26,90,false,,,,,idle
367,5,50,26,90,false,,,,,idle
367,6,50,26,270,false,,,,,idle
367,7,45,25,270,false,,,,,return_home
367,8,50,26,90,false,,,,,idle
368,1,36,28,270,false,,,,,return_home
368,2,50,26,270,false,,,,,idle
368,3,50,26,90,false,,,,,idle
368,4,50,26,90,false,,,,,idle
368,5,50,26,90,false,,,,,idle
368,6,50,26,270,false,,,,,idle
368,7,45,24,270,false,,,,,return_home
368,8,50,26,90,false,,,,,idle
369,1,37,28,270,false,,,,,return_home
369,2,50,26,270,false,,,,,idle
369,3,50,26,90,false,,,,,idle
369,4,50,26,90,false,,,,,idle
369,5,50,26,90,false,,,,,idle
369,6,50,26,270,false,,,,,idle
369,7,46,24,270,false,,,,,return_home
369,8,50,26,90,false,,,,,idle
370,1,38,28,270,false,,,,,return_home
370,2,50,26,270,false,,,,,idle
370,3,50,26,90,false,,,,,idle
370,4,50,26,90,false,,,,,idle
370,5,50,26,90,false,,,,,idle
370,6,50,26,270,false,,,,,idle
370,7,47,24,270,false,,,,,return_home
370,8,50,26,90,false,,,,,idle
371,1,39,28,270,false,,,,,return_home
371,2,50,26,270,false,,,,,idle
371,3,50,26,90,false,,,,,idle
371,4,50,26,90,false,,,,,idle
371,5,50,26,90,false,,,,,idle
371,6,50,26,270,false,,,,,idle
371,7,47,25,90,false,,,,,return_home
371,8,50,26,90,false,,,,,idle
372,1,40,28,270,false,,,,,return_home
372,2,50,26,270,false,,,,,idle
372,3,50,26,90,false,,,,,idle
372,4,50,26,90,false,,,,,idle
372,5,50,26,90,false,,,,,idle
372,6,50,26,270,false,,,,,idle
372,7,48,25,90,false,,,,,return_home
372,8,50,26,90,false,,,,,idle
373,1,41,28,270,false,,,,,return_home
373,2,50,26,270,false,,,,,idle
373,3,50,26,90,false,,,,,idle
373,4,50,26,90,false,,,,,idle
373,5,50,26,90,false,,,,,idle
373,6,50,26,270,false,,,,,idle
373,7,48,26,90,false,,,,,return_home
373,8,50,26,90,false,,,,,idle
374,1,42,28,270,false,,,,,return_home
374,2,50,26,270,false,,,,,idle
374,3,50,26,90,false,,,,,idle
374,4,50,26,90,false,,,,,idle
374,5,50,26,90,false,,,,,idle
374,6,50,26,270,false,,,,,idle
374,7,49,26,90,false,,,,,return_home
374,8,50,26,90,false,,,,,idle
375,1,43,28,270,false,,,,,return_home
375,2,50,26,270,false,,,,,idle
375,3,50,26,90,false,,,,,idle
375,4,50,26,90,false,,,,,idle
375,5,50,26,90,false,,,,,idle
375,6,50,26,270,false,,,,,idle
375,7,50,26,90,false,,,,,return_home
375,8,50,26,90,false,,,,,idle
376,1,44,28,270,false,,,,,return_home
376,2,50,26,270,false,,,,,idle
376,3,50,26,90,false,,,,,idle
376,4,50,26,90,false,,,,,idle
376,5,50,26,90,false,,,,,idle
376,6,50,26,270,false,,,,,idle
376,7,50,26,90,false,,,,,idle
376,8,50,26,90,false,,,,,idle
377,1,45,28,270,false,,,,,return_home
377,2,50,26,270,false,,,,,idle
377,3,50,26,90,false,,,,,idle
377,4,50,26,90,false,,,,,idle
377,5,50,26,90,false,,,,,idle
377,6,50,26,270,false,,,,,idle
377,7,50,26,90,false,,,,,idle
377,8,50,26,90,false,,,,,idle
378,1,46,28,270,false,,,,,return_home
378,2,50,26,270,false,,,,,idle
378,3,50,26,90,false,,,,,idle
378,4,50,26,90,false,,,,,idle
378,5,50,26,90,false,,,,,idle
378,6,50,26,270,false,,,,,idle
378,7,50,26,90,false,,,,,idle
378,8,50,26,90,false,,,,,idle
379,1,47,28,270,false,,,,,return_home
379,2,50,26,270,false,,,,,idle
379,3,50,26,90,false,,,,,idle
379,4,50,26,90,false,,,,,idle
379,5,50,26,90,false,,,,,idle
379,6,50,26,270,false,,,,,idle
379,7,50,26,90,false,,,,,idle
379,8,50,26,90,false,,,,,idle
380,1,47,27,270,false,,,,,return_home
380,2,50,26,270,false,,,,,idle
380,3,50,26,90,false,,,,,idle
380,4,50,26,90,false,,,,,idle
380,5,50,26,90,false,,,,,idle
380,6,50,26,270,false,,,,,idle
380,7,50,26,90,false,,,,,idle
380,8,50,26,90,false,,,,,idle
381,1,48,27,270,false,,,,,return_home
381,2,50,26,270,false,,,,,idle
381,3,50,26,90,false,,,,,idle
381,4,50,26,90,false,,,,,idle
381,5,50,26,90,false,,,,,idle
381,6,50,26,270,false,,,,,idle
381,7,50,26,90,false,,,,,idle
381,8,50,26,90,false,,,,,idle
382,1,48,26,270,false,,,,,return_home
382,2,50,26,270,false,,,,,idle
382,3,50,26,90,false,,,,,idle
382,4,50,26,90,false,,,,,idle
382,5,50,26,90,false,,,,,idle
382,6,50,26,270,false,,,,,idle
382,7,50,26,90,false,,,,,idle
382,8,50,26,90,false,,,,,idle
383,1,49,26,270,false,,,,,return_home
383,2,50,26,270,false,,,,,idle
383,3,50,26,90,false,,,,,idle
383,4,50,26,90,false,,,,,idle
383,5,50,26,90,false,,,,,idle
383,6,50,26,270,false,,,,,idle
383,7,50,26,90,false,,,,,idle
383,8,50,26,90,false,,,,,idle
384,1,50,26,270,false,,,,,return_home
384,2,50,26,270,false,,,,,idle
384,3,50,26,90,false,,,,,idle
384,4,50,26,90,false,,,,,idle
384,5,50,26,90,false,,,,,idle
384,6,50,26,270,false,,,,,idle
384,7,50,26,90,false,,,,,idle
384,8,50,26,90,false,,,,,idle
