timestamp,name,X,Y,pitch,loaded,material,destination_label,destination_id,task_id,status
0,1,19,7,180,false,,,,,idle
0,2,20,7,180,false,,,,,idle
0,3,19,9,180,false,,,,,idle
0,4,20,9,180,false,,,,,idle
0,5,19,11,180,false,,,,,idle
1,1,18,7,180,false,,,,,to_pickup
1,2,19,7,180,false,,,,,to_pickup
1,3,18,9,180,false,,,,,to_pickup
1,4,19,9,180,false,,,,,to_pickup
1,5,19,10,270,false,,,,,to_pickup
2,1,17,7,180,false,,,,,to_pickup
2,2,18,7,180,false,,,,,to_pickup
2,3,17,9,180,false,,,,,to_pickup
2,4,18,9,180,false,,,,,to_pickup
2,5,19,9,270,false,,,,,to_pickup
3,1,17,8,90,false,,,,,to_pickup
3,2,17,7,180,false,,,,,to_pickup
3,3,17,10,90,false,,,,,to_pickup
3,4,17,9,180,false,,,,,to_pickup
3,5,18,9,180,false,,,,,to_pickup
4,1,17,9,90,false,,,,,to_pickup
4,2,17,8,90,false,,,,,to_pickup
4,3,17,10,90,false,,,,,to_pickup
4,4,16,9,180,false,,,,,to_pickup
4,5,18,9,180,false,,,,,to_pickup
5,1,17,10,90,false,,,,,to_pickup
5,2,17,9,90,false,,,,,to_pickup
5,3,17,11,90,false,,,,,to_pickup
5,4,16,10,90,false,,,,,to_pickup
5,5,18,9,180,false,,,,,to_pickup
6,1,17,10,90,true,A料,209F,DP-209F-01,T0001,loading
6,2,17,9,90,false,,,,,to_pickup
6,3,17,11,90,false,,,,,to_pickup
6,4,16,10,90,false,,,,,to_pickup
6,5,18,9,180,false,,,,,to_pickup
7,1,17,10,90,true,A料,209F,DP-209F-01,T0001,loading
7,2,17,9,90,false,,,,,to_pickup
7,3,17,11,90,false,,,,,to_pickup
7,4,16,10,90,false,,,,,to_pickup
7,5,18,9,180,false,,,,,to_pickup
8,1,16,10,180,true,A料,209F,DP-209F-01,T0001,delivering
8,2,17,10,90,false,,,,,to_pickup
8,3,17,11,90,false,,,,,to_pickup
8,4,16,9,270,false,,,,,to_pickup
8,5,17,9,180,false,,,,,to_pickup
9,1,15,10,180,true,A料,209F,DP-209F-01,T0001,delivering
9,2,17,10,90,true,B料,200A,DP-200A-01,T0019,loading
9,3,17,11,90,false,,,,,to_pickup
9,4,16,10,90,false,,,,,to_pickup
9,5,17,9,180,false,,,,,to_pickup
10,1,14,10,180,true,A料,209F,DP-209F-01,T0001,delivering
10,2,17,10,90,true,B料,200A,DP-200A-01,T0019,loading
10,3,17,11,90,false,,,,,to_pickup
10,4,16,10,90,false,,,,,to_pickup
10,5,17,9,180,false,,,,,to_pickup
11,1,13,10,180,true,A料,209F,DP-209F-01,T0001,delivering
11,2,17,11,90,true,B料,200A,DP-200A-01,T0019,delivering
11,3,17,10,270,false,,,,,to_pickup
11,4,16,10,90,false,,,,,to_pickup
11,5,17,9,180,false,,,,,to_pickup
12,1,12,10,180,true,A料,209F,DP-209F-01,T0001,delivering
12,2,17,12,90,true,B料,200A,DP-200A-01,T0019,delivering
12,3,17,10,270,true,B料,209E,DP-209E-01,T0004,loading
12,4,16,10,90,false,,,,,to_pickup
12,5,17,9,180,false,,,,,to_pickup
13,1,11,10,180,true,A料,209F,DP-209F-01,T0001,delivering
13,2,16,12,180,true,B料,200A,DP-200A-01,T0019,delivering
13,3,17,10,270,true,B料,209E,DP-209E-01,T0004,loading
13,4,16,10,90,false,,,,,to_pickup
13,5,17,9,180,false,,,,,to_pickup
14,1,10,10,180,true,A料,209F,DP-209F-01,T0001,delivering
14,2,15,12,180,true,B料,200A,DP-200A-01,T0019,delivering
14,3,16,10,180,true,B料,209E,DP-209E-01,T0004,delivering
14,4,17,10,90,false,,,,,to_pickup
14,5,16,9,180,false,,,,,to_pickup
15,1,9,10,180,true,A料,209F,DP-209F-01,T0001,delivering
15,2,14,12,180,true,B料,200A,DP-200A-01,T0019,delivering
15,3,15,10,180,true,B料,209E,DP-209E-01,T0004,delivering
15,4,17,10,90,true,C料,140B,DP-140B-02,T0037,loading
15,5,16,10,90,false,,,,,to_pickup
16,1,8,10,180,true,A料,209F,DP-209F-01,T0001,delivering
16,2,14,13,90,true,B料,200A,DP-200A-01,T0019,delivering
16,3,14,10,180,true,B料,209E,DP-209E-01,T0004,delivering
16,4,17,10,90,true,C料,140B,DP-140B-02,T0037,loading
16,5,16,10,90,false,,,,,to_pickup
17,1,7,10,180,true,A料,209F,DP-209F-01,T0001,delivering
17,2,14,14,90,true,B料,200A,DP-200A-01,T0019,delivering
17,3,13,10,180,true,B料,209E,DP-209E-01,T0004,delivering
17,4,16,10,180,true,C料,140B,DP-140B-02,T0037,delivering
17,5,17,10,90,false,,,,,to_pickup
18,1,7,11,90,true,A料,209F,DP-209F-01,T0001,delivering
18,2,14,14,90,false,,200A,DP-200A-01,T0019,unloading
18,3,12,10,180,true,B料,209E,DP-209E-01,T0004,delivering
18,4,15,10,180,true,C料,140B,DP-140B-02,T0037,delivering
18,5,17,10,90,true,C料,200B,DP-200B-01,T0022,loading
19,1,7,12,90,true,A料,209F,DP-209F-01,T0001,delivering
19,2,14,14,90,false,,200A,DP-200A-01,T0019,unloading
19,3,11,10,180,true,B料,209E,DP-209E-01,T0004,delivering
19,4,14,10,180,true,C料,140B,DP-140B-02,T0037,delivering
19,5,17,10,90,true,C料,200B,DP-200B-01,T0022,loading
20,1,7,13,90,true,A料,209F,DP-209F-01,T0001,delivering
20,2,14,13,270,false,,,,,to_pickup
20,3,10,10,180,true,B料,209E,DP-209E-01,T0004,delivering
20,4,13,10,180,true,C料,140B,DP-140B-02,T0037,delivering
20,5,17,11,90,true,C料,200B,DP-200B-01,T0022,delivering
21,1,7,14,90,true,A料,209F,DP-209F-01,T0001,delivering
21,2,15,13,270,false,,,,,to_pickup
21,3,9,10,180,true,B料,209E,DP-209E-01,T0004,delivering
21,4,12,10,180,true,C料,140B,DP-140B-02,T0037,delivering
21,5,17,12,90,true,C料,200B,DP-200B-01,T0022,delivering
22,1,7,15,90,true,A料,209F,DP-209F-01,T0001,delivering
22,2,16,13,270,false,,,,,to_pickup
22,3,9,11,90,true,B料,209E,DP-209E-01,T0004,delivering
22,4,11,10,180,true,C料,140B,DP-140B-02,T0037,delivering
22,5,16,12,180,true,C料,200B,DP-200B-01,T0022,delivering
23,1,7,16,90,true,A料,209F,DP-209F-01,T0001,delivering
23,2,16,12,270,false,,,,,to_pickup
23,3,9,12,90,true,B料,209E,DP-209E-01,T0004,delivering
23,4,10,10,180,true,C料,140B,DP-140B-02,T0037,delivering
23,5,15,12,180,true,C料,200B,DP-200B-01,T0022,delivering
24,1,7,17,90,true,A料,209F,DP-209F-01,T0001,delivering
24,2,17,12,270,false,,,,,to_pickup
24,3,9,13,90,true,B料,209E,DP-209E-01,T0004,delivering
24,4,9,10,180,true,C料,140B,DP-140B-02,T0037,delivering
24,5,15,13,90,true,C料,200B,DP-200B-01,T0022,delivering
25,1,7,17,90,false,,209F,DP-209F-01,T0001,unloading
25,2,17,11,270,false,,,,,to_pickup
25,3,9,14,90,true,B料,209E,DP-209E-01,T0004,delivering
25,4,8,10,180,true,C料,140B,DP-140B-02,T0037,delivering
25,5,15,14,90,true,C料,200B,DP-200B-01,T0022,delivering
26,1,7,17,90,false,,209F,DP-209F-01,T0001,unloading
26,2,17,10,270,false,,,,,to_pickup
26,3,9,15,90,true,B料,209E,DP-209E-01,T0004,delivering
26,4,8,10,180,false,,140B,DP-140B-02,T0037,unloading
26,5,15,14,90,false,,200B,DP-200B-01,T0022,unloading
27,1,7,16,270,false,,,,,to_pickup
27,2,17,10,270,true,D料,130A,DP-130A-03,T0055,loading
27,3,9,16,90,true,B料,209E,DP-209E-01,T0004,delivering
27,4,8,10,180,false,,140B,DP-140B-02,T0037,unloading
27,5,15,14,90,false,,200B,DP-200B-01,T0022,unloading
28,1,7,15,270,false,,,,,to_pickup
28,2,17,10,270,true,D料,130A,DP-130A-03,T0055,loading
28,3,9,17,90,true,B料,209E,DP-209E-01,T0004,delivering
28,4,9,10,180,false,,,,,to_pickup
28,5,15,13,270,false,,,,,to_pickup
29,1,7,14,270,false,,,,,to_pickup
29,2,16,10,180,true,D料,130A,DP-130A-03,T0055,delivering
29,3,9,17,90,false,,209E,DP-209E-01,T0004,unloading
29,4,10,10,180,false,,,,,to_pickup
29,5,15,12,270,false,,,,,to_pickup
30,1,7,13,270,false,,,,,to_pickup
30,2,15,10,180,true,D料,130A,DP-130A-03,T0055,delivering
30,3,9,17,90,false,,209E,DP-209E-01,T0004,unloading
30,4,11,10,180,false,,,,,to_pickup
30,5,16,12,270,false,,,,,to_pickup
31,1,7,12,270,false,,,,,to_pickup
31,2,14,10,180,true,D料,130A,DP-130A-03,T0055,delivering
31,3,9,16,270,false,,,,,to_pickup
31,4,12,10,180,false,,,,,to_pickup
31,5,17,12,270,false,,,,,to_pickup
32,1,8,12,270,false,,,,,to_pickup
32,2,13,10,180,true,D料,130A,DP-130A-03,T0055,delivering
32,3,9,15,270,false,,,,,to_pickup
32,4,12,9,270,false,,,,,to_pickup
32,5,17,11,270,false,,,,,to_pickup
33,1,9,12,270,false,,,,,to_pickup
33,2,12,10,180,true,D料,130A,DP-130A-03,T0055,delivering
33,3,9,14,270,false,,,,,to_pickup
33,4,13,9,270,false,,,,,to_pickup
33,5,17,10,270,false,,,,,to_pickup
34,1,10,12,270,false,,,,,to_pickup
34,2,11,10,180,true,D料,130A,DP-130A-03,T0055,delivering
34,3,9,13,270,false,,,,,to_pickup
34,4,14,9,270,false,,,,,to_pickup
34,5,17,10,270,true,C料,209D,DP-209D-01,T0007,loading
35,1,11,12,270,false,,,,,to_pickup
35,2,10,10,180,true,D料,130A,DP-130A-03,T0055,delivering
35,3,9,12,270,false,,,,,to_pickup
35,4,15,9,270,false,,,,,to_pickup
35,5,17,10,270,true,C料,209D,DP-209D-01,T0007,loading
36,1,12,12,270,false,,,,,to_pickup
36,2,9,10,180,true,D料,130A,DP-130A-03,T0055,delivering
36,3,10,12,270,false,,,,,to_pickup
36,4,16,9,270,false,,,,,to_pickup
36,5,16,10,180,true,C料,209D,DP-209D-01,T0007,delivering
37,1,13,12,270,false,,,,,to_pickup
37,2,8,10,180,true,D料,130A,DP-130A-03,T0055,delivering
37,3,11,12,270,false,,,,,to_pickup
37,4,16,10,90,false,,,,,to_pickup
37,5,15,10,180,true,C料,209D,DP-209D-01,T0007,delivering
38,1,14,12,270,false,,,,,to_pickup
38,2,7,10,180,true,D料,130A,DP-130A-03,T0055,delivering
38,3,12,12,270,false,,,,,to_pickup
38,4,17,10,90,false,,,,,to_pickup
38,5,14,10,180,true,C料,209D,DP-209D-01,T0007,delivering
39,1,15,12,270,false,,,,,to_pickup
39,2,6,10,180,true,D料,130A,DP-130A-03,T0055,delivering
39,3,13,12,270,false,,,,,to_pickup
39,4,17,10,90,true,D料,140C,DP-140C-02,T0040,loading
39,5,13,10,180,true,C料,209D,DP-209D-01,T0007,delivering
40,1,16,12,270,false,,,,,to_pickup
40,2,5,10,180,true,D料,130A,DP-130A-03,T0055,delivering
40,3,14,12,270,false,,,,,to_pickup
40,4,17,10,90,true,D料,140C,DP-140C-02,T0040,loading
40,5,12,10,180,true,C料,209D,DP-209D-01,T0007,delivering
41,1,17,12,270,false,,,,,to_pickup
41,2,4,10,180,true,D料,130A,DP-130A-03,T0055,delivering
41,3,15,12,270,false,,,,,to_pickup
41,4,16,10,180,true,D料,140C,DP-140C-02,T0040,delivering
41,5,11,10,180,true,C料,209D,DP-209D-01,T0007,delivering
42,1,17,11,270,false,,,,,to_pickup
42,2,3,10,180,true,D料,130A,DP-130A-03,T0055,delivering
42,3,16,12,270,false,,,,,to_pickup
42,4,15,10,180,true,D料,140C,DP-140C-02,T0040,delivering
42,5,11,11,90,true,C料,209D,DP-209D-01,T0007,delivering
43,1,17,10,270,false,,,,,to_pickup
43,2,2,10,180,true,D料,130A,DP-130A-03,T0055,delivering
43,3,17,12,270,false,,,,,to_pickup
43,4,14,10,180,true,D料,140C,DP-140C-02,T0040,delivering
43,5,11,12,90,true,C料,209D,DP-209D-01,T0007,delivering
44,1,17,10,270,true,E料,200A,DP-200A-03,T0073,loading
44,2,2,9,270,true,D料,130A,DP-130A-03,T0055,delivering
44,3,17,11,270,false,,,,,to_pickup
44,4,13,10,180,true,D料,140C,DP-140C-02,T0040,delivering
44,5,11,13,90,true,C料,209D,DP-209D-01,T0007,delivering
45,1,17,10,270,true,E料,200A,DP-200A-03,T0073,loading
45,2,2,9,270,false,,130A,DP-130A-03,T0055,unloading
45,3,17,11,270,false,,,,,to_pickup
45,4,12,10,180,true,D料,140C,DP-140C-02,T0040,delivering
45,5,11,14,90,true,C料,209D,DP-209D-01,T0007,delivering
46,1,16,10,180,true,E料,200A,DP-200A-03,T0073,delivering
46,2,2,9,270,false,,130A,DP-130A-03,T0055,unloading
46,3,17,10,270,false,,,,,to_pickup
46,4,11,10,180,true,D料,140C,DP-140C-02,T0040,delivering
46,5,11,15,90,true,C料,209D,DP-209D-01,T0007,delivering
47,1,15,10,180,true,E料,200A,DP-200A-03,T0073,delivering
47,2,3,9,270,false,,,,,to_pickup
47,3,17,10,270,true,D料,200C,DP-200C-01,T0025,loading
47,4,10,10,180,true,D料,140C,DP-140C-02,T0040,delivering
47,5,11,16,90,true,C料,209D,DP-209D-01,T0007,delivering
48,1,14,10,180,true,E料,200A,DP-200A-03,T0073,delivering
48,2,4,9,270,false,,,,,to_pickup
48,3,17,10,270,true,D料,200C,DP-200C-01,T0025,loading
48,4,10,10,180,false,,140C,DP-140C-02,T0040,unloading
48,5,11,17,90,true,C料,209D,DP-209D-01,T0007,delivering
49,1,14,9,270,true,E料,200A,DP-200A-03,T0073,delivering
49,2,5,9,270,false,,,,,to_pickup
49,3,17,11,90,true,D料,200C,DP-200C-01,T0025,delivering
49,4,10,10,180,false,,140C,DP-140C-02,T0040,unloading
49,5,11,17,90,false,,209D,DP-209D-01,T0007,unloading
50,1,14,9,270,false,,200A,DP-200A-03,T0073,unloading
50,2,6,9,270,false,,,,,to_pickup
50,3,17,12,90,true,D料,200C,DP-200C-01,T0025,delivering
50,4,11,10,180,false,,,,,to_pickup
50,5,11,17,90,false,,209D,DP-209D-01,T0007,unloading
51,1,14,9,270,false,,200A,DP-200A-03,T0073,unloading
51,2,7,9,270,false,,,,,to_pickup
51,3,16,12,180,true,D料,200C,DP-200C-01,T0025,delivering
51,4,12,10,180,false,,,,,to_pickup
51,5,11,16,270,false,,,,,to_pickup
52,1,14,10,90,false,,,,,to_pickup
52,2,8,9,270,false,,,,,to_pickup
52,3,16,13,90,true,D料,200C,DP-200C-01,T0025,delivering
52,4,13,10,180,false,,,,,to_pickup
52,5,11,15,270,false,,,,,to_pickup
53,1,15,10,90,false,,,,,to_pickup
53,2,9,9,270,false,,,,,to_pickup
53,3,16,14,90,true,D料,200C,DP-200C-01,T0025,delivering
53,4,14,10,180,false,,,,,to_pickup
53,5,11,14,270,false,,,,,to_pickup
54,1,16,10,90,false,,,,,to_pickup
54,2,10,9,270,false,,,,,to_pickup
54,3,16,14,90,false,,200C,DP-200C-01,T0025,unloading
54,4,15,10,180,false,,,,,to_pickup
54,5,11,13,270,false,,,,,to_pickup
55,1,17,10,90,false,,,,,to_pickup
55,2,11,9,270,false,,,,,to_pickup
55,3,16,14,90,false,,200C,DP-200C-01,T0025,unloading
55,4,16,10,180,false,,,,,to_pickup
55,5,11,12,270,false,,,,,to_pickup
56,1,17,10,90,true,E料,130B,DP-130B-03,T0058,loading
56,2,12,9,270,false,,,,,to_pickup
56,3,16,13,270,false,,,,,to_pickup
56,4,16,10,180,false,,,,,to_pickup
56,5,11,11,270,false,,,,,to_pickup
57,1,17,10,90,true,E料,130B,DP-130B-03,T0058,loading
57,2,13,9,270,false,,,,,to_pickup
57,3,16,12,270,false,,,,,to_pickup
57,4,16,10,180,false,,,,,to_pickup
57,5,11,10,270,false,,,,,to_pickup
58,1,16,10,180,true,E料,130B,DP-130B-03,T0058,delivering
58,2,14,9,270,false,,,,,to_pickup
58,3,17,12,270,false,,,,,to_pickup
58,4,17,10,180,false,,,,,to_pickup
58,5,12,10,270,false,,,,,to_pickup
59,1,15,10,180,true,E料,130B,DP-130B-03,T0058,delivering
59,2,15,9,270,false,,,,,to_pickup
59,3,17,11,270,false,,,,,to_pickup
59,4,17,10,180,true,A料,140B,DP-140B-04,T0091,loading
59,5,13,10,270,false,,,,,to_pickup
60,1,14,10,180,true,E料,130B,DP-130B-03,T0058,delivering
60,2,16,9,270,false,,,,,to_pickup
60,3,17,11,270,false,,,,,to_pickup
60,4,17,10,180,true,A料,140B,DP-140B-04,T0091,loading
60,5,13,9,270,false,,,,,to_pickup
61,1,13,10,180,true,E料,130B,DP-130B-03,T0058,delivering
61,2,16,9,270,false,,,,,to_pickup
61,3,17,10,270,false,,,,,to_pickup
61,4,16,10,180,true,A料,140B,DP-140B-04,T0091,delivering
61,5,14,9,270,false,,,,,to_pickup
62,1,12,10,180,true,E料,130B,DP-130B-03,T0058,delivering
62,2,16,10,90,false,,,,,to_pickup
62,3,17,10,270,true,D料,209C,DP-209C-01,T0010,loading
62,4,15,10,180,true,A料,140B,DP-140B-04,T0091,delivering
62,5,15,9,270,false,,,,,to_pickup
63,1,11,10,180,true,E料,130B,DP-130B-03,T0058,delivering
63,2,16,10,90,false,,,,,to_pickup
63,3,17,10,270,true,D料,209C,DP-209C-01,T0010,loading
63,4,14,10,180,true,A料,140B,DP-140B-04,T0091,delivering
63,5,16,9,270,false,,,,,to_pickup
64,1,10,10,180,true,E料,130B,DP-130B-03,T0058,delivering
64,2,17,10,90,false,,,,,to_pickup
64,3,16,10,180,true,D料,209C,DP-209C-01,T0010,delivering
64,4,13,10,180,true,A料,140B,DP-140B-04,T0091,delivering
64,5,16,9,270,false,,,,,to_pickup
65,1,9,10,180,true,E料,130B,DP-130B-03,T0058,delivering
65,2,17,10,90,true,E料,150,DP-150-02,T0043,loading
65,3,15,10,180,true,D料,209C,DP-209C-01,T0010,delivering
65,4,12,10,180,true,A料,140B,DP-140B-04,T0091,delivering
65,5,16,10,90,false,,,,,to_pickup
66,1,8,10,180,true,E料,130B,DP-130B-03,T0058,delivering
66,2,17,10,90,true,E料,150,DP-150-02,T0043,loading
66,3,14,10,180,true,D料,209C,DP-209C-01,T0010,delivering
66,4,11,10,180,true,A料,140B,DP-140B-04,T0091,delivering
66,5,16,10,90,false,,,,,to_pickup
67,1,7,10,180,true,E料,130B,DP-130B-03,T0058,delivering
67,2,16,10,180,true,E料,150,DP-150-02,T0043,delivering
67,3,13,10,180,true,D料,209C,DP-209C-01,T0010,delivering
67,4,10,10,180,true,A料,140B,DP-140B-04,T0091,delivering
67,5,17,10,90,false,,,,,to_pickup
68,1,6,10,180,true,E料,130B,DP-130B-03,T0058,delivering
68,2,15,10,180,true,E料,150,DP-150-02,T0043,delivering
68,3,13,11,90,true,D料,209C,DP-209C-01,T0010,delivering
68,4,9,10,180,true,A料,140B,DP-140B-04,T0091,delivering
68,5,17,10,90,true,A料,200B,DP-200B-03,T0076,loading
69,1,5,10,180,true,E料,130B,DP-130B-03,T0058,delivering
69,2,14,10,180,true,E料,150,DP-150-02,T0043,delivering
69,3,13,12,90,true,D料,209C,DP-209C-01,T0010,delivering
69,4,9,9,270,true,A料,140B,DP-140B-04,T0091,delivering
69,5,17,10,90,true,A料,200B,DP-200B-03,T0076,loading
70,1,4,10,180,true,E料,130B,DP-130B-03,T0058,delivering
70,2,13,10,180,true,E料,150,DP-150-02,T0043,delivering
70,3,13,13,90,true,D料,209C,DP-209C-01,T0010,delivering
70,4,9,8,270,true,A料,140B,DP-140B-04,T0091,delivering
70,5,16,10,180,true,A料,200B,DP-200B-03,T0076,delivering
71,1,4,9,270,true,E料,130B,DP-130B-03,T0058,delivering
71,2,12,10,180,true,E料,150,DP-150-02,T0043,delivering
71,3,13,14,90,true,D料,209C,DP-209C-01,T0010,delivering
71,4,9,7,270,true,A料,140B,DP-140B-04,T0091,delivering
71,5,15,10,180,true,A料,200B,DP-200B-03,T0076,delivering
72,1,4,9,270,false,,130B,DP-130B-03,T0058,unloading
72,2,12,10,180,false,,150,DP-150-02,T0043,unloading
72,3,13,15,90,true,D料,209C,DP-209C-01,T0010,delivering
72,4,8,7,180,true,A料,140B,DP-140B-04,T0091,delivering
72,5,15,9,270,true,A料,200B,DP-200B-03,T0076,delivering
73,1,4,9,270,false,,130B,DP-130B-03,T0058,unloading
73,2,12,10,180,false,,150,DP-150-02,T0043,unloading
73,3,13,16,90,true,D料,209C,DP-209C-01,T0010,delivering
73,4,8,6,270,true,A料,140B,DP-140B-04,T0091,delivering
73,5,15,9,270,false,,200B,DP-200B-03,T0076,unloading
74,1,5,9,270,false,,,,,to_pickup
74,2,13,10,180,false,,,,,to_pickup
74,3,13,17,90,true,D料,209C,DP-209C-01,T0010,delivering
74,4,8,6,270,false,,140B,DP-140B-04,T0091,unloading
74,5,15,9,270,false,,200B,DP-200B-03,T0076,unloading
75,1,6,9,270,false,,,,,to_pickup
75,2,14,10,180,false,,,,,to_pickup
75,3,13,17,90,false,,209C,DP-209C-01,T0010,unloading
75,4,8,6,270,false,,140B,DP-140B-04,T0091,unloading
75,5,15,10,90,false,,,,,to_pickup
76,1,7,9,270,false,,,,,to_pickup
76,2,15,10,180,false,,,,,to_pickup
76,3,13,17,90,false,,209C,DP-209C-01,T0010,unloading
76,4,8,7,90,false,,,,,to_pickup
76,5,16,10,90,false,,,,,to_pickup
77,1,8,9,270,false,,,,,to_pickup
77,2,16,10,180,false,,,,,to_pickup
77,3,13,16,270,false,,,,,to_pickup
77,4,9,7,90,false,,,,,to_pickup
77,5,17,10,90,false,,,,,to_pickup
78,1,9,9,270,false,,,,,to_pickup
78,2,16,10,180,false,,,,,to_pickup
78,3,13,15,270,false,,,,,to_pickup
78,4,9,8,90,false,,,,,to_pickup
78,5,17,10,90,true,E料,130A,DP-130A-02,T0028,loading
79,1,10,9,270,false,,,,,to_pickup
79,2,16,10,180,false,,,,,to_pickup
79,3,13,14,270,false,,,,,to_pickup
79,4,9,9,90,false,,,,,to_pickup
79,5,17,10,90,true,E料,130A,DP-130A-02,T0028,loading
80,1,11,9,270,false,,,,,to_pickup
80,2,17,10,180,false,,,,,to_pickup
80,3,13,13,270,false,,,,,to_pickup
80,4,10,9,90,false,,,,,to_pickup
80,5,16,10,180,true,E料,130A,DP-130A-02,T0028,delivering
81,1,12,9,270,false,,,,,to_pickup
81,2,17,10,180,true,A料,140A,DP-140A-03,T0061,loading
81,3,13,12,270,false,,,,,to_pickup
81,4,11,9,90,false,,,,,to_pickup
81,5,15,10,180,true,E料,130A,DP-130A-02,T0028,delivering
82,1,13,9,270,false,,,,,to_pickup
82,2,17,10,180,true,A料,140A,DP-140A-03,T0061,loading
82,3,13,11,270,false,,,,,to_pickup
82,4,12,9,90,false,,,,,to_pickup
82,5,14,10,180,true,E料,130A,DP-130A-02,T0028,delivering
83,1,14,9,270,false,,,,,to_pickup
83,2,16,10,180,true,A料,140A,DP-140A-03,T0061,delivering
83,3,13,11,270,false,,,,,to_pickup
83,4,13,9,90,false,,,,,to_pickup
83,5,13,10,180,true,E料,130A,DP-130A-02,T0028,delivering
84,1,15,9,270,false,,,,,to_pickup
84,2,15,10,180,true,A料,140A,DP-140A-03,T0061,delivering
84,3,13,10,270,false,,,,,to_pickup
84,4,14,9,90,false,,,,,to_pickup
84,5,12,10,180,true,E料,130A,DP-130A-02,T0028,delivering
85,1,15,10,90,false,,,,,to_pickup
85,2,14,10,180,true,A料,140A,DP-140A-03,T0061,delivering
85,3,13,9,270,false,,,,,to_pickup
85,4,15,9,90,false,,,,,to_pickup
85,5,11,10,180,true,E料,130A,DP-130A-02,T0028,delivering
86,1,16,10,90,false,,,,,to_pickup
86,2,13,10,180,true,A料,140A,DP-140A-03,T0061,delivering
86,3,14,9,270,false,,,,,to_pickup
86,4,16,9,90,false,,,,,to_pickup
86,5,10,10,180,true,E料,130A,DP-130A-02,T0028,delivering
87,1,17,10,90,false,,,,,to_pickup
87,2,12,10,180,true,A料,140A,DP-140A-03,T0061,delivering
87,3,14,10,90,false,,,,,to_pickup
87,4,17,9,90,false,,,,,to_pickup
87,5,9,10,180,true,E料,130A,DP-130A-02,T0028,delivering
88,1,17,10,90,true,B料,140C,DP-140C-04,T0094,loading
88,2,11,10,180,true,A料,140A,DP-140A-03,T0061,delivering
88,3,15,10,90,false,,,,,to_pickup
88,4,17,9,90,false,,,,,to_pickup
88,5,8,10,180,true,E料,130A,DP-130A-02,T0028,delivering
89,1,17,10,90,true,B料,140C,DP-140C-04,T0094,loading
89,2,10,10,180,true,A料,140A,DP-140A-03,T0061,delivering
89,3,16,10,90,false,,,,,to_pickup
89,4,17,9,90,false,,,,,to_pickup
89,5,7,10,180,true,E料,130A,DP-130A-02,T0028,delivering
90,1,16,10,180,true,B料,140C,DP-140C-04,T0094,delivering
90,2,9,10,180,true,A料,140A,DP-140A-03,T0061,delivering
90,3,17,10,90,false,,,,,to_pickup
90,4,16,9,180,false,,,,,to_pickup
90,5,6,10,180,true,E料,130A,DP-130A-02,T0028,delivering
91,1,15,10,180,true,B料,140C,DP-140C-04,T0094,delivering
91,2,8,10,180,true,A料,140A,DP-140A-03,T0061,delivering
91,3,17,10,90,true,E料,209B,DP-209B-01,T0013,loading
91,4,16,10,90,false,,,,,to_pickup
91,5,5,10,180,true,E料,130A,DP-130A-02,T0028,delivering
92,1,14,10,180,true,B料,140C,DP-140C-04,T0094,delivering
92,2,7,10,180,true,A料,140A,DP-140A-03,T0061,delivering
92,3,17,10,90,true,E料,209B,DP-209B-01,T0013,loading
92,4,16,10,90,false,,,,,to_pickup
92,5,4,10,180,true,E料,130A,DP-130A-02,T0028,delivering
93,1,13,10,180,true,B料,140C,DP-140C-04,T0094,delivering
93,2,6,10,180,true,A料,140A,DP-140A-03,T0061,delivering
93,3,17,11,90,true,E料,209B,DP-209B-01,T0013,delivering
93,4,17,10,90,false,,,,,to_pickup
93,5,3,10,180,true,E料,130A,DP-130A-02,T0028,delivering
94,1,12,10,180,true,B料,140C,DP-140C-04,T0094,delivering
94,2,6,9,270,true,A料,140A,DP-140A-03,T0061,delivering
94,3,17,12,90,true,E料,209B,DP-209B-01,T0013,delivering
94,4,17,10,90,true,A料,200A,DP-200A-02,T0046,loading
94,5,2,10,180,true,E料,130A,DP-130A-02,T0028,delivering
95,1,11,10,180,true,B料,140C,DP-140C-04,T0094,delivering
95,2,6,9,270,false,,140A,DP-140A-03,T0061,unloading
95,3,17,13,90,true,E料,209B,DP-209B-01,T0013,delivering
95,4,17,10,90,true,A料,200A,DP-200A-02,T0046,loading
95,5,2,10,180,false,,130A,DP-130A-02,T0028,unloading
96,1,11,9,270,true,B料,140C,DP-140C-04,T0094,delivering
96,2,6,9,270,false,,140A,DP-140A-03,T0061,unloading
96,3,17,14,90,true,E料,209B,DP-209B-01,T0013,delivering
96,4,16,10,180,true,A料,200A,DP-200A-02,T0046,delivering
96,5,2,10,180,false,,130A,DP-130A-02,T0028,unloading
97,1,11,8,270,true,B料,140C,DP-140C-04,T0094,delivering
97,2,6,10,90,false,,,,,to_pickup
97,3,17,15,90,true,E料,209B,DP-209B-01,T0013,delivering
97,4,15,10,180,true,A料,200A,DP-200A-02,T0046,delivering
97,5,3,10,180,false,,,,,to_pickup
98,1,11,7,270,true,B料,140C,DP-140C-04,T0094,delivering
98,2,7,10,90,false,,,,,to_pickup
98,3,17,16,90,true,E料,209B,DP-209B-01,T0013,delivering
98,4,14,10,180,true,A料,200A,DP-200A-02,T0046,delivering
98,5,4,10,180,false,,,,,to_pickup
99,1,10,7,180,true,B料,140C,DP-140C-04,T0094,delivering
99,2,8,10,90,false,,,,,to_pickup
99,3,16,16,180,true,E料,209B,DP-209B-01,T0013,delivering
99,4,14,10,180,false,,200A,DP-200A-02,T0046,unloading
99,5,5,10,180,false,,,,,to_pickup
100,1,10,6,270,true,B料,140C,DP-140C-04,T0094,delivering
100,2,9,10,90,false,,,,,to_pickup
100,3,15,16,180,true,E料,209B,DP-209B-01,T0013,delivering
100,4,14,10,180,false,,200A,DP-200A-02,T0046,unloading
100,5,6,10,180,false,,,,,to_pickup
101,1,10,6,270,false,,140C,DP-140C-04,T0094,unloading
101,2,10,10,90,false,,,,,to_pickup
101,3,15,17,90,true,E料,209B,DP-209B-01,T0013,delivering
101,4,15,10,180,false,,,,,to_pickup
101,5,7,10,180,false,,,,,to_pickup
102,1,10,6,270,false,,140C,DP-140C-04,T0094,unloading
102,2,11,10,90,false,,,,,to_pickup
102,3,15,17,90,false,,209B,DP-209B-01,T0013,unloading
102,4,16,10,180,false,,,,,to_pickup
102,5,8,10,180,false,,,,,to_pickup
103,1,10,7,90,false,,,,,to_pickup
103,2,12,10,90,false,,,,,to_pickup
103,3,15,17,90,false,,209B,DP-209B-01,T0013,unloading
103,4,17,10,180,false,,,,,to_pickup
103,5,9,10,180,false,,,,,to_pickup
104,1,11,7,90,false,,,,,to_pickup
104,2,13,10,90,false,,,,,to_pickup
104,3,15,16,270,false,,,,,to_pickup
104,4,17,10,180,true,B料,200C,DP-200C-03,T0079,loading
104,5,10,10,180,false,,,,,to_pickup
105,1,11,8,90,false,,,,,to_pickup
105,2,14,10,90,false,,,,,to_pickup
105,3,16,16,270,false,,,,,to_pickup
105,4,17,10,180,true,B料,200C,DP-200C-03,T0079,loading
105,5,11,10,180,false,,,,,to_pickup
106,1,11,9,90,false,,,,,to_pickup
106,2,15,10,90,false,,,,,to_pickup
106,3,17,16,270,false,,,,,to_pickup
106,4,16,10,180,true,B料,200C,DP-200C-03,T0079,delivering
106,5,12,10,180,false,,,,,to_pickup
107,1,12,9,90,false,,,,,to_pickup
107,2,16,10,90,false,,,,,to_pickup
107,3,17,15,270,false,,,,,to_pickup
107,4,16,9,270,true,B料,200C,DP-200C-03,T0079,delivering
107,5,13,10,180,false,,,,,to_pickup
108,1,13,9,90,false,,,,,to_pickup
108,2,17,10,90,false,,,,,to_pickup
108,3,17,14,270,false,,,,,to_pickup
108,4,16,9,270,false,,200C,DP-200C-03,T0079,unloading
108,5,14,10,180,false,,,,,to_pickup
109,1,14,9,90,false,,,,,to_pickup
109,2,17,10,90,true,A料,130B,DP-130B-02,T0031,loading
109,3,17,13,270,false,,,,,to_pickup
109,4,16,9,270,false,,200C,DP-200C-03,T0079,unloading
109,5,15,10,180,false,,,,,to_pickup
110,1,15,9,90,false,,,,,to_pickup
110,2,17,10,90,true,A料,130B,DP-130B-02,T0031,loading
110,3,17,12,270,false,,,,,to_pickup
110,4,16,10,90,false,,,,,to_pickup
110,5,15,10,180,false,,,,,to_pickup
111,1,16,9,90,false,,,,,to_pickup
111,2,16,10,180,true,A料,130B,DP-130B-02,T0031,delivering
111,3,17,11,270,false,,,,,to_pickup
111,4,17,10,90,false,,,,,to_pickup
111,5,15,9,270,false,,,,,to_pickup
112,1,16,10,90,false,,,,,to_pickup
112,2,15,10,180,true,A料,130B,DP-130B-02,T0031,delivering
112,3,17,11,270,false,,,,,to_pickup
112,4,17,10,90,true,B料,140B,DP-140B-03,T0064,loading
112,5,16,9,270,false,,,,,to_pickup
113,1,16,10,90,false,,,,,to_pickup
113,2,14,10,180,true,A料,130B,DP-130B-02,T0031,delivering
113,3,17,11,270,false,,,,,to_pickup
113,4,17,10,90,true,B料,140B,DP-140B-03,T0064,loading
113,5,17,9,270,false,,,,,to_pickup
114,1,17,10,90,false,,,,,to_pickup
114,2,13,10,180,true,A料,130B,DP-130B-02,T0031,delivering
114,3,17,11,270,false,,,,,to_pickup
114,4,16,10,180,true,B料,140B,DP-140B-03,T0064,delivering
114,5,16,9,180,false,,,,,to_pickup
115,1,17,10,90,true,C料,150,DP-150-04,T0097,loading
115,2,12,10,180,true,A料,130B,DP-130B-02,T0031,delivering
115,3,17,11,270,false,,,,,to_pickup
115,4,15,10,180,true,B料,140B,DP-140B-03,T0064,delivering
115,5,16,10,90,false,,,,,to_pickup
116,1,17,10,90,true,C料,150,DP-150-04,T0097,loading
116,2,11,10,180,true,A料,130B,DP-130B-02,T0031,delivering
116,3,17,11,270,false,,,,,to_pickup
116,4,14,10,180,true,B料,140B,DP-140B-03,T0064,delivering
116,5,16,10,90,false,,,,,to_pickup
117,1,16,10,180,true,C料,150,DP-150-04,T0097,delivering
117,2,10,10,180,true,A料,130B,DP-130B-02,T0031,delivering
117,3,17,10,270,false,,,,,to_pickup
117,4,13,10,180,true,B料,140B,DP-140B-03,T0064,delivering
117,5,16,9,270,false,,,,,to_pickup
118,1,15,10,180,true,C料,150,DP-150-04,T0097,delivering
118,2,9,10,180,true,A料,130B,DP-130B-02,T0031,delivering
118,3,17,10,270,true,A料,209A,DP-209A-01,T0016,loading
118,4,12,10,180,true,B料,140B,DP-140B-03,T0064,delivering
118,5,16,10,90,false,,,,,to_pickup
119,1,14,10,180,true,C料,150,DP-150-04,T0097,delivering
119,2,8,10,180,true,A料,130B,DP-130B-02,T0031,delivering
119,3,17,10,270,true,A料,209A,DP-209A-01,T0016,loading
119,4,11,10,180,true,B料,140B,DP-140B-03,T0064,delivering
119,5,16,10,90,false,,,,,to_pickup
120,1,13,10,180,true,C料,150,DP-150-04,T0097,delivering
120,2,7,10,180,true,A料,130B,DP-130B-02,T0031,delivering
120,3,17,11,90,true,A料,209A,DP-209A-01,T0016,delivering
120,4,10,10,180,true,B料,140B,DP-140B-03,T0064,delivering
120,5,17,10,90,false,,,,,to_pickup
121,1,13,9,270,true,C料,150,DP-150-04,T0097,delivering
121,2,6,10,180,true,A料,130B,DP-130B-02,T0031,delivering
121,3,17,12,90,true,A料,209A,DP-209A-01,T0016,delivering
121,4,9,10,180,true,B料,140B,DP-140B-03,T0064,delivering
121,5,17,10,90,true,B料,200B,DP-200B-02,T0049,loading
122,1,13,8,270,true,C料,150,DP-150-04,T0097,delivering
122,2,5,10,180,true,A料,130B,DP-130B-02,T0031,delivering
122,3,17,13,90,true,A料,209A,DP-209A-01,T0016,delivering
122,4,8,10,180,true,B料,140B,DP-140B-03,T0064,delivering
122,5,17,10,90,true,B料,200B,DP-200B-02,T0049,loading
123,1,13,7,270,true,C料,150,DP-150-04,T0097,delivering
123,2,4,10,180,true,A料,130B,DP-130B-02,T0031,delivering
123,3,17,14,90,true,A料,209A,DP-209A-01,T0016,delivering
123,4,8,9,270,true,B料,140B,DP-140B-03,T0064,delivering
123,5,16,10,180,true,B料,200B,DP-200B-02,T0049,delivering
124,1,12,7,180,true,C料,150,DP-150-04,T0097,delivering
124,2,4,10,180,false,,130B,DP-130B-02,T0031,unloading
124,3,17,15,90,true,A料,209A,DP-209A-01,T0016,delivering
124,4,8,9,270,false,,140B,DP-140B-03,T0064,unloading
124,5,15,10,180,true,B料,200B,DP-200B-02,T0049,delivering
125,1,12,6,270,true,C料,150,DP-150-04,T0097,delivering
125,2,4,10,180,false,,130B,DP-130B-02,T0031,unloading
125,3,17,16,90,true,A料,209A,DP-209A-01,T0016,delivering
125,4,8,9,270,false,,140B,DP-140B-03,T0064,unloading
125,5,15,10,180,false,,200B,DP-200B-02,T0049,unloading
126,1,12,6,270,false,,150,DP-150-04,T0097,unloading
126,2,5,10,180,false,,,,,to_pickup
126,3,17,17,90,true,A料,209A,DP-209A-01,T0016,delivering
126,4,9,9,270,false,,,,,to_pickup
126,5,15,10,180,false,,200B,DP-200B-02,T0049,unloading
127,1,12,6,270,false,,150,DP-150-04,T0097,unloading
127,2,6,10,180,false,,,,,to_pickup
127,3,17,17,90,false,,209A,DP-209A-01,T0016,unloading
127,4,10,9,270,false,,,,,to_pickup
127,5,16,10,180,false,,,,,to_pickup
128,1,12,7,90,false,,,,,to_pickup
128,2,7,10,180,false,,,,,to_pickup
128,3,17,17,90,false,,209A,DP-209A-01,T0016,unloading
128,4,11,9,270,false,,,,,to_pickup
128,5,17,10,180,false,,,,,to_pickup
129,1,13,7,90,false,,,,,to_pickup
129,2,8,10,180,false,,,,,to_pickup
129,3,17,16,270,false,,,,,to_pickup
129,4,12,9,270,false,,,,,to_pickup
129,5,17,10,180,true,C料,130A,DP-130A-04,T0082,loading
130,1,13,8,90,false,,,,,to_pickup
130,2,9,10,180,false,,,,,to_pickup
130,3,17,15,270,false,,,,,to_pickup
130,4,13,9,270,false,,,,,to_pickup
130,5,17,10,180,true,C料,130A,DP-130A-04,T0082,loading
131,1,13,9,90,false,,,,,to_pickup
131,2,10,10,180,false,,,,,to_pickup
131,3,17,14,270,false,,,,,to_pickup
131,4,14,9,270,false,,,,,to_pickup
131,5,16,10,180,true,C料,130A,DP-130A-04,T0082,delivering
132,1,14,9,90,false,,,,,to_pickup
132,2,11,10,180,false,,,,,to_pickup
132,3,17,13,270,false,,,,,to_pickup
132,4,15,9,270,false,,,,,to_pickup
132,5,15,10,180,true,C料,130A,DP-130A-04,T0082,delivering
133,1,15,9,90,false,,,,,to_pickup
133,2,12,10,180,false,,,,,to_pickup
133,3,17,12,270,false,,,,,to_pickup
133,4,16,9,270,false,,,,,to_pickup
133,5,14,10,180,true,C料,130A,DP-130A-04,T0082,delivering
134,1,15,10,90,false,,,,,to_pickup
134,2,12,9,270,false,,,,,to_pickup
134,3,17,11,270,false,,,,,to_pickup
134,4,17,9,270,false,,,,,to_pickup
134,5,13,10,180,true,C料,130A,DP-130A-04,T0082,delivering
135,1,16,10,90,false,,,,,to_pickup
135,2,13,9,270,false,,,,,to_pickup
135,3,17,10,270,false,,,,,to_pickup
135,4,17,9,270,false,,,,,to_pickup
135,5,12,10,180,true,C料,130A,DP-130A-04,T0082,delivering
136,1,16,10,90,false,,,,,to_pickup
136,2,14,9,270,false,,,,,to_pickup
136,3,17,10,270,true,B料,140A,DP-140A-02,T0034,loading
136,4,17,9,270,false,,,,,to_pickup
136,5,11,10,180,true,C料,130A,DP-130A-04,T0082,delivering
137,1,16,10,90,false,,,,,to_pickup
137,2,15,9,270,false,,,,,to_pickup
137,3,17,10,270,true,B料,140A,DP-140A-02,T0034,loading
137,4,17,9,270,false,,,,,to_pickup
137,5,10,10,180,true,C料,130A,DP-130A-04,T0082,delivering
138,1,17,10,90,false,,,,,to_pickup
138,2,16,9,270,false,,,,,to_pickup
138,3,16,10,180,true,B料,140A,DP-140A-02,T0034,delivering
138,4,17,9,270,false,,,,,to_pickup
138,5,9,10,180,true,C料,130A,DP-130A-04,T0082,delivering
139,1,17,10,90,true,C料,140C,DP-140C-03,T0067,loading
139,2,16,10,90,false,,,,,to_pickup
139,3,15,10,180,true,B料,140A,DP-140A-02,T0034,delivering
139,4,17,9,270,false,,,,,to_pickup
139,5,8,10,180,true,C料,130A,DP-130A-04,T0082,delivering
140,1,17,10,90,true,C料,140C,DP-140C-03,T0067,loading
140,2,16,10,90,false,,,,,to_pickup
140,3,14,10,180,true,B料,140A,DP-140A-02,T0034,delivering
140,4,17,9,270,false,,,,,to_pickup
140,5,7,10,180,true,C料,130A,DP-130A-04,T0082,delivering
141,1,16,10,180,true,C料,140C,DP-140C-03,T0067,delivering
141,2,17,10,90,false,,,,,to_pickup
141,3,13,10,180,true,B料,140A,DP-140A-02,T0034,delivering
141,4,16,9,180,false,,,,,to_pickup
141,5,6,10,180,true,C料,130A,DP-130A-04,T0082,delivering
142,1,15,10,180,true,C料,140C,DP-140C-03,T0067,delivering
142,2,17,10,90,true,D料,200A,DP-200A-04,T0100,loading
142,3,12,10,180,true,B料,140A,DP-140A-02,T0034,delivering
142,4,16,10,90,false,,,,,to_pickup
142,5,5,10,180,true,C料,130A,DP-130A-04,T0082,delivering
143,1,14,10,180,true,C料,140C,DP-140C-03,T0067,delivering
143,2,17,10,90,true,D料,200A,DP-200A-04,T0100,loading
143,3,11,10,180,true,B料,140A,DP-140A-02,T0034,delivering
143,4,16,10,90,false,,,,,to_pickup
143,5,4,10,180,true,C料,130A,DP-130A-04,T0082,delivering
144,1,13,10,180,true,C料,140C,DP-140C-03,T0067,delivering
144,2,17,9,270,true,D料,200A,DP-200A-04,T0100,delivering
144,3,10,10,180,true,B料,140A,DP-140A-02,T0034,delivering
144,4,17,10,90,false,,,,,to_pickup
144,5,3,10,180,true,C料,130A,DP-130A-04,T0082,delivering
145,1,12,10,180,true,C料,140C,DP-140C-03,T0067,delivering
145,2,17,8,270,true,D料,200A,DP-200A-04,T0100,delivering
145,3,9,10,180,true,B料,140A,DP-140A-02,T0034,delivering
145,4,17,10,90,true,C料,200C,DP-200C-02,T0052,loading
145,5,3,9,270,true,C料,130A,DP-130A-04,T0082,delivering
146,1,11,10,180,true,C料,140C,DP-140C-03,T0067,delivering
146,2,17,7,270,true,D料,200A,DP-200A-04,T0100,delivering
146,3,8,10,180,true,B料,140A,DP-140A-02,T0034,delivering
146,4,17,10,90,true,C料,200C,DP-200C-02,T0052,loading
146,5,3,8,270,true,C料,130A,DP-130A-04,T0082,delivering
147,1,10,10,180,true,C料,140C,DP-140C-03,T0067,delivering
147,2,16,7,180,true,D料,200A,DP-200A-04,T0100,delivering
147,3,7,10,180,true,B料,140A,DP-140A-02,T0034,delivering
147,4,16,10,180,true,C料,200C,DP-200C-02,T0052,delivering
147,5,3,7,270,true,C料,130A,DP-130A-04,T0082,delivering
148,1,10,9,270,true,C料,140C,DP-140C-03,T0067,delivering
148,2,15,7,180,true,D料,200A,DP-200A-04,T0100,delivering
148,3,6,10,180,true,B料,140A,DP-140A-02,T0034,delivering
148,4,16,10,180,false,,200C,DP-200C-02,T0052,unloading
148,5,2,7,180,true,C料,130A,DP-130A-04,T0082,delivering
149,1,10,9,270,false,,140C,DP-140C-03,T0067,unloading
149,2,14,7,180,true,D料,200A,DP-200A-04,T0100,delivering
149,3,6,10,180,false,,140A,DP-140A-02,T0034,unloading
149,4,16,10,180,false,,200C,DP-200C-02,T0052,unloading
149,5,2,6,270,true,C料,130A,DP-130A-04,T0082,delivering
150,1,10,9,270,false,,140C,DP-140C-03,T0067,unloading
150,2,14,6,270,true,D料,200A,DP-200A-04,T0100,delivering
150,3,6,10,180,false,,140A,DP-140A-02,T0034,unloading
150,4,17,10,180,false,,,,,to_pickup
150,5,2,6,270,false,,130A,DP-130A-04,T0082,unloading
151,1,11,9,270,false,,,,,to_pickup
151,2,14,6,270,false,,200A,DP-200A-04,T0100,unloading
151,3,7,10,180,false,,,,,to_pickup
151,4,17,10,180,true,D料,130B,DP-130B-04,T0085,loading
151,5,2,6,270,false,,130A,DP-130A-04,T0082,unloading
152,1,12,9,270,false,,,,,to_pickup
152,2,14,6,270,false,,200A,DP-200A-04,T0100,unloading
152,3,8,10,180,false,,,,,to_pickup
152,4,17,10,180,true,D料,130B,DP-130B-04,T0085,loading
152,5,2,7,90,false,,,,,to_pickup
153,1,13,9,270,false,,,,,to_pickup
153,2,14,7,90,false,,,,,to_pickup
153,3,9,10,180,false,,,,,to_pickup
153,4,16,10,180,true,D料,130B,DP-130B-04,T0085,delivering
153,5,3,7,90,false,,,,,to_pickup
154,1,14,9,270,false,,,,,to_pickup
154,2,13,7,180,false,,,,,to_pickup
154,3,10,10,180,false,,,,,to_pickup
154,4,15,10,180,true,D料,130B,DP-130B-04,T0085,delivering
154,5,3,8,90,false,,,,,to_pickup
155,1,15,9,270,false,,,,,to_pickup
155,2,13,8,90,false,,,,,to_pickup
155,3,11,10,180,false,,,,,to_pickup
155,4,14,10,180,true,D料,130B,DP-130B-04,T0085,delivering
155,5,3,9,90,false,,,,,to_pickup
156,1,15,10,90,false,,,,,to_pickup
156,2,13,9,90,false,,,,,to_pickup
156,3,12,10,180,false,,,,,to_pickup
156,4,13,10,180,true,D料,130B,DP-130B-04,T0085,delivering
156,5,4,9,90,false,,,,,to_pickup
157,1,16,10,90,false,,,,,to_pickup
157,2,13,10,90,false,,,,,to_pickup
157,3,12,9,270,false,,,,,to_pickup
157,4,12,10,180,true,D料,130B,DP-130B-04,T0085,delivering
157,5,5,9,90,false,,,,,to_pickup
158,1,17,10,90,false,,,,,to_pickup
158,2,14,10,90,false,,,,,to_pickup
158,3,13,9,270,false,,,,,to_pickup
158,4,11,10,180,true,D料,130B,DP-130B-04,T0085,delivering
158,5,6,9,90,false,,,,,to_pickup
159,1,17,10,90,true,C料,209E,DP-209E-01,T0005,loading
159,2,15,10,90,false,,,,,to_pickup
159,3,14,9,270,false,,,,,to_pickup
159,4,10,10,180,true,D料,130B,DP-130B-04,T0085,delivering
159,5,7,9,90,false,,,,,to_pickup
160,1,17,10,90,true,C料,209E,DP-209E-01,T0005,loading
160,2,16,10,90,false,,,,,to_pickup
160,3,15,9,270,false,,,,,to_pickup
160,4,9,10,180,true,D料,130B,DP-130B-04,T0085,delivering
160,5,8,9,90,false,,,,,to_pickup
161,1,16,10,180,true,C料,209E,DP-209E-01,T0005,delivering
161,2,17,10,90,false,,,,,to_pickup
161,3,16,9,270,false,,,,,to_pickup
161,4,8,10,180,true,D料,130B,DP-130B-04,T0085,delivering
161,5,9,9,90,false,,,,,to_pickup
162,1,15,10,180,true,C料,209E,DP-209E-01,T0005,delivering
162,2,17,10,90,true,D料,140B,DP-140B-02,T0038,loading
162,3,16,10,90,false,,,,,to_pickup
162,4,7,10,180,true,D料,130B,DP-130B-04,T0085,delivering
162,5,10,9,90,false,,,,,to_pickup
163,1,14,10,180,true,C料,209E,DP-209E-01,T0005,delivering
163,2,17,10,90,true,D料,140B,DP-140B-02,T0038,loading
163,3,16,10,90,false,,,,,to_pickup
163,4,6,10,180,true,D料,130B,DP-130B-04,T0085,delivering
163,5,11,9,90,false,,,,,to_pickup
164,1,13,10,180,true,C料,209E,DP-209E-01,T0005,delivering
164,2,16,10,180,true,D料,140B,DP-140B-02,T0038,delivering
164,3,17,10,90,false,,,,,to_pickup
164,4,5,10,180,true,D料,130B,DP-130B-04,T0085,delivering
164,5,12,9,90,false,,,,,to_pickup
165,1,12,10,180,true,C料,209E,DP-209E-01,T0005,delivering
165,2,15,10,180,true,D料,140B,DP-140B-02,T0038,delivering
165,3,17,10,90,true,D料,150,DP-150-03,T0070,loading
165,4,5,9,270,true,D料,130B,DP-130B-04,T0085,delivering
165,5,13,9,90,false,,,,,to_pickup
166,1,11,10,180,true,C料,209E,DP-209E-01,T0005,delivering
166,2,14,10,180,true,D料,140B,DP-140B-02,T0038,delivering
166,3,17,10,90,true,D料,150,DP-150-03,T0070,loading
166,4,5,8,270,true,D料,130B,DP-130B-04,T0085,delivering
166,5,14,9,90,false,,,,,to_pickup
167,1,10,10,180,true,C料,209E,DP-209E-01,T0005,delivering
167,2,13,10,180,true,D料,140B,DP-140B-02,T0038,delivering
167,3,16,10,180,true,D料,150,DP-150-03,T0070,delivering
167,4,5,7,270,true,D料,130B,DP-130B-04,T0085,delivering
167,5,15,9,90,false,,,,,to_pickup
168,1,9,10,180,true,C料,209E,DP-209E-01,T0005,delivering
168,2,12,10,180,true,D料,140B,DP-140B-02,T0038,delivering
168,3,15,10,180,true,D料,150,DP-150-03,T0070,delivering
168,4,4,7,180,true,D料,130B,DP-130B-04,T0085,delivering
168,5,16,9,90,false,,,,,to_pickup
169,1,9,11,90,true,C料,209E,DP-209E-01,T0005,delivering
169,2,11,10,180,true,D料,140B,DP-140B-02,T0038,delivering
169,3,14,10,180,true,D料,150,DP-150-03,T0070,delivering
169,4,4,6,270,true,D料,130B,DP-130B-04,T0085,delivering
169,5,16,10,90,false,,,,,to_pickup
170,1,9,12,90,true,C料,209E,DP-209E-01,T0005,delivering
170,2,10,10,180,true,D料,140B,DP-140B-02,T0038,delivering
170,3,13,10,180,true,D料,150,DP-150-03,T0070,delivering
170,4,4,6,270,false,,130B,DP-130B-04,T0085,unloading
170,5,17,10,90,false,,,,,to_pickup
171,1,9,13,90,true,C料,209E,DP-209E-01,T0005,delivering
171,2,9,10,180,true,D料,140B,DP-140B-02,T0038,delivering
171,3,12,10,180,true,D料,150,DP-150-03,T0070,delivering
171,4,4,6,270,false,,130B,DP-130B-04,T0085,unloading
171,5,17,10,90,true,E料,200B,DP-200B-04,T0103,loading
172,1,9,14,90,true,C料,209E,DP-209E-01,T0005,delivering
172,2,8,10,180,true,D料,140B,DP-140B-02,T0038,delivering
172,3,12,9,270,true,D料,150,DP-150-03,T0070,delivering
172,4,4,7,90,false,,,,,to_pickup
172,5,17,10,90,true,E料,200B,DP-200B-04,T0103,loading
173,1,9,15,90,true,C料,209E,DP-209E-01,T0005,delivering
173,2,8,10,180,false,,140B,DP-140B-02,T0038,unloading
173,3,12,9,270,false,,150,DP-150-03,T0070,unloading
173,4,5,7,90,false,,,,,to_pickup
173,5,17,9,270,true,E料,200B,DP-200B-04,T0103,delivering
174,1,9,16,90,true,C料,209E,DP-209E-01,T0005,delivering
174,2,8,10,180,false,,140B,DP-140B-02,T0038,unloading
174,3,12,9,270,false,,150,DP-150-03,T0070,unloading
174,4,5,8,90,false,,,,,to_pickup
174,5,17,8,270,true,E料,200B,DP-200B-04,T0103,delivering
175,1,9,17,90,true,C料,209E,DP-209E-01,T0005,delivering
175,2,9,10,180,false,,,,,to_pickup
175,3,12,10,90,false,,,,,to_pickup
175,4,5,9,90,false,,,,,to_pickup
175,5,17,7,270,true,E料,200B,DP-200B-04,T0103,delivering
176,1,9,17,90,false,,209E,DP-209E-01,T0005,unloading
176,2,10,10,180,false,,,,,to_pickup
176,3,13,10,90,false,,,,,to_pickup
176,4,6,9,90,false,,,,,to_pickup
176,5,16,7,180,true,E料,200B,DP-200B-04,T0103,delivering
177,1,9,17,90,false,,209E,DP-209E-01,T0005,unloading
177,2,11,10,180,false,,,,,to_pickup
177,3,14,10,90,false,,,,,to_pickup
177,4,7,9,90,false,,,,,to_pickup
177,5,15,7,180,true,E料,200B,DP-200B-04,T0103,delivering
178,1,9,16,270,false,,,,,to_pickup
178,2,12,10,180,false,,,,,to_pickup
178,3,15,10,90,false,,,,,to_pickup
178,4,8,9,90,false,,,,,to_pickup
178,5,15,6,270,true,E料,200B,DP-200B-04,T0103,delivering
179,1,9,15,270,false,,,,,to_pickup
179,2,13,10,180,false,,,,,to_pickup
179,3,16,10,90,false,,,,,to_pickup
179,4,9,9,90,false,,,,,to_pickup
179,5,15,6,270,false,,200B,DP-200B-04,T0103,unloading
180,1,9,14,270,false,,,,,to_pickup
180,2,14,10,180,false,,,,,to_pickup
180,3,17,10,90,false,,,,,to_pickup
180,4,10,9,90,false,,,,,to_pickup
180,5,15,6,270,false,,200B,DP-200B-04,T0103,unloading
181,1,10,14,270,false,,,,,to_pickup
181,2,15,10,180,false,,,,,to_pickup
181,3,17,10,90,true,D料,200B,DP-200B-01,T0023,loading
181,4,11,9,90,false,,,,,to_pickup
181,5,15,7,90,false,,,,,to_pickup
182,1,11,14,270,false,,,,,to_pickup
182,2,16,10,180,false,,,,,to_pickup
182,3,17,10,90,true,D料,200B,DP-200B-01,T0023,loading
182,4,12,9,90,false,,,,,to_pickup
182,5,16,7,90,false,,,,,to_pickup
183,1,12,14,270,false,,,,,to_pickup
183,2,17,10,180,false,,,,,to_pickup
183,3,17,11,90,true,D料,200B,DP-200B-01,T0023,delivering
183,4,13,9,90,false,,,,,to_pickup
183,5,17,7,90,false,,,,,to_pickup
184,1,13,14,270,false,,,,,to_pickup
184,2,17,10,180,true,E料,140A,DP-140A-04,T0088,loading
184,3,17,12,90,true,D料,200B,DP-200B-01,T0023,delivering
184,4,14,9,90,false,,,,,to_pickup
184,5,17,8,90,false,,,,,to_pickup
185,1,14,14,270,false,,,,,to_pickup
185,2,17,10,180,true,E料,140A,DP-140A-04,T0088,loading
185,3,16,12,180,true,D料,200B,DP-200B-01,T0023,delivering
185,4,15,9,90,false,,,,,to_pickup
185,5,17,9,90,false,,,,,to_pickup
186,1,15,14,270,false,,,,,to_pickup
186,2,16,10,180,true,E料,140A,DP-140A-04,T0088,delivering
186,3,15,12,180,true,D料,200B,DP-200B-01,T0023,delivering
186,4,16,9,90,false,,,,,to_pickup
186,5,17,10,90,false,,,,,to_pickup
187,1,16,14,270,false,,,,,to_pickup
187,2,15,10,180,true,E料,140A,DP-140A-04,T0088,delivering
187,3,15,13,90,true,D料,200B,DP-200B-01,T0023,delivering
187,4,16,10,90,false,,,,,to_pickup
187,5,17,10,90,true,C料,200A,DP-200A-01,T0020,loading
188,1,16,13,270,false,,,,,to_pickup
188,2,14,10,180,true,E料,140A,DP-140A-04,T0088,delivering
188,3,15,14,90,true,D料,200B,DP-200B-01,T0023,delivering
188,4,16,10,90,false,,,,,to_pickup
188,5,17,10,90,true,C料,200A,DP-200A-01,T0020,loading
189,1,17,13,270,false,,,,,to_pickup
189,2,13,10,180,true,E料,140A,DP-140A-04,T0088,delivering
189,3,15,14,90,false,,200B,DP-200B-01,T0023,unloading
189,4,17,10,90,false,,,,,to_pickup
189,5,17,11,90,true,C料,200A,DP-200A-01,T0020,delivering
190,1,17,13,270,false,,,,,to_pickup
190,2,12,10,180,true,E料,140A,DP-140A-04,T0088,delivering
190,3,15,14,90,false,,200B,DP-200B-01,T0023,unloading
190,4,17,10,90,true,A料,200C,DP-200C-04,T0106,loading
190,5,17,12,90,true,C料,200A,DP-200A-01,T0020,delivering
191,1,17,12,270,false,,,,,to_pickup
191,2,11,10,180,true,E料,140A,DP-140A-04,T0088,delivering
191,3,15,13,270,false,,,,,to_pickup
191,4,17,10,90,true,A料,200C,DP-200C-04,T0106,loading
191,5,16,12,180,true,C料,200A,DP-200A-01,T0020,delivering
192,1,17,11,270,false,,,,,to_pickup
192,2,10,10,180,true,E料,140A,DP-140A-04,T0088,delivering
192,3,16,13,270,false,,,,,to_pickup
192,4,17,9,270,true,A料,200C,DP-200C-04,T0106,delivering
192,5,15,12,180,true,C料,200A,DP-200A-01,T0020,delivering
193,1,17,10,270,false,,,,,to_pickup
193,2,9,10,180,true,E料,140A,DP-140A-04,T0088,delivering
193,3,16,12,270,false,,,,,to_pickup
193,4,17,8,270,true,A料,200C,DP-200C-04,T0106,delivering
193,5,14,12,180,true,C料,200A,DP-200A-01,T0020,delivering
194,1,17,10,270,true,E料,130A,DP-130A-03,T0056,loading
194,2,8,10,180,true,E料,140A,DP-140A-04,T0088,delivering
194,3,17,12,270,false,,,,,to_pickup
194,4,17,7,270,true,A料,200C,DP-200C-04,T0106,delivering
194,5,14,13,90,true,C料,200A,DP-200A-01,T0020,delivering
195,1,17,10,270,true,E料,130A,DP-130A-03,T0056,loading
195,2,7,10,180,true,E料,140A,DP-140A-04,T0088,delivering
195,3,17,11,270,false,,,,,to_pickup
195,4,16,7,180,true,A料,200C,DP-200C-04,T0106,delivering
195,5,14,14,90,true,C料,200A,DP-200A-01,T0020,delivering
196,1,16,10,180,true,E料,130A,DP-130A-03,T0056,delivering
196,2,7,9,270,true,E料,140A,DP-140A-04,T0088,delivering
196,3,17,10,270,false,,,,,to_pickup
196,4,16,6,270,true,A料,200C,DP-200C-04,T0106,delivering
196,5,14,14,90,false,,200A,DP-200A-01,T0020,unloading
197,1,15,10,180,true,E料,130A,DP-130A-03,T0056,delivering
197,2,7,8,270,true,E料,140A,DP-140A-04,T0088,delivering
197,3,17,10,270,true,B料,140B,DP-140B-04,T0092,loading
197,4,16,6,270,false,,200C,DP-200C-04,T0106,unloading
197,5,14,14,90,false,,200A,DP-200A-01,T0020,unloading
198,1,14,10,180,true,E料,130A,DP-130A-03,T0056,delivering
198,2,7,7,270,true,E料,140A,DP-140A-04,T0088,delivering
198,3,17,10,270,true,B料,140B,DP-140B-04,T0092,loading
198,4,16,6,270,false,,200C,DP-200C-04,T0106,unloading
198,5,14,13,270,false,,,,,to_pickup
199,1,13,10,180,true,E料,130A,DP-130A-03,T0056,delivering
199,2,6,7,180,true,E料,140A,DP-140A-04,T0088,delivering
199,3,16,10,180,true,B料,140B,DP-140B-04,T0092,delivering
199,4,16,7,90,false,,,,,to_pickup
199,5,14,12,270,false,,,,,to_pickup
200,1,12,10,180,true,E料,130A,DP-130A-03,T0056,delivering
200,2,6,6,270,true,E料,140A,DP-140A-04,T0088,delivering
200,3,15,10,180,true,B料,140B,DP-140B-04,T0092,delivering
200,4,17,7,90,false,,,,,to_pickup
200,5,15,12,270,false,,,,,to_pickup
201,1,11,10,180,true,E料,130A,DP-130A-03,T0056,delivering
201,2,6,6,270,false,,140A,DP-140A-04,T0088,unloading
201,3,14,10,180,true,B料,140B,DP-140B-04,T0092,delivering
201,4,17,8,90,false,,,,,to_pickup
201,5,16,12,270,false,,,,,to_pickup
202,1,10,10,180,true,E料,130A,DP-130A-03,T0056,delivering
202,2,6,6,270,false,,140A,DP-140A-04,T0088,unloading
202,3,13,10,180,true,B料,140B,DP-140B-04,T0092,delivering
202,4,17,9,90,false,,,,,to_pickup
202,5,17,12,270,false,,,,,to_pickup
203,1,9,10,180,true,E料,130A,DP-130A-03,T0056,delivering
203,2,6,7,90,false,,,,,to_pickup
203,3,12,10,180,true,B料,140B,DP-140B-04,T0092,delivering
203,4,17,10,90,false,,,,,to_pickup
203,5,17,11,270,false,,,,,to_pickup
204,1,8,10,180,true,E料,130A,DP-130A-03,T0056,delivering
204,2,7,7,90,false,,,,,to_pickup
204,3,11,10,180,true,B料,140B,DP-140B-04,T0092,delivering
204,4,17,10,90,true,B料,209F,DP-209F-01,T0002,loading
204,5,17,11,270,false,,,,,to_pickup
205,1,7,10,180,true,E料,130A,DP-130A-03,T0056,delivering
205,2,7,8,90,false,,,,,to_pickup
205,3,10,10,180,true,B料,140B,DP-140B-04,T0092,delivering
205,4,17,10,90,true,B料,209F,DP-209F-01,T0002,loading
205,5,17,11,270,false,,,,,to_pickup
206,1,6,10,180,true,E料,130A,DP-130A-03,T0056,delivering
206,2,7,9,90,false,,,,,to_pickup
206,3,9,10,180,true,B料,140B,DP-140B-04,T0092,delivering
206,4,16,10,180,true,B料,209F,DP-209F-01,T0002,delivering
206,5,17,10,270,false,,,,,to_pickup
207,1,5,10,180,true,E料,130A,DP-130A-03,T0056,delivering
207,2,8,9,90,false,,,,,to_pickup
207,3,9,9,270,true,B料,140B,DP-140B-04,T0092,delivering
207,4,15,10,180,true,B料,209F,DP-209F-01,T0002,delivering
207,5,17,10,270,true,D料,209D,DP-209D-01,T0008,loading
208,1,4,10,180,true,E料,130A,DP-130A-03,T0056,delivering
208,2,9,9,90,false,,,,,to_pickup
208,3,9,8,270,true,B料,140B,DP-140B-04,T0092,delivering
208,4,14,10,180,true,B料,209F,DP-209F-01,T0002,delivering
208,5,17,10,270,true,D料,209D,DP-209D-01,T0008,loading
209,1,3,10,180,true,E料,130A,DP-130A-03,T0056,delivering
209,2,10,9,90,false,,,,,to_pickup
209,3,9,7,270,true,B料,140B,DP-140B-04,T0092,delivering
209,4,13,10,180,true,B料,209F,DP-209F-01,T0002,delivering
209,5,16,10,180,true,D料,209D,DP-209D-01,T0008,delivering
210,1,2,10,180,true,E料,130A,DP-130A-03,T0056,delivering
210,2,11,9,90,false,,,,,to_pickup
210,3,8,7,180,true,B料,140B,DP-140B-04,T0092,delivering
210,4,12,10,180,true,B料,209F,DP-209F-01,T0002,delivering
210,5,15,10,180,true,D料,209D,DP-209D-01,T0008,delivering
211,1,2,9,270,true,E料,130A,DP-130A-03,T0056,delivering
211,2,12,9,90,false,,,,,to_pickup
211,3,8,6,270,true,B料,140B,DP-140B-04,T0092,delivering
211,4,11,10,180,true,B料,209F,DP-209F-01,T0002,delivering
211,5,14,10,180,true,D料,209D,DP-209D-01,T0008,delivering
212,1,2,9,270,false,,130A,DP-130A-03,T0056,unloading
212,2,13,9,90,false,,,,,to_pickup
212,3,8,6,270,false,,140B,DP-140B-04,T0092,unloading
212,4,10,10,180,true,B料,209F,DP-209F-01,T0002,delivering
212,5,13,10,180,true,D料,209D,DP-209D-01,T0008,delivering
213,1,2,9,270,false,,130A,DP-130A-03,T0056,unloading
213,2,13,10,90,false,,,,,to_pickup
213,3,8,6,270,false,,140B,DP-140B-04,T0092,unloading
213,4,9,10,180,true,B料,209F,DP-209F-01,T0002,delivering
213,5,12,10,180,true,D料,209D,DP-209D-01,T0008,delivering
214,1,3,9,270,false,,,,,to_pickup
214,2,14,10,90,false,,,,,to_pickup
214,3,8,7,90,false,,,,,to_pickup
214,4,8,10,180,true,B料,209F,DP-209F-01,T0002,delivering
214,5,11,10,180,true,D料,209D,DP-209D-01,T0008,delivering
215,1,4,9,270,false,,,,,to_pickup
215,2,15,10,90,false,,,,,to_pickup
215,3,9,7,90,false,,,,,to_pickup
215,4,7,10,180,true,B料,209F,DP-209F-01,T0002,delivering
215,5,11,11,90,true,D料,209D,DP-209D-01,T0008,delivering
216,1,5,9,270,false,,,,,to_pickup
216,2,16,10,90,false,,,,,to_pickup
216,3,9,8,90,false,,,,,to_pickup
216,4,7,11,90,true,B料,209F,DP-209F-01,T0002,delivering
216,5,11,12,90,true,D料,209D,DP-209D-01,T0008,delivering
217,1,6,9,270,false,,,,,to_pickup
217,2,17,10,90,false,,,,,to_pickup
217,3,9,9,90,false,,,,,to_pickup
217,4,7,12,90,true,B料,209F,DP-209F-01,T0002,delivering
217,5,11,13,90,true,D料,209D,DP-209D-01,T0008,delivering
218,1,7,9,270,false,,,,,to_pickup
218,2,17,10,90,true,A料,130B,DP-130B-03,T0059,loading
218,3,10,9,90,false,,,,,to_pickup
218,4,7,13,90,true,B料,209F,DP-209F-01,T0002,delivering
218,5,11,14,90,true,D料,209D,DP-209D-01,T0008,delivering
219,1,8,9,270,false,,,,,to_pickup
219,2,17,10,90,true,A料,130B,DP-130B-03,T0059,loading
219,3,11,9,90,false,,,,,to_pickup
219,4,7,14,90,true,B料,209F,DP-209F-01,T0002,delivering
219,5,11,15,90,true,D料,209D,DP-209D-01,T0008,delivering
220,1,9,9,270,false,,,,,to_pickup
220,2,16,10,180,true,A料,130B,DP-130B-03,T0059,delivering
220,3,12,9,90,false,,,,,to_pickup
220,4,7,15,90,true,B料,209F,DP-209F-01,T0002,delivering
220,5,11,16,90,true,D料,209D,DP-209D-01,T0008,delivering
221,1,10,9,270,false,,,,,to_pickup
221,2,15,10,180,true,A料,130B,DP-130B-03,T0059,delivering
221,3,13,9,90,false,,,,,to_pickup
221,4,7,16,90,true,B料,209F,DP-209F-01,T0002,delivering
221,5,11,17,90,true,D料,209D,DP-209D-01,T0008,delivering
222,1,11,9,270,false,,,,,to_pickup
222,2,14,10,180,true,A料,130B,DP-130B-03,T0059,delivering
222,3,14,9,90,false,,,,,to_pickup
222,4,7,17,90,true,B料,209F,DP-209F-01,T0002,delivering
222,5,11,17,90,false,,209D,DP-209D-01,T0008,unloading
223,1,12,9,270,false,,,,,to_pickup
223,2,13,10,180,true,A料,130B,DP-130B-03,T0059,delivering
223,3,14,10,90,false,,,,,to_pickup
223,4,7,17,90,false,,209F,DP-209F-01,T0002,unloading
223,5,11,17,90,false,,209D,DP-209D-01,T0008,unloading
224,1,13,9,270,false,,,,,to_pickup
224,2,12,10,180,true,A料,130B,DP-130B-03,T0059,delivering
224,3,15,10,90,false,,,,,to_pickup
224,4,7,17,90,false,,209F,DP-209F-01,T0002,unloading
224,5,11,16,270,false,,,,,to_pickup
225,1,13,10,90,false,,,,,to_pickup
225,2,11,10,180,true,A料,130B,DP-130B-03,T0059,delivering
225,3,16,10,90,false,,,,,to_pickup
225,4,7,16,270,false,,,,,to_pickup
225,5,11,15,270,false,,,,,to_pickup
226,1,14,10,90,false,,,,,to_pickup
226,2,10,10,180,true,A料,130B,DP-130B-03,T0059,delivering
226,3,17,10,90,false,,,,,to_pickup
226,4,7,15,270,false,,,,,to_pickup
226,5,11,14,270,false,,,,,to_pickup
227,1,15,10,90,false,,,,,to_pickup
227,2,9,10,180,true,A料,130B,DP-130B-03,T0059,delivering
227,3,17,10,90,true,A料,150,DP-150-02,T0044,loading
227,4,7,14,270,false,,,,,to_pickup
227,5,11,13,270,false,,,,,to_pickup
228,1,16,10,90,false,,,,,to_pickup
228,2,8,10,180,true,A料,130B,DP-130B-03,T0059,delivering
228,3,17,10,90,true,A料,150,DP-150-02,T0044,loading
228,4,7,13,270,false,,,,,to_pickup
228,5,11,12,270,false,,,,,to_pickup
229,1,17,10,90,false,,,,,to_pickup
229,2,7,10,180,true,A料,130B,DP-130B-03,T0059,delivering
229,3,16,10,180,true,A料,150,DP-150-02,T0044,delivering
229,4,7,12,270,false,,,,,to_pickup
229,5,12,12,270,false,,,,,to_pickup
230,1,17,10,90,true,B料,200B,DP-200B-03,T0077,loading
230,2,6,10,180,true,A料,130B,DP-130B-03,T0059,delivering
230,3,15,10,180,true,A料,150,DP-150-02,T0044,delivering
230,4,7,11,270,false,,,,,to_pickup
230,5,13,12,270,false,,,,,to_pickup
231,1,17,10,90,true,B料,200B,DP-200B-03,T0077,loading
231,2,5,10,180,true,A料,130B,DP-130B-03,T0059,delivering
231,3,14,10,180,true,A料,150,DP-150-02,T0044,delivering
231,4,7,10,270,false,,,,,to_pickup
231,5,14,12,270,false,,,,,to_pickup
232,1,16,10,180,true,B料,200B,DP-200B-03,T0077,delivering
232,2,4,10,180,true,A料,130B,DP-130B-03,T0059,delivering
232,3,13,10,180,true,A料,150,DP-150-02,T0044,delivering
232,4,8,10,270,false,,,,,to_pickup
232,5,15,12,270,false,,,,,to_pickup
233,1,15,10,180,true,B料,200B,DP-200B-03,T0077,delivering
233,2,4,9,270,true,A料,130B,DP-130B-03,T0059,delivering
233,3,12,10,180,true,A料,150,DP-150-02,T0044,delivering
233,4,9,10,270,false,,,,,to_pickup
233,5,16,12,270,false,,,,,to_pickup
234,1,15,9,270,true,B料,200B,DP-200B-03,T0077,delivering
234,2,4,9,270,false,,130B,DP-130B-03,T0059,unloading
234,3,12,10,180,false,,150,DP-150-02,T0044,unloading
234,4,10,10,270,false,,,,,to_pickup
234,5,17,12,270,false,,,,,to_pickup
235,1,15,9,270,false,,200B,DP-200B-03,T0077,unloading
235,2,4,9,270,false,,130B,DP-130B-03,T0059,unloading
235,3,12,10,180,false,,150,DP-150-02,T0044,unloading
235,4,11,10,270,false,,,,,to_pickup
235,5,17,11,270,false,,,,,to_pickup
236,1,15,9,270,false,,200B,DP-200B-03,T0077,unloading
236,2,4,10,90,false,,,,,to_pickup
236,3,13,10,180,false,,,,,to_pickup
236,4,12,10,270,false,,,,,to_pickup
236,5,17,10,270,false,,,,,to_pickup
237,1,15,10,90,false,,,,,to_pickup
237,2,5,10,90,false,,,,,to_pickup
237,3,14,10,180,false,,,,,to_pickup
237,4,13,10,270,false,,,,,to_pickup
237,5,17,10,270,true,C料,200C,DP-200C-03,T0080,loading
238,1,16,10,90,false,,,,,to_pickup
238,2,6,10,90,false,,,,,to_pickup
238,3,15,10,180,false,,,,,to_pickup
238,4,14,10,270,false,,,,,to_pickup
238,5,17,10,270,true,C料,200C,DP-200C-03,T0080,loading
239,1,17,10,90,false,,,,,to_pickup
239,2,7,10,90,false,,,,,to_pickup
239,3,15,10,180,false,,,,,to_pickup
239,4,14,10,270,false,,,,,to_pickup
239,5,16,10,180,true,C料,200C,DP-200C-03,T0080,delivering
240,1,17,10,90,true,A料,200A,DP-200A-03,T0074,loading
240,2,8,10,90,false,,,,,to_pickup
240,3,16,10,180,false,,,,,to_pickup
240,4,15,10,270,false,,,,,to_pickup
240,5,16,9,270,true,C料,200C,DP-200C-03,T0080,delivering
241,1,17,10,90,true,A料,200A,DP-200A-03,T0074,loading
241,2,9,10,90,false,,,,,to_pickup
241,3,16,10,180,false,,,,,to_pickup
241,4,15,10,270,false,,,,,to_pickup
241,5,16,9,270,false,,200C,DP-200C-03,T0080,unloading
242,1,16,10,180,true,A料,200A,DP-200A-03,T0074,delivering
242,2,10,10,90,false,,,,,to_pickup
242,3,17,10,180,false,,,,,to_pickup
242,4,15,9,270,false,,,,,to_pickup
242,5,16,9,270,false,,200C,DP-200C-03,T0080,unloading
243,1,15,10,180,true,A料,200A,DP-200A-03,T0074,delivering
243,2,11,10,90,false,,,,,to_pickup
243,3,17,10,180,true,D料,150,DP-150-04,T0098,loading
243,4,16,9,270,false,,,,,to_pickup
243,5,17,9,270,false,,,,,to_pickup
244,1,14,10,180,true,A料,200A,DP-200A-03,T0074,delivering
244,2,12,10,90,false,,,,,to_pickup
244,3,17,10,180,true,D料,150,DP-150-04,T0098,loading
244,4,16,10,90,false,,,,,to_pickup
244,5,17,9,270,false,,,,,to_pickup
245,1,14,9,270,true,A料,200A,DP-200A-03,T0074,delivering
245,2,13,10,90,false,,,,,to_pickup
245,3,16,10,180,true,D料,150,DP-150-04,T0098,delivering
245,4,17,10,90,false,,,,,to_pickup
245,5,16,9,180,false,,,,,to_pickup
246,1,14,9,270,false,,200A,DP-200A-03,T0074,unloading
246,2,13,10,90,false,,,,,to_pickup
246,3,15,10,180,true,D料,150,DP-150-04,T0098,delivering
246,4,17,10,90,true,E料,140C,DP-140C-02,T0041,loading
246,5,16,10,90,false,,,,,to_pickup
247,1,14,9,270,false,,200A,DP-200A-03,T0074,unloading
247,2,13,9,270,false,,,,,to_pickup
247,3,14,10,180,true,D料,150,DP-150-04,T0098,delivering
247,4,17,10,90,true,E料,140C,DP-140C-02,T0041,loading
247,5,16,10,90,false,,,,,to_pickup
248,1,15,9,270,false,,,,,to_pickup
248,2,14,9,270,false,,,,,to_pickup
248,3,13,10,180,true,D料,150,DP-150-04,T0098,delivering
248,4,16,10,180,true,E料,140C,DP-140C-02,T0041,delivering
248,5,17,10,90,false,,,,,to_pickup
249,1,16,9,270,false,,,,,to_pickup
249,2,15,9,270,false,,,,,to_pickup
249,3,13,9,270,true,D料,150,DP-150-04,T0098,delivering
249,4,15,10,180,true,E料,140C,DP-140C-02,T0041,delivering
249,5,17,10,90,true,B料,209A,DP-209A-01,T0017,loading
250,1,16,10,90,false,,,,,to_pickup
250,2,15,10,90,false,,,,,to_pickup
250,3,13,8,270,true,D料,150,DP-150-04,T0098,delivering
250,4,14,10,180,true,E料,140C,DP-140C-02,T0041,delivering
250,5,17,10,90,true,B料,209A,DP-209A-01,T0017,loading
251,1,17,10,90,false,,,,,to_pickup
251,2,16,10,90,false,,,,,to_pickup
251,3,13,7,270,true,D料,150,DP-150-04,T0098,delivering
251,4,13,10,180,true,E料,140C,DP-140C-02,T0041,delivering
251,5,17,11,90,true,B料,209A,DP-209A-01,T0017,delivering
252,1,17,10,90,true,E料,200C,DP-200C-01,T0026,loading
252,2,16,10,90,false,,,,,to_pickup
252,3,12,7,180,true,D料,150,DP-150-04,T0098,delivering
252,4,12,10,180,true,E料,140C,DP-140C-02,T0041,delivering
252,5,17,12,90,true,B料,209A,DP-209A-01,T0017,delivering
253,1,17,10,90,true,E料,200C,DP-200C-01,T0026,loading
253,2,16,10,90,false,,,,,to_pickup
253,3,12,6,270,true,D料,150,DP-150-04,T0098,delivering
253,4,11,10,180,true,E料,140C,DP-140C-02,T0041,delivering
253,5,17,13,90,true,B料,209A,DP-209A-01,T0017,delivering
254,1,17,11,90,true,E料,200C,DP-200C-01,T0026,delivering
254,2,17,10,90,false,,,,,to_pickup
254,3,12,6,270,false,,150,DP-150-04,T0098,unloading
254,4,10,10,180,true,E料,140C,DP-140C-02,T0041,delivering
254,5,17,14,90,true,B料,209A,DP-209A-01,T0017,delivering
255,1,17,12,90,true,E料,200C,DP-200C-01,T0026,delivering
255,2,17,10,90,true,A料,130A,DP-130A-02,T0029,loading
255,3,12,6,270,false,,150,DP-150-04,T0098,unloading
255,4,10,10,180,false,,140C,DP-140C-02,T0041,unloading
255,5,17,15,90,true,B料,209A,DP-209A-01,T0017,delivering
256,1,16,12,180,true,E料,200C,DP-200C-01,T0026,delivering
256,2,17,10,90,true,A料,130A,DP-130A-02,T0029,loading
256,3,12,7,90,false,,,,,to_pickup
256,4,10,10,180,false,,140C,DP-140C-02,T0041,unloading
256,5,17,16,90,true,B料,209A,DP-209A-01,T0017,delivering
257,1,16,13,90,true,E料,200C,DP-200C-01,T0026,delivering
257,2,16,10,180,true,A料,130A,DP-130A-02,T0029,delivering
257,3,13,7,90,false,,,,,to_pickup
257,4,11,10,180,false,,,,,to_pickup
257,5,17,17,90,true,B料,209A,DP-209A-01,T0017,delivering
258,1,16,14,90,true,E料,200C,DP-200C-01,T0026,delivering
258,2,15,10,180,true,A料,130A,DP-130A-02,T0029,delivering
258,3,13,8,90,false,,,,,to_pickup
258,4,12,10,180,false,,,,,to_pickup
258,5,17,17,90,false,,209A,DP-209A-01,T0017,unloading
259,1,16,14,90,false,,200C,DP-200C-01,T0026,unloading
259,2,14,10,180,true,A料,130A,DP-130A-02,T0029,delivering
259,3,13,9,90,false,,,,,to_pickup
259,4,13,10,180,false,,,,,to_pickup
259,5,17,17,90,false,,209A,DP-209A-01,T0017,unloading
260,1,16,14,90,false,,200C,DP-200C-01,T0026,unloading
260,2,13,10,180,true,A料,130A,DP-130A-02,T0029,delivering
260,3,14,9,90,false,,,,,to_pickup
260,4,13,9,270,false,,,,,to_pickup
260,5,17,16,270,false,,,,,to_pickup
261,1,16,13,270,false,,,,,to_pickup
261,2,12,10,180,true,A料,130A,DP-130A-02,T0029,delivering
261,3,14,10,90,false,,,,,to_pickup
261,4,13,10,90,false,,,,,to_pickup
261,5,17,15,270,false,,,,,to_pickup
262,1,16,12,270,false,,,,,to_pickup
262,2,11,10,180,true,A料,130A,DP-130A-02,T0029,delivering
262,3,15,10,90,false,,,,,to_pickup
262,4,14,10,90,false,,,,,to_pickup
262,5,17,14,270,false,,,,,to_pickup
263,1,17,12,270,false,,,,,to_pickup
263,2,10,10,180,true,A料,130A,DP-130A-02,T0029,delivering
263,3,16,10,90,false,,,,,to_pickup
263,4,15,10,90,false,,,,,to_pickup
263,5,17,13,270,false,,,,,to_pickup
264,1,17,11,270,false,,,,,to_pickup
264,2,9,10,180,true,A料,130A,DP-130A-02,T0029,delivering
264,3,17,10,90,false,,,,,to_pickup
264,4,16,10,90,false,,,,,to_pickup
264,5,17,12,270,false,,,,,to_pickup
265,1,17,11,270,false,,,,,to_pickup
265,2,8,10,180,true,A料,130A,DP-130A-02,T0029,delivering
265,3,17,10,90,true,E料,209C,DP-209C-01,T0011,loading
265,4,16,10,90,false,,,,,to_pickup
265,5,18,12,270,false,,,,,to_pickup
266,1,17,11,270,false,,,,,to_pickup
266,2,7,10,180,true,A料,130A,DP-130A-02,T0029,delivering
266,3,17,10,90,true,E料,209C,DP-209C-01,T0011,loading
266,4,16,10,90,false,,,,,to_pickup
266,5,18,11,270,false,,,,,to_pickup
267,1,17,10,270,false,,,,,to_pickup
267,2,6,10,180,true,A料,130A,DP-130A-02,T0029,delivering
267,3,16,10,180,true,E料,209C,DP-209C-01,T0011,delivering
267,4,16,9,270,false,,,,,to_pickup
267,5,19,11,270,false,,,,,to_pickup
268,1,17,10,270,true,B料,200A,DP-200A-02,T0047,loading
268,2,5,10,180,true,A料,130A,DP-130A-02,T0029,delivering
268,3,15,10,180,true,E料,209C,DP-209C-01,T0011,delivering
268,4,16,10,90,false,,,,,to_pickup
268,5,19,10,270,false,,,,,to_pickup
269,1,17,10,270,true,B料,200A,DP-200A-02,T0047,loading
269,2,4,10,180,true,A料,130A,DP-130A-02,T0029,delivering
269,3,14,10,180,true,E料,209C,DP-209C-01,T0011,delivering
269,4,16,10,90,false,,,,,to_pickup
269,5,19,9,270,false,,,,,to_pickup
270,1,16,10,180,true,B料,200A,DP-200A-02,T0047,delivering
270,2,3,10,180,true,A料,130A,DP-130A-02,T0029,delivering
270,3,13,10,180,true,E料,209C,DP-209C-01,T0011,delivering
270,4,17,10,90,false,,,,,to_pickup
270,5,18,9,180,false,,,,,to_pickup
271,1,15,10,180,true,B料,200A,DP-200A-02,T0047,delivering
271,2,2,10,180,true,A料,130A,DP-130A-02,T0029,delivering
271,3,13,11,90,true,E料,209C,DP-209C-01,T0011,delivering
271,4,17,10,90,true,B料,130B,DP-130B-02,T0032,loading
271,5,17,9,180,false,,,,,to_pickup
272,1,14,10,180,true,B料,200A,DP-200A-02,T0047,delivering
272,2,2,10,180,false,,130A,DP-130A-02,T0029,unloading
272,3,13,12,90,true,E料,209C,DP-209C-01,T0011,delivering
272,4,17,10,90,true,B料,130B,DP-130B-02,T0032,loading
272,5,17,9,180,false,,,,,to_pickup
273,1,14,10,180,false,,200A,DP-200A-02,T0047,unloading
273,2,2,10,180,false,,130A,DP-130A-02,T0029,unloading
273,3,13,13,90,true,E料,209C,DP-209C-01,T0011,delivering
273,4,16,10,180,true,B料,130B,DP-130B-02,T0032,delivering
273,5,17,10,90,false,,,,,to_pickup
274,1,14,10,180,false,,200A,DP-200A-02,T0047,unloading
274,2,3,10,180,false,,,,,to_pickup
274,3,13,14,90,true,E料,209C,DP-209C-01,T0011,delivering
274,4,15,10,180,true,B料,130B,DP-130B-02,T0032,delivering
274,5,17,10,90,true,D料,130A,DP-130A-04,T0083,loading
275,1,14,9,270,false,,,,,to_pickup
275,2,4,10,180,false,,,,,to_pickup
275,3,13,15,90,true,E料,209C,DP-209C-01,T0011,delivering
275,4,14,10,180,true,B料,130B,DP-130B-02,T0032,delivering
275,5,17,10,90,true,D料,130A,DP-130A-04,T0083,loading
276,1,15,9,270,false,,,,,to_pickup
276,2,5,10,180,false,,,,,to_pickup
276,3,13,16,90,true,E料,209C,DP-209C-01,T0011,delivering
276,4,13,10,180,true,B料,130B,DP-130B-02,T0032,delivering
276,5,16,10,180,true,D料,130A,DP-130A-04,T0083,delivering
277,1,16,9,270,false,,,,,to_pickup
277,2,6,10,180,false,,,,,to_pickup
277,3,13,17,90,true,E料,209C,DP-209C-01,T0011,delivering
277,4,12,10,180,true,B料,130B,DP-130B-02,T0032,delivering
277,5,15,10,180,true,D料,130A,DP-130A-04,T0083,delivering
278,1,16,10,90,false,,,,,to_pickup
278,2,7,10,180,false,,,,,to_pickup
278,3,13,17,90,false,,209C,DP-209C-01,T0011,unloading
278,4,11,10,180,true,B料,130B,DP-130B-02,T0032,delivering
278,5,14,10,180,true,D料,130A,DP-130A-04,T0083,delivering
279,1,17,10,90,false,,,,,to_pickup
279,2,8,10,180,false,,,,,to_pickup
279,3,13,17,90,false,,209C,DP-209C-01,T0011,unloading
279,4,10,10,180,true,B料,130B,DP-130B-02,T0032,delivering
279,5,13,10,180,true,D料,130A,DP-130A-04,T0083,delivering
280,1,17,10,90,true,A料,200B,DP-200B-04,T0104,loading
280,2,8,9,270,false,,,,,to_pickup
280,3,13,16,270,false,,,,,to_pickup
280,4,9,10,180,true,B料,130B,DP-130B-02,T0032,delivering
280,5,12,10,180,true,D料,130A,DP-130A-04,T0083,delivering
281,1,17,10,90,true,A料,200B,DP-200B-04,T0104,loading
281,2,9,9,270,false,,,,,to_pickup
281,3,13,15,270,false,,,,,to_pickup
281,4,8,10,180,true,B料,130B,DP-130B-02,T0032,delivering
281,5,11,10,180,true,D料,130A,DP-130A-04,T0083,delivering
282,1,17,9,270,true,A料,200B,DP-200B-04,T0104,delivering
282,2,10,9,270,false,,,,,to_pickup
282,3,13,14,270,false,,,,,to_pickup
282,4,7,10,180,true,B料,130B,DP-130B-02,T0032,delivering
282,5,10,10,180,true,D料,130A,DP-130A-04,T0083,delivering
283,1,17,8,270,true,A料,200B,DP-200B-04,T0104,delivering
283,2,10,10,90,false,,,,,to_pickup
283,3,13,13,270,false,,,,,to_pickup
283,4,6,10,180,true,B料,130B,DP-130B-02,T0032,delivering
283,5,9,10,180,true,D料,130A,DP-130A-04,T0083,delivering
284,1,17,7,270,true,A料,200B,DP-200B-04,T0104,delivering
284,2,11,10,90,false,,,,,to_pickup
284,3,13,12,270,false,,,,,to_pickup
284,4,5,10,180,true,B料,130B,DP-130B-02,T0032,delivering
284,5,8,10,180,true,D料,130A,DP-130A-04,T0083,delivering
285,1,16,7,180,true,A料,200B,DP-200B-04,T0104,delivering
285,2,12,10,90,false,,,,,to_pickup
285,3,13,11,270,false,,,,,to_pickup
285,4,4,10,180,true,B料,130B,DP-130B-02,T0032,delivering
285,5,7,10,180,true,D料,130A,DP-130A-04,T0083,delivering
286,1,15,7,180,true,A料,200B,DP-200B-04,T0104,delivering
286,2,13,10,90,false,,,,,to_pickup
286,3,13,11,270,false,,,,,to_pickup
286,4,4,10,180,false,,130B,DP-130B-02,T0032,unloading
286,5,6,10,180,true,D料,130A,DP-130A-04,T0083,delivering
287,1,15,6,270,true,A料,200B,DP-200B-04,T0104,delivering
287,2,14,10,90,false,,,,,to_pickup
287,3,13,10,270,false,,,,,to_pickup
287,4,4,10,180,false,,130B,DP-130B-02,T0032,unloading
287,5,5,10,180,true,D料,130A,DP-130A-04,T0083,delivering
288,1,15,6,270,false,,200B,DP-200B-04,T0104,unloading
288,2,15,10,90,false,,,,,to_pickup
288,3,14,10,270,false,,,,,to_pickup
288,4,4,9,270,false,,,,,to_pickup
288,5,4,10,180,true,D料,130A,DP-130A-04,T0083,delivering
289,1,15,6,270,false,,200B,DP-200B-04,T0104,unloading
289,2,16,10,90,false,,,,,to_pickup
289,3,15,10,270,false,,,,,to_pickup
289,4,5,9,270,false,,,,,to_pickup
289,5,3,10,180,true,D料,130A,DP-130A-04,T0083,delivering
290,1,15,7,90,false,,,,,to_pickup
290,2,17,10,90,false,,,,,to_pickup
290,3,16,10,270,false,,,,,to_pickup
290,4,6,9,270,false,,,,,to_pickup
290,5,3,9,270,true,D料,130A,DP-130A-04,T0083,delivering
291,1,16,7,90,false,,,,,to_pickup
291,2,17,10,90,true,D料,140C,DP-140C-03,T0068,loading
291,3,16,10,270,false,,,,,to_pickup
291,4,7,9,270,false,,,,,to_pickup
291,5,3,8,270,true,D料,130A,DP-130A-04,T0083,delivering
292,1,17,7,90,false,,,,,to_pickup
292,2,17,10,90,true,D料,140C,DP-140C-03,T0068,loading
292,3,16,10,270,false,,,,,to_pickup
292,4,8,9,270,false,,,,,to_pickup
292,5,3,7,270,true,D料,130A,DP-130A-04,T0083,delivering
293,1,17,8,90,false,,,,,to_pickup
293,2,16,10,180,true,D料,140C,DP-140C-03,T0068,delivering
293,3,17,10,270,false,,,,,to_pickup
293,4,9,9,270,false,,,,,to_pickup
293,5,2,7,180,true,D料,130A,DP-130A-04,T0083,delivering
294,1,17,9,90,false,,,,,to_pickup
294,2,15,10,180,true,D料,140C,DP-140C-03,T0068,delivering
294,3,17,10,270,true,D料,200A,DP-200A-01,T0021,loading
294,4,10,9,270,false,,,,,to_pickup
294,5,2,6,270,true,D料,130A,DP-130A-04,T0083,delivering
295,1,17,9,90,false,,,,,to_pickup
295,2,14,10,180,true,D料,140C,DP-140C-03,T0068,delivering
295,3,17,10,270,true,D料,200A,DP-200A-01,T0021,loading
295,4,11,9,270,false,,,,,to_pickup
295,5,2,6,270,false,,130A,DP-130A-04,T0083,unloading
296,1,17,10,90,false,,,,,to_pickup
296,2,13,10,180,true,D料,140C,DP-140C-03,T0068,delivering
296,3,17,11,90,true,D料,200A,DP-200A-01,T0021,delivering
296,4,12,9,270,false,,,,,to_pickup
296,5,2,6,270,false,,130A,DP-130A-04,T0083,unloading
297,1,17,10,90,true,C料,209F,DP-209F-01,T0003,loading
297,2,12,10,180,true,D料,140C,DP-140C-03,T0068,delivering
297,3,17,12,90,true,D料,200A,DP-200A-01,T0021,delivering
297,4,13,9,270,false,,,,,to_pickup
297,5,2,7,90,false,,,,,to_pickup
298,1,17,10,90,true,C料,209F,DP-209F-01,T0003,loading
298,2,11,10,180,true,D料,140C,DP-140C-03,T0068,delivering
298,3,16,12,180,true,D料,200A,DP-200A-01,T0021,delivering
298,4,14,9,270,false,,,,,to_pickup
298,5,3,7,90,false,,,,,to_pickup
299,1,16,10,180,true,C料,209F,DP-209F-01,T0003,delivering
299,2,10,10,180,true,D料,140C,DP-140C-03,T0068,delivering
299,3,15,12,180,true,D料,200A,DP-200A-01,T0021,delivering
299,4,15,9,270,false,,,,,to_pickup
299,5,3,8,90,false,,,,,to_pickup
300,1,15,10,180,true,C料,209F,DP-209F-01,T0003,delivering
300,2,10,9,270,true,D料,140C,DP-140C-03,T0068,delivering
300,3,14,12,180,true,D料,200A,DP-200A-01,T0021,delivering
300,4,16,9,270,false,,,,,to_pickup
300,5,3,9,90,false,,,,,to_pickup
301,1,14,10,180,true,C料,209F,DP-209F-01,T0003,delivering
301,2,10,9,270,false,,140C,DP-140C-03,T0068,unloading
301,3,14,13,90,true,D料,200A,DP-200A-01,T0021,delivering
301,4,16,10,90,false,,,,,to_pickup
301,5,4,9,90,false,,,,,to_pickup
302,1,13,10,180,true,C料,209F,DP-209F-01,T0003,delivering
302,2,10,9,270,false,,140C,DP-140C-03,T0068,unloading
302,3,14,14,90,true,D料,200A,DP-200A-01,T0021,delivering
302,4,17,10,90,false,,,,,to_pickup
302,5,5,9,90,false,,,,,to_pickup
303,1,12,10,180,true,C料,209F,DP-209F-01,T0003,delivering
303,2,11,9,270,false,,,,,to_pickup
303,3,14,14,90,false,,200A,DP-200A-01,T0021,unloading
303,4,17,10,90,true,A料,140A,DP-140A-04,T0089,loading
303,5,6,9,90,false,,,,,to_pickup
304,1,11,10,180,true,C料,209F,DP-209F-01,T0003,delivering
304,2,12,9,270,false,,,,,to_pickup
304,3,14,14,90,false,,200A,DP-200A-01,T0021,unloading
304,4,17,10,90,true,A料,140A,DP-140A-04,T0089,loading
304,5,7,9,90,false,,,,,to_pickup
305,1,10,10,180,true,C料,209F,DP-209F-01,T0003,delivering
305,2,13,9,270,false,,,,,to_pickup
305,3,14,13,270,false,,,,,to_pickup
305,4,16,10,180,true,A料,140A,DP-140A-04,T0089,delivering
305,5,8,9,90,false,,,,,to_pickup
306,1,9,10,180,true,C料,209F,DP-209F-01,T0003,delivering
306,2,14,9,270,false,,,,,to_pickup
306,3,14,12,270,false,,,,,to_pickup
306,4,15,10,180,true,A料,140A,DP-140A-04,T0089,delivering
306,5,9,9,90,false,,,,,to_pickup
307,1,8,10,180,true,C料,209F,DP-209F-01,T0003,delivering
307,2,15,9,270,false,,,,,to_pickup
307,3,13,12,180,false,,,,,to_pickup
307,4,14,10,180,true,A料,140A,DP-140A-04,T0089,delivering
307,5,10,9,90,false,,,,,to_pickup
308,1,7,10,180,true,C料,209F,DP-209F-01,T0003,delivering
308,2,15,10,90,false,,,,,to_pickup
308,3,13,11,270,false,,,,,to_pickup
308,4,13,10,180,true,A料,140A,DP-140A-04,T0089,delivering
308,5,11,9,90,false,,,,,to_pickup
309,1,7,11,90,true,C料,209F,DP-209F-01,T0003,delivering
309,2,16,10,90,false,,,,,to_pickup
309,3,13,10,270,false,,,,,to_pickup
309,4,12,10,180,true,A料,140A,DP-140A-04,T0089,delivering
309,5,12,9,90,false,,,,,to_pickup
310,1,7,12,90,true,C料,209F,DP-209F-01,T0003,delivering
310,2,17,10,90,false,,,,,to_pickup
310,3,14,10,270,false,,,,,to_pickup
310,4,11,10,180,true,A料,140A,DP-140A-04,T0089,delivering
310,5,13,9,90,false,,,,,to_pickup
311,1,7,13,90,true,C料,209F,DP-209F-01,T0003,delivering
311,2,17,10,90,true,E料,209D,DP-209D-01,T0009,loading
311,3,15,10,270,false,,,,,to_pickup
311,4,10,10,180,true,A料,140A,DP-140A-04,T0089,delivering
311,5,14,9,90,false,,,,,to_pickup
312,1,7,14,90,true,C料,209F,DP-209F-01,T0003,delivering
312,2,17,10,90,true,E料,209D,DP-209D-01,T0009,loading
312,3,16,10,270,false,,,,,to_pickup
312,4,9,10,180,true,A料,140A,DP-140A-04,T0089,delivering
312,5,15,9,90,false,,,,,to_pickup
313,1,7,15,90,true,C料,209F,DP-209F-01,T0003,delivering
313,2,16,10,180,true,E料,209D,DP-209D-01,T0009,delivering
313,3,17,10,270,false,,,,,to_pickup
313,4,8,10,180,true,A料,140A,DP-140A-04,T0089,delivering
313,5,16,9,90,false,,,,,to_pickup
314,1,7,16,90,true,C料,209F,DP-209F-01,T0003,delivering
314,2,15,10,180,true,E料,209D,DP-209D-01,T0009,delivering
314,3,17,10,270,true,A料,209B,DP-209B-01,T0014,loading
314,4,7,10,180,true,A料,140A,DP-140A-04,T0089,delivering
314,5,16,10,90,false,,,,,to_pickup
315,1,7,17,90,true,C料,209F,DP-209F-01,T0003,delivering
315,2,14,10,180,true,E料,209D,DP-209D-01,T0009,delivering
315,3,17,10,270,true,A料,209B,DP-209B-01,T0014,loading
315,4,7,9,270,true,A料,140A,DP-140A-04,T0089,delivering
315,5,16,10,90,false,,,,,to_pickup
316,1,7,17,90,false,,209F,DP-209F-01,T0003,unloading
316,2,13,10,180,true,E料,209D,DP-209D-01,T0009,delivering
316,3,17,11,90,true,A料,209B,DP-209B-01,T0014,delivering
316,4,7,8,270,true,A料,140A,DP-140A-04,T0089,delivering
316,5,17,10,90,false,,,,,to_pickup
317,1,7,17,90,false,,209F,DP-209F-01,T0003,unloading
317,2,12,10,180,true,E料,209D,DP-209D-01,T0009,delivering
317,3,17,12,90,true,A料,209B,DP-209B-01,T0014,delivering
317,4,7,7,270,true,A料,140A,DP-140A-04,T0089,delivering
317,5,17,10,90,true,E料,200B,DP-200B-01,T0024,loading
318,1,7,16,270,false,,,,,to_pickup
318,2,11,10,180,true,E料,209D,DP-209D-01,T0009,delivering
318,3,17,13,90,true,A料,209B,DP-209B-01,T0014,delivering
318,4,6,7,180,true,A料,140A,DP-140A-04,T0089,delivering
318,5,17,10,90,true,E料,200B,DP-200B-01,T0024,loading
319,1,7,15,270,false,,,,,to_pickup
319,2,11,11,90,true,E料,209D,DP-209D-01,T0009,delivering
319,3,17,14,90,true,A料,209B,DP-209B-01,T0014,delivering
319,4,6,6,270,true,A料,140A,DP-140A-04,T0089,delivering
319,5,17,11,90,true,E料,200B,DP-200B-01,T0024,delivering
320,1,7,14,270,false,,,,,to_pickup
320,2,11,12,90,true,E料,209D,DP-209D-01,T0009,delivering
320,3,17,15,90,true,A料,209B,DP-209B-01,T0014,delivering
320,4,6,6,270,false,,140A,DP-140A-04,T0089,unloading
320,5,17,12,90,true,E料,200B,DP-200B-01,T0024,delivering
321,1,7,13,270,false,,,,,to_pickup
321,2,11,13,90,true,E料,209D,DP-209D-01,T0009,delivering
321,3,17,16,90,true,A料,209B,DP-209B-01,T0014,delivering
321,4,6,6,270,false,,140A,DP-140A-04,T0089,unloading
321,5,16,12,180,true,E料,200B,DP-200B-01,T0024,delivering
322,1,7,12,270,false,,,,,to_pickup
322,2,11,14,90,true,E料,209D,DP-209D-01,T0009,delivering
322,3,16,16,180,true,A料,209B,DP-209B-01,T0014,delivering
322,4,6,7,90,false,,,,,to_pickup
322,5,15,12,180,true,E料,200B,DP-200B-01,T0024,delivering
323,1,7,11,270,false,,,,,to_pickup
323,2,11,15,90,true,E料,209D,DP-209D-01,T0009,delivering
323,3,15,16,180,true,A料,209B,DP-209B-01,T0014,delivering
323,4,7,7,90,false,,,,,to_pickup
323,5,15,13,90,true,E料,200B,DP-200B-01,T0024,delivering
324,1,7,10,270,false,,,,,to_pickup
324,2,11,16,90,true,E料,209D,DP-209D-01,T0009,delivering
324,3,15,17,90,true,A料,209B,DP-209B-01,T0014,delivering
324,4,7,8,90,false,,,,,to_pickup
324,5,15,14,90,true,E料,200B,DP-200B-01,T0024,delivering
325,1,8,10,270,false,,,,,to_pickup
325,2,11,17,90,true,E料,209D,DP-209D-01,T0009,delivering
325,3,15,17,90,false,,209B,DP-209B-01,T0014,unloading
325,4,7,9,90,false,,,,,to_pickup
325,5,15,14,90,false,,200B,DP-200B-01,T0024,unloading
326,1,9,10,270,false,,,,,to_pickup
326,2,11,17,90,false,,209D,DP-209D-01,T0009,unloading
326,3,15,17,90,false,,209B,DP-209B-01,T0014,unloading
326,4,8,9,90,false,,,,,to_pickup
326,5,15,14,90,false,,200B,DP-200B-01,T0024,unloading
327,1,10,10,270,false,,,,,to_pickup
327,2,11,17,90,false,,209D,DP-209D-01,T0009,unloading
327,3,15,16,270,false,,,,,to_pickup
327,4,9,9,90,false,,,,,to_pickup
327,5,15,13,270,false,,,,,to_pickup
328,1,11,10,270,false,,,,,to_pickup
328,2,11,16,270,false,,,,,to_pickup
328,3,16,16,270,false,,,,,to_pickup
328,4,10,9,90,false,,,,,to_pickup
328,5,15,12,270,false,,,,,to_pickup
329,1,12,10,270,false,,,,,to_pickup
329,2,11,15,270,false,,,,,to_pickup
329,3,17,16,270,false,,,,,to_pickup
329,4,11,9,90,false,,,,,to_pickup
329,5,16,12,270,false,,,,,to_pickup
330,1,13,10,270,false,,,,,to_pickup
330,2,11,14,270,false,,,,,to_pickup
330,3,17,15,270,false,,,,,to_pickup
330,4,12,9,90,false,,,,,to_pickup
330,5,17,12,270,false,,,,,to_pickup
331,1,14,10,270,false,,,,,to_pickup
331,2,11,13,270,false,,,,,to_pickup
331,3,17,14,270,false,,,,,to_pickup
331,4,13,9,90,false,,,,,to_pickup
331,5,17,11,270,false,,,,,to_pickup
332,1,15,10,270,false,,,,,to_pickup
332,2,11,12,270,false,,,,,to_pickup
332,3,17,13,270,false,,,,,to_pickup
332,4,14,9,90,false,,,,,to_pickup
332,5,17,10,270,false,,,,,to_pickup
333,1,16,10,270,false,,,,,to_pickup
333,2,12,12,270,false,,,,,to_pickup
333,3,17,12,270,false,,,,,to_pickup
333,4,15,9,90,false,,,,,to_pickup
333,5,17,10,270,true,A料,130A,DP-130A-03,T0057,loading
334,1,16,10,270,false,,,,,to_pickup
334,2,13,12,270,false,,,,,to_pickup
334,3,17,11,270,false,,,,,to_pickup
334,4,16,9,90,false,,,,,to_pickup
334,5,17,10,270,true,A料,130A,DP-130A-03,T0057,loading
335,1,17,10,270,false,,,,,to_pickup
335,2,14,12,270,false,,,,,to_pickup
335,3,17,11,270,false,,,,,to_pickup
335,4,16,9,90,false,,,,,to_pickup
335,5,16,10,180,true,A料,130A,DP-130A-03,T0057,delivering
336,1,17,10,270,true,B料,140A,DP-140A-03,T0062,loading
336,2,15,12,270,false,,,,,to_pickup
336,3,17,11,270,false,,,,,to_pickup
336,4,16,10,90,false,,,,,to_pickup
336,5,15,10,180,true,A料,130A,DP-130A-03,T0057,delivering
337,1,17,10,270,true,B料,140A,DP-140A-03,T0062,loading
337,2,16,12,270,false,,,,,to_pickup
337,3,17,11,270,false,,,,,to_pickup
337,4,16,10,90,false,,,,,to_pickup
337,5,14,10,180,true,A料,130A,DP-130A-03,T0057,delivering
338,1,16,10,180,true,B料,140A,DP-140A-03,T0062,delivering
338,2,17,12,270,false,,,,,to_pickup
338,3,17,10,270,false,,,,,to_pickup
338,4,16,9,270,false,,,,,to_pickup
338,5,13,10,180,true,A料,130A,DP-130A-03,T0057,delivering
339,1,15,10,180,true,B料,140A,DP-140A-03,T0062,delivering
339,2,17,11,270,false,,,,,to_pickup
339,3,17,10,270,true,C料,140A,DP-140A-02,T0035,loading
339,4,16,10,90,false,,,,,to_pickup
339,5,12,10,180,true,A料,130A,DP-130A-03,T0057,delivering
340,1,14,10,180,true,B料,140A,DP-140A-03,T0062,delivering
340,2,17,11,270,false,,,,,to_pickup
340,3,17,10,270,true,C料,140A,DP-140A-02,T0035,loading
340,4,16,10,90,false,,,,,to_pickup
340,5,11,10,180,true,A料,130A,DP-130A-03,T0057,delivering
341,1,13,10,180,true,B料,140A,DP-140A-03,T0062,delivering
341,2,17,10,270,false,,,,,to_pickup
341,3,16,10,180,true,C料,140A,DP-140A-02,T0035,delivering
341,4,16,9,270,false,,,,,to_pickup
341,5,10,10,180,true,A料,130A,DP-130A-03,T0057,delivering
342,1,12,10,180,true,B料,140A,DP-140A-03,T0062,delivering
342,2,17,10,270,true,C料,200B,DP-200B-02,T0050,loading
342,3,15,10,180,true,C料,140A,DP-140A-02,T0035,delivering
342,4,16,10,90,false,,,,,to_pickup
342,5,9,10,180,true,A料,130A,DP-130A-03,T0057,delivering
343,1,11,10,180,true,B料,140A,DP-140A-03,T0062,delivering
343,2,17,10,270,true,C料,200B,DP-200B-02,T0050,loading
343,3,14,10,180,true,C料,140A,DP-140A-02,T0035,delivering
343,4,16,10,90,false,,,,,to_pickup
343,5,8,10,180,true,A料,130A,DP-130A-03,T0057,delivering
344,1,10,10,180,true,B料,140A,DP-140A-03,T0062,delivering
344,2,16,10,180,true,C料,200B,DP-200B-02,T0050,delivering
344,3,13,10,180,true,C料,140A,DP-140A-02,T0035,delivering
344,4,17,10,90,false,,,,,to_pickup
344,5,7,10,180,true,A料,130A,DP-130A-03,T0057,delivering
345,1,9,10,180,true,B料,140A,DP-140A-03,T0062,delivering
345,2,15,10,180,true,C料,200B,DP-200B-02,T0050,delivering
345,3,12,10,180,true,C料,140A,DP-140A-02,T0035,delivering
345,4,17,10,90,true,C料,140C,DP-140C-04,T0095,loading
345,5,6,10,180,true,A料,130A,DP-130A-03,T0057,delivering
346,1,8,10,180,true,B料,140A,DP-140A-03,T0062,delivering
346,2,15,10,180,false,,200B,DP-200B-02,T0050,unloading
346,3,11,10,180,true,C料,140A,DP-140A-02,T0035,delivering
346,4,17,10,90,true,C料,140C,DP-140C-04,T0095,loading
346,5,5,10,180,true,A料,130A,DP-130A-03,T0057,delivering
347,1,7,10,180,true,B料,140A,DP-140A-03,T0062,delivering
347,2,15,10,180,false,,200B,DP-200B-02,T0050,unloading
347,3,10,10,180,true,C料,140A,DP-140A-02,T0035,delivering
347,4,16,10,180,true,C料,140C,DP-140C-04,T0095,delivering
347,5,4,10,180,true,A料,130A,DP-130A-03,T0057,delivering
348,1,6,10,180,true,B料,140A,DP-140A-03,T0062,delivering
348,2,15,9,270,false,,,,,to_pickup
348,3,9,10,180,true,C料,140A,DP-140A-02,T0035,delivering
348,4,15,10,180,true,C料,140C,DP-140C-04,T0095,delivering
348,5,3,10,180,true,A料,130A,DP-130A-03,T0057,delivering
349,1,6,9,270,true,B料,140A,DP-140A-03,T0062,delivering
349,2,15,10,90,false,,,,,to_pickup
349,3,8,10,180,true,C料,140A,DP-140A-02,T0035,delivering
349,4,14,10,180,true,C料,140C,DP-140C-04,T0095,delivering
349,5,2,10,180,true,A料,130A,DP-130A-03,T0057,delivering
350,1,6,9,270,false,,140A,DP-140A-03,T0062,unloading
350,2,16,10,90,false,,,,,to_pickup
350,3,7,10,180,true,C料,140A,DP-140A-02,T0035,delivering
350,4,13,10,180,true,C料,140C,DP-140C-04,T0095,delivering
350,5,2,9,270,true,A料,130A,DP-130A-03,T0057,delivering
351,1,6,9,270,false,,140A,DP-140A-03,T0062,unloading
351,2,17,10,90,false,,,,,to_pickup
351,3,6,10,180,true,C料,140A,DP-140A-02,T0035,delivering
351,4,12,10,180,true,C料,140C,DP-140C-04,T0095,delivering
351,5,2,9,270,false,,130A,DP-130A-03,T0057,unloading
352,1,7,9,270,false,,,,,to_pickup
352,2,17,10,90,true,E料,150,DP-150-03,T0071,loading
352,3,6,10,180,false,,140A,DP-140A-02,T0035,unloading
352,4,11,10,180,true,C料,140C,DP-140C-04,T0095,delivering
352,5,2,9,270,false,,130A,DP-130A-03,T0057,unloading
353,1,8,9,270,false,,,,,to_pickup
353,2,17,10,90,true,E料,150,DP-150-03,T0071,loading
353,3,6,10,180,false,,140A,DP-140A-02,T0035,unloading
353,4,11,9,270,true,C料,140C,DP-140C-04,T0095,delivering
353,5,3,9,270,false,,,,,to_pickup
354,1,9,9,270,false,,,,,to_pickup
354,2,16,10,180,true,E料,150,DP-150-03,T0071,delivering
354,3,7,10,180,false,,,,,to_pickup
354,4,11,8,270,true,C料,140C,DP-140C-04,T0095,delivering
354,5,4,9,270,false,,,,,to_pickup
355,1,10,9,270,false,,,,,to_pickup
355,2,15,10,180,true,E料,150,DP-150-03,T0071,delivering
355,3,8,10,180,false,,,,,to_pickup
355,4,11,7,270,true,C料,140C,DP-140C-04,T0095,delivering
355,5,5,9,270,false,,,,,to_pickup
356,1,11,9,270,false,,,,,to_pickup
356,2,14,10,180,true,E料,150,DP-150-03,T0071,delivering
356,3,9,10,180,false,,,,,to_pickup
356,4,10,7,180,true,C料,140C,DP-140C-04,T0095,delivering
356,5,6,9,270,false,,,,,to_pickup
357,1,12,9,270,false,,,,,to_pickup
357,2,13,10,180,true,E料,150,DP-150-03,T0071,delivering
357,3,10,10,180,false,,,,,to_pickup
357,4,10,6,270,true,C料,140C,DP-140C-04,T0095,delivering
357,5,7,9,270,false,,,,,to_pickup
358,1,13,9,270,false,,,,,to_pickup
358,2,12,10,180,true,E料,150,DP-150-03,T0071,delivering
358,3,11,10,180,false,,,,,to_pickup
358,4,10,6,270,false,,140C,DP-140C-04,T0095,unloading
358,5,8,9,270,false,,,,,to_pickup
359,1,13,10,90,false,,,,,to_pickup
359,2,12,9,270,true,E料,150,DP-150-03,T0071,delivering
359,3,12,10,180,false,,,,,to_pickup
359,4,10,6,270,false,,140C,DP-140C-04,T0095,unloading
359,5,9,9,270,false,,,,,to_pickup
360,1,14,10,90,false,,,,,to_pickup
360,2,12,9,270,false,,150,DP-150-03,T0071,unloading
360,3,13,10,180,false,,,,,to_pickup
360,4,10,7,90,false,,,,,to_pickup
360,5,10,9,270,false,,,,,to_pickup
361,1,15,10,90,false,,,,,to_pickup
361,2,12,9,270,false,,150,DP-150-03,T0071,unloading
361,3,14,10,180,false,,,,,to_pickup
361,4,11,7,90,false,,,,,to_pickup
361,5,11,9,270,false,,,,,to_pickup
362,1,16,10,90,false,,,,,to_pickup
362,2,12,10,90,false,,,,,to_pickup
362,3,15,10,180,false,,,,,to_pickup
362,4,11,8,90,false,,,,,to_pickup
362,5,12,9,270,false,,,,,to_pickup
363,1,17,10,90,false,,,,,to_pickup
363,2,13,10,90,false,,,,,to_pickup
363,3,16,10,180,false,,,,,to_pickup
363,4,11,9,90,false,,,,,to_pickup
363,5,13,9,270,false,,,,,to_pickup
364,1,17,10,90,true,B料,200C,DP-200C-04,T0107,loading
364,2,14,10,90,false,,,,,to_pickup
364,3,16,10,180,false,,,,,to_pickup
364,4,11,10,90,false,,,,,to_pickup
364,5,14,9,270,false,,,,,to_pickup
365,1,17,10,90,true,B料,200C,DP-200C-04,T0107,loading
365,2,15,10,90,false,,,,,to_pickup
365,3,16,10,180,false,,,,,to_pickup
365,4,12,10,90,false,,,,,to_pickup
365,5,15,9,270,false,,,,,to_pickup
366,1,17,9,270,true,B料,200C,DP-200C-04,T0107,delivering
366,2,16,10,90,false,,,,,to_pickup
366,3,17,10,180,false,,,,,to_pickup
366,4,13,10,90,false,,,,,to_pickup
366,5,16,9,270,false,,,,,to_pickup
367,1,17,8,270,true,B料,200C,DP-200C-04,T0107,delivering
367,2,16,10,90,false,,,,,to_pickup
367,3,17,10,180,true,E料,200A,DP-200A-04,T0101,loading
367,4,14,10,90,false,,,,,to_pickup
367,5,17,9,270,false,,,,,to_pickup
368,1,17,7,270,true,B料,200C,DP-200C-04,T0107,delivering
368,2,16,10,90,false,,,,,to_pickup
368,3,17,10,180,true,E料,200A,DP-200A-04,T0101,loading
368,4,15,10,90,false,,,,,to_pickup
368,5,17,9,270,false,,,,,to_pickup
369,1,16,7,180,true,B料,200C,DP-200C-04,T0107,delivering
369,2,17,10,90,false,,,,,to_pickup
369,3,17,9,270,true,E料,200A,DP-200A-04,T0101,delivering
369,4,16,10,90,false,,,,,to_pickup
369,5,16,9,180,false,,,,,to_pickup
370,1,16,6,270,true,B料,200C,DP-200C-04,T0107,delivering
370,2,17,10,90,true,B料,130B,DP-130B-03,T0060,loading
370,3,17,8,270,true,E料,200A,DP-200A-04,T0101,delivering
370,4,16,10,90,false,,,,,to_pickup
370,5,17,9,180,false,,,,,to_pickup
371,1,16,6,270,false,,200C,DP-200C-04,T0107,unloading
371,2,17,10,90,true,B料,130B,DP-130B-03,T0060,loading
371,3,17,7,270,true,E料,200A,DP-200A-04,T0101,delivering
371,4,16,10,90,false,,,,,to_pickup
371,5,17,9,180,false,,,,,to_pickup
372,1,16,6,270,false,,200C,DP-200C-04,T0107,unloading
372,2,16,10,180,true,B料,130B,DP-130B-03,T0060,delivering
372,3,16,7,180,true,E料,200A,DP-200A-04,T0101,delivering
372,4,17,10,90,false,,,,,to_pickup
372,5,16,9,180,false,,,,,to_pickup
373,1,16,7,90,false,,,,,to_pickup
373,2,15,10,180,true,B料,130B,DP-130B-03,T0060,delivering
373,3,15,7,180,true,E料,200A,DP-200A-04,T0101,delivering
373,4,17,10,90,true,C料,140B,DP-140B-03,T0065,loading
373,5,16,10,90,false,,,,,to_pickup
374,1,17,7,90,false,,,,,to_pickup
374,2,14,10,180,true,B料,130B,DP-130B-03,T0060,delivering
374,3,14,7,180,true,E料,200A,DP-200A-04,T0101,delivering
374,4,17,10,90,true,C料,140B,DP-140B-03,T0065,loading
374,5,16,10,90,false,,,,,to_pickup
375,1,17,8,90,false,,,,,to_pickup
375,2,13,10,180,true,B料,130B,DP-130B-03,T0060,delivering
375,3,14,6,270,true,E料,200A,DP-200A-04,T0101,delivering
375,4,16,10,180,true,C料,140B,DP-140B-03,T0065,delivering
375,5,17,10,90,false,,,,,to_pickup
376,1,17,9,90,false,,,,,to_pickup
376,2,12,10,180,true,B料,130B,DP-130B-03,T0060,delivering
376,3,14,6,270,false,,200A,DP-200A-04,T0101,unloading
376,4,15,10,180,true,C料,140B,DP-140B-03,T0065,delivering
376,5,17,10,90,true,B料,200A,DP-200A-03,T0075,loading
377,1,17,9,90,false,,,,,to_pickup
377,2,11,10,180,true,B料,130B,DP-130B-03,T0060,delivering
377,3,14,6,270,false,,200A,DP-200A-04,T0101,unloading
377,4,14,10,180,true,C料,140B,DP-140B-03,T0065,delivering
377,5,17,10,90,true,B料,200A,DP-200A-03,T0075,loading
378,1,17,10,90,false,,,,,to_pickup
378,2,10,10,180,true,B料,130B,DP-130B-03,T0060,delivering
378,3,14,7,90,false,,,,,to_pickup
378,4,13,10,180,true,C料,140B,DP-140B-03,T0065,delivering
378,5,16,10,180,true,B料,200A,DP-200A-03,T0075,delivering
379,1,17,10,90,true,E料,130B,DP-130B-04,T0086,loading
379,2,9,10,180,true,B料,130B,DP-130B-03,T0060,delivering
379,3,15,7,90,false,,,,,to_pickup
379,4,12,10,180,true,C料,140B,DP-140B-03,T0065,delivering
379,5,15,10,180,true,B料,200A,DP-200A-03,T0075,delivering
380,1,17,10,90,true,E料,130B,DP-130B-04,T0086,loading
380,2,8,10,180,true,B料,130B,DP-130B-03,T0060,delivering
380,3,16,7,90,false,,,,,to_pickup
380,4,11,10,180,true,C料,140B,DP-140B-03,T0065,delivering
380,5,14,10,180,true,B料,200A,DP-200A-03,T0075,delivering
381,1,16,10,180,true,E料,130B,DP-130B-04,T0086,delivering
381,2,7,10,180,true,B料,130B,DP-130B-03,T0060,delivering
381,3,17,7,90,false,,,,,to_pickup
381,4,10,10,180,true,C料,140B,DP-140B-03,T0065,delivering
381,5,14,9,270,true,B料,200A,DP-200A-03,T0075,delivering
382,1,15,10,180,true,E料,130B,DP-130B-04,T0086,delivering
382,2,6,10,180,true,B料,130B,DP-130B-03,T0060,delivering
382,3,17,8,90,false,,,,,to_pickup
382,4,9,10,180,true,C料,140B,DP-140B-03,T0065,delivering
382,5,14,9,270,false,,200A,DP-200A-03,T0075,unloading
383,1,14,10,180,true,E料,130B,DP-130B-04,T0086,delivering
383,2,5,10,180,true,B料,130B,DP-130B-03,T0060,delivering
383,3,17,9,90,false,,,,,to_pickup
383,4,8,10,180,true,C料,140B,DP-140B-03,T0065,delivering
383,5,14,9,270,false,,200A,DP-200A-03,T0075,unloading
384,1,13,10,180,true,E料,130B,DP-130B-04,T0086,delivering
384,2,4,10,180,true,B料,130B,DP-130B-03,T0060,delivering
384,3,17,10,90,false,,,,,to_pickup
384,4,8,9,270,true,C料,140B,DP-140B-03,T0065,delivering
384,5,14,10,90,false,,,,,to_pickup
385,1,12,10,180,true,E料,130B,DP-130B-04,T0086,delivering
385,2,4,9,270,true,B料,130B,DP-130B-03,T0060,delivering
385,3,17,10,90,true,C料,140B,DP-140B-04,T0093,loading
385,4,8,9,270,false,,140B,DP-140B-03,T0065,unloading
385,5,15,10,90,false,,,,,to_pickup
386,1,11,10,180,true,E料,130B,DP-130B-04,T0086,delivering
386,2,4,9,270,false,,130B,DP-130B-03,T0060,unloading
386,3,17,10,90,true,C料,140B,DP-140B-04,T0093,loading
386,4,8,9,270,false,,140B,DP-140B-03,T0065,unloading
386,5,16,10,90,false,,,,,to_pickup
387,1,10,10,180,true,E料,130B,DP-130B-04,T0086,delivering
387,2,4,9,270,false,,130B,DP-130B-03,T0060,unloading
387,3,16,10,180,true,C料,140B,DP-140B-04,T0093,delivering
387,4,9,9,270,false,,,,,to_pickup
387,5,17,10,90,false,,,,,to_pickup
388,1,9,10,180,true,E料,130B,DP-130B-04,T0086,delivering
388,2,5,9,270,false,,,,,to_pickup
388,3,15,10,180,true,C料,140B,DP-140B-04,T0093,delivering
388,4,10,9,270,false,,,,,to_pickup
388,5,17,10,90,true,E料,140B,DP-140B-02,T0039,loading
389,1,8,10,180,true,E料,130B,DP-130B-04,T0086,delivering
389,2,6,9,270,false,,,,,to_pickup
389,3,14,10,180,true,C料,140B,DP-140B-04,T0093,delivering
389,4,11,9,270,false,,,,,to_pickup
389,5,17,10,90,true,E料,140B,DP-140B-02,T0039,loading
390,1,7,10,180,true,E料,130B,DP-130B-04,T0086,delivering
390,2,7,9,270,false,,,,,to_pickup
390,3,13,10,180,true,C料,140B,DP-140B-04,T0093,delivering
390,4,12,9,270,false,,,,,to_pickup
390,5,16,10,180,true,E料,140B,DP-140B-02,T0039,delivering
391,1,6,10,180,true,E料,130B,DP-130B-04,T0086,delivering
391,2,8,9,270,false,,,,,to_pickup
391,3,12,10,180,true,C料,140B,DP-140B-04,T0093,delivering
391,4,13,9,270,false,,,,,to_pickup
391,5,15,10,180,true,E料,140B,DP-140B-02,T0039,delivering
392,1,5,10,180,true,E料,130B,DP-130B-04,T0086,delivering
392,2,9,9,270,false,,,,,to_pickup
392,3,11,10,180,true,C料,140B,DP-140B-04,T0093,delivering
392,4,14,9,270,false,,,,,to_pickup
392,5,14,10,180,true,E料,140B,DP-140B-02,T0039,delivering
393,1,5,9,270,true,E料,130B,DP-130B-04,T0086,delivering
393,2,10,9,270,false,,,,,to_pickup
393,3,10,10,180,true,C料,140B,DP-140B-04,T0093,delivering
393,4,14,10,90,false,,,,,to_pickup
393,5,13,10,180,true,E料,140B,DP-140B-02,T0039,delivering
394,1,5,8,270,true,E料,130B,DP-130B-04,T0086,delivering
394,2,11,9,270,false,,,,,to_pickup
394,3,9,10,180,true,C料,140B,DP-140B-04,T0093,delivering
394,4,15,10,90,false,,,,,to_pickup
394,5,12,10,180,true,E料,140B,DP-140B-02,T0039,delivering
395,1,5,7,270,true,E料,130B,DP-130B-04,T0086,delivering
395,2,12,9,270,false,,,,,to_pickup
395,3,9,9,270,true,C料,140B,DP-140B-04,T0093,delivering
395,4,16,10,90,false,,,,,to_pickup
395,5,11,10,180,true,E料,140B,DP-140B-02,T0039,delivering
396,1,4,7,180,true,E料,130B,DP-130B-04,T0086,delivering
396,2,13,9,270,false,,,,,to_pickup
396,3,9,8,270,true,C料,140B,DP-140B-04,T0093,delivering
396,4,17,10,90,false,,,,,to_pickup
396,5,10,10,180,true,E料,140B,DP-140B-02,T0039,delivering
397,1,4,6,270,true,E料,130B,DP-130B-04,T0086,delivering
397,2,14,9,270,false,,,,,to_pickup
397,3,9,7,270,true,C料,140B,DP-140B-04,T0093,delivering
397,4,17,10,90,true,D料,209E,DP-209E-01,T0006,loading
397,5,9,10,180,true,E料,140B,DP-140B-02,T0039,delivering
398,1,4,6,270,false,,130B,DP-130B-04,T0086,unloading
398,2,15,9,270,false,,,,,to_pickup
398,3,8,7,180,true,C料,140B,DP-140B-04,T0093,delivering
398,4,17,10,90,true,D料,209E,DP-209E-01,T0006,loading
398,5,8,10,180,true,E料,140B,DP-140B-02,T0039,delivering
399,1,4,6,270,false,,130B,DP-130B-04,T0086,unloading
399,2,16,9,270,false,,,,,to_pickup
399,3,8,6,270,true,C料,140B,DP-140B-04,T0093,delivering
399,4,16,10,180,true,D料,209E,DP-209E-01,T0006,delivering
399,5,8,10,180,false,,140B,DP-140B-02,T0039,unloading
400,1,4,7,90,false,,,,,to_pickup
400,2,16,10,90,false,,,,,to_pickup
400,3,8,6,270,false,,140B,DP-140B-04,T0093,unloading
400,4,15,10,180,true,D料,209E,DP-209E-01,T0006,delivering
400,5,8,10,180,false,,140B,DP-140B-02,T0039,unloading
401,1,5,7,90,false,,,,,to_pickup
401,2,17,10,90,false,,,,,to_pickup
401,3,8,6,270,false,,140B,DP-140B-04,T0093,unloading
401,4,14,10,180,true,D料,209E,DP-209E-01,T0006,delivering
401,5,9,10,180,false,,,,,to_pickup
402,1,6,7,90,false,,,,,to_pickup
402,2,17,10,90,true,D料,200C,DP-200C-02,T0053,loading
402,3,8,7,90,false,,,,,to_pickup
402,4,13,10,180,true,D料,209E,DP-209E-01,T0006,delivering
402,5,10,10,180,false,,,,,to_pickup
403,1,7,7,90,false,,,,,to_pickup
403,2,17,10,90,true,D料,200C,DP-200C-02,T0053,loading
403,3,9,7,90,false,,,,,to_pickup
403,4,12,10,180,true,D料,209E,DP-209E-01,T0006,delivering
403,5,11,10,180,false,,,,,to_pickup
404,1,8,7,90,false,,,,,to_pickup
404,2,16,10,180,true,D料,200C,DP-200C-02,T0053,delivering
404,3,9,8,90,false,,,,,to_pickup
404,4,11,10,180,true,D料,209E,DP-209E-01,T0006,delivering
404,5,11,9,270,false,,,,,to_pickup
405,1,9,7,90,false,,,,,to_pickup
405,2,16,10,180,false,,200C,DP-200C-02,T0053,unloading
405,3,9,9,90,false,,,,,to_pickup
405,4,10,10,180,true,D料,209E,DP-209E-01,T0006,delivering
405,5,12,9,270,false,,,,,to_pickup
406,1,10,7,90,false,,,,,to_pickup
406,2,16,10,180,false,,200C,DP-200C-02,T0053,unloading
406,3,10,9,90,false,,,,,to_pickup
406,4,9,10,180,true,D料,209E,DP-209E-01,T0006,delivering
406,5,13,9,270,false,,,,,to_pickup
407,1,11,7,90,false,,,,,to_pickup
407,2,17,10,180,false,,,,,to_pickup
407,3,10,10,90,false,,,,,to_pickup
407,4,9,11,90,true,D料,209E,DP-209E-01,T0006,delivering
407,5,14,9,270,false,,,,,to_pickup
408,1,12,7,90,false,,,,,to_pickup
408,2,17,10,180,true,C料,200B,DP-200B-03,T0078,loading
408,3,11,10,90,false,,,,,to_pickup
408,4,9,12,90,true,D料,209E,DP-209E-01,T0006,delivering
408,5,15,9,270,false,,,,,to_pickup
409,1,13,7,90,false,,,,,to_pickup
409,2,17,10,180,true,C料,200B,DP-200B-03,T0078,loading
409,3,12,10,90,false,,,,,to_pickup
409,4,9,13,90,true,D料,209E,DP-209E-01,T0006,delivering
409,5,16,9,270,false,,,,,to_pickup
410,1,14,7,90,false,,,,,to_pickup
410,2,16,10,180,true,C料,200B,DP-200B-03,T0078,delivering
410,3,13,10,90,false,,,,,to_pickup
410,4,9,14,90,true,D料,209E,DP-209E-01,T0006,delivering
410,5,17,9,270,false,,,,,to_pickup
411,1,15,7,90,false,,,,,to_pickup
411,2,15,10,180,true,C料,200B,DP-200B-03,T0078,delivering
411,3,14,10,90,false,,,,,to_pickup
411,4,9,15,90,true,D料,209E,DP-209E-01,T0006,delivering
411,5,17,10,90,false,,,,,to_pickup
412,1,16,7,90,false,,,,,to_pickup
412,2,15,9,270,true,C料,200B,DP-200B-03,T0078,delivering
412,3,15,10,90,false,,,,,to_pickup
412,4,9,16,90,true,D料,209E,DP-209E-01,T0006,delivering
412,5,17,10,90,true,E料,150,DP-150-04,T0099,loading
413,1,17,7,90,false,,,,,to_pickup
413,2,15,9,270,false,,200B,DP-200B-03,T0078,unloading
413,3,16,10,90,false,,,,,to_pickup
413,4,9,17,90,true,D料,209E,DP-209E-01,T0006,delivering
413,5,17,10,90,true,E料,150,DP-150-04,T0099,loading
414,1,17,8,90,false,,,,,to_pickup
414,2,15,9,270,false,,200B,DP-200B-03,T0078,unloading
414,3,17,10,90,false,,,,,to_pickup
414,4,9,17,90,false,,209E,DP-209E-01,T0006,unloading
414,5,16,10,180,true,E料,150,DP-150-04,T0099,delivering
415,1,17,9,90,false,,,,,to_pickup
415,2,16,9,270,false,,,,,to_pickup
415,3,17,10,90,true,A料,209C,DP-209C-01,T0012,loading
415,4,9,17,90,false,,209E,DP-209E-01,T0006,unloading
415,5,15,10,180,true,E料,150,DP-150-04,T0099,delivering
416,1,17,9,90,false,,,,,to_pickup
416,2,16,10,90,false,,,,,to_pickup
416,3,17,10,90,true,A料,209C,DP-209C-01,T0012,loading
416,4,9,16,270,false,,,,,to_pickup
416,5,14,10,180,true,E料,150,DP-150-04,T0099,delivering
417,1,17,10,90,false,,,,,to_pickup
417,2,16,9,270,false,,,,,to_pickup
417,3,16,10,180,true,A料,209C,DP-209C-01,T0012,delivering
417,4,9,15,270,false,,,,,to_pickup
417,5,13,10,180,true,E料,150,DP-150-04,T0099,delivering
418,1,17,10,90,true,D料,200C,DP-200C-03,T0081,loading
418,2,16,10,90,false,,,,,to_pickup
418,3,15,10,180,true,A料,209C,DP-209C-01,T0012,delivering
418,4,9,14,270,false,,,,,to_pickup
418,5,13,9,270,true,E料,150,DP-150-04,T0099,delivering
419,1,17,10,90,true,D料,200C,DP-200C-03,T0081,loading
419,2,16,10,90,false,,,,,to_pickup
419,3,14,10,180,true,A料,209C,DP-209C-01,T0012,delivering
419,4,9,13,270,false,,,,,to_pickup
419,5,13,8,270,true,E料,150,DP-150-04,T0099,delivering
420,1,16,10,180,true,D料,200C,DP-200C-03,T0081,delivering
420,2,17,10,90,false,,,,,to_pickup
420,3,13,10,180,true,A料,209C,DP-209C-01,T0012,delivering
420,4,9,12,270,false,,,,,to_pickup
420,5,13,7,270,true,E料,150,DP-150-04,T0099,delivering
421,1,16,9,270,true,D料,200C,DP-200C-03,T0081,delivering
421,2,17,10,90,true,B料,150,DP-150-02,T0045,loading
421,3,13,11,90,true,A料,209C,DP-209C-01,T0012,delivering
421,4,10,12,270,false,,,,,to_pickup
421,5,12,7,180,true,E料,150,DP-150-04,T0099,delivering
422,1,16,9,270,false,,200C,DP-200C-03,T0081,unloading
422,2,17,10,90,true,B料,150,DP-150-02,T0045,loading
422,3,13,12,90,true,A料,209C,DP-209C-01,T0012,delivering
422,4,11,12,270,false,,,,,to_pickup
422,5,12,6,270,true,E料,150,DP-150-04,T0099,delivering
423,1,16,9,270,false,,200C,DP-200C-03,T0081,unloading
423,2,16,10,180,true,B料,150,DP-150-02,T0045,delivering
423,3,13,13,90,true,A料,209C,DP-209C-01,T0012,delivering
423,4,12,12,270,false,,,,,to_pickup
423,5,12,6,270,false,,150,DP-150-04,T0099,unloading
424,1,16,10,90,false,,,,,to_pickup
424,2,15,10,180,true,B料,150,DP-150-02,T0045,delivering
424,3,13,14,90,true,A料,209C,DP-209C-01,T0012,delivering
424,4,13,12,270,false,,,,,to_pickup
424,5,12,6,270,false,,150,DP-150-04,T0099,unloading
425,1,17,10,90,false,,,,,to_pickup
425,2,14,10,180,true,B料,150,DP-150-02,T0045,delivering
425,3,13,15,90,true,A料,209C,DP-209C-01,T0012,delivering
425,4,13,11,270,false,,,,,to_pickup
425,5,12,7,90,false,,,,,to_pickup
426,1,17,10,90,true,A料,200C,DP-200C-01,T0027,loading
426,2,13,10,180,true,B料,150,DP-150-02,T0045,delivering
426,3,13,16,90,true,A料,209C,DP-209C-01,T0012,delivering
426,4,13,11,270,false,,,,,to_pickup
426,5,13,7,90,false,,,,,to_pickup
427,1,17,10,90,true,A料,200C,DP-200C-01,T0027,loading
427,2,12,10,180,true,B料,150,DP-150-02,T0045,delivering
427,3,13,17,90,true,A料,209C,DP-209C-01,T0012,delivering
427,4,13,10,270,false,,,,,to_pickup
427,5,13,8,90,false,,,,,to_pickup
428,1,17,11,90,true,A料,200C,DP-200C-01,T0027,delivering
428,2,12,10,180,false,,150,DP-150-02,T0045,unloading
428,3,13,17,90,false,,209C,DP-209C-01,T0012,unloading
428,4,14,10,270,false,,,,,to_pickup
428,5,13,9,90,false,,,,,to_pickup
429,1,17,12,90,true,A料,200C,DP-200C-01,T0027,delivering
429,2,12,10,180,false,,150,DP-150-02,T0045,unloading
429,3,13,17,90,false,,209C,DP-209C-01,T0012,unloading
429,4,15,10,270,false,,,,,to_pickup
429,5,13,10,90,false,,,,,to_pickup
430,1,16,12,180,true,A料,200C,DP-200C-01,T0027,delivering
430,2,13,10,180,false,,,,,to_pickup
430,3,13,16,270,false,,,,,to_pickup
430,4,16,10,270,false,,,,,to_pickup
430,5,12,10,180,false,,,,,to_pickup
431,1,16,13,90,true,A料,200C,DP-200C-01,T0027,delivering
431,2,14,10,180,false,,,,,to_pickup
431,3,13,15,270,false,,,,,to_pickup
431,4,17,10,270,false,,,,,to_pickup
431,5,13,10,180,false,,,,,to_pickup
432,1,16,14,90,true,A料,200C,DP-200C-01,T0027,delivering
432,2,15,10,180,false,,,,,to_pickup
432,3,13,14,270,false,,,,,to_pickup
432,4,17,10,270,true,C料,209A,DP-209A-01,T0018,loading
432,5,14,10,180,false,,,,,to_pickup
433,1,16,14,90,false,,200C,DP-200C-01,T0027,unloading
433,2,16,10,180,false,,,,,to_pickup
433,3,13,13,270,false,,,,,to_pickup
433,4,17,10,270,true,C料,209A,DP-209A-01,T0018,loading
433,5,15,10,180,false,,,,,to_pickup
434,1,16,14,90,false,,200C,DP-200C-01,T0027,unloading
434,2,17,10,180,false,,,,,to_pickup
434,3,13,12,270,false,,,,,to_pickup
434,4,17,11,90,true,C料,209A,DP-209A-01,T0018,delivering
434,5,16,10,180,false,,,,,to_pickup
435,1,16,13,270,false,,,,,to_pickup
435,2,17,10,180,true,D料,140A,DP-140A-02,T0036,loading
435,3,13,11,270,false,,,,,to_pickup
435,4,17,12,90,true,C料,209A,DP-209A-01,T0018,delivering
435,5,16,10,180,false,,,,,to_pickup
436,1,16,12,270,false,,,,,to_pickup
436,2,17,10,180,true,D料,140A,DP-140A-02,T0036,loading
436,3,13,10,270,false,,,,,to_pickup
436,4,17,13,90,true,C料,209A,DP-209A-01,T0018,delivering
436,5,16,10,180,false,,,,,to_pickup
437,1,17,12,270,false,,,,,to_pickup
437,2,16,10,180,true,D料,140A,DP-140A-02,T0036,delivering
437,3,14,10,270,false,,,,,to_pickup
437,4,17,14,90,true,C料,209A,DP-209A-01,T0018,delivering
437,5,17,10,180,false,,,,,to_pickup
438,1,17,11,270,false,,,,,to_pickup
438,2,15,10,180,true,D料,140A,DP-140A-02,T0036,delivering
438,3,14,9,270,false,,,,,to_pickup
438,4,17,15,90,true,C料,209A,DP-209A-01,T0018,delivering
438,5,17,10,180,true,A料,140C,DP-140C-02,T0042,loading
439,1,17,11,270,false,,,,,to_pickup
439,2,14,10,180,true,D料,140A,DP-140A-02,T0036,delivering
439,3,15,9,270,false,,,,,to_pickup
439,4,17,16,90,true,C料,209A,DP-209A-01,T0018,delivering
439,5,17,10,180,true,A料,140C,DP-140C-02,T0042,loading
440,1,17,10,270,false,,,,,to_pickup
440,2,13,10,180,true,D料,140A,DP-140A-02,T0036,delivering
440,3,16,9,270,false,,,,,to_pickup
440,4,17,17,90,true,C料,209A,DP-209A-01,T0018,delivering
440,5,16,10,180,true,A料,140C,DP-140C-02,T0042,delivering
441,1,17,10,270,true,D料,200B,DP-200B-02,T0051,loading
441,2,12,10,180,true,D料,140A,DP-140A-02,T0036,delivering
441,3,16,10,90,false,,,,,to_pickup
441,4,17,17,90,false,,209A,DP-209A-01,T0018,unloading
441,5,15,10,180,true,A料,140C,DP-140C-02,T0042,delivering
442,1,17,10,270,true,D料,200B,DP-200B-02,T0051,loading
442,2,11,10,180,true,D料,140A,DP-140A-02,T0036,delivering
442,3,16,10,90,false,,,,,to_pickup
442,4,17,17,90,false,,209A,DP-209A-01,T0018,unloading
442,5,14,10,180,true,A料,140C,DP-140C-02,T0042,delivering
443,1,16,10,180,true,D料,200B,DP-200B-02,T0051,delivering
443,2,10,10,180,true,D料,140A,DP-140A-02,T0036,delivering
443,3,17,10,90,false,,,,,to_pickup
443,4,17,16,270,false,,,,,to_pickup
443,5,13,10,180,true,A料,140C,DP-140C-02,T0042,delivering
444,1,15,10,180,true,D料,200B,DP-200B-02,T0051,delivering
444,2,9,10,180,true,D料,140A,DP-140A-02,T0036,delivering
444,3,17,10,90,true,B料,140A,DP-140A-04,T0090,loading
444,4,17,15,270,false,,,,,to_pickup
444,5,12,10,180,true,A料,140C,DP-140C-02,T0042,delivering
445,1,15,10,180,false,,200B,DP-200B-02,T0051,unloading
445,2,8,10,180,true,D料,140A,DP-140A-02,T0036,delivering
445,3,17,10,90,true,B料,140A,DP-140A-04,T0090,loading
445,4,17,14,270,false,,,,,to_pickup
445,5,11,10,180,true,A料,140C,DP-140C-02,T0042,delivering
446,1,15,10,180,false,,200B,DP-200B-02,T0051,unloading
446,2,7,10,180,true,D料,140A,DP-140A-02,T0036,delivering
446,3,16,10,180,true,B料,140A,DP-140A-04,T0090,delivering
446,4,17,13,270,false,,,,,to_pickup
446,5,10,10,180,true,A料,140C,DP-140C-02,T0042,delivering
447,1,15,9,270,false,,,,,to_pickup
447,2,6,10,180,true,D料,140A,DP-140A-02,T0036,delivering
447,3,15,10,180,true,B料,140A,DP-140A-04,T0090,delivering
447,4,17,12,270,false,,,,,to_pickup
447,5,10,10,180,false,,140C,DP-140C-02,T0042,unloading
448,1,15,10,90,false,,,,,to_pickup
448,2,6,10,180,false,,140A,DP-140A-02,T0036,unloading
448,3,14,10,180,true,B料,140A,DP-140A-04,T0090,delivering
448,4,17,11,270,false,,,,,to_pickup
448,5,10,10,180,false,,140C,DP-140C-02,T0042,unloading
449,1,16,10,90,false,,,,,to_pickup
449,2,6,10,180,false,,140A,DP-140A-02,T0036,unloading
449,3,13,10,180,true,B料,140A,DP-140A-04,T0090,delivering
449,4,17,10,270,false,,,,,to_pickup
449,5,11,10,180,false,,,,,to_pickup
450,1,16,10,90,false,,,,,to_pickup
450,2,7,10,180,false,,,,,to_pickup
450,3,12,10,180,true,B料,140A,DP-140A-04,T0090,delivering
450,4,17,10,270,true,E料,140C,DP-140C-03,T0069,loading
450,5,11,9,270,false,,,,,to_pickup
451,1,16,10,90,false,,,,,to_pickup
451,2,8,10,180,false,,,,,to_pickup
451,3,11,10,180,true,B料,140A,DP-140A-04,T0090,delivering
451,4,17,10,270,true,E料,140C,DP-140C-03,T0069,loading
451,5,12,9,270,false,,,,,to_pickup
452,1,17,10,90,false,,,,,to_pickup
452,2,9,10,180,false,,,,,to_pickup
452,3,10,10,180,true,B料,140A,DP-140A-04,T0090,delivering
452,4,16,10,180,true,E料,140C,DP-140C-03,T0069,delivering
452,5,13,9,270,false,,,,,to_pickup
453,1,17,10,90,true,B料,209B,DP-209B-01,T0015,loading
453,2,9,9,270,false,,,,,to_pickup
453,3,9,10,180,true,B料,140A,DP-140A-04,T0090,delivering
453,4,15,10,180,true,E料,140C,DP-140C-03,T0069,delivering
453,5,14,9,270,false,,,,,to_pickup
454,1,17,10,90,true,B料,209B,DP-209B-01,T0015,loading
454,2,10,9,270,false,,,,,to_pickup
454,3,8,10,180,true,B料,140A,DP-140A-04,T0090,delivering
454,4,14,10,180,true,E料,140C,DP-140C-03,T0069,delivering
454,5,15,9,270,false,,,,,to_pickup
455,1,17,11,90,true,B料,209B,DP-209B-01,T0015,delivering
455,2,11,9,270,false,,,,,to_pickup
455,3,7,10,180,true,B料,140A,DP-140A-04,T0090,delivering
455,4,13,10,180,true,E料,140C,DP-140C-03,T0069,delivering
455,5,15,10,90,false,,,,,to_pickup
456,1,17,12,90,true,B料,209B,DP-209B-01,T0015,delivering
456,2,12,9,270,false,,,,,to_pickup
456,3,7,9,270,true,B料,140A,DP-140A-04,T0090,delivering
456,4,12,10,180,true,E料,140C,DP-140C-03,T0069,delivering
456,5,16,10,90,false,,,,,to_pickup
457,1,17,13,90,true,B料,209B,DP-209B-01,T0015,delivering
457,2,13,9,270,false,,,,,to_pickup
457,3,7,8,270,true,B料,140A,DP-140A-04,T0090,delivering
457,4,11,10,180,true,E料,140C,DP-140C-03,T0069,delivering
457,5,17,10,90,false,,,,,to_pickup
458,1,17,14,90,true,B料,209B,DP-209B-01,T0015,delivering
458,2,14,9,270,false,,,,,to_pickup
458,3,7,7,270,true,B料,140A,DP-140A-04,T0090,delivering
458,4,10,10,180,true,E料,140C,DP-140C-03,T0069,delivering
458,5,17,10,90,true,C料,130B,DP-130B-02,T0033,loading
459,1,17,15,90,true,B料,209B,DP-209B-01,T0015,delivering
459,2,15,9,270,false,,,,,to_pickup
459,3,6,7,180,true,B料,140A,DP-140A-04,T0090,delivering
459,4,10,9,270,true,E料,140C,DP-140C-03,T0069,delivering
459,5,17,10,90,true,C料,130B,DP-130B-02,T0033,loading
460,1,17,16,90,true,B料,209B,DP-209B-01,T0015,delivering
460,2,16,9,270,false,,,,,to_pickup
460,3,6,6,270,true,B料,140A,DP-140A-04,T0090,delivering
460,4,10,9,270,false,,140C,DP-140C-03,T0069,unloading
460,5,16,10,180,true,C料,130B,DP-130B-02,T0033,delivering
461,1,16,16,180,true,B料,209B,DP-209B-01,T0015,delivering
461,2,16,10,90,false,,,,,to_pickup
461,3,6,6,270,false,,140A,DP-140A-04,T0090,unloading
461,4,10,9,270,false,,140C,DP-140C-03,T0069,unloading
461,5,15,10,180,true,C料,130B,DP-130B-02,T0033,delivering
462,1,15,16,180,true,B料,209B,DP-209B-01,T0015,delivering
462,2,17,10,90,false,,,,,to_pickup
462,3,6,6,270,false,,140A,DP-140A-04,T0090,unloading
462,4,11,9,270,false,,,,,to_pickup
462,5,14,10,180,true,C料,130B,DP-130B-02,T0033,delivering
463,1,15,17,90,true,B料,209B,DP-209B-01,T0015,delivering
463,2,17,10,90,true,C料,140A,DP-140A-03,T0063,loading
463,3,6,7,90,false,,,,,to_pickup
463,4,12,9,270,false,,,,,to_pickup
463,5,13,10,180,true,C料,130B,DP-130B-02,T0033,delivering
464,1,15,17,90,false,,209B,DP-209B-01,T0015,unloading
464,2,17,10,90,true,C料,140A,DP-140A-03,T0063,loading
464,3,7,7,90,false,,,,,to_pickup
464,4,13,9,270,false,,,,,to_pickup
464,5,12,10,180,true,C料,130B,DP-130B-02,T0033,delivering
465,1,15,17,90,false,,209B,DP-209B-01,T0015,unloading
465,2,16,10,180,true,C料,140A,DP-140A-03,T0063,delivering
465,3,7,8,90,false,,,,,to_pickup
465,4,14,9,270,false,,,,,to_pickup
465,5,11,10,180,true,C料,130B,DP-130B-02,T0033,delivering
466,1,15,16,270,false,,,,,to_pickup
466,2,15,10,180,true,C料,140A,DP-140A-03,T0063,delivering
466,3,7,9,90,false,,,,,to_pickup
466,4,15,9,270,false,,,,,to_pickup
466,5,10,10,180,true,C料,130B,DP-130B-02,T0033,delivering
467,1,16,16,270,false,,,,,to_pickup
467,2,14,10,180,true,C料,140A,DP-140A-03,T0063,delivering
467,3,8,9,90,false,,,,,to_pickup
467,4,15,10,90,false,,,,,to_pickup
467,5,9,10,180,true,C料,130B,DP-130B-02,T0033,delivering
468,1,17,16,270,false,,,,,to_pickup
468,2,13,10,180,true,C料,140A,DP-140A-03,T0063,delivering
468,3,9,9,90,false,,,,,to_pickup
468,4,16,10,90,false,,,,,to_pickup
468,5,8,10,180,true,C料,130B,DP-130B-02,T0033,delivering
469,1,17,15,270,false,,,,,to_pickup
469,2,12,10,180,true,C料,140A,DP-140A-03,T0063,delivering
469,3,10,9,90,false,,,,,to_pickup
469,4,17,10,90,false,,,,,to_pickup
469,5,7,10,180,true,C料,130B,DP-130B-02,T0033,delivering
470,1,17,14,270,false,,,,,to_pickup
470,2,11,10,180,true,C料,140A,DP-140A-03,T0063,delivering
470,3,11,9,90,false,,,,,to_pickup
470,4,17,10,90,true,E料,130A,DP-130A-04,T0084,loading
470,5,6,10,180,true,C料,130B,DP-130B-02,T0033,delivering
471,1,17,13,270,false,,,,,to_pickup
471,2,10,10,180,true,C料,140A,DP-140A-03,T0063,delivering
471,3,12,9,90,false,,,,,to_pickup
471,4,17,10,90,true,E料,130A,DP-130A-04,T0084,loading
471,5,5,10,180,true,C料,130B,DP-130B-02,T0033,delivering
472,1,17,12,270,false,,,,,to_pickup
472,2,9,10,180,true,C料,140A,DP-140A-03,T0063,delivering
472,3,13,9,90,false,,,,,to_pickup
472,4,16,10,180,true,E料,130A,DP-130A-04,T0084,delivering
472,5,4,10,180,true,C料,130B,DP-130B-02,T0033,delivering
473,1,17,11,270,false,,,,,to_pickup
473,2,8,10,180,true,C料,140A,DP-140A-03,T0063,delivering
473,3,14,9,90,false,,,,,to_pickup
473,4,15,10,180,true,E料,130A,DP-130A-04,T0084,delivering
473,5,4,10,180,false,,130B,DP-130B-02,T0033,unloading
474,1,17,10,270,false,,,,,to_pickup
474,2,7,10,180,true,C料,140A,DP-140A-03,T0063,delivering
474,3,15,9,90,false,,,,,to_pickup
474,4,14,10,180,true,E料,130A,DP-130A-04,T0084,delivering
474,5,4,10,180,false,,130B,DP-130B-02,T0033,unloading
475,1,17,10,270,true,B料,130A,DP-130A-02,T0030,loading
475,2,6,10,180,true,C料,140A,DP-140A-03,T0063,delivering
475,3,15,10,90,false,,,,,to_pickup
475,4,13,10,180,true,E料,130A,DP-130A-04,T0084,delivering
475,5,5,10,180,false,,,,,to_pickup
476,1,17,10,270,true,B料,130A,DP-130A-02,T0030,loading
476,2,6,9,270,true,C料,140A,DP-140A-03,T0063,delivering
476,3,16,10,90,false,,,,,to_pickup
476,4,12,10,180,true,E料,130A,DP-130A-04,T0084,delivering
476,5,6,10,180,false,,,,,to_pickup
477,1,16,10,180,true,B料,130A,DP-130A-02,T0030,delivering
477,2,6,9,270,false,,140A,DP-140A-03,T0063,unloading
477,3,17,10,90,false,,,,,to_pickup
477,4,11,10,180,true,E料,130A,DP-130A-04,T0084,delivering
477,5,7,10,180,false,,,,,to_pickup
478,1,15,10,180,true,B料,130A,DP-130A-02,T0030,delivering
478,2,6,9,270,false,,140A,DP-140A-03,T0063,unloading
478,3,17,10,90,true,C料,200A,DP-200A-02,T0048,loading
478,4,10,10,180,true,E料,130A,DP-130A-04,T0084,delivering
478,5,8,10,180,false,,,,,to_pickup
479,1,14,10,180,true,B料,130A,DP-130A-02,T0030,delivering
479,2,7,9,270,false,,,,,to_pickup
479,3,17,10,90,true,C料,200A,DP-200A-02,T0048,loading
479,4,9,10,180,true,E料,130A,DP-130A-04,T0084,delivering
479,5,8,9,270,false,,,,,to_pickup
480,1,13,10,180,true,B料,130A,DP-130A-02,T0030,delivering
480,2,8,9,270,false,,,,,to_pickup
480,3,16,10,180,true,C料,200A,DP-200A-02,T0048,delivering
480,4,8,10,180,true,E料,130A,DP-130A-04,T0084,delivering
480,5,9,9,270,false,,,,,to_pickup
481,1,12,10,180,true,B料,130A,DP-130A-02,T0030,delivering
481,2,9,9,270,false,,,,,to_pickup
481,3,15,10,180,true,C料,200A,DP-200A-02,T0048,delivering
481,4,7,10,180,true,E料,130A,DP-130A-04,T0084,delivering
481,5,10,9,270,false,,,,,to_pickup
482,1,11,10,180,true,B料,130A,DP-130A-02,T0030,delivering
482,2,10,9,270,false,,,,,to_pickup
482,3,14,10,180,true,C料,200A,DP-200A-02,T0048,delivering
482,4,6,10,180,true,E料,130A,DP-130A-04,T0084,delivering
482,5,11,9,270,false,,,,,to_pickup
483,1,10,10,180,true,B料,130A,DP-130A-02,T0030,delivering
483,2,11,9,270,false,,,,,to_pickup
483,3,14,10,180,false,,200A,DP-200A-02,T0048,unloading
483,4,5,10,180,true,E料,130A,DP-130A-04,T0084,delivering
483,5,12,9,270,false,,,,,to_pickup
484,1,9,10,180,true,B料,130A,DP-130A-02,T0030,delivering
484,2,11,10,90,false,,,,,to_pickup
484,3,14,10,180,false,,200A,DP-200A-02,T0048,unloading
484,4,4,10,180,true,E料,130A,DP-130A-04,T0084,delivering
484,5,13,9,270,false,,,,,to_pickup
485,1,8,10,180,true,B料,130A,DP-130A-02,T0030,delivering
485,2,12,10,90,false,,,,,to_pickup
485,3,15,10,180,false,,,,,to_pickup
485,4,3,10,180,true,E料,130A,DP-130A-04,T0084,delivering
485,5,14,9,270,false,,,,,to_pickup
486,1,7,10,180,true,B料,130A,DP-130A-02,T0030,delivering
486,2,13,10,90,false,,,,,to_pickup
486,3,16,10,180,false,,,,,to_pickup
486,4,3,9,270,true,E料,130A,DP-130A-04,T0084,delivering
486,5,15,9,270,false,,,,,to_pickup
487,1,6,10,180,true,B料,130A,DP-130A-02,T0030,delivering
487,2,14,10,90,false,,,,,to_pickup
487,3,17,10,180,false,,,,,to_pickup
487,4,3,8,270,true,E料,130A,DP-130A-04,T0084,delivering
487,5,16,9,270,false,,,,,to_pickup
488,1,5,10,180,true,B料,130A,DP-130A-02,T0030,delivering
488,2,15,10,90,false,,,,,to_pickup
488,3,17,10,180,true,D料,140C,DP-140C-04,T0096,loading
488,4,3,7,270,true,E料,130A,DP-130A-04,T0084,delivering
488,5,17,9,270,false,,,,,to_pickup
489,1,4,10,180,true,B料,130A,DP-130A-02,T0030,delivering
489,2,16,10,90,false,,,,,to_pickup
489,3,17,10,180,true,D料,140C,DP-140C-04,T0096,loading
489,4,2,7,180,true,E料,130A,DP-130A-04,T0084,delivering
489,5,17,9,270,false,,,,,to_pickup
490,1,3,10,180,true,B料,130A,DP-130A-02,T0030,delivering
490,2,17,10,90,false,,,,,to_pickup
490,3,16,10,180,true,D料,140C,DP-140C-04,T0096,delivering
490,4,2,6,270,true,E料,130A,DP-130A-04,T0084,delivering
490,5,16,9,180,false,,,,,to_pickup
491,1,2,10,180,true,B料,130A,DP-130A-02,T0030,delivering
491,2,17,10,90,true,A料,150,DP-150-03,T0072,loading
491,3,15,10,180,true,D料,140C,DP-140C-04,T0096,delivering
491,4,2,6,270,false,,130A,DP-130A-04,T0084,unloading
491,5,16,10,90,false,,,,,to_pickup
492,1,2,10,180,false,,130A,DP-130A-02,T0030,unloading
492,2,17,10,90,true,A料,150,DP-150-03,T0072,loading
492,3,14,10,180,true,D料,140C,DP-140C-04,T0096,delivering
492,4,2,6,270,false,,130A,DP-130A-04,T0084,unloading
492,5,16,10,90,false,,,,,to_pickup
493,1,2,10,180,false,,130A,DP-130A-02,T0030,unloading
493,2,16,10,180,true,A料,150,DP-150-03,T0072,delivering
493,3,13,10,180,true,D料,140C,DP-140C-04,T0096,delivering
493,4,2,7,90,false,,,,,to_pickup
493,5,17,10,90,false,,,,,to_pickup
494,1,3,10,180,false,,,,,to_pickup
494,2,15,10,180,true,A料,150,DP-150-03,T0072,delivering
494,3,12,10,180,true,D料,140C,DP-140C-04,T0096,delivering
494,4,3,7,90,false,,,,,to_pickup
494,5,17,10,90,true,B料,200B,DP-200B-04,T0105,loading
495,1,4,10,180,false,,,,,to_pickup
495,2,14,10,180,true,A料,150,DP-150-03,T0072,delivering
495,3,11,10,180,true,D料,140C,DP-140C-04,T0096,delivering
495,4,3,8,90,false,,,,,to_pickup
495,5,17,10,90,true,B料,200B,DP-200B-04,T0105,loading
496,1,5,10,180,false,,,,,to_pickup
496,2,13,10,180,true,A料,150,DP-150-03,T0072,delivering
496,3,11,9,270,true,D料,140C,DP-140C-04,T0096,delivering
496,4,3,9,90,false,,,,,to_pickup
496,5,17,9,270,true,B料,200B,DP-200B-04,T0105,delivering
497,1,6,10,180,false,,,,,to_pickup
497,2,12,10,180,true,A料,150,DP-150-03,T0072,delivering
497,3,11,8,270,true,D料,140C,DP-140C-04,T0096,delivering
497,4,4,9,90,false,,,,,to_pickup
497,5,17,8,270,true,B料,200B,DP-200B-04,T0105,delivering
498,1,7,10,180,false,,,,,to_pickup
498,2,12,9,270,true,A料,150,DP-150-03,T0072,delivering
498,3,11,7,270,true,D料,140C,DP-140C-04,T0096,delivering
498,4,5,9,90,false,,,,,to_pickup
498,5,17,7,270,true,B料,200B,DP-200B-04,T0105,delivering
499,1,8,10,180,false,,,,,to_pickup
499,2,12,9,270,false,,150,DP-150-03,T0072,unloading
499,3,10,7,180,true,D料,140C,DP-140C-04,T0096,delivering
499,4,6,9,90,false,,,,,to_pickup
499,5,16,7,180,true,B料,200B,DP-200B-04,T0105,delivering
500,1,9,10,180,false,,,,,to_pickup
500,2,12,9,270,false,,150,DP-150-03,T0072,unloading
500,3,10,6,270,true,D料,140C,DP-140C-04,T0096,delivering
500,4,7,9,90,false,,,,,to_pickup
500,5,15,7,180,true,B料,200B,DP-200B-04,T0105,delivering
501,1,10,10,180,false,,,,,to_pickup
501,2,12,10,90,false,,,,,to_pickup
501,3,10,6,270,false,,140C,DP-140C-04,T0096,unloading
501,4,8,9,90,false,,,,,to_pickup
501,5,15,6,270,true,B料,200B,DP-200B-04,T0105,delivering
502,1,11,10,180,false,,,,,to_pickup
502,2,13,10,90,false,,,,,to_pickup
502,3,10,6,270,false,,140C,DP-140C-04,T0096,unloading
502,4,9,9,90,false,,,,,to_pickup
502,5,15,6,270,false,,200B,DP-200B-04,T0105,unloading
503,1,12,10,180,false,,,,,to_pickup
503,2,14,10,90,false,,,,,to_pickup
503,3,10,7,90,false,,,,,to_pickup
503,4,10,9,90,false,,,,,to_pickup
503,5,15,6,270,false,,200B,DP-200B-04,T0105,unloading
504,1,13,10,180,false,,,,,to_pickup
504,2,15,10,90,false,,,,,to_pickup
504,3,11,7,90,false,,,,,to_pickup
504,4,11,9,90,false,,,,,to_pickup
504,5,15,7,90,false,,,,,to_pickup
505,1,14,10,180,false,,,,,to_pickup
505,2,16,10,90,false,,,,,to_pickup
505,3,11,8,90,false,,,,,to_pickup
505,4,12,9,90,false,,,,,to_pickup
505,5,16,7,90,false,,,,,to_pickup
506,1,15,10,180,false,,,,,to_pickup
506,2,17,10,90,false,,,,,to_pickup
506,3,11,9,90,false,,,,,to_pickup
506,4,13,9,90,false,,,,,to_pickup
506,5,17,7,90,false,,,,,to_pickup
507,1,16,10,180,false,,,,,to_pickup
507,2,17,10,90,true,D料,140B,DP-140B-03,T0066,loading
507,3,12,9,90,false,,,,,to_pickup
507,4,14,9,90,false,,,,,to_pickup
507,5,17,8,90,false,,,,,to_pickup
508,1,16,10,180,false,,,,,to_pickup
508,2,17,10,90,true,D料,140B,DP-140B-03,T0066,loading
508,3,13,9,90,false,,,,,to_pickup
508,4,15,9,90,false,,,,,to_pickup
508,5,17,9,90,false,,,,,to_pickup
509,1,17,10,180,false,,,,,to_pickup
509,2,16,10,180,true,D料,140B,DP-140B-03,T0066,delivering
509,3,14,9,90,false,,,,,to_pickup
509,4,16,9,90,false,,,,,to_pickup
509,5,17,9,90,false,,,,,to_pickup
510,1,17,10,180,true,A料,200A,DP-200A-04,T0102,loading
510,2,15,10,180,true,D料,140B,DP-140B-03,T0066,delivering
510,3,15,9,90,false,,,,,to_pickup
510,4,16,10,90,false,,,,,to_pickup
510,5,16,9,180,false,,,,,to_pickup
511,1,17,10,180,true,A料,200A,DP-200A-04,T0102,loading
511,2,14,10,180,true,D料,140B,DP-140B-03,T0066,delivering
511,3,15,10,90,false,,,,,to_pickup
511,4,16,10,90,false,,,,,to_pickup
511,5,15,9,180,false,,,,,to_pickup
512,1,17,9,270,true,A料,200A,DP-200A-04,T0102,delivering
512,2,13,10,180,true,D料,140B,DP-140B-03,T0066,delivering
512,3,16,10,90,false,,,,,to_pickup
512,4,17,10,90,false,,,,,to_pickup
512,5,15,10,90,false,,,,,to_pickup
513,1,17,8,270,true,A料,200A,DP-200A-04,T0102,delivering
513,2,12,10,180,true,D料,140B,DP-140B-03,T0066,delivering
513,3,16,10,90,false,,,,,to_pickup
513,4,17,10,90,true,C料,200C,DP-200C-04,T0108,loading
513,5,15,10,90,false,,,,,to_pickup
514,1,17,7,270,true,A料,200A,DP-200A-04,T0102,delivering
514,2,11,10,180,true,D料,140B,DP-140B-03,T0066,delivering
514,3,16,10,90,false,,,,,to_pickup
514,4,17,10,90,true,C料,200C,DP-200C-04,T0108,loading
514,5,15,10,90,false,,,,,to_pickup
515,1,16,7,180,true,A料,200A,DP-200A-04,T0102,delivering
515,2,10,10,180,true,D料,140B,DP-140B-03,T0066,delivering
515,3,17,10,90,false,,,,,to_pickup
515,4,17,9,270,true,C料,200C,DP-200C-04,T0108,delivering
515,5,16,10,90,false,,,,,to_pickup
516,1,15,7,180,true,A料,200A,DP-200A-04,T0102,delivering
516,2,9,10,180,true,D料,140B,DP-140B-03,T0066,delivering
516,3,17,10,90,true,A料,130B,DP-130B-04,T0087,loading
516,4,17,8,270,true,C料,200C,DP-200C-04,T0108,delivering
516,5,16,10,90,false,,,,,to_pickup
517,1,14,7,180,true,A料,200A,DP-200A-04,T0102,delivering
517,2,8,10,180,true,D料,140B,DP-140B-03,T0066,delivering
517,3,17,10,90,true,A料,130B,DP-130B-04,T0087,loading
517,4,17,7,270,true,C料,200C,DP-200C-04,T0108,delivering
517,5,16,10,90,false,,,,,to_pickup
518,1,14,6,270,true,A料,200A,DP-200A-04,T0102,delivering
518,2,8,9,270,true,D料,140B,DP-140B-03,T0066,delivering
518,3,16,10,180,true,A料,130B,DP-130B-04,T0087,delivering
518,4,16,7,180,true,C料,200C,DP-200C-04,T0108,delivering
518,5,17,10,90,false,,,,,to_pickup
519,1,14,6,270,false,,200A,DP-200A-04,T0102,unloading
519,2,8,9,270,false,,140B,DP-140B-03,T0066,unloading
519,3,15,10,180,true,A料,130B,DP-130B-04,T0087,delivering
519,4,16,6,270,true,C料,200C,DP-200C-04,T0108,delivering
519,5,17,10,90,true,E料,200C,DP-200C-02,T0054,loading
520,1,14,6,270,false,,200A,DP-200A-04,T0102,unloading
520,2,8,9,270,false,,140B,DP-140B-03,T0066,unloading
520,3,14,10,180,true,A料,130B,DP-130B-04,T0087,delivering
520,4,16,6,270,false,,200C,DP-200C-04,T0108,unloading
520,5,17,10,90,true,E料,200C,DP-200C-02,T0054,loading
521,1,14,7,90,false,,,,,return_home
521,2,9,9,270,false,,,,,return_home
521,3,13,10,180,true,A料,130B,DP-130B-04,T0087,delivering
521,4,16,6,270,false,,200C,DP-200C-04,T0108,unloading
521,5,16,10,180,true,E料,200C,DP-200C-02,T0054,delivering
522,1,15,7,90,false,,,,,return_home
522,2,9,8,270,false,,,,,return_home
522,3,12,10,180,true,A料,130B,DP-130B-04,T0087,delivering
522,4,16,7,90,false,,,,,return_home
522,5,16,10,180,false,,200C,DP-200C-02,T0054,unloading
523,1,16,7,90,false,,,,,return_home
523,2,9,7,270,false,,,,,return_home
523,3,11,10,180,true,A料,130B,DP-130B-04,T0087,delivering
523,4,17,7,90,false,,,,,return_home
523,5,16,10,180,false,,200C,DP-200C-02,T0054,unloading
524,1,17,7,90,false,,,,,return_home
524,2,10,7,270,false,,,,,return_home
524,3,10,10,180,true,A料,130B,DP-130B-04,T0087,delivering
524,4,17,8,90,false,,,,,return_home
524,5,17,10,180,false,,,,,return_home
525,1,18,7,90,false,,,,,return_home
525,2,11,7,270,false,,,,,return_home
525,3,9,10,180,true,A料,130B,DP-130B-04,T0087,delivering
525,4,17,9,90,false,,,,,return_home
525,5,17,11,90,false,,,,,return_home
526,1,19,7,90,false,,,,,return_home
526,2,12,7,270,false,,,,,return_home
526,3,8,10,180,true,A料,130B,DP-130B-04,T0087,delivering
526,4,18,9,90,false,,,,,return_home
526,5,18,11,90,false,,,,,return_home
527,1,19,7,90,false,,,,,idle
527,2,13,7,270,false,,,,,return_home
527,3,7,10,180,true,A料,130B,DP-130B-04,T0087,delivering
527,4,19,9,90,false,,,,,return_home
527,5,19,11,90,false,,,,,return_home
528,1,19,7,90,false,,,,,idle
528,2,14,7,270,false,,,,,return_home
528,3,6,10,180,true,A料,130B,DP-130B-04,T0087,delivering
528,4,20,9,90,false,,,,,return_home
528,5,19,11,90,false,,,,,idle
529,1,19,7,90,false,,,,,idle
529,2,15,7,270,false,,,,,return_home
529,3,5,10,180,true,A料,130B,DP-130B-04,T0087,delivering
529,4,20,9,90,false,,,,,idle
529,5,19,11,90,false,,,,,idle
530,1,19,7,90,false,,,,,idle
530,2,16,7,270,false,,,,,return_home
530,3,5,9,270,true,A料,130B,DP-130B-04,T0087,delivering
530,4,20,9,90,false,,,,,idle
530,5,19,11,90,false,,,,,idle
531,1,19,7,90,false,,,,,idle
531,2,17,7,270,false,,,,,return_home
531,3,5,8,270,true,A料,130B,DP-130B-04,T0087,delivering
531,4,20,9,90,false,,,,,idle
531,5,19,11,90,false,,,,,idle
532,1,19,7,90,false,,,,,idle
532,2,18,7,270,false,,,,,return_home
532,3,5,7,270,true,A料,130B,DP-130B-04,T0087,delivering
532,4,20,9,90,false,,,,,idle
532,5,19,11,90,false,,,,,idle
533,1,19,7,90,false,,,,,idle
533,2,19,7,270,false,,,,,return_home
533,3,4,7,180,true,A料,130B,DP-130B-04,T0087,delivering
533,4,20,9,90,false,,,,,idle
533,5,19,11,90,false,,,,,idle
534,1,19,7,90,false,,,,,idle
534,2,20,7,270,false,,,,,return_home
534,3,4,6,270,true,A料,130B,DP-130B-04,T0087,delivering
534,4,20,9,90,false,,,,,idle
534,5,19,11,90,false,,,,,idle
535,1,19,7,90,false,,,,,idle
535,2,20,7,270,false,,,,,idle
535,3,4,6,270,false,,130B,DP-130B-04,T0087,unloading
535,4,20,9,90,false,,,,,idle
535,5,19,11,90,false,,,,,idle
536,1,19,7,90,false,,,,,idle
536,2,20,7,270,false,,,,,idle
536,3,4,6,270,false,,130B,DP-130B-04,T0087,unloading
536,4,20,9,90,false,,,,,idle
536,5,19,11,90,false,,,,,idle
537,1,19,7,90,false,,,,,idle
537,2,20,7,270,false,,,,,idle
537,3,4,7,90,false,,,,,return_home
537,4,20,9,90,false,,,,,idle
537,5,19,11,90,false,,,,,idle
538,1,19,7,90,false,,,,,idle
538,2,20,7,270,false,,,,,idle
538,3,5,7,90,false,,,,,return_home
538,4,20,9,90,false,,,,,idle
538,5,19,11,90,false,,,,,idle
539,1,19,7,90,false,,,,,idle
539,2,20,7,270,false,,,,,idle
539,3,5,8,90,false,,,,,return_home
539,4,20,9,90,false,,,,,idle
539,5,19,11,90,false,,,,,idle
540,1,19,7,90,false,,,,,idle
540,2,20,7,270,false,,,,,idle
540,3,5,9,90,false,,,,,return_home
540,4,20,9,90,false,,,,,idle
540,5,19,11,90,false,,,,,idle
541,1,19,7,90,false,,,,,idle
541,2,20,7,270,false,,,,,idle
541,3,6,9,90,false,,,,,return_home
541,4,20,9,90,false,,,,,idle
541,5,19,11,90,false,,,,,idle
542,1,19,7,90,false,,,,,idle
542,2,20,7,270,false,,,,,idle
542,3,7,9,90,false,,,,,return_home
542,4,20,9,90,false,,,,,idle
542,5,19,11,90,false,,,,,idle
543,1,19,7,90,false,,,,,idle
543,2,20,7,270,false,,,,,idle
543,3,8,9,90,false,,,,,return_home
543,4,20,9,90,false,,,,,idle
543,5,19,11,90,false,,,,,idle
544,1,19,7,90,false,,,,,idle
544,2,20,7,270,false,,,,,idle
544,3,9,9,90,false,,,,,return_home
544,4,20,9,90,false,,,,,idle
544,5,19,11,90,false,,,,,idle
545,1,19,7,90,false,,,,,idle
545,2,20,7,270,false,,,,,idle
545,3,10,9,90,false,,,,,return_home
545,4,20,9,90,false,,,,,idle
545,5,19,11,90,false,,,,,idle
546,1,19,7,90,false,,,,,idle
546,2,20,7,270,false,,,,,idle
546,3,11,9,90,false,,,,,return_home
546,4,20,9,90,false,,,,,idle
546,5,19,11,90,false,,,,,idle
547,1,19,7,90,false,,,,,idle
547,2,20,7,270,false,,,,,idle
547,3,12,9,90,false,,,,,return_home
547,4,20,9,90,false,,,,,idle
547,5,19,11,90,false,,,,,idle
548,1,19,7,90,false,,,,,idle
548,2,20,7,270,false,,,,,idle
548,3,13,9,90,false,,,,,return_home
548,4,20,9,90,false,,,,,idle
548,5,19,11,90,false,,,,,idle
549,1,19,7,90,false,,,,,idle
549,2,20,7,270,false,,,,,idle
549,3,14,9,90,false,,,,,return_home
549,4,20,9,90,false,,,,,idle
549,5,19,11,90,false,,,,,idle
550,1,19,7,90,false,,,,,idle
550,2,20,7,270,false,,,,,idle
550,3,15,9,90,false,,,,,return_home
550,4,20,9,90,false,,,,,idle
550,5,19,11,90,false,,,,,idle
551,1,19,7,90,false,,,,,idle
551,2,20,7,270,false,,,,,idle
551,3,16,9,90,false,,,,,return_home
551,4,20,9,90,false,,,,,idle
551,5,19,11,90,false,,,,,idle
552,1,19,7,90,false,,,,,idle
552,2,20,7,270,false,,,,,idle
552,3,17,9,90,false,,,,,return_home
552,4,20,9,90,false,,,,,idle
552,5,19,11,90,false,,,,,idle
553,1,19,7,90,false,,,,,idle
553,2,20,7,270,false,,,,,idle
553,3,18,9,90,false,,,,,return_home
553,4,20,9,90,false,,,,,idle
553,5,19,11,90,false,,,,,idle
554,1,19,7,90,false,,,,,idle
554,2,20,7,270,false,,,,,idle
554,3,19,9,90,false,,,,,return_home
554,4,20,9,90,false,,,,,idle
554,5,19,11,90,false,,,,,idle
