timestamp,name,X,Y,pitch,loaded,destination,Emergency,task-id
0,Optimus,3,1,90,false,,false,
0,Bumblebee,6,1,90,false,,false,
0,Jazz,9,1,90,false,,false,
0,Sideswipe,12,1,90,false,,false,
0,Wheeljack,15,1,90,false,,false,
0,Ratchet,18,1,90,false,,false,
0,Ironhide,3,20,270,false,,false,
0,Hound,6,20,270,false,,false,
0,Smokescreen,9,20,270,false,,false,
0,Megatron,12,20,270,false,,false,
0,Bluestreak,15,20,270,false,,false,
0,RedAlert,18,20,270,false,,false,
1,Optimus,3,2,90,false,,false,
1,Bumblebee,6,1,180,false,,false,
1,Jazz,9,1,180,false,,false,
1,Sideswipe,12,2,90,false,,false,
1,Wheeljack,15,2,90,false,,false,
1,Ratchet,18,2,90,false,,false,
1,Ironhide,3,19,270,false,,false,
1,Hound,6,19,270,false,,false,
1,Smokescreen,9,19,270,false,,false,
1,Megatron,12,19,270,false,,false,
1,Bluestreak,15,19,270,false,,false,
1,RedAlert,18,19,270,false,,false,
2,Optimus,3,3,90,false,,false,
2,Bumblebee,5,1,180,false,,false,
2,Jazz,8,1,180,false,,false,
2,Sideswipe,12,3,90,false,,false,
2,Wheeljack,15,3,90,false,,false,
2,Ratchet,18,3,90,false,,false,
2,Ironhide,3,18,270,false,,false,
2,Hound,6,18,270,false,,false,
2,Smokescreen,9,18,270,false,,false,
2,Megatron,12,18,270,false,,false,
2,Bluestreak,15,18,270,false,,false,
2,RedAlert,18,18,270,false,,false,
3,Optimus,3,4,90,false,,false,
3,Bumblebee,4,1,180,false,,false,
3,Jazz,7,1,180,false,,false,
3,Sideswipe,12,3,0,false,,false,
3,Wheeljack,15,3,0,false,,false,
3,Ratchet,18,4,90,false,,false,
3,Ironhide,3,17,270,false,,false,
3,Hound,6,17,270,false,,false,
3,Smokescreen,9,17,270,false,,false,
3,Megatron,12,17,270,false,,false,
3,Bluestreak,15,17,270,false,,false,
3,RedAlert,18,17,270,false,,false,
4,Optimus,3,5,90,false,,false,
4,Bumblebee,3,1,180,false,,false,
4,Jazz,6,1,180,false,,false,
4,Sideswipe,13,3,0,false,,false,
4,Wheeljack,16,3,0,false,,false,
4,Ratchet,18,5,90,false,,false,
4,Ironhide,3,16,270,false,,false,
4,Hound,6,17,180,false,,false,
4,Smokescreen,9,17,180,false,,false,
4,Megatron,12,17,0,false,,false,
4,Bluestreak,15,17,0,false,,false,
4,RedAlert,18,16,270,false,,false,
5,Optimus,3,6,90,false,,false,
5,Bumblebee,2,1,180,false,,false,
5,Jazz,5,1,180,false,,false,
5,Sideswipe,14,3,0,false,,false,
5,Wheeljack,17,3,0,false,,false,
5,Ratchet,18,6,90,false,,false,
5,Ironhide,3,15,270,false,,false,
5,Hound,5,17,180,false,,false,
5,Smokescreen,8,17,180,false,,false,
5,Megatron,13,17,0,false,,false,
5,Bluestreak,16,17,0,false,,false,
5,RedAlert,18,15,270,false,,false,
6,Optimus,3,6,180,false,,false,
6,Bumblebee,2,1,90,false,,false,
6,Jazz,4,1,180,false,,false,
6,Sideswipe,15,3,0,false,,false,
6,Wheeljack,18,3,0,false,,false,
6,Ratchet,18,6,0,false,,false,
6,Ironhide,3,14,270,false,,false,
6,Hound,4,17,180,false,,false,
6,Smokescreen,7,17,180,false,,false,
6,Megatron,14,17,0,false,,false,
6,Bluestreak,17,17,0,false,,false,
6,RedAlert,18,14,270,false,,false,
7,Optimus,2,6,180,false,,false,
7,Bumblebee,2,2,90,false,,false,
7,Jazz,3,1,180,false,,false,
7,Sideswipe,16,3,0,false,,false,
7,Wheeljack,19,3,0,false,,false,
7,Ratchet,19,6,0,false,,false,
7,Ironhide,3,14,180,false,,false,
7,Hound,3,17,180,false,,false,
7,Smokescreen,6,17,180,false,,false,
7,Megatron,15,17,0,false,,false,
7,Bluestreak,18,17,0,false,,false,
7,RedAlert,18,14,0,false,,false,
8,Optimus,2,6,180,true,Xiamen,false,Tiger-1
8,Bumblebee,2,3,90,false,,false,
8,Jazz,2,1,180,false,,false,
8,Sideswipe,17,3,0,false,,false,
8,Wheeljack,19,3,90,false,,false,
8,Ratchet,19,6,0,true,Kunming,false,Rabbit-1
8,Ironhide,2,14,180,false,,false,
8,Hound,2,17,180,false,,false,
8,Smokescreen,5,17,180,false,,false,
8,Megatron,16,17,0,false,,false,
8,Bluestreak,19,17,0,false,,false,
8,RedAlert,19,14,0,false,,false,
9,Optimus,2,6,90,true,Xiamen,false,Tiger-1
9,Bumblebee,2,4,90,false,,false,
9,Jazz,2,1,90,false,,false,
9,Sideswipe,18,3,0,false,,false,
9,Wheeljack,19,4,90,false,,false,
9,Ratchet,19,6,180,true,Kunming,false,Rabbit-1
9,Ironhide,2,14,180,true,Chengdu,false,Horse-1
9,Hound,2,17,270,false,,false,
9,Smokescreen,4,17,180,false,,false,
9,Megatron,17,17,0,false,,false,
9,Bluestreak,19,17,270,false,,false,
9,RedAlert,19,14,0,true,Shanghai,false,Monkey-1
10,Optimus,2,7,90,true,Xiamen,false,Tiger-1
10,Bumblebee,2,5,90,false,,false,
10,Jazz,2,2,90,false,,false,
10,Sideswipe,19,3,0,false,,false,
10,Wheeljack,19,5,90,false,,false,
10,Ratchet,18,6,180,true,Kunming,false,Rabbit-1
10,Ironhide,2,14,270,true,Chengdu,false,Horse-1
10,Hound,2,16,270,false,,false,
10,Smokescreen,3,17,180,false,,false,
10,Megatron,18,17,0,false,,false,
10,Bluestreak,19,16,270,false,,false,
10,RedAlert,19,14,270,true,Shanghai,false,Monkey-1
11,Optimus,2,7,0,true,Xiamen,false,Tiger-1
11,Bumblebee,2,6,90,false,,false,
11,Jazz,2,3,90,false,,false,
11,Sideswipe,19,3,90,false,,false,
11,Wheeljack,19,6,90,false,,false,
11,Ratchet,17,6,180,true,Kunming,false,Rabbit-1
11,Ironhide,2,13,270,true,Chengdu,false,Horse-1
11,Hound,2,15,270,false,,false,
11,Smokescreen,2,17,180,false,,false,
11,Megatron,19,17,0,false,,false,
11,Bluestreak,19,15,270,false,,false,
11,RedAlert,19,13,270,true,Shanghai,false,Monkey-1
12,Optimus,3,7,0,true,Xiamen,false,Tiger-1
12,Bumblebee,2,6,90,true,Changsha,false,Tiger-2
12,Jazz,2,4,90,false,,false,
12,Sideswipe,19,4,90,false,,false,
12,Wheeljack,19,6,90,true,Hangzhou,false,Rabbit-2
12,Ratchet,16,6,180,true,Kunming,false,Rabbit-1
12,Ironhide,2,12,270,true,Chengdu,false,Horse-1
12,Hound,2,14,270,false,,false,
12,Smokescreen,2,17,270,false,,false,
12,Megatron,19,17,270,false,,false,
12,Bluestreak,19,14,270,false,,false,
12,RedAlert,19,12,270,true,Shanghai,false,Monkey-1
13,Optimus,4,7,0,true,Xiamen,false,Tiger-1
13,Bumblebee,2,7,90,true,Changsha,false,Tiger-2
13,Jazz,2,5,90,false,,false,
13,Sideswipe,19,5,90,false,,false,
13,Wheeljack,19,6,180,true,Hangzhou,false,Rabbit-2
13,Ratchet,15,6,180,true,Kunming,false,Rabbit-1
13,Ironhide,2,11,270,true,Chengdu,false,Horse-1
13,Hound,2,14,270,true,Shenzhen,false,Horse-2
13,Smokescreen,2,16,270,false,,false,
13,Megatron,19,16,270,false,,false,
13,Bluestreak,19,14,270,true,Chengdu,false,Monkey-2
13,RedAlert,19,11,270,true,Shanghai,false,Monkey-1
14,Optimus,5,7,0,true,Xiamen,false,Tiger-1
14,Bumblebee,2,7,0,true,Changsha,false,Tiger-2
14,Jazz,2,6,90,false,,false,
14,Sideswipe,19,6,90,false,,false,
14,Wheeljack,18,6,180,true,Hangzhou,false,Rabbit-2
14,Ratchet,14,6,180,true,Kunming,false,Rabbit-1
14,Ironhide,2,10,270,true,Chengdu,false,Horse-1
14,Hound,2,13,270,true,Shenzhen,false,Horse-2
14,Smokescreen,2,15,270,false,,false,
14,Megatron,19,15,270,false,,false,
14,Bluestreak,19,13,270,true,Chengdu,false,Monkey-2
14,RedAlert,19,10,270,true,Shanghai,false,Monkey-1
15,Optimus,6,7,0,true,Xiamen,false,Tiger-1
15,Bumblebee,3,7,0,true,Changsha,false,Tiger-2
15,Jazz,2,6,90,true,Guangzhou,false,Tiger-3
15,Sideswipe,19,6,90,true,Beijing,false,Rabbit-3
15,Wheeljack,17,6,180,true,Hangzhou,false,Rabbit-2
15,Ratchet,13,6,180,true,Kunming,false,Rabbit-1
15,Ironhide,2,9,270,true,Chengdu,false,Horse-1
15,Hound,2,12,270,true,Shenzhen,false,Horse-2
15,Smokescreen,2,14,270,false,,false,
15,Megatron,19,14,270,false,,false,
15,Bluestreak,19,12,270,true,Chengdu,false,Monkey-2
15,RedAlert,19,9,270,true,Shanghai,false,Monkey-1
16,Optimus,7,7,0,true,Xiamen,false,Tiger-1
16,Bumblebee,4,7,0,true,Changsha,false,Tiger-2
16,Jazz,2,6,0,true,Guangzhou,false,Tiger-3
16,Sideswipe,19,6,180,true,Beijing,false,Rabbit-3
16,Wheeljack,16,6,180,true,Hangzhou,false,Rabbit-2
16,Ratchet,13,6,90,true,Kunming,false,Rabbit-1
16,Ironhide,2,8,270,true,Chengdu,false,Horse-1
16,Hound,2,11,270,true,Shenzhen,false,Horse-2
16,Smokescreen,2,14,270,true,Tianjin,false,Horse-3
16,Megatron,19,14,270,true,Beijing,true,Monkey-3
16,Bluestreak,19,11,270,true,Chengdu,false,Monkey-2
16,RedAlert,19,9,180,true,Shanghai,false,Monkey-1
17,Optimus,8,7,0,true,Xiamen,false,Tiger-1
17,Bumblebee,5,7,0,true,Changsha,false,Tiger-2
17,Jazz,3,6,0,true,Guangzhou,false,Tiger-3
17,Sideswipe,18,6,180,true,Beijing,false,Rabbit-3
17,Wheeljack,15,6,180,true,Hangzhou,false,Rabbit-2
17,Ratchet,13,7,90,true,Kunming,false,Rabbit-1
17,Ironhide,2,7,270,true,Chengdu,false,Horse-1
17,Hound,2,10,270,true,Shenzhen,false,Horse-2
17,Smokescreen,2,13,270,true,Tianjin,false,Horse-3
17,Megatron,19,13,270,true,Beijing,true,Monkey-3
17,Bluestreak,19,10,270,true,Chengdu,false,Monkey-2
17,RedAlert,18,9,180,true,Shanghai,false,Monkey-1
18,Optimus,9,7,0,true,Xiamen,false,Tiger-1
18,Bumblebee,6,7,0,true,Changsha,false,Tiger-2
18,Jazz,4,6,0,true,Guangzhou,false,Tiger-3
18,Sideswipe,17,6,180,true,Beijing,false,Rabbit-3
18,Wheeljack,14,6,180,true,Hangzhou,false,Rabbit-2
18,Ratchet,13,8,90,true,Kunming,false,Rabbit-1
18,Ironhide,2,6,270,true,Chengdu,false,Horse-1
18,Hound,2,10,0,true,Shenzhen,false,Horse-2
18,Smokescreen,2,13,0,true,Tianjin,false,Horse-3
18,Megatron,19,12,270,true,Beijing,true,Monkey-3
18,Bluestreak,19,9,270,true,Chengdu,false,Monkey-2
18,RedAlert,17,9,180,true,Shanghai,false,Monkey-1
19,Optimus,10,7,0,true,Xiamen,false,Tiger-1
19,Bumblebee,7,7,0,true,Changsha,false,Tiger-2
19,Jazz,5,6,0,true,Guangzhou,false,Tiger-3
19,Sideswipe,16,6,180,true,Beijing,false,Rabbit-3
19,Wheeljack,13,6,180,true,Hangzhou,false,Rabbit-2
19,Ratchet,13,9,90,true,Kunming,false,Rabbit-1
19,Ironhide,2,5,270,true,Chengdu,false,Horse-1
19,Hound,3,10,0,true,Shenzhen,false,Horse-2
19,Smokescreen,3,13,0,true,Tianjin,false,Horse-3
19,Megatron,19,11,270,true,Beijing,true,Monkey-3
19,Bluestreak,19,8,270,true,Chengdu,false,Monkey-2
19,RedAlert,16,9,180,true,Shanghai,false,Monkey-1
20,Optimus,11,7,0,true,Xiamen,false,Tiger-1
20,Bumblebee,8,7,0,true,Changsha,false,Tiger-2
20,Jazz,6,6,0,true,Guangzhou,false,Tiger-3
20,Sideswipe,15,6,180,true,Beijing,false,Rabbit-3
20,Wheeljack,12,6,180,true,Hangzhou,false,Rabbit-2
20,Ratchet,13,10,90,true,Kunming,false,Rabbit-1
20,Ironhide,2,5,0,true,Chengdu,false,Horse-1
20,Hound,3,10,0,true,Shenzhen,false,Horse-2
20,Smokescreen,4,13,0,true,Tianjin,false,Horse-3
20,Megatron,19,10,270,true,Beijing,true,Monkey-3
20,Bluestreak,19,7,270,true,Chengdu,false,Monkey-2
20,RedAlert,15,9,180,true,Shanghai,false,Monkey-1
21,Optimus,12,7,0,true,Xiamen,false,Tiger-1
21,Bumblebee,8,7,90,true,Changsha,false,Tiger-2
21,Jazz,7,6,0,true,Guangzhou,false,Tiger-3
21,Sideswipe,14,6,180,true,Beijing,false,Rabbit-3
21,Wheeljack,11,6,180,true,Hangzhou,false,Rabbit-2
21,Ratchet,13,11,90,true,Kunming,false,Rabbit-1
21,Ironhide,3,5,0,true,Chengdu,false,Horse-1
21,Hound,4,10,0,true,Shenzhen,false,Horse-2
21,Smokescreen,5,13,0,true,Tianjin,false,Horse-3
21,Megatron,19,9,270,true,Beijing,true,Monkey-3
21,Bluestreak,19,6,270,true,Chengdu,false,Monkey-2
21,RedAlert,14,9,180,true,Shanghai,false,Monkey-1
22,Optimus,12,7,0,false,,false,
22,Bumblebee,8,8,90,true,Changsha,false,Tiger-2
22,Jazz,7,6,90,true,Guangzhou,false,Tiger-3
22,Sideswipe,13,6,180,true,Beijing,false,Rabbit-3
22,Wheeljack,10,6,180,true,Hangzhou,false,Rabbit-2
22,Ratchet,13,12,90,true,Kunming,false,Rabbit-1
22,Ironhide,4,5,0,true,Chengdu,false,Horse-1
22,Hound,5,10,0,true,Shenzhen,false,Horse-2
22,Smokescreen,6,13,0,true,Tianjin,false,Horse-3
22,Megatron,19,8,270,true,Beijing,true,Monkey-3
22,Bluestreak,19,5,270,true,Chengdu,false,Monkey-2
22,RedAlert,13,9,180,true,Shanghai,false,Monkey-1
23,Optimus,13,7,0,false,,false,
23,Bumblebee,8,9,90,true,Changsha,false,Tiger-2
23,Jazz,7,7,90,true,Guangzhou,false,Tiger-3
23,Sideswipe,12,6,180,true,Beijing,false,Rabbit-3
23,Wheeljack,9,6,180,true,Hangzhou,false,Rabbit-2
23,Ratchet,13,12,90,false,,false,
23,Ironhide,5,5,0,true,Chengdu,false,Horse-1
23,Hound,6,10,0,true,Shenzhen,false,Horse-2
23,Smokescreen,7,13,0,true,Tianjin,false,Horse-3
23,Megatron,19,7,270,true,Beijing,true,Monkey-3
23,Bluestreak,19,5,180,true,Chengdu,false,Monkey-2
23,RedAlert,12,9,180,true,Shanghai,false,Monkey-1
24,Optimus,14,7,0,false,,false,
24,Bumblebee,8,10,90,true,Changsha,false,Tiger-2
24,Jazz,7,8,90,true,Guangzhou,false,Tiger-3
24,Sideswipe,11,6,180,true,Beijing,false,Rabbit-3
24,Wheeljack,8,6,180,true,Hangzhou,false,Rabbit-2
24,Ratchet,13,12,270,false,,false,
24,Ironhide,6,5,0,true,Chengdu,false,Horse-1
24,Hound,7,10,0,true,Shenzhen,false,Horse-2
24,Smokescreen,8,13,0,true,Tianjin,false,Horse-3
24,Megatron,19,6,270,true,Beijing,true,Monkey-3
24,Bluestreak,18,5,180,true,Chengdu,false,Monkey-2
24,RedAlert,11,9,180,true,Shanghai,false,Monkey-1
25,Optimus,15,7,0,false,,false,
25,Bumblebee,8,11,90,true,Changsha,false,Tiger-2
25,Jazz,7,9,90,true,Guangzhou,false,Tiger-3
25,Sideswipe,10,6,180,true,Beijing,false,Rabbit-3
25,Wheeljack,7,6,180,true,Hangzhou,false,Rabbit-2
25,Ratchet,13,11,270,false,,false,
25,Ironhide,7,5,0,true,Chengdu,false,Horse-1
25,Hound,8,10,0,true,Shenzhen,false,Horse-2
25,Smokescreen,9,13,0,true,Tianjin,false,Horse-3
25,Megatron,19,6,180,true,Beijing,true,Monkey-3
25,Bluestreak,17,5,180,true,Chengdu,false,Monkey-2
25,RedAlert,10,9,180,true,Shanghai,false,Monkey-1
26,Optimus,16,7,0,false,,false,
26,Bumblebee,8,12,90,true,Changsha,false,Tiger-2
26,Jazz,7,10,90,true,Guangzhou,false,Tiger-3
26,Sideswipe,9,6,180,true,Beijing,false,Rabbit-3
26,Wheeljack,7,6,90,true,Hangzhou,false,Rabbit-2
26,Ratchet,13,10,270,false,,false,
26,Ironhide,8,5,0,true,Chengdu,false,Horse-1
26,Hound,9,10,0,true,Shenzhen,false,Horse-2
26,Smokescreen,10,13,0,true,Tianjin,false,Horse-3
26,Megatron,18,6,180,true,Beijing,true,Monkey-3
26,Bluestreak,16,5,180,true,Chengdu,false,Monkey-2
26,RedAlert,9,9,180,true,Shanghai,false,Monkey-1
27,Optimus,17,7,0,false,,false,
27,Bumblebee,8,12,90,false,,false,
27,Jazz,7,11,90,true,Guangzhou,false,Tiger-3
27,Sideswipe,8,6,180,true,Beijing,false,Rabbit-3
27,Wheeljack,7,7,90,true,Hangzhou,false,Rabbit-2
27,Ratchet,13,10,0,false,,false,
27,Ironhide,9,5,0,true,Chengdu,false,Horse-1
27,Hound,10,10,0,true,Shenzhen,false,Horse-2
27,Smokescreen,11,13,0,true,Tianjin,false,Horse-3
27,Megatron,17,6,180,true,Beijing,true,Monkey-3
27,Bluestreak,15,5,180,true,Chengdu,false,Monkey-2
27,RedAlert,8,9,180,true,Shanghai,false,Monkey-1
28,Optimus,18,7,0,false,,false,
28,Bumblebee,8,12,270,false,,false,
28,Jazz,7,12,90,true,Guangzhou,false,Tiger-3
28,Sideswipe,7,6,180,true,Beijing,false,Rabbit-3
28,Wheeljack,7,8,90,true,Hangzhou,false,Rabbit-2
28,Ratchet,14,10,0,false,,false,
28,Ironhide,10,5,0,true,Chengdu,false,Horse-1
28,Hound,11,10,0,true,Shenzhen,false,Horse-2
28,Smokescreen,12,13,0,true,Tianjin,false,Horse-3
28,Megatron,16,6,180,true,Beijing,true,Monkey-3
28,Bluestreak,14,5,180,true,Chengdu,false,Monkey-2
28,RedAlert,7,9,180,true,Shanghai,false,Monkey-1
29,Optimus,19,7,0,false,,false,
29,Bumblebee,8,11,270,false,,false,
29,Jazz,7,13,90,true,Guangzhou,false,Tiger-3
29,Sideswipe,7,6,270,true,Beijing,false,Rabbit-3
29,Wheeljack,7,9,90,true,Hangzhou,false,Rabbit-2
29,Ratchet,15,10,0,false,,false,
29,Ironhide,11,5,0,true,Chengdu,false,Horse-1
29,Hound,12,10,0,true,Shenzhen,false,Horse-2
29,Smokescreen,13,13,0,true,Tianjin,false,Horse-3
29,Megatron,15,6,180,true,Beijing,true,Monkey-3
29,Bluestreak,13,5,180,true,Chengdu,false,Monkey-2
29,RedAlert,6,9,180,true,Shanghai,false,Monkey-1
30,Optimus,19,7,270,false,,false,
30,Bumblebee,8,10,270,false,,false,
30,Jazz,7,14,90,true,Guangzhou,false,Tiger-3
30,Sideswipe,7,5,270,true,Beijing,false,Rabbit-3
30,Wheeljack,7,10,90,true,Hangzhou,false,Rabbit-2
30,Ratchet,16,10,0,false,,false,
30,Ironhide,12,5,0,true,Chengdu,false,Horse-1
30,Hound,13,10,0,true,Shenzhen,false,Horse-2
30,Smokescreen,14,13,0,true,Tianjin,false,Horse-3
30,Megatron,14,6,180,true,Beijing,true,Monkey-3
30,Bluestreak,13,5,270,true,Chengdu,false,Monkey-2
30,RedAlert,6,9,180,false,,false,
31,Optimus,19,6,270,false,,false,
31,Bumblebee,8,10,180,false,,false,
31,Jazz,7,15,90,true,Guangzhou,false,Tiger-3
31,Sideswipe,7,4,270,true,Beijing,false,Rabbit-3
31,Wheeljack,7,11,90,true,Hangzhou,false,Rabbit-2
31,Ratchet,17,10,0,false,,false,
31,Ironhide,12,5,0,false,,false,
31,Hound,14,10,0,true,Shenzhen,false,Horse-2
31,Smokescreen,15,13,0,true,Tianjin,false,Horse-3
31,Megatron,13,6,180,true,Beijing,true,Monkey-3
31,Bluestreak,13,4,270,true,Chengdu,false,Monkey-2
31,RedAlert,5,9,180,false,,false,
32,Optimus,19,6,270,true,Chengdu,false,Rabbit-4
32,Bumblebee,7,10,180,false,,false,
32,Jazz,7,16,90,true,Guangzhou,false,Tiger-3
32,Sideswipe,7,4,270,false,,false,
32,Wheeljack,7,12,90,true,Hangzhou,false,Rabbit-2
32,Ratchet,18,10,0,false,,false,
32,Ironhide,13,5,0,false,,false,
32,Hound,14,10,270,true,Shenzhen,false,Horse-2
32,Smokescreen,15,13,0,false,,false,
32,Megatron,12,6,180,true,Beijing,true,Monkey-3
32,Bluestreak,13,4,270,false,,false,
32,RedAlert,4,9,180,false,,false,
33,Optimus,19,5,270,true,Chengdu,false,Rabbit-4
33,Bumblebee,6,10,180,false,,false,
33,Jazz,7,16,0,true,Guangzhou,false,Tiger-3
33,Sideswipe,7,4,90,false,,false,
33,Wheeljack,7,13,90,true,Hangzhou,false,Rabbit-2
33,Ratchet,19,10,0,false,,false,
33,Ironhide,14,5,0,false,,false,
33,Hound,14,9,270,true,Shenzhen,false,Horse-2
33,Smokescreen,16,13,0,false,,false,
33,Megatron,11,6,180,true,Beijing,true,Monkey-3
33,Bluestreak,13,4,90,false,,false,
33,RedAlert,3,9,180,false,,false,
34,Optimus,19,4,270,true,Chengdu,false,Rabbit-4
34,Bumblebee,5,10,180,false,,false,
34,Jazz,8,16,0,true,Guangzhou,false,Tiger-3
34,Sideswipe,7,5,90,false,,false,
34,Wheeljack,7,14,90,true,Hangzhou,false,Rabbit-2
34,Ratchet,19,10,0,true,Suzhou,false,Ox-1
34,Ironhide,15,5,0,false,,false,
34,Hound,14,8,270,true,Shenzhen,false,Horse-2
34,Smokescreen,17,13,0,false,,false,
34,Megatron,10,6,180,true,Beijing,true,Monkey-3
34,Bluestreak,13,5,90,false,,false,
34,RedAlert,2,9,180,false,,false,
35,Optimus,19,3,270,true,Chengdu,false,Rabbit-4
35,Bumblebee,4,10,180,false,,false,
35,Jazz,8,16,0,false,,false,
35,Sideswipe,7,6,90,false,,false,
35,Wheeljack,7,15,90,true,Hangzhou,false,Rabbit-2
35,Ratchet,19,10,180,true,Suzhou,false,Ox-1
35,Ironhide,16,5,0,false,,false,
35,Hound,14,7,270,true,Shenzhen,false,Horse-2
35,Smokescreen,18,13,0,false,,false,
35,Megatron,9,6,180,true,Beijing,true,Monkey-3
35,Bluestreak,13,6,90,false,,false,
35,RedAlert,2,9,270,false,,false,
36,Optimus,19,3,180,true,Chengdu,false,Rabbit-4
36,Bumblebee,3,10,180,false,,false,
36,Jazz,8,16,270,false,,false,
36,Sideswipe,7,6,180,false,,false,
36,Wheeljack,7,16,90,true,Hangzhou,false,Rabbit-2
36,Ratchet,18,10,180,true,Suzhou,false,Ox-1
36,Ironhide,17,5,0,false,,false,
36,Hound,14,6,270,true,Shenzhen,false,Horse-2
36,Smokescreen,19,13,0,false,,false,
36,Megatron,8,6,180,true,Beijing,true,Monkey-3
36,Bluestreak,13,6,0,false,,false,
36,RedAlert,2,8,270,false,,false,
37,Optimus,18,3,180,true,Chengdu,false,Rabbit-4
37,Bumblebee,2,10,180,false,,false,
37,Jazz,8,15,270,false,,false,
37,Sideswipe,6,6,180,false,,false,
37,Wheeljack,7,16,90,false,,false,
37,Ratchet,17,10,180,true,Suzhou,false,Ox-1
37,Ironhide,18,5,0,false,,false,
37,Hound,14,5,270,true,Shenzhen,false,Horse-2
37,Smokescreen,19,13,90,false,,false,
37,Megatron,7,6,180,true,Beijing,true,Monkey-3
37,Bluestreak,14,6,0,false,,false,
37,RedAlert,2,7,270,false,,false,
38,Optimus,17,3,180,true,Chengdu,false,Rabbit-4
38,Bumblebee,2,10,180,true,Hangzhou,false,Dragon-1
38,Jazz,8,14,270,false,,false,
38,Sideswipe,5,6,180,false,,false,
38,Wheeljack,7,16,90,false,,false,
38,Ratchet,16,10,180,true,Suzhou,false,Ox-1
38,Ironhide,19,5,0,false,,false,
38,Hound,14,4,270,true,Shenzhen,false,Horse-2
38,Smokescreen,19,14,90,false,,false,
38,Megatron,6,6,180,true,Beijing,true,Monkey-3
38,Bluestreak,15,6,0,false,,false,
38,RedAlert,2,6,270,false,,false,
39,Optimus,16,3,180,true,Chengdu,false,Rabbit-4
39,Bumblebee,2,10,90,true,Hangzhou,false,Dragon-1
39,Jazz,8,14,180,false,,false,
39,Sideswipe,4,6,180,false,,false,
39,Wheeljack,7,16,90,false,,false,
39,Ratchet,15,10,180,true,Suzhou,false,Ox-1
39,Ironhide,19,5,90,false,,false,
39,Hound,14,4,270,false,,false,
39,Smokescreen,19,14,90,true,Nanjing,false,Monkey-4
39,Megatron,6,6,270,true,Beijing,true,Monkey-3
39,Bluestreak,16,6,0,false,,false,
39,RedAlert,2,6,270,true,Kunming,false,Tiger-4
40,Optimus,15,3,180,true,Chengdu,false,Rabbit-4
40,Bumblebee,2,11,90,true,Hangzhou,false,Dragon-1
40,Jazz,7,14,180,false,,false,
40,Sideswipe,3,6,180,false,,false,
40,Wheeljack,7,16,270,false,,false,
40,Ratchet,14,10,180,true,Suzhou,false,Ox-1
40,Ironhide,19,6,90,false,,false,
40,Hound,14,4,90,false,,false,
40,Smokescreen,19,14,270,true,Nanjing,false,Monkey-4
40,Megatron,6,5,270,true,Beijing,true,Monkey-3
40,Bluestreak,17,6,0,false,,false,
40,RedAlert,2,6,90,true,Kunming,false,Tiger-4
41,Optimus,14,3,180,true,Chengdu,false,Rabbit-4
41,Bumblebee,2,12,90,true,Hangzhou,false,Dragon-1
41,Jazz,6,14,180,false,,false,
41,Sideswipe,2,6,180,false,,false,
41,Wheeljack,7,15,270,false,,false,
41,Ratchet,13,10,180,true,Suzhou,false,Ox-1
41,Ironhide,19,6,90,true,Dalian,false,Rabbit-5
41,Hound,14,5,90,false,,false,
41,Smokescreen,19,13,270,true,Nanjing,false,Monkey-4
41,Megatron,6,5,270,false,,false,
41,Bluestreak,18,6,0,false,,false,
41,RedAlert,2,7,90,true,Kunming,false,Tiger-4
42,Optimus,13,3,180,true,Chengdu,false,Rabbit-4
42,Bumblebee,2,13,90,true,Hangzhou,false,Dragon-1
42,Jazz,5,14,180,false,,false,
42,Sideswipe,2,6,180,true,Wuhan,false,Tiger-5
42,Wheeljack,7,14,270,false,,false,
42,Ratchet,12,10,180,true,Suzhou,false,Ox-1
42,Ironhide,19,7,90,true,Dalian,false,Rabbit-5
42,Hound,14,5,90,false,,false,
42,Smokescreen,19,12,270,true,Nanjing,false,Monkey-4
42,Megatron,6,5,180,false,,false,
42,Bluestreak,19,6,0,false,,false,
42,RedAlert,2,8,90,true,Kunming,false,Tiger-4
43,Optimus,12,3,180,true,Chengdu,false,Rabbit-4
43,Bumblebee,2,14,90,true,Hangzhou,false,Dragon-1
43,Jazz,4,14,180,false,,false,
43,Sideswipe,2,6,90,true,Wuhan,false,Tiger-5
43,Wheeljack,7,14,180,false,,false,
43,Ratchet,11,10,180,true,Suzhou,false,Ox-1
43,Ironhide,19,8,90,true,Dalian,false,Rabbit-5
43,Hound,14,6,90,false,,false,
43,Smokescreen,19,11,270,true,Nanjing,false,Monkey-4
43,Megatron,5,5,180,false,,false,
43,Bluestreak,19,6,0,true,Chengdu,false,Rabbit-6
43,RedAlert,2,9,90,true,Kunming,false,Tiger-4
44,Optimus,12,3,180,false,,false,
44,Bumblebee,2,15,90,true,Hangzhou,false,Dragon-1
44,Jazz,3,14,180,false,,false,
44,Sideswipe,2,7,90,true,Wuhan,false,Tiger-5
44,Wheeljack,6,14,180,false,,false,
44,Ratchet,10,10,180,true,Suzhou,false,Ox-1
44,Ironhide,19,8,180,true,Dalian,false,Rabbit-5
44,Hound,14,6,0,false,,false,
44,Smokescreen,19,10,270,true,Nanjing,false,Monkey-4
44,Megatron,4,5,180,false,,false,
44,Bluestreak,19,6,270,true,Chengdu,false,Rabbit-6
44,RedAlert,2,10,90,true,Kunming,false,Tiger-4
45,Optimus,12,3,0,false,,false,
45,Bumblebee,2,16,90,true,Hangzhou,false,Dragon-1
45,Jazz,2,14,180,false,,false,
45,Sideswipe,2,7,0,true,Wuhan,false,Tiger-5
45,Wheeljack,5,14,180,false,,false,
45,Ratchet,9,10,180,true,Suzhou,false,Ox-1
45,Ironhide,18,8,180,true,Dalian,false,Rabbit-5
45,Hound,15,6,0,false,,false,
45,Smokescreen,19,9,270,true,Nanjing,false,Monkey-4
45,Megatron,3,5,180,false,,false,
45,Bluestreak,19,5,270,true,Chengdu,false,Rabbit-6
45,RedAlert,2,11,90,true,Kunming,false,Tiger-4
46,Optimus,13,3,0,false,,false,
46,Bumblebee,2,16,0,true,Hangzhou,false,Dragon-1
46,Jazz,2,14,180,true,Changsha,false,Horse-4
46,Sideswipe,3,7,0,true,Wuhan,false,Tiger-5
46,Wheeljack,4,14,180,false,,false,
46,Ratchet,8,10,180,true,Suzhou,false,Ox-1
46,Ironhide,17,8,180,true,Dalian,false,Rabbit-5
46,Hound,16,6,0,false,,false,
46,Smokescreen,19,8,270,true,Nanjing,false,Monkey-4
46,Megatron,2,5,180,false,,false,
46,Bluestreak,19,5,180,true,Chengdu,false,Rabbit-6
46,RedAlert,2,11,0,true,Kunming,false,Tiger-4
47,Optimus,14,3,0,false,,false,
47,Bumblebee,3,16,0,true,Hangzhou,false,Dragon-1
47,Jazz,2,14,270,true,Changsha,false,Horse-4
47,Sideswipe,4,7,0,true,Wuhan,false,Tiger-5
47,Wheeljack,3,14,180,false,,false,
47,Ratchet,7,10,180,true,Suzhou,false,Ox-1
47,Ironhide,16,8,180,true,Dalian,false,Rabbit-5
47,Hound,17,6,0,false,,false,
47,Smokescreen,19,7,270,true,Nanjing,false,Monkey-4
47,Megatron,2,5,90,false,,false,
47,Bluestreak,18,5,180,true,Chengdu,false,Rabbit-6
47,RedAlert,3,11,0,true,Kunming,false,Tiger-4
48,Optimus,15,3,0,false,,false,
48,Bumblebee,4,16,0,true,Hangzhou,false,Dragon-1
48,Jazz,2,13,270,true,Changsha,false,Horse-4
48,Sideswipe,5,7,0,true,Wuhan,false,Tiger-5
48,Wheeljack,2,14,180,false,,false,
48,Ratchet,7,10,90,true,Suzhou,false,Ox-1
48,Ironhide,16,8,180,false,,false,
48,Hound,18,6,0,false,,false,
48,Smokescreen,19,6,270,true,Nanjing,false,Monkey-4
48,Megatron,2,6,90,false,,false,
48,Bluestreak,17,5,180,true,Chengdu,false,Rabbit-6
48,RedAlert,4,11,0,true,Kunming,false,Tiger-4
49,Optimus,16,3,0,false,,false,
49,Bumblebee,5,16,0,true,Hangzhou,false,Dragon-1
49,Jazz,2,13,0,true,Changsha,false,Horse-4
49,Sideswipe,6,7,0,true,Wuhan,false,Tiger-5
49,Wheeljack,2,14,180,true,Hangzhou,false,Horse-5
49,Ratchet,7,11,90,true,Suzhou,false,Ox-1
49,Ironhide,16,8,180,false,,false,
49,Hound,19,6,0,false,,false,
49,Smokescreen,19,5,270,true,Nanjing,false,Monkey-4
49,Megatron,2,6,90,true,Tianjin,false,Tiger-6
49,Bluestreak,16,5,180,true,Chengdu,false,Rabbit-6
49,RedAlert,5,11,0,true,Kunming,false,Tiger-4
50,Optimus,17,3,0,false,,false,
50,Bumblebee,5,16,0,false,,false,
50,Jazz,3,13,0,true,Changsha,false,Horse-4
50,Sideswipe,7,7,0,true,Wuhan,false,Tiger-5
50,Wheeljack,2,14,90,true,Hangzhou,false,Horse-5
50,Ratchet,7,12,90,true,Suzhou,false,Ox-1
50,Ironhide,16,8,270,false,,false,
50,Hound,19,6,0,true,Beijing,false,Rabbit-7
50,Smokescreen,19,5,180,true,Nanjing,false,Monkey-4
50,Megatron,2,7,90,true,Tianjin,false,Tiger-6
50,Bluestreak,15,5,180,true,Chengdu,false,Rabbit-6
50,RedAlert,6,11,0,true,Kunming,false,Tiger-4
51,Optimus,18,3,0,false,,false,
51,Bumblebee,5,16,270,false,,false,
51,Jazz,4,13,0,true,Changsha,false,Horse-4
51,Sideswipe,8,7,0,true,Wuhan,false,Tiger-5
51,Wheeljack,2,15,90,true,Hangzhou,false,Horse-5
51,Ratchet,7,12,90,false,,false,
51,Ironhide,16,7,270,false,,false,
51,Hound,19,6,180,true,Beijing,false,Rabbit-7
51,Smokescreen,18,5,180,true,Nanjing,false,Monkey-4
51,Megatron,2,8,90,true,Tianjin,false,Tiger-6
51,Bluestreak,14,5,180,true,Chengdu,false,Rabbit-6
51,RedAlert,7,11,0,true,Kunming,false,Tiger-4
52,Optimus,19,3,0,false,,false,
52,Bumblebee,5,15,270,false,,false,
52,Jazz,5,13,0,true,Changsha,false,Horse-4
52,Sideswipe,9,7,0,true,Wuhan,false,Tiger-5
52,Wheeljack,2,15,0,true,Hangzhou,false,Horse-5
52,Ratchet,7,12,270,false,,false,
52,Ironhide,16,7,0,false,,false,
52,Hound,18,6,180,true,Beijing,false,Rabbit-7
52,Smokescreen,17,5,180,true,Nanjing,false,Monkey-4
52,Megatron,2,9,90,true,Tianjin,false,Tiger-6
52,Bluestreak,13,5,180,true,Chengdu,false,Rabbit-6
52,RedAlert,8,11,0,true,Kunming,false,Tiger-4
53,Optimus,19,3,90,false,,false,
53,Bumblebee,5,14,270,false,,false,
53,Jazz,6,13,0,true,Changsha,false,Horse-4
53,Sideswipe,9,7,0,false,,false,
53,Wheeljack,3,15,0,true,Hangzhou,false,Horse-5
53,Ratchet,7,11,270,false,,false,
53,Ironhide,17,7,0,false,,false,
53,Hound,17,6,180,true,Beijing,false,Rabbit-7
53,Smokescreen,16,5,180,true,Nanjing,false,Monkey-4
53,Megatron,2,10,90,true,Tianjin,false,Tiger-6
53,Bluestreak,12,5,180,true,Chengdu,false,Rabbit-6
53,RedAlert,9,11,0,true,Kunming,false,Tiger-4
54,Optimus,19,4,90,false,,false,
54,Bumblebee,5,14,180,false,,false,
54,Jazz,7,13,0,true,Changsha,false,Horse-4
54,Sideswipe,10,7,0,false,,false,
54,Wheeljack,4,15,0,true,Hangzhou,false,Horse-5
54,Ratchet,7,11,180,false,,false,
54,Ironhide,17,7,270,false,,false,
54,Hound,16,6,180,true,Beijing,false,Rabbit-7
54,Smokescreen,15,5,180,true,Nanjing,false,Monkey-4
54,Megatron,2,10,0,true,Tianjin,false,Tiger-6
54,Bluestreak,12,5,180,false,,false,
54,RedAlert,10,11,0,true,Kunming,false,Tiger-4
55,Optimus,19,5,90,false,,false,
55,Bumblebee,4,14,180,false,,false,
55,Jazz,8,13,0,true,Changsha,false,Horse-4
55,Sideswipe,11,7,0,false,,false,
55,Wheeljack,5,15,0,true,Hangzhou,false,Horse-5
55,Ratchet,6,11,180,false,,false,
55,Ironhide,17,6,270,false,,false,
55,Hound,15,6,180,true,Beijing,false,Rabbit-7
55,Smokescreen,14,5,180,true,Nanjing,false,Monkey-4
55,Megatron,3,10,0,true,Tianjin,false,Tiger-6
55,Bluestreak,11,5,180,false,,false,
55,RedAlert,11,11,0,true,Kunming,false,Tiger-4
56,Optimus,19,6,90,false,,false,
56,Bumblebee,3,14,180,false,,false,
56,Jazz,9,13,0,true,Changsha,false,Horse-4
56,Sideswipe,12,7,0,false,,false,
56,Wheeljack,6,15,0,true,Hangzhou,false,Horse-5
56,Ratchet,5,11,180,false,,false,
56,Ironhide,17,6,0,false,,false,
56,Hound,14,6,180,true,Beijing,false,Rabbit-7
56,Smokescreen,13,5,180,true,Nanjing,false,Monkey-4
56,Megatron,4,10,0,true,Tianjin,false,Tiger-6
56,Bluestreak,10,5,180,false,,false,
56,RedAlert,12,11,0,true,Kunming,false,Tiger-4
57,Optimus,19,6,90,true,Xiamen,false,Rabbit-8
57,Bumblebee,2,14,180,false,,false,
57,Jazz,9,13,0,false,,false,
57,Sideswipe,13,7,0,false,,false,
57,Wheeljack,6,15,0,false,,false,
57,Ratchet,4,11,180,false,,false,
57,Ironhide,18,6,0,false,,false,
57,Hound,13,6,180,true,Beijing,false,Rabbit-7
57,Smokescreen,12,5,180,true,Nanjing,false,Monkey-4
57,Megatron,5,10,0,true,Tianjin,false,Tiger-6
57,Bluestreak,10,5,270,false,,false,
57,RedAlert,12,11,0,false,,false,
58,Optimus,19,7,90,true,Xiamen,false,Rabbit-8
58,Bumblebee,2,14,180,true,Urumqi,false,Horse-6
58,Jazz,9,13,180,false,,false,
58,Sideswipe,14,7,0,false,,false,
58,Wheeljack,6,15,180,false,,false,
58,Ratchet,3,11,180,false,,false,
58,Ironhide,19,6,0,false,,false,
58,Hound,12,6,180,true,Beijing,false,Rabbit-7
58,Smokescreen,11,5,180,true,Nanjing,false,Monkey-4
58,Megatron,6,10,0,true,Tianjin,false,Tiger-6
58,Bluestreak,10,4,270,false,,false,
58,RedAlert,13,11,0,false,,false,
59,Optimus,19,7,180,true,Xiamen,false,Rabbit-8
59,Bumblebee,2,14,0,true,Urumqi,false,Horse-6
59,Jazz,8,13,180,false,,false,
59,Sideswipe,15,7,0,false,,false,
59,Wheeljack,5,15,180,false,,false,
59,Ratchet,2,11,180,false,,false,
59,Ironhide,19,6,0,true,Guangzhou,false,Rabbit-9
59,Hound,11,6,180,true,Beijing,false,Rabbit-7
59,Smokescreen,10,5,180,true,Nanjing,false,Monkey-4
59,Megatron,7,10,0,true,Tianjin,false,Tiger-6
59,Bluestreak,10,4,90,false,,false,
59,RedAlert,14,11,0,false,,false,
60,Optimus,18,7,180,true,Xiamen,false,Rabbit-8
60,Bumblebee,3,14,0,true,Urumqi,false,Horse-6
60,Jazz,7,13,180,false,,false,
60,Sideswipe,16,7,0,false,,false,
60,Wheeljack,4,15,180,false,,false,
60,Ratchet,2,11,270,false,,false,
60,Ironhide,19,6,180,true,Guangzhou,false,Rabbit-9
60,Hound,10,6,180,true,Beijing,false,Rabbit-7
60,Smokescreen,9,5,180,true,Nanjing,false,Monkey-4
60,Megatron,8,10,0,true,Tianjin,false,Tiger-6
60,Bluestreak,10,5,90,false,,false,
60,RedAlert,15,11,0,false,,false,
61,Optimus,17,7,180,true,Xiamen,false,Rabbit-8
61,Bumblebee,4,14,0,true,Urumqi,false,Horse-6
61,Jazz,6,13,180,false,,false,
61,Sideswipe,16,7,270,false,,false,
61,Wheeljack,3,15,180,false,,false,
61,Ratchet,2,10,270,false,,false,
61,Ironhide,18,6,180,true,Guangzhou,false,Rabbit-9
61,Hound,9,6,180,true,Beijing,false,Rabbit-7
61,Smokescreen,9,5,180,false,,false,
61,Megatron,9,10,0,true,Tianjin,false,Tiger-6
61,Bluestreak,10,5,0,false,,false,
61,RedAlert,16,11,0,false,,false,
62,Optimus,16,7,180,true,Xiamen,false,Rabbit-8
62,Bumblebee,5,14,0,true,Urumqi,false,Horse-6
62,Jazz,5,13,180,false,,false,
62,Sideswipe,16,6,270,false,,false,
62,Wheeljack,2,15,180,false,,false,
62,Ratchet,2,10,270,true,Beijing,false,Dragon-2
62,Ironhide,17,6,180,true,Guangzhou,false,Rabbit-9
62,Hound,8,6,180,true,Beijing,false,Rabbit-7
62,Smokescreen,8,5,180,false,,false,
62,Megatron,10,10,0,true,Tianjin,false,Tiger-6
62,Bluestreak,11,5,0,false,,false,
62,RedAlert,17,11,0,false,,false,
63,Optimus,15,7,180,true,Xiamen,false,Rabbit-8
63,Bumblebee,6,14,0,true,Urumqi,false,Horse-6
63,Jazz,4,13,180,false,,false,
63,Sideswipe,16,5,270,false,,false,
63,Wheeljack,2,15,270,false,,false,
63,Ratchet,2,9,270,true,Beijing,false,Dragon-2
63,Ironhide,16,6,180,true,Guangzhou,false,Rabbit-9
63,Hound,7,6,180,true,Beijing,false,Rabbit-7
63,Smokescreen,7,5,180,false,,false,
63,Megatron,11,10,0,true,Tianjin,false,Tiger-6
63,Bluestreak,12,5,0,false,,false,
63,RedAlert,18,11,0,false,,false,
64,Optimus,14,7,180,true,Xiamen,false,Rabbit-8
64,Bumblebee,7,14,0,true,Urumqi,false,Horse-6
64,Jazz,3,13,180,false,,false,
64,Sideswipe,16,5,90,false,,false,
64,Wheeljack,2,14,270,false,,false,
64,Ratchet,2,8,270,true,Beijing,false,Dragon-2
64,Ironhide,15,6,180,true,Guangzhou,false,Rabbit-9
64,Hound,7,6,270,true,Beijing,false,Rabbit-7
64,Smokescreen,6,5,180,false,,false,
64,Megatron,12,10,0,true,Tianjin,false,Tiger-6
64,Bluestreak,13,5,0,false,,false,
64,RedAlert,19,11,0,false,,false,
65,Optimus,13,7,180,true,Xiamen,false,Rabbit-8
65,Bumblebee,8,14,0,true,Urumqi,false,Horse-6
65,Jazz,3,13,90,false,,false,
65,Sideswipe,16,6,90,false,,false,
65,Wheeljack,2,14,270,true,Changsha,false,Horse-7
65,Ratchet,2,7,270,true,Beijing,false,Dragon-2
65,Ironhide,14,6,180,true,Guangzhou,false,Rabbit-9
65,Hound,7,5,270,true,Beijing,false,Rabbit-7
65,Smokescreen,5,5,180,false,,false,
65,Megatron,13,10,0,true,Tianjin,false,Tiger-6
65,Bluestreak,14,5,0,false,,false,
65,RedAlert,19,11,270,false,,false,
66,Optimus,12,7,180,true,Xiamen,false,Rabbit-8
66,Bumblebee,9,14,0,true,Urumqi,false,Horse-6
66,Jazz,3,14,90,false,,false,
66,Sideswipe,16,6,0,false,,false,
66,Wheeljack,2,13,270,true,Changsha,false,Horse-7
66,Ratchet,2,6,270,true,Beijing,false,Dragon-2
66,Ironhide,13,6,180,true,Guangzhou,false,Rabbit-9
66,Hound,7,4,270,true,Beijing,false,Rabbit-7
66,Smokescreen,4,5,180,false,,false,
66,Megatron,14,10,0,true,Tianjin,false,Tiger-6
66,Bluestreak,15,5,0,false,,false,
66,RedAlert,19,10,270,false,,false,
67,Optimus,12,7,180,false,,false,
67,Bumblebee,10,14,0,true,Urumqi,false,Horse-6
67,Jazz,3,14,180,false,,false,
67,Sideswipe,17,6,0,false,,false,
67,Wheeljack,2,13,0,true,Changsha,false,Horse-7
67,Ratchet,2,5,270,true,Beijing,false,Dragon-2
67,Ironhide,12,6,180,true,Guangzhou,false,Rabbit-9
67,Hound,7,4,270,false,,false,
67,Smokescreen,3,5,180,false,,false,
67,Megatron,14,10,90,true,Tianjin,false,Tiger-6
67,Bluestreak,16,5,0,false,,false,
67,RedAlert,19,10,270,true,Wuhan,false,Ox-2
68,Optimus,12,7,0,false,,false,
68,Bumblebee,11,14,0,true,Urumqi,false,Horse-6
68,Jazz,2,14,180,false,,false,
68,Sideswipe,18,6,0,false,,false,
68,Wheeljack,3,13,0,true,Changsha,false,Horse-7
68,Ratchet,2,4,270,true,Beijing,false,Dragon-2
68,Ironhide,11,6,180,true,Guangzhou,false,Rabbit-9
68,Hound,7,4,90,false,,false,
68,Smokescreen,2,5,180,false,,false,
68,Megatron,14,11,90,true,Tianjin,false,Tiger-6
68,Bluestreak,17,5,0,false,,false,
68,RedAlert,19,9,270,true,Wuhan,false,Ox-2
69,Optimus,13,7,0,false,,false,
69,Bumblebee,11,14,90,true,Urumqi,false,Horse-6
69,Jazz,2,14,180,true,Chengdu,false,Horse-8
69,Sideswipe,19,6,0,false,,false,
69,Wheeljack,4,13,0,true,Changsha,false,Horse-7
69,Ratchet,2,4,0,true,Beijing,false,Dragon-2
69,Ironhide,10,6,180,true,Guangzhou,false,Rabbit-9
69,Hound,7,5,90,false,,false,
69,Smokescreen,2,5,90,false,,false,
69,Megatron,14,12,90,true,Tianjin,false,Tiger-6
69,Bluestreak,18,5,0,false,,false,
69,RedAlert,19,9,180,true,Wuhan,false,Ox-2
70,Optimus,14,7,0,false,,false,
70,Bumblebee,11,15,90,true,Urumqi,false,Horse-6
70,Jazz,2,14,180,true,Chengdu,false,Horse-8
70,Sideswipe,19,6,0,true,Hangzhou,true,Rabbit-10
70,Wheeljack,5,13,0,true,Changsha,false,Horse-7
70,Ratchet,3,4,0,true,Beijing,false,Dragon-2
70,Ironhide,10,6,90,true,Guangzhou,false,Rabbit-9
70,Hound,7,6,90,false,,false,
70,Smokescreen,2,6,90,false,,false,
70,Megatron,14,12,90,false,,false,
70,Bluestreak,19,5,0,false,,false,
70,RedAlert,18,9,180,true,Wuhan,false,Ox-2
71,Optimus,15,7,0,false,,false,
71,Bumblebee,11,16,90,true,Urumqi,false,Horse-6
71,Jazz,2,14,270,true,Chengdu,false,Horse-8
71,Sideswipe,19,6,180,true,Hangzhou,true,Rabbit-10
71,Wheeljack,6,13,0,true,Changsha,false,Horse-7
71,Ratchet,4,4,0,true,Beijing,false,Dragon-2
71,Ironhide,10,7,90,true,Guangzhou,false,Rabbit-9
71,Hound,7,6,180,false,,false,
71,Smokescreen,2,6,90,true,Urumqi,false,Tiger-7
71,Megatron,14,13,90,false,,false,
71,Bluestreak,19,5,90,false,,false,
71,RedAlert,17,9,180,true,Wuhan,false,Ox-2
72,Optimus,16,7,0,false,,false,
72,Bumblebee,11,16,90,false,,false,
72,Jazz,2,13,270,true,Chengdu,false,Horse-8
72,Sideswipe,18,6,180,true,Hangzhou,true,Rabbit-10
72,Wheeljack,7,13,0,true,Changsha,false,Horse-7
72,Ratchet,5,4,0,true,Beijing,false,Dragon-2
72,Ironhide,10,8,90,true,Guangzhou,false,Rabbit-9
72,Hound,6,6,180,false,,false,
72,Smokescreen,2,7,90,true,Urumqi,false,Tiger-7
72,Megatron,14,14,90,false,,false,
72,Bluestreak,19,6,90,false,,false,
72,RedAlert,16,9,180,true,Wuhan,false,Ox-2
73,Optimus,17,7,0,false,,false,
73,Bumblebee,11,16,270,false,,false,
73,Jazz,2,12,270,true,Chengdu,false,Horse-8
73,Sideswipe,17,6,180,true,Hangzhou,true,Rabbit-10
73,Wheeljack,8,13,0,true,Changsha,false,Horse-7
73,Ratchet,5,4,0,false,,false,
73,Ironhide,10,9,90,true,Guangzhou,false,Rabbit-9
73,Hound,5,6,180,false,,false,
73,Smokescreen,2,7,0,true,Urumqi,false,Tiger-7
73,Megatron,14,14,0,false,,false,
73,Bluestreak,19,6,90,true,Dalian,false,Rabbit-11
73,RedAlert,15,9,180,true,Wuhan,false,Ox-2
74,Optimus,18,7,0,false,,false,
74,Bumblebee,11,15,270,false,,false,
74,Jazz,2,11,270,true,Chengdu,false,Horse-8
74,Sideswipe,16,6,180,true,Hangzhou,true,Rabbit-10
74,Wheeljack,8,13,270,true,Changsha,false,Horse-7
74,Ratchet,5,4,0,false,,false,
74,Ironhide,10,10,90,true,Guangzhou,false,Rabbit-9
74,Hound,4,6,180,false,,false,
74,Smokescreen,3,7,0,true,Urumqi,false,Tiger-7
74,Megatron,15,14,0,false,,false,
74,Bluestreak,19,7,90,true,Dalian,false,Rabbit-11
74,RedAlert,14,9,180,true,Wuhan,false,Ox-2
75,Optimus,19,7,0,false,,false,
75,Bumblebee,11,14,270,false,,false,
75,Jazz,2,10,270,true,Chengdu,false,Horse-8
75,Sideswipe,15,6,180,true,Hangzhou,true,Rabbit-10
75,Wheeljack,8,12,270,true,Changsha,false,Horse-7
75,Ratchet,5,4,0,false,,false,
75,Ironhide,10,11,90,true,Guangzhou,false,Rabbit-9
75,Hound,3,6,180,false,,false,
75,Smokescreen,4,7,0,true,Urumqi,false,Tiger-7
75,Megatron,16,14,0,false,,false,
75,Bluestreak,19,8,90,true,Dalian,false,Rabbit-11
75,RedAlert,13,9,180,true,Wuhan,false,Ox-2
76,Optimus,19,7,270,false,,false,
76,Bumblebee,11,14,0,false,,false,
76,Jazz,2,9,270,true,Chengdu,false,Horse-8
76,Sideswipe,14,6,180,true,Hangzhou,true,Rabbit-10
76,Wheeljack,8,12,270,false,,false,
76,Ratchet,5,4,180,false,,false,
76,Ironhide,10,12,90,true,Guangzhou,false,Rabbit-9
76,Hound,2,6,180,false,,false,
76,Smokescreen,5,7,0,true,Urumqi,false,Tiger-7
76,Megatron,17,14,0,false,,false,
76,Bluestreak,19,8,180,true,Dalian,false,Rabbit-11
76,RedAlert,12,9,180,true,Wuhan,false,Ox-2
77,Optimus,19,6,270,false,,false,
77,Bumblebee,12,14,0,false,,false,
77,Jazz,2,8,270,true,Chengdu,false,Horse-8
77,Sideswipe,13,6,180,true,Hangzhou,true,Rabbit-10
77,Wheeljack,8,11,270,false,,false,
77,Ratchet,4,4,180,false,,false,
77,Ironhide,10,13,90,true,Guangzhou,false,Rabbit-9
77,Hound,2,6,180,true,Beijing,false,Tiger-8
77,Smokescreen,6,7,0,true,Urumqi,false,Tiger-7
77,Megatron,18,14,0,false,,false,
77,Bluestreak,18,8,180,true,Dalian,false,Rabbit-11
77,RedAlert,11,9,180,true,Wuhan,false,Ox-2
78,Optimus,19,6,270,true,Shenzhen,false,Rabbit-12
78,Bumblebee,13,14,0,false,,false,
78,Jazz,2,7,270,true,Chengdu,false,Horse-8
78,Sideswipe,12,6,180,true,Hangzhou,true,Rabbit-10
78,Wheeljack,8,10,270,false,,false,
78,Ratchet,3,4,180,false,,false,
78,Ironhide,10,14,90,true,Guangzhou,false,Rabbit-9
78,Hound,2,6,270,true,Beijing,false,Tiger-8
78,Smokescreen,7,7,0,true,Urumqi,false,Tiger-7
78,Megatron,19,14,0,false,,false,
78,Bluestreak,17,8,180,true,Dalian,false,Rabbit-11
78,RedAlert,10,9,180,true,Wuhan,false,Ox-2
79,Optimus,19,5,270,true,Shenzhen,false,Rabbit-12
79,Bumblebee,14,14,0,false,,false,
79,Jazz,2,6,270,true,Chengdu,false,Horse-8
79,Sideswipe,11,6,180,true,Hangzhou,true,Rabbit-10
79,Wheeljack,8,10,180,false,,false,
79,Ratchet,2,4,180,false,,false,
79,Ironhide,10,15,90,true,Guangzhou,false,Rabbit-9
79,Hound,2,5,270,true,Beijing,false,Tiger-8
79,Smokescreen,8,7,0,true,Urumqi,false,Tiger-7
79,Megatron,19,14,0,true,Wuhan,false,Monkey-5
79,Bluestreak,16,8,180,true,Dalian,false,Rabbit-11
79,RedAlert,9,9,180,true,Wuhan,false,Ox-2
80,Optimus,19,4,270,true,Shenzhen,false,Rabbit-12
80,Bumblebee,15,14,0,false,,false,
80,Jazz,2,6,0,true,Chengdu,false,Horse-8
80,Sideswipe,10,6,180,true,Hangzhou,true,Rabbit-10
80,Wheeljack,7,10,180,false,,false,
80,Ratchet,2,4,90,false,,false,
80,Ironhide,10,16,90,true,Guangzhou,false,Rabbit-9
80,Hound,2,5,0,true,Beijing,false,Tiger-8
80,Smokescreen,9,7,0,true,Urumqi,false,Tiger-7
80,Megatron,19,14,270,true,Wuhan,false,Monkey-5
80,Bluestreak,16,8,180,false,,false,
80,RedAlert,9,9,180,false,,false,
81,Optimus,19,4,180,true,Shenzhen,false,Rabbit-12
81,Bumblebee,16,14,0,false,,false,
81,Jazz,3,6,0,true,Chengdu,false,Horse-8
81,Sideswipe,9,6,180,true,Hangzhou,true,Rabbit-10
81,Wheeljack,6,10,180,false,,false,
81,Ratchet,2,5,90,false,,false,
81,Ironhide,10,16,90,false,,false,
81,Hound,3,5,0,true,Beijing,false,Tiger-8
81,Smokescreen,10,7,0,true,Urumqi,false,Tiger-7
81,Megatron,19,13,270,true,Wuhan,false,Monkey-5
81,Bluestreak,16,8,90,false,,false,
81,RedAlert,8,9,180,false,,false,
82,Optimus,18,4,180,true,Shenzhen,false,Rabbit-12
82,Bumblebee,17,14,0,false,,false,
82,Jazz,4,6,0,true,Chengdu,false,Horse-8
82,Sideswipe,8,6,180,true,Hangzhou,true,Rabbit-10
82,Wheeljack,5,10,180,false,,false,
82,Ratchet,2,6,90,false,,false,
82,Ironhide,10,16,270,false,,false,
82,Hound,4,5,0,true,Beijing,false,Tiger-8
82,Smokescreen,10,7,90,true,Urumqi,false,Tiger-7
82,Megatron,19,12,270,true,Wuhan,false,Monkey-5
82,Bluestreak,16,9,90,false,,false,
82,RedAlert,7,9,180,false,,false,
83,Optimus,17,4,180,true,Shenzhen,false,Rabbit-12
83,Bumblebee,18,14,0,false,,false,
83,Jazz,5,6,0,true,Chengdu,false,Horse-8
83,Sideswipe,7,6,180,true,Hangzhou,true,Rabbit-10
83,Wheeljack,4,10,180,false,,false,
83,Ratchet,2,6,90,true,Shanghai,false,Tiger-9
83,Ironhide,10,15,270,false,,false,
83,Hound,5,5,0,true,Beijing,false,Tiger-8
83,Smokescreen,10,8,90,true,Urumqi,false,Tiger-7
83,Megatron,19,11,270,true,Wuhan,false,Monkey-5
83,Bluestreak,16,10,90,false,,false,
83,RedAlert,6,9,180,false,,false,
84,Optimus,16,4,180,true,Shenzhen,false,Rabbit-12
84,Bumblebee,19,14,0,false,,false,
84,Jazz,6,6,0,true,Chengdu,false,Horse-8
84,Sideswipe,7,6,90,true,Hangzhou,true,Rabbit-10
84,Wheeljack,3,10,180,false,,false,
84,Ratchet,2,7,90,true,Shanghai,false,Tiger-9
84,Ironhide,10,14,270,false,,false,
84,Hound,6,5,0,true,Beijing,false,Tiger-8
84,Smokescreen,10,9,90,true,Urumqi,false,Tiger-7
84,Megatron,19,10,270,true,Wuhan,false,Monkey-5
84,Bluestreak,16,10,0,false,,false,
84,RedAlert,5,9,180,false,,false,
85,Optimus,16,4,180,false,,false,
85,Bumblebee,19,14,0,true,Shanghai,false,Monkey-6
85,Jazz,7,6,0,true,Chengdu,false,Horse-8
85,Sideswipe,7,7,90,true,Hangzhou,true,Rabbit-10
85,Wheeljack,2,10,180,false,,false,
85,Ratchet,2,8,90,true,Shanghai,false,Tiger-9
85,Ironhide,10,14,180,false,,false,
85,Hound,6,5,0,false,,false,
85,Smokescreen,10,10,90,true,Urumqi,false,Tiger-7
85,Megatron,19,9,270,true,Wuhan,false,Monkey-5
85,Bluestreak,17,10,0,false,,false,
85,RedAlert,4,9,180,false,,false,
86,Optimus,16,4,90,false,,false,
86,Bumblebee,19,14,270,true,Shanghai,false,Monkey-6
86,Jazz,8,6,0,true,Chengdu,false,Horse-8
86,Sideswipe,7,8,90,true,Hangzhou,true,Rabbit-10
86,Wheeljack,2,10,180,true,Hangzhou,false,Dragon-3
86,Ratchet,2,8,0,true,Shanghai,false,Tiger-9
86,Ironhide,9,14,180,false,,false,
86,Hound,6,5,180,false,,false,
86,Smokescreen,10,11,90,true,Urumqi,false,Tiger-7
86,Megatron,19,9,180,true,Wuhan,false,Monkey-5
86,Bluestreak,18,10,0,false,,false,
86,RedAlert,3,9,180,false,,false,
87,Optimus,16,5,90,false,,false,
87,Bumblebee,19,13,270,true,Shanghai,false,Monkey-6
87,Jazz,9,6,0,true,Chengdu,false,Horse-8
87,Sideswipe,7,9,90,true,Hangzhou,true,Rabbit-10
87,Wheeljack,2,10,90,true,Hangzhou,false,Dragon-3
87,Ratchet,3,8,0,true,Shanghai,false,Tiger-9
87,Ironhide,8,14,180,false,,false,
87,Hound,5,5,180,false,,false,
87,Smokescreen,10,12,90,true,Urumqi,false,Tiger-7
87,Megatron,18,9,180,true,Wuhan,false,Monkey-5
87,Bluestreak,19,10,0,false,,false,
87,RedAlert,2,9,180,false,,false,
88,Optimus,16,6,90,false,,false,
88,Bumblebee,19,12,270,true,Shanghai,false,Monkey-6
88,Jazz,10,6,0,true,Chengdu,false,Horse-8
88,Sideswipe,7,10,90,true,Hangzhou,true,Rabbit-10
88,Wheeljack,2,11,90,true,Hangzhou,false,Dragon-3
88,Ratchet,4,8,0,true,Shanghai,false,Tiger-9
88,Ironhide,7,14,180,false,,false,
88,Hound,4,5,180,false,,false,
88,Smokescreen,10,13,90,true,Urumqi,false,Tiger-7
88,Megatron,17,9,180,true,Wuhan,false,Monkey-5
88,Bluestreak,19,10,0,true,Beijing,false,Ox-3
88,RedAlert,2,9,90,false,,false,
89,Optimus,16,7,90,false,,false,
89,Bumblebee,19,11,270,true,Shanghai,false,Monkey-6
89,Jazz,11,6,0,true,Chengdu,false,Horse-8
89,Sideswipe,7,11,90,true,Hangzhou,true,Rabbit-10
89,Wheeljack,2,12,90,true,Hangzhou,false,Dragon-3
89,Ratchet,5,8,0,true,Shanghai,false,Tiger-9
89,Ironhide,6,14,180,false,,false,
89,Hound,3,5,180,false,,false,
89,Smokescreen,10,14,90,true,Urumqi,false,Tiger-7
89,Megatron,16,9,180,true,Wuhan,false,Monkey-5
89,Bluestreak,19,10,270,true,Beijing,false,Ox-3
89,RedAlert,2,10,90,false,,false,
90,Optimus,16,8,90,false,,false,
90,Bumblebee,19,10,270,true,Shanghai,false,Monkey-6
90,Jazz,11,6,270,true,Chengdu,false,Horse-8
90,Sideswipe,7,12,90,true,Hangzhou,true,Rabbit-10
90,Wheeljack,2,13,90,true,Hangzhou,false,Dragon-3
90,Ratchet,5,8,0,false,,false,
90,Ironhide,5,14,180,false,,false,
90,Hound,2,5,180,false,,false,
90,Smokescreen,10,15,90,true,Urumqi,false,Tiger-7
90,Megatron,15,9,180,true,Wuhan,false,Monkey-5
90,Bluestreak,19,9,270,true,Beijing,false,Ox-3
90,RedAlert,2,10,90,true,Chengdu,false,Dragon-4
91,Optimus,16,9,90,false,,false,
91,Bumblebee,19,10,180,true,Shanghai,false,Monkey-6
91,Jazz,11,5,270,true,Chengdu,false,Horse-8
91,Sideswipe,7,13,90,true,Hangzhou,true,Rabbit-10
91,Wheeljack,2,14,90,true,Hangzhou,false,Dragon-3
91,Ratchet,5,8,180,false,,false,
91,Ironhide,4,14,180,false,,false,
91,Hound,2,5,90,false,,false,
91,Smokescreen,10,15,0,true,Urumqi,false,Tiger-7
91,Megatron,14,9,180,true,Wuhan,false,Monkey-5
91,Bluestreak,19,8,270,true,Beijing,false,Ox-3
91,RedAlert,2,10,270,true,Chengdu,false,Dragon-4
92,Optimus,16,9,0,false,,false,
92,Bumblebee,18,10,180,true,Shanghai,false,Monkey-6
92,Jazz,11,4,270,true,Chengdu,false,Horse-8
92,Sideswipe,7,14,90,true,Hangzhou,true,Rabbit-10
92,Wheeljack,2,15,90,true,Hangzhou,false,Dragon-3
92,Ratchet,4,8,180,false,,false,
92,Ironhide,3,14,180,false,,false,
92,Hound,2,6,90,false,,false,
92,Smokescreen,11,15,0,true,Urumqi,false,Tiger-7
92,Megatron,13,9,180,true,Wuhan,false,Monkey-5
92,Bluestreak,19,7,270,true,Beijing,false,Ox-3
92,RedAlert,2,9,270,true,Chengdu,false,Dragon-4
93,Optimus,17,9,0,false,,false,
93,Bumblebee,17,10,180,true,Shanghai,false,Monkey-6
93,Jazz,11,4,270,false,,false,
93,Sideswipe,7,15,90,true,Hangzhou,true,Rabbit-10
93,Wheeljack,2,16,90,true,Hangzhou,false,Dragon-3
93,Ratchet,3,8,180,false,,false,
93,Ironhide,2,14,180,false,,false,
93,Hound,2,6,90,true,Tianjin,false,Tiger-10
93,Smokescreen,12,15,0,true,Urumqi,false,Tiger-7
93,Megatron,12,9,180,true,Wuhan,false,Monkey-5
93,Bluestreak,19,6,270,true,Beijing,false,Ox-3
93,RedAlert,2,8,270,true,Chengdu,false,Dragon-4
94,Optimus,18,9,0,false,,false,
94,Bumblebee,16,10,180,true,Shanghai,false,Monkey-6
94,Jazz,11,4,90,false,,false,
94,Sideswipe,7,16,90,true,Hangzhou,true,Rabbit-10
94,Wheeljack,2,16,0,true,Hangzhou,false,Dragon-3
94,Ratchet,2,8,180,false,,false,
94,Ironhide,2,14,180,true,Suzhou,false,Horse-9
94,Hound,2,6,0,true,Tianjin,false,Tiger-10
94,Smokescreen,12,15,0,false,,false,
94,Megatron,11,9,180,true,Wuhan,false,Monkey-5
94,Bluestreak,19,5,270,true,Beijing,false,Ox-3
94,RedAlert,2,7,270,true,Chengdu,false,Dragon-4
95,Optimus,19,9,0,false,,false,
95,Bumblebee,15,10,180,true,Shanghai,false,Monkey-6
95,Jazz,11,5,90,false,,false,
95,Sideswipe,7,16,90,false,,false,
95,Wheeljack,3,16,0,true,Hangzhou,false,Dragon-3
95,Ratchet,2,8,90,false,,false,
95,Ironhide,2,14,270,true,Suzhou,false,Horse-9
95,Hound,3,6,0,true,Tianjin,false,Tiger-10
95,Smokescreen,13,15,0,false,,false,
95,Megatron,10,9,180,true,Wuhan,false,Monkey-5
95,Bluestreak,19,5,180,true,Beijing,false,Ox-3
95,RedAlert,2,6,270,true,Chengdu,false,Dragon-4
96,Optimus,19,9,90,false,,false,
96,Bumblebee,14,10,180,true,Shanghai,false,Monkey-6
96,Jazz,11,6,90,false,,false,
96,Sideswipe,7,16,270,false,,false,
96,Wheeljack,4,16,0,true,Hangzhou,false,Dragon-3
96,Ratchet,2,9,90,false,,false,
96,Ironhide,2,13,270,true,Suzhou,false,Horse-9
96,Hound,4,6,0,true,Tianjin,false,Tiger-10
96,Smokescreen,14,15,0,false,,false,
96,Megatron,10,9,270,true,Wuhan,false,Monkey-5
96,Bluestreak,18,5,180,true,Beijing,false,Ox-3
96,RedAlert,2,6,0,true,Chengdu,false,Dragon-4
97,Optimus,19,10,90,false,,false,
97,Bumblebee,13,10,180,true,Shanghai,false,Monkey-6
97,Jazz,11,6,0,false,,false,
97,Sideswipe,7,15,270,false,,false,
97,Wheeljack,5,16,0,true,Hangzhou,false,Dragon-3
97,Ratchet,2,10,90,false,,false,
97,Ironhide,2,12,270,true,Suzhou,false,Horse-9
97,Hound,5,6,0,true,Tianjin,false,Tiger-10
97,Smokescreen,15,15,0,false,,false,
97,Megatron,10,8,270,true,Wuhan,false,Monkey-5
97,Bluestreak,17,5,180,true,Beijing,false,Ox-3
97,RedAlert,3,6,0,true,Chengdu,false,Dragon-4
98,Optimus,19,10,90,true,Shanghai,false,Ox-4
98,Bumblebee,12,10,180,true,Shanghai,false,Monkey-6
98,Jazz,12,6,0,false,,false,
98,Sideswipe,7,14,270,false,,false,
98,Wheeljack,5,16,0,false,,false,
98,Ratchet,2,10,90,true,Dalian,false,Dragon-5
98,Ironhide,2,12,0,true,Suzhou,false,Horse-9
98,Hound,6,6,0,true,Tianjin,false,Tiger-10
98,Smokescreen,16,15,0,false,,false,
98,Megatron,10,8,270,false,,false,
98,Bluestreak,16,5,180,true,Beijing,false,Ox-3
98,RedAlert,4,6,0,true,Chengdu,false,Dragon-4
99,Optimus,19,10,270,true,Shanghai,false,Ox-4
99,Bumblebee,11,10,180,true,Shanghai,false,Monkey-6
99,Jazz,13,6,0,false,,false,
99,Sideswipe,7,14,180,false,,false,
99,Wheeljack,5,16,0,false,,false,
99,Ratchet,2,10,0,true,Dalian,false,Dragon-5
99,Ironhide,3,12,0,true,Suzhou,false,Horse-9
99,Hound,7,6,0,true,Tianjin,false,Tiger-10
99,Smokescreen,17,15,0,false,,false,
99,Megatron,10,7,270,false,,false,
99,Bluestreak,15,5,180,true,Beijing,false,Ox-3
99,RedAlert,5,6,0,true,Chengdu,false,Dragon-4
100,Optimus,19,9,270,true,Shanghai,false,Ox-4
100,Bumblebee,10,10,180,true,Shanghai,false,Monkey-6
100,Jazz,14,6,0,false,,false,
100,Sideswipe,6,14,180,false,,false,
100,Wheeljack,5,16,0,false,,false,
100,Ratchet,3,10,0,true,Dalian,false,Dragon-5
100,Ironhide,4,12,0,true,Suzhou,false,Horse-9
100,Hound,8,6,0,true,Tianjin,false,Tiger-10
100,Smokescreen,18,15,0,false,,false,
100,Megatron,10,7,180,false,,false,
100,Bluestreak,14,5,180,true,Beijing,false,Ox-3
100,RedAlert,6,6,0,true,Chengdu,false,Dragon-4
101,Optimus,19,9,180,true,Shanghai,false,Ox-4
101,Bumblebee,9,10,180,true,Shanghai,false,Monkey-6
101,Jazz,15,6,0,false,,false,
101,Sideswipe,5,14,180,false,,false,
101,Wheeljack,5,16,270,false,,false,
101,Ratchet,3,10,0,true,Dalian,false,Dragon-5
101,Ironhide,5,12,0,true,Suzhou,false,Horse-9
101,Hound,9,6,0,true,Tianjin,false,Tiger-10
101,Smokescreen,19,15,0,false,,false,
101,Megatron,9,7,180,false,,false,
101,Bluestreak,13,5,180,true,Beijing,false,Ox-3
101,RedAlert,7,6,0,true,Chengdu,false,Dragon-4
102,Optimus,18,9,180,true,Shanghai,false,Ox-4
102,Bumblebee,8,10,180,true,Shanghai,false,Monkey-6
102,Jazz,16,6,0,false,,false,
102,Sideswipe,4,14,180,false,,false,
102,Wheeljack,5,15,270,false,,false,
102,Ratchet,4,10,0,true,Dalian,false,Dragon-5
102,Ironhide,5,12,0,false,,false,
102,Hound,10,6,0,true,Tianjin,false,Tiger-10
102,Smokescreen,19,15,270,false,,false,
102,Megatron,8,7,180,false,,false,
102,Bluestreak,12,5,180,true,Beijing,false,Ox-3
102,RedAlert,8,6,0,true,Chengdu,false,Dragon-4
103,Optimus,17,9,180,true,Shanghai,false,Ox-4
103,Bumblebee,7,10,180,true,Shanghai,false,Monkey-6
103,Jazz,17,6,0,false,,false,
103,Sideswipe,3,14,180,false,,false,
103,Wheeljack,5,14,270,false,,false,
103,Ratchet,5,10,0,true,Dalian,false,Dragon-5
103,Ironhide,5,12,270,false,,false,
103,Hound,11,6,0,true,Tianjin,false,Tiger-10
103,Smokescreen,19,14,270,false,,false,
103,Megatron,7,7,180,false,,false,
103,Bluestreak,11,5,180,true,Beijing,false,Ox-3
103,RedAlert,9,6,0,true,Chengdu,false,Dragon-4
104,Optimus,16,9,180,true,Shanghai,false,Ox-4
104,Bumblebee,7,10,270,true,Shanghai,false,Monkey-6
104,Jazz,18,6,0,false,,false,
104,Sideswipe,2,14,180,false,,false,
104,Wheeljack,5,14,180,false,,false,
104,Ratchet,6,10,0,true,Dalian,false,Dragon-5
104,Ironhide,5,11,270,false,,false,
104,Hound,12,6,0,true,Tianjin,false,Tiger-10
104,Smokescreen,19,14,270,true,Kunming,false,Monkey-7
104,Megatron,6,7,180,false,,false,
104,Bluestreak,10,5,180,true,Beijing,false,Ox-3
104,RedAlert,10,6,0,true,Chengdu,false,Dragon-4
105,Optimus,15,9,180,true,Shanghai,false,Ox-4
105,Bumblebee,7,9,270,true,Shanghai,false,Monkey-6
105,Jazz,19,6,0,false,,false,
105,Sideswipe,2,14,180,true,Chongqing,false,Horse-10
105,Wheeljack,4,14,180,false,,false,
105,Ratchet,7,10,0,true,Dalian,false,Dragon-5
105,Ironhide,5,10,270,false,,false,
105,Hound,13,6,0,true,Tianjin,false,Tiger-10
105,Smokescreen,19,13,270,true,Kunming,false,Monkey-7
105,Megatron,5,7,180,false,,false,
105,Bluestreak,9,5,180,true,Beijing,false,Ox-3
105,RedAlert,11,6,0,true,Chengdu,false,Dragon-4
106,Optimus,14,9,180,true,Shanghai,false,Ox-4
106,Bumblebee,7,8,270,true,Shanghai,false,Monkey-6
106,Jazz,19,6,0,true,Chengdu,false,Rabbit-13
106,Sideswipe,2,14,90,true,Chongqing,false,Horse-10
106,Wheeljack,3,14,180,false,,false,
106,Ratchet,8,10,0,true,Dalian,false,Dragon-5
106,Ironhide,5,10,180,false,,false,
106,Hound,14,6,0,true,Tianjin,false,Tiger-10
106,Smokescreen,19,13,180,true,Kunming,false,Monkey-7
106,Megatron,4,7,180,false,,false,
106,Bluestreak,8,5,180,true,Beijing,false,Ox-3
106,RedAlert,12,6,0,true,Chengdu,false,Dragon-4
107,Optimus,13,9,180,true,Shanghai,false,Ox-4
107,Bumblebee,7,8,270,false,,false,
107,Jazz,19,6,270,true,Chengdu,false,Rabbit-13
107,Sideswipe,2,15,90,true,Chongqing,false,Horse-10
107,Wheeljack,2,14,180,false,,false,
107,Ratchet,9,10,0,true,Dalian,false,Dragon-5
107,Ironhide,4,10,180,false,,false,
107,Hound,14,6,90,true,Tianjin,false,Tiger-10
107,Smokescreen,18,13,180,true,Kunming,false,Monkey-7
107,Megatron,3,7,180,false,,false,
107,Bluestreak,7,5,180,true,Beijing,false,Ox-3
107,RedAlert,12,6,270,true,Chengdu,false,Dragon-4
108,Optimus,12,9,180,true,Shanghai,false,Ox-4
108,Bumblebee,7,7,270,false,,false,
108,Jazz,19,5,270,true,Chengdu,false,Rabbit-13
108,Sideswipe,2,15,0,true,Chongqing,false,Horse-10
108,Wheeljack,2,14,180,true,Suzhou,false,Horse-11
108,Ratchet,10,10,0,true,Dalian,false,Dragon-5
108,Ironhide,3,10,180,false,,false,
108,Hound,14,7,90,true,Tianjin,false,Tiger-10
108,Smokescreen,17,13,180,true,Kunming,false,Monkey-7
108,Megatron,2,7,180,false,,false,
108,Bluestreak,7,5,270,true,Beijing,false,Ox-3
108,RedAlert,12,5,270,true,Chengdu,false,Dragon-4
109,Optimus,11,9,180,true,Shanghai,false,Ox-4
109,Bumblebee,7,6,270,false,,false,
109,Jazz,19,5,180,true,Chengdu,false,Rabbit-13
109,Sideswipe,3,15,0,true,Chongqing,false,Horse-10
109,Wheeljack,2,14,270,true,Suzhou,false,Horse-11
109,Ratchet,11,10,0,true,Dalian,false,Dragon-5
109,Ironhide,2,10,180,false,,false,
109,Hound,14,8,90,true,Tianjin,false,Tiger-10
109,Smokescreen,16,13,180,true,Kunming,false,Monkey-7
109,Megatron,2,7,270,false,,false,
109,Bluestreak,7,4,270,true,Beijing,false,Ox-3
109,RedAlert,12,5,270,false,,false,
110,Optimus,10,9,180,true,Shanghai,false,Ox-4
110,Bumblebee,7,6,180,false,,false,
110,Jazz,18,5,180,true,Chengdu,false,Rabbit-13
110,Sideswipe,4,15,0,true,Chongqing,false,Horse-10
110,Wheeljack,2,13,270,true,Suzhou,false,Horse-11
110,Ratchet,12,10,0,true,Dalian,false,Dragon-5
110,Ironhide,2,10,180,true,Hangzhou,false,Dragon-6
110,Hound,14,9,90,true,Tianjin,false,Tiger-10
110,Smokescreen,15,13,180,true,Kunming,false,Monkey-7
110,Megatron,2,6,270,false,,false,
110,Bluestreak,7,4,270,false,,false,
110,RedAlert,12,5,90,false,,false,
111,Optimus,9,9,180,true,Shanghai,false,Ox-4
111,Bumblebee,6,6,180,false,,false,
111,Jazz,17,5,180,true,Chengdu,false,Rabbit-13
111,Sideswipe,5,15,0,true,Chongqing,false,Horse-10
111,Wheeljack,2,13,0,true,Suzhou,false,Horse-11
111,Ratchet,13,10,0,true,Dalian,false,Dragon-5
111,Ironhide,2,10,90,true,Hangzhou,false,Dragon-6
111,Hound,14,10,90,true,Tianjin,false,Tiger-10
111,Smokescreen,14,13,180,true,Kunming,false,Monkey-7
111,Megatron,2,6,270,true,Dalian,false,Tiger-11
111,Bluestreak,7,4,90,false,,false,
111,RedAlert,12,6,90,false,,false,
112,Optimus,8,9,180,true,Shanghai,false,Ox-4
112,Bumblebee,5,6,180,false,,false,
112,Jazz,16,5,180,true,Chengdu,false,Rabbit-13
112,Sideswipe,6,15,0,true,Chongqing,false,Horse-10
112,Wheeljack,3,13,0,true,Suzhou,false,Horse-11
112,Ratchet,14,10,0,true,Dalian,false,Dragon-5
112,Ironhide,2,11,90,true,Hangzhou,false,Dragon-6
112,Hound,14,11,90,true,Tianjin,false,Tiger-10
112,Smokescreen,13,13,180,true,Kunming,false,Monkey-7
112,Megatron,2,6,90,true,Dalian,false,Tiger-11
112,Bluestreak,7,5,90,false,,false,
112,RedAlert,12,6,0,false,,false,
113,Optimus,7,9,180,true,Shanghai,false,Ox-4
113,Bumblebee,4,6,180,false,,false,
113,Jazz,15,5,180,true,Chengdu,false,Rabbit-13
113,Sideswipe,7,15,0,true,Chongqing,false,Horse-10
113,Wheeljack,4,13,0,true,Suzhou,false,Horse-11
113,Ratchet,14,10,270,true,Dalian,false,Dragon-5
113,Ironhide,2,12,90,true,Hangzhou,false,Dragon-6
113,Hound,14,12,90,true,Tianjin,false,Tiger-10
113,Smokescreen,12,13,180,true,Kunming,false,Monkey-7
113,Megatron,2,7,90,true,Dalian,false,Tiger-11
113,Bluestreak,7,6,90,false,,false,
113,RedAlert,13,6,0,false,,false,
114,Optimus,6,9,180,true,Shanghai,false,Ox-4
114,Bumblebee,3,6,180,false,,false,
114,Jazz,14,5,180,true,Chengdu,false,Rabbit-13
114,Sideswipe,8,15,0,true,Chongqing,false,Horse-10
114,Wheeljack,5,13,0,true,Suzhou,false,Horse-11
114,Ratchet,14,9,270,true,Dalian,false,Dragon-5
114,Ironhide,2,13,90,true,Hangzhou,false,Dragon-6
114,Hound,14,12,90,false,,false,
114,Smokescreen,12,13,180,false,,false,
114,Megatron,2,7,0,true,Dalian,false,Tiger-11
114,Bluestreak,7,6,180,false,,false,
114,RedAlert,14,6,0,false,,false,
115,Optimus,6,9,180,false,,false,
115,Bumblebee,2,6,180,false,,false,
115,Jazz,13,5,180,true,Chengdu,false,Rabbit-13
115,Sideswipe,9,15,0,true,Chongqing,false,Horse-10
115,Wheeljack,6,13,0,true,Suzhou,false,Horse-11
115,Ratchet,14,8,270,true,Dalian,false,Dragon-5
115,Ironhide,2,14,90,true,Hangzhou,false,Dragon-6
115,Hound,14,12,270,false,,false,
115,Smokescreen,12,13,90,false,,false,
115,Megatron,3,7,0,true,Dalian,false,Tiger-11
115,Bluestreak,6,6,180,false,,false,
115,RedAlert,15,6,0,false,,false,
116,Optimus,5,9,180,false,,false,
116,Bumblebee,2,6,180,true,Chongqing,false,Tiger-12
116,Jazz,13,5,270,true,Chengdu,false,Rabbit-13
116,Sideswipe,10,15,0,true,Chongqing,false,Horse-10
116,Wheeljack,6,13,0,false,,false,
116,Ratchet,14,8,270,false,,false,
116,Ironhide,2,15,90,true,Hangzhou,false,Dragon-6
116,Hound,14,11,270,false,,false,
116,Smokescreen,12,14,90,false,,false,
116,Megatron,4,7,0,true,Dalian,false,Tiger-11
116,Bluestreak,5,6,180,false,,false,
116,RedAlert,16,6,0,false,,false,
117,Optimus,4,9,180,false,,false,
117,Bumblebee,2,6,90,true,Chongqing,false,Tiger-12
117,Jazz,13,4,270,true,Chengdu,false,Rabbit-13
117,Sideswipe,11,15,0,true,Chongqing,false,Horse-10
117,Wheeljack,6,13,180,false,,false,
117,Ratchet,14,7,270,false,,false,
117,Ironhide,2,16,90,true,Hangzhou,false,Dragon-6
117,Hound,14,10,270,false,,false,
117,Smokescreen,12,14,0,false,,false,
117,Megatron,5,7,0,true,Dalian,false,Tiger-11
117,Bluestreak,4,6,180,false,,false,
117,RedAlert,17,6,0,false,,false,
118,Optimus,3,9,180,false,,false,
118,Bumblebee,2,7,90,true,Chongqing,false,Tiger-12
118,Jazz,13,4,270,false,,false,
118,Sideswipe,12,15,0,true,Chongqing,false,Horse-10
118,Wheeljack,5,13,180,false,,false,
118,Ratchet,14,7,0,false,,false,
118,Ironhide,2,16,0,true,Hangzhou,false,Dragon-6
118,Hound,14,10,0,false,,false,
118,Smokescreen,13,14,0,false,,false,
118,Megatron,6,7,0,true,Dalian,false,Tiger-11
118,Bluestreak,3,6,180,false,,false,
118,RedAlert,18,6,0,false,,false,
119,Optimus,3,9,90,false,,false,
119,Bumblebee,2,8,90,true,Chongqing,false,Tiger-12
119,Jazz,13,4,90,false,,false,
119,Sideswipe,13,15,0,true,Chongqing,false,Horse-10
119,Wheeljack,4,13,180,false,,false,
119,Ratchet,15,7,0,false,,false,
119,Ironhide,3,16,0,true,Hangzhou,false,Dragon-6
119,Hound,15,10,0,false,,false,
119,Smokescreen,14,14,0,false,,false,
119,Megatron,7,7,0,true,Dalian,false,Tiger-11
119,Bluestreak,2,6,180,false,,false,
119,RedAlert,19,6,0,false,,false,
120,Optimus,3,10,90,false,,false,
120,Bumblebee,2,9,90,true,Chongqing,false,Tiger-12
120,Jazz,13,5,90,false,,false,
120,Sideswipe,14,15,0,true,Chongqing,false,Horse-10
120,Wheeljack,3,13,180,false,,false,
120,Ratchet,16,7,0,false,,false,
120,Ironhide,4,16,0,true,Hangzhou,false,Dragon-6
120,Hound,16,10,0,false,,false,
120,Smokescreen,15,14,0,false,,false,
120,Megatron,8,7,0,true,Dalian,false,Tiger-11
120,Bluestreak,2,6,180,true,Kunming,false,Tiger-13
120,RedAlert,19,6,0,true,Guangzhou,false,Rabbit-14
121,Optimus,3,10,180,false,,false,
121,Bumblebee,2,10,90,true,Chongqing,false,Tiger-12
121,Jazz,13,5,0,false,,false,
121,Sideswipe,15,15,0,true,Chongqing,false,Horse-10
121,Wheeljack,2,13,180,false,,false,
121,Ratchet,17,7,0,false,,false,
121,Ironhide,5,16,0,true,Hangzhou,false,Dragon-6
121,Hound,17,10,0,false,,false,
121,Smokescreen,16,14,0,false,,false,
121,Megatron,9,7,0,true,Dalian,false,Tiger-11
121,Bluestreak,2,6,90,true,Kunming,false,Tiger-13
121,RedAlert,19,6,180,true,Guangzhou,false,Rabbit-14
122,Optimus,2,10,180,false,,false,
122,Bumblebee,2,11,90,true,Chongqing,false,Tiger-12
122,Jazz,14,5,0,false,,false,
122,Sideswipe,15,15,0,false,,false,
122,Wheeljack,2,13,90,false,,false,
122,Ratchet,18,7,0,false,,false,
122,Ironhide,5,16,0,false,,false,
122,Hound,18,10,0,false,,false,
122,Smokescreen,17,14,0,false,,false,
122,Megatron,10,7,0,true,Dalian,false,Tiger-11
122,Bluestreak,2,7,90,true,Kunming,false,Tiger-13
122,RedAlert,18,6,180,true,Guangzhou,false,Rabbit-14
123,Optimus,2,10,180,true,Shenzhen,false,Dragon-7
123,Bumblebee,2,12,90,true,Chongqing,false,Tiger-12
123,Jazz,15,5,0,false,,false,
123,Sideswipe,16,15,0,false,,false,
123,Wheeljack,2,14,90,false,,false,
123,Ratchet,19,7,0,false,,false,
123,Ironhide,5,16,270,false,,false,
123,Hound,19,10,0,false,,false,
123,Smokescreen,18,14,0,false,,false,
123,Megatron,11,7,0,true,Dalian,false,Tiger-11
123,Bluestreak,2,8,90,true,Kunming,false,Tiger-13
123,RedAlert,17,6,180,true,Guangzhou,false,Rabbit-14
124,Optimus,2,10,0,true,Shenzhen,false,Dragon-7
124,Bumblebee,2,13,90,true,Chongqing,false,Tiger-12
124,Jazz,16,5,0,false,,false,
124,Sideswipe,17,15,0,false,,false,
124,Wheeljack,2,14,90,true,Xiamen,false,Horse-12
124,Ratchet,19,7,270,false,,false,
124,Ironhide,5,15,270,false,,false,
124,Hound,19,10,0,true,Shanghai,false,Ox-5
124,Smokescreen,19,14,0,false,,false,
124,Megatron,12,7,0,true,Dalian,false,Tiger-11
124,Bluestreak,2,9,90,true,Kunming,false,Tiger-13
124,RedAlert,16,6,180,true,Guangzhou,false,Rabbit-14
125,Optimus,3,10,0,true,Shenzhen,false,Dragon-7
125,Bumblebee,2,14,90,true,Chongqing,false,Tiger-12
125,Jazz,17,5,0,false,,false,
125,Sideswipe,18,15,0,false,,false,
125,Wheeljack,2,15,90,true,Xiamen,false,Horse-12
125,Ratchet,19,6,270,false,,false,
125,Ironhide,5,14,270,false,,false,
125,Hound,19,10,270,true,Shanghai,false,Ox-5
125,Smokescreen,19,14,0,true,Kunming,false,Monkey-8
125,Megatron,13,7,0,true,Dalian,false,Tiger-11
125,Bluestreak,2,10,90,true,Kunming,false,Tiger-13
125,RedAlert,15,6,180,true,Guangzhou,false,Rabbit-14
126,Optimus,3,10,270,true,Shenzhen,false,Dragon-7
126,Bumblebee,2,15,90,true,Chongqing,false,Tiger-12
126,Jazz,18,5,0,false,,false,
126,Sideswipe,19,15,0,false,,false,
126,Wheeljack,2,16,90,true,Xiamen,false,Horse-12
126,Ratchet,19,6,270,true,Urumqi,false,Rabbit-15
126,Ironhide,5,14,0,false,,false,
126,Hound,19,9,270,true,Shanghai,false,Ox-5
126,Smokescreen,19,14,270,true,Kunming,false,Monkey-8
126,Megatron,14,7,0,true,Dalian,false,Tiger-11
126,Bluestreak,2,11,90,true,Kunming,false,Tiger-13
126,RedAlert,14,6,180,true,Guangzhou,false,Rabbit-14
127,Optimus,3,9,270,true,Shenzhen,false,Dragon-7
127,Bumblebee,2,15,0,true,Chongqing,false,Tiger-12
127,Jazz,19,5,0,false,,false,
127,Sideswipe,19,15,270,false,,false,
127,Wheeljack,2,16,90,true,Xiamen,false,Horse-12
127,Ratchet,19,6,180,true,Urumqi,false,Rabbit-15
127,Ironhide,6,14,0,false,,false,
127,Hound,19,9,180,true,Shanghai,false,Ox-5
127,Smokescreen,19,13,270,true,Kunming,false,Monkey-8
127,Megatron,15,7,0,true,Dalian,false,Tiger-11
127,Bluestreak,2,11,0,true,Kunming,false,Tiger-13
127,RedAlert,13,6,180,true,Guangzhou,false,Rabbit-14
128,Optimus,3,8,270,true,Shenzhen,false,Dragon-7
128,Bumblebee,3,15,0,true,Chongqing,false,Tiger-12
128,Jazz,19,5,90,false,,false,
128,Sideswipe,19,14,270,false,,false,
128,Wheeljack,2,16,270,true,Xiamen,false,Horse-12
128,Ratchet,18,6,180,true,Urumqi,false,Rabbit-15
128,Ironhide,7,14,0,false,,false,
128,Hound,18,9,180,true,Shanghai,false,Ox-5
128,Smokescreen,19,13,180,true,Kunming,false,Monkey-8
128,Megatron,15,7,0,false,,false,
128,Bluestreak,3,11,0,true,Kunming,false,Tiger-13
128,RedAlert,12,6,180,true,Guangzhou,false,Rabbit-14
129,Optimus,3,7,270,true,Shenzhen,false,Dragon-7
129,Bumblebee,4,15,0,true,Chongqing,false,Tiger-12
129,Jazz,19,6,90,false,,false,
129,Sideswipe,19,14,270,true,Xiamen,false,Monkey-9
129,Wheeljack,2,15,270,true,Xiamen,false,Horse-12
129,Ratchet,17,6,180,true,Urumqi,false,Rabbit-15
129,Ironhide,8,14,0,false,,false,
129,Hound,17,9,180,true,Shanghai,false,Ox-5
129,Smokescreen,18,13,180,true,Kunming,false,Monkey-8
129,Megatron,16,7,0,false,,false,
129,Bluestreak,4,11,0,true,Kunming,false,Tiger-13
129,RedAlert,11,6,180,true,Guangzhou,false,Rabbit-14
130,Optimus,3,6,270,true,Shenzhen,false,Dragon-7
130,Bumblebee,5,15,0,true,Chongqing,false,Tiger-12
130,Jazz,19,6,90,true,Dalian,false,Rabbit-16
130,Sideswipe,19,13,270,true,Xiamen,false,Monkey-9
130,Wheeljack,2,14,270,true,Xiamen,false,Horse-12
130,Ratchet,16,6,180,true,Urumqi,false,Rabbit-15
130,Ironhide,9,14,0,false,,false,
130,Hound,16,9,180,true,Shanghai,false,Ox-5
130,Smokescreen,17,13,180,true,Kunming,false,Monkey-8
130,Megatron,17,7,0,false,,false,
130,Bluestreak,5,11,0,true,Kunming,false,Tiger-13
130,RedAlert,10,6,180,true,Guangzhou,false,Rabbit-14
131,Optimus,3,5,270,true,Shenzhen,false,Dragon-7
131,Bumblebee,6,15,0,true,Chongqing,false,Tiger-12
131,Jazz,19,7,90,true,Dalian,false,Rabbit-16
131,Sideswipe,19,12,270,true,Xiamen,false,Monkey-9
131,Wheeljack,2,13,270,true,Xiamen,false,Horse-12
131,Ratchet,15,6,180,true,Urumqi,false,Rabbit-15
131,Ironhide,10,14,0,false,,false,
131,Hound,15,9,180,true,Shanghai,false,Ox-5
131,Smokescreen,16,13,180,true,Kunming,false,Monkey-8
131,Megatron,18,7,0,false,,false,
131,Bluestreak,6,11,0,true,Kunming,false,Tiger-13
131,RedAlert,10,6,90,true,Guangzhou,false,Rabbit-14
132,Optimus,3,5,0,true,Shenzhen,false,Dragon-7
132,Bumblebee,7,15,0,true,Chongqing,false,Tiger-12
132,Jazz,19,8,90,true,Dalian,false,Rabbit-16
132,Sideswipe,19,11,270,true,Xiamen,false,Monkey-9
132,Wheeljack,2,12,270,true,Xiamen,false,Horse-12
132,Ratchet,14,6,180,true,Urumqi,false,Rabbit-15
132,Ironhide,11,14,0,false,,false,
132,Hound,14,9,180,true,Shanghai,false,Ox-5
132,Smokescreen,15,13,180,true,Kunming,false,Monkey-8
132,Megatron,19,7,0,false,,false,
132,Bluestreak,7,11,0,true,Kunming,false,Tiger-13
132,RedAlert,10,7,90,true,Guangzhou,false,Rabbit-14
133,Optimus,4,5,0,true,Shenzhen,false,Dragon-7
133,Bumblebee,8,15,0,true,Chongqing,false,Tiger-12
133,Jazz,19,8,180,true,Dalian,false,Rabbit-16
133,Sideswipe,19,10,270,true,Xiamen,false,Monkey-9
133,Wheeljack,2,11,270,true,Xiamen,false,Horse-12
133,Ratchet,13,6,180,true,Urumqi,false,Rabbit-15
133,Ironhide,12,14,0,false,,false,
133,Hound,13,9,180,true,Shanghai,false,Ox-5
133,Smokescreen,14,13,180,true,Kunming,false,Monkey-8
133,Megatron,19,7,270,false,,false,
133,Bluestreak,8,11,0,true,Kunming,false,Tiger-13
133,RedAlert,10,8,90,true,Guangzhou,false,Rabbit-14
134,Optimus,5,5,0,true,Shenzhen,false,Dragon-7
134,Bumblebee,9,15,0,true,Chongqing,false,Tiger-12
134,Jazz,18,8,180,true,Dalian,false,Rabbit-16
134,Sideswipe,19,9,270,true,Xiamen,false,Monkey-9
134,Wheeljack,2,10,270,true,Xiamen,false,Horse-12
134,Ratchet,13,6,90,true,Urumqi,false,Rabbit-15
134,Ironhide,13,14,0,false,,false,
134,Hound,12,9,180,true,Shanghai,false,Ox-5
134,Smokescreen,13,13,180,true,Kunming,false,Monkey-8
134,Megatron,19,6,270,false,,false,
134,Bluestreak,9,11,0,true,Kunming,false,Tiger-13
134,RedAlert,10,9,90,true,Guangzhou,false,Rabbit-14
135,Optimus,6,5,0,true,Shenzhen,false,Dragon-7
135,Bumblebee,10,15,0,true,Chongqing,false,Tiger-12
135,Jazz,17,8,180,true,Dalian,false,Rabbit-16
135,Sideswipe,19,9,180,true,Xiamen,false,Monkey-9
135,Wheeljack,2,9,270,true,Xiamen,false,Horse-12
135,Ratchet,13,7,90,true,Urumqi,false,Rabbit-15
135,Ironhide,14,14,0,false,,false,
135,Hound,11,9,180,true,Shanghai,false,Ox-5
135,Smokescreen,12,13,180,true,Kunming,false,Monkey-8
135,Megatron,19,6,270,true,Suzhou,false,Rabbit-17
135,Bluestreak,10,11,0,true,Kunming,false,Tiger-13
135,RedAlert,10,10,90,true,Guangzhou,false,Rabbit-14
136,Optimus,7,5,0,true,Shenzhen,false,Dragon-7
136,Bumblebee,11,15,0,true,Chongqing,false,Tiger-12
136,Jazz,16,8,180,true,Dalian,false,Rabbit-16
136,Sideswipe,18,9,180,true,Xiamen,false,Monkey-9
136,Wheeljack,2,9,0,true,Xiamen,false,Horse-12
136,Ratchet,13,8,90,true,Urumqi,false,Rabbit-15
136,Ironhide,15,14,0,false,,false,
136,Hound,10,9,180,true,Shanghai,false,Ox-5
136,Smokescreen,12,13,180,false,,false,
136,Megatron,19,6,180,true,Suzhou,false,Rabbit-17
136,Bluestreak,11,11,0,true,Kunming,false,Tiger-13
136,RedAlert,10,11,90,true,Guangzhou,false,Rabbit-14
137,Optimus,8,5,0,true,Shenzhen,false,Dragon-7
137,Bumblebee,12,15,0,true,Chongqing,false,Tiger-12
137,Jazz,16,8,180,false,,false,
137,Sideswipe,17,9,180,true,Xiamen,false,Monkey-9
137,Wheeljack,3,9,0,true,Xiamen,false,Horse-12
137,Ratchet,13,9,90,true,Urumqi,false,Rabbit-15
137,Ironhide,16,14,0,false,,false,
137,Hound,9,9,180,true,Shanghai,false,Ox-5
137,Smokescreen,12,13,0,false,,false,
137,Megatron,18,6,180,true,Suzhou,false,Rabbit-17
137,Bluestreak,12,11,0,true,Kunming,false,Tiger-13
137,RedAlert,10,12,90,true,Guangzhou,false,Rabbit-14
138,Optimus,9,5,0,true,Shenzhen,false,Dragon-7
138,Bumblebee,13,15,0,true,Chongqing,false,Tiger-12
138,Jazz,16,8,90,false,,false,
138,Sideswipe,16,9,180,true,Xiamen,false,Monkey-9
138,Wheeljack,4,9,0,true,Xiamen,false,Horse-12
138,Ratchet,13,10,90,true,Urumqi,false,Rabbit-15
138,Ironhide,17,14,0,false,,false,
138,Hound,8,9,180,true,Shanghai,false,Ox-5
138,Smokescreen,13,13,0,false,,false,
138,Megatron,17,6,180,true,Suzhou,false,Rabbit-17
138,Bluestreak,12,11,0,false,,false,
138,RedAlert,10,13,90,true,Guangzhou,false,Rabbit-14
139,Optimus,10,5,0,true,Shenzhen,false,Dragon-7
139,Bumblebee,14,15,0,true,Chongqing,false,Tiger-12
139,Jazz,16,9,90,false,,false,
139,Sideswipe,15,9,180,true,Xiamen,false,Monkey-9
139,Wheeljack,5,9,0,true,Xiamen,false,Horse-12
139,Ratchet,13,11,90,true,Urumqi,false,Rabbit-15
139,Ironhide,18,14,0,false,,false,
139,Hound,7,9,180,true,Shanghai,false,Ox-5
139,Smokescreen,14,13,0,false,,false,
139,Megatron,16,6,180,true,Suzhou,false,Rabbit-17
139,Bluestreak,12,11,0,false,,false,
139,RedAlert,10,14,90,true,Guangzhou,false,Rabbit-14
140,Optimus,11,5,0,true,Shenzhen,false,Dragon-7
140,Bumblebee,14,15,90,true,Chongqing,false,Tiger-12
140,Jazz,16,10,90,false,,false,
140,Sideswipe,14,9,180,true,Xiamen,false,Monkey-9
140,Wheeljack,6,9,0,true,Xiamen,false,Horse-12
140,Ratchet,13,12,90,true,Urumqi,false,Rabbit-15
140,Ironhide,19,14,0,false,,false,
140,Hound,7,9,270,true,Shanghai,false,Ox-5
140,Smokescreen,15,13,0,false,,false,
140,Megatron,15,6,180,true,Suzhou,false,Rabbit-17
140,Bluestreak,13,11,0,false,,false,
140,RedAlert,10,15,90,true,Guangzhou,false,Rabbit-14
141,Optimus,12,5,0,true,Shenzhen,false,Dragon-7
141,Bumblebee,14,16,90,true,Chongqing,false,Tiger-12
141,Jazz,16,10,0,false,,false,
141,Sideswipe,13,9,180,true,Xiamen,false,Monkey-9
141,Wheeljack,7,9,0,true,Xiamen,false,Horse-12
141,Ratchet,13,13,90,true,Urumqi,false,Rabbit-15
141,Ironhide,19,14,0,true,Hangzhou,false,Monkey-10
141,Hound,7,8,270,true,Shanghai,false,Ox-5
141,Smokescreen,16,13,0,false,,false,
141,Megatron,14,6,180,true,Suzhou,false,Rabbit-17
141,Bluestreak,14,11,0,false,,false,
141,RedAlert,10,16,90,true,Guangzhou,false,Rabbit-14
142,Optimus,13,5,0,true,Shenzhen,false,Dragon-7
142,Bumblebee,14,16,90,false,,false,
142,Jazz,17,10,0,false,,false,
142,Sideswipe,12,9,180,true,Xiamen,false,Monkey-9
142,Wheeljack,8,9,0,true,Xiamen,false,Horse-12
142,Ratchet,13,14,90,true,Urumqi,false,Rabbit-15
142,Ironhide,19,14,180,true,Hangzhou,false,Monkey-10
142,Hound,7,8,270,false,,false,
142,Smokescreen,17,13,0,false,,false,
142,Megatron,13,6,180,true,Suzhou,false,Rabbit-17
142,Bluestreak,15,11,0,false,,false,
142,RedAlert,10,16,90,false,,false,
143,Optimus,14,5,0,true,Shenzhen,false,Dragon-7
143,Bumblebee,14,16,270,false,,false,
143,Jazz,18,10,0,false,,false,
143,Sideswipe,12,9,180,false,,false,
143,Wheeljack,9,9,0,true,Xiamen,false,Horse-12
143,Ratchet,13,15,90,true,Urumqi,false,Rabbit-15
143,Ironhide,18,14,180,true,Hangzhou,false,Monkey-10
143,Hound,7,8,90,false,,false,
143,Smokescreen,18,13,0,false,,false,
143,Megatron,12,6,180,true,Suzhou,false,Rabbit-17
143,Bluestreak,16,11,0,false,,false,
143,RedAlert,10,16,270,false,,false,
144,Optimus,15,5,0,true,Shenzhen,false,Dragon-7
144,Bumblebee,14,15,270,false,,false,
144,Jazz,19,10,0,false,,false,
144,Sideswipe,12,9,0,false,,false,
144,Wheeljack,10,9,0,true,Xiamen,false,Horse-12
144,Ratchet,13,16,90,true,Urumqi,false,Rabbit-15
144,Ironhide,17,14,180,true,Hangzhou,false,Monkey-10
144,Hound,7,9,90,false,,false,
144,Smokescreen,19,13,0,false,,false,
144,Megatron,11,6,180,true,Suzhou,false,Rabbit-17
144,Bluestreak,17,11,0,false,,false,
144,RedAlert,10,15,270,false,,false,
145,Optimus,15,5,0,false,,false,
145,Bumblebee,14,15,0,false,,false,
145,Jazz,19,10,0,true,Changsha,false,Ox-6
145,Sideswipe,13,9,0,false,,false,
145,Wheeljack,11,9,0,true,Xiamen,false,Horse-12
145,Ratchet,13,16,90,false,,false,
145,Ironhide,16,14,180,true,Hangzhou,false,Monkey-10
145,Hound,7,10,90,false,,false,
145,Smokescreen,19,13,90,false,,false,
145,Megatron,10,6,180,true,Suzhou,false,Rabbit-17
145,Bluestreak,18,11,0,false,,false,
145,RedAlert,10,14,270,false,,false,
146,Optimus,16,5,0,false,,false,
146,Bumblebee,15,15,0,false,,false,
146,Jazz,19,10,180,true,Changsha,false,Ox-6
146,Sideswipe,13,9,0,false,,false,
146,Wheeljack,12,9,0,true,Xiamen,false,Horse-12
146,Ratchet,13,16,90,false,,false,
146,Ironhide,15,14,180,true,Hangzhou,false,Monkey-10
146,Hound,7,10,180,false,,false,
146,Smokescreen,19,14,90,false,,false,
146,Megatron,9,6,180,true,Suzhou,false,Rabbit-17
146,Bluestreak,19,11,0,false,,false,
146,RedAlert,10,14,180,false,,false,
147,Optimus,16,5,90,false,,false,
147,Bumblebee,16,15,0,false,,false,
147,Jazz,18,10,180,true,Changsha,false,Ox-6
147,Sideswipe,14,9,0,false,,false,
147,Wheeljack,12,9,0,false,,false,
147,Ratchet,13,16,270,false,,false,
147,Ironhide,14,14,180,true,Hangzhou,false,Monkey-10
147,Hound,6,10,180,false,,false,
147,Smokescreen,19,14,90,true,Wuhan,false,Monkey-11
147,Megatron,8,6,180,true,Suzhou,false,Rabbit-17
147,Bluestreak,19,11,270,false,,false,
147,RedAlert,9,14,180,false,,false,
148,Optimus,16,6,90,false,,false,
148,Bumblebee,17,15,0,false,,false,
148,Jazz,17,10,180,true,Changsha,false,Ox-6
148,Sideswipe,15,9,0,false,,false,
148,Wheeljack,12,9,0,false,,false,
148,Ratchet,13,15,270,false,,false,
148,Ironhide,13,14,180,true,Hangzhou,false,Monkey-10
148,Hound,5,10,180,false,,false,
148,Smokescreen,19,14,270,true,Wuhan,false,Monkey-11
148,Megatron,8,6,90,true,Suzhou,false,Rabbit-17
148,Bluestreak,19,10,270,false,,false,
148,RedAlert,8,14,180,false,,false,
149,Optimus,16,7,90,false,,false,
149,Bumblebee,18,15,0,false,,false,
149,Jazz,16,10,180,true,Changsha,false,Ox-6
149,Sideswipe,16,9,0,false,,false,
149,Wheeljack,12,9,0,false,,false,
149,Ratchet,13,14,270,false,,false,
149,Ironhide,12,14,180,true,Hangzhou,false,Monkey-10
149,Hound,4,10,180,false,,false,
149,Smokescreen,19,13,270,true,Wuhan,false,Monkey-11
149,Megatron,8,7,90,true,Suzhou,false,Rabbit-17
149,Bluestreak,19,10,270,true,Nanjing,false,Ox-7
149,RedAlert,7,14,180,false,,false,
150,Optimus,16,8,90,false,,false,
150,Bumblebee,19,15,0,false,,false,
150,Jazz,15,10,180,true,Changsha,false,Ox-6
150,Sideswipe,17,9,0,false,,false,
150,Wheeljack,13,9,0,false,,false,
150,Ratchet,13,13,270,false,,false,
150,Ironhide,11,14,180,true,Hangzhou,false,Monkey-10
150,Hound,3,10,180,false,,false,
150,Smokescreen,19,12,270,true,Wuhan,false,Monkey-11
150,Megatron,8,8,90,true,Suzhou,false,Rabbit-17
150,Bluestreak,19,9,270,true,Nanjing,false,Ox-7
150,RedAlert,6,14,180,false,,false,
151,Optimus,16,9,90,false,,false,
151,Bumblebee,19,15,270,false,,false,
151,Jazz,14,10,180,true,Changsha,false,Ox-6
151,Sideswipe,18,9,0,false,,false,
151,Wheeljack,14,9,0,false,,false,
151,Ratchet,13,12,270,false,,false,
151,Ironhide,10,14,180,true,Hangzhou,false,Monkey-10
151,Hound,2,10,180,false,,false,
151,Smokescreen,19,11,270,true,Wuhan,false,Monkey-11
151,Megatron,8,9,90,true,Suzhou,false,Rabbit-17
151,Bluestreak,19,8,270,true,Nanjing,false,Ox-7
151,RedAlert,5,14,180,false,,false,
152,Optimus,16,9,0,false,,false,
152,Bumblebee,19,14,270,false,,false,
152,Jazz,13,10,180,true,Changsha,false,Ox-6
152,Sideswipe,19,9,0,false,,false,
152,Wheeljack,15,9,0,false,,false,
152,Ratchet,13,11,270,false,,false,
152,Ironhide,9,14,180,true,Hangzhou,false,Monkey-10
152,Hound,2,10,180,true,Chengdu,false,Dragon-8
152,Smokescreen,19,10,270,true,Wuhan,false,Monkey-11
152,Megatron,8,10,90,true,Suzhou,false,Rabbit-17
152,Bluestreak,19,7,270,true,Nanjing,false,Ox-7
152,RedAlert,4,14,180,false,,false,
153,Optimus,17,9,0,false,,false,
153,Bumblebee,19,14,270,true,Urumqi,false,Monkey-12
153,Jazz,12,10,180,true,Changsha,false,Ox-6
153,Sideswipe,19,9,90,false,,false,
153,Wheeljack,16,9,0,false,,false,
153,Ratchet,13,11,0,false,,false,
153,Ironhide,8,14,180,true,Hangzhou,false,Monkey-10
153,Hound,2,10,270,true,Chengdu,false,Dragon-8
153,Smokescreen,19,10,180,true,Wuhan,false,Monkey-11
153,Megatron,8,11,90,true,Suzhou,false,Rabbit-17
153,Bluestreak,19,6,270,true,Nanjing,false,Ox-7
153,RedAlert,3,14,180,false,,false,
154,Optimus,18,9,0,false,,false,
154,Bumblebee,19,14,180,true,Urumqi,false,Monkey-12
154,Jazz,11,10,180,true,Changsha,false,Ox-6
154,Sideswipe,19,10,90,false,,false,
154,Wheeljack,17,9,0,false,,false,
154,Ratchet,14,11,0,false,,false,
154,Ironhide,7,14,180,true,Hangzhou,false,Monkey-10
154,Hound,2,9,270,true,Chengdu,false,Dragon-8
154,Smokescreen,18,10,180,true,Wuhan,false,Monkey-11
154,Megatron,8,12,90,true,Suzhou,false,Rabbit-17
154,Bluestreak,19,6,180,true,Nanjing,false,Ox-7
154,RedAlert,2,14,180,false,,false,
155,Optimus,19,9,0,false,,false,
155,Bumblebee,18,14,180,true,Urumqi,false,Monkey-12
155,Jazz,10,10,180,true,Changsha,false,Ox-6
155,Sideswipe,19,10,90,true,Suzhou,false,Ox-8
155,Wheeljack,17,9,90,false,,false,
155,Ratchet,15,11,0,false,,false,
155,Ironhide,7,14,90,true,Hangzhou,false,Monkey-10
155,Hound,2,8,270,true,Chengdu,false,Dragon-8
155,Smokescreen,17,10,180,true,Wuhan,false,Monkey-11
155,Megatron,8,12,180,true,Suzhou,false,Rabbit-17
155,Bluestreak,18,6,180,true,Nanjing,false,Ox-7
155,RedAlert,2,14,180,true,Xiamen,false,Horse-13
156,Optimus,19,9,90,false,,false,
156,Bumblebee,17,14,180,true,Urumqi,false,Monkey-12
156,Jazz,10,10,90,true,Changsha,false,Ox-6
156,Sideswipe,19,11,90,true,Suzhou,false,Ox-8
156,Wheeljack,17,10,90,false,,false,
156,Ratchet,16,11,0,false,,false,
156,Ironhide,7,15,90,true,Hangzhou,false,Monkey-10
156,Hound,2,7,270,true,Chengdu,false,Dragon-8
156,Smokescreen,16,10,180,true,Wuhan,false,Monkey-11
156,Megatron,7,12,180,true,Suzhou,false,Rabbit-17
156,Bluestreak,17,6,180,true,Nanjing,false,Ox-7
156,RedAlert,2,14,270,true,Xiamen,false,Horse-13
157,Optimus,19,10,90,false,,false,
157,Bumblebee,16,14,180,true,Urumqi,false,Monkey-12
157,Jazz,10,11,90,true,Changsha,false,Ox-6
157,Sideswipe,19,11,180,true,Suzhou,false,Ox-8
157,Wheeljack,17,10,0,false,,false,
157,Ratchet,16,11,270,false,,false,
157,Ironhide,7,16,90,true,Hangzhou,false,Monkey-10
157,Hound,2,6,270,true,Chengdu,false,Dragon-8
157,Smokescreen,15,10,180,true,Wuhan,false,Monkey-11
157,Megatron,7,12,180,false,,false,
157,Bluestreak,16,6,180,true,Nanjing,false,Ox-7
157,RedAlert,2,13,270,true,Xiamen,false,Horse-13
158,Optimus,19,10,90,true,Guangzhou,false,Ox-9
158,Bumblebee,15,14,180,true,Urumqi,false,Monkey-12
158,Jazz,10,12,90,true,Changsha,false,Ox-6
158,Sideswipe,18,11,180,true,Suzhou,false,Ox-8
158,Wheeljack,18,10,0,false,,false,
158,Ratchet,16,10,270,false,,false,
158,Ironhide,7,16,90,false,,false,
158,Hound,2,5,270,true,Chengdu,false,Dragon-8
158,Smokescreen,14,10,180,true,Wuhan,false,Monkey-11
158,Megatron,7,12,270,false,,false,
158,Bluestreak,15,6,180,true,Nanjing,false,Ox-7
158,RedAlert,2,12,270,true,Xiamen,false,Horse-13
159,Optimus,19,11,90,true,Guangzhou,false,Ox-9
159,Bumblebee,14,14,180,true,Urumqi,false,Monkey-12
159,Jazz,10,12,90,false,,false,
159,Sideswipe,17,11,180,true,Suzhou,false,Ox-8
159,Wheeljack,19,10,0,false,,false,
159,Ratchet,16,10,0,false,,false,
159,Ironhide,7,16,270,false,,false,
159,Hound,2,5,0,true,Chengdu,false,Dragon-8
159,Smokescreen,13,10,180,true,Wuhan,false,Monkey-11
159,Megatron,7,11,270,false,,false,
159,Bluestreak,14,6,180,true,Nanjing,false,Ox-7
159,RedAlert,2,11,270,true,Xiamen,false,Horse-13
160,Optimus,19,12,90,true,Guangzhou,false,Ox-9
160,Bumblebee,13,14,180,true,Urumqi,false,Monkey-12
160,Jazz,10,12,270,false,,false,
160,Sideswipe,16,11,180,true,Suzhou,false,Ox-8
160,Wheeljack,19,10,0,true,Urumqi,false,Ox-10
160,Ratchet,17,10,0,false,,false,
160,Ironhide,7,15,270,false,,false,
160,Hound,3,5,0,true,Chengdu,false,Dragon-8
160,Smokescreen,12,10,180,true,Wuhan,false,Monkey-11
160,Megatron,7,10,270,false,,false,
160,Bluestreak,13,6,180,true,Nanjing,false,Ox-7
160,RedAlert,2,10,270,true,Xiamen,false,Horse-13
161,Optimus,19,13,90,true,Guangzhou,false,Ox-9
161,Bumblebee,12,14,180,true,Urumqi,false,Monkey-12
161,Jazz,10,11,270,false,,false,
161,Sideswipe,15,11,180,true,Suzhou,false,Ox-8
161,Wheeljack,19,10,90,true,Urumqi,false,Ox-10
161,Ratchet,18,10,0,false,,false,
161,Ironhide,7,14,270,false,,false,
161,Hound,4,5,0,true,Chengdu,false,Dragon-8
161,Smokescreen,11,10,180,true,Wuhan,false,Monkey-11
161,Megatron,7,10,180,false,,false,
161,Bluestreak,12,6,180,true,Nanjing,false,Ox-7
161,RedAlert,2,9,270,true,Xiamen,false,Horse-13
162,Optimus,19,13,180,true,Guangzhou,false,Ox-9
162,Bumblebee,12,14,90,true,Urumqi,false,Monkey-12
162,Jazz,10,11,180,false,,false,
162,Sideswipe,14,11,180,true,Suzhou,false,Ox-8
162,Wheeljack,19,11,90,true,Urumqi,false,Ox-10
162,Ratchet,19,10,0,false,,false,
162,Ironhide,7,14,180,false,,false,
162,Hound,5,5,0,true,Chengdu,false,Dragon-8
162,Smokescreen,10,10,180,true,Wuhan,false,Monkey-11
162,Megatron,6,10,180,false,,false,
162,Bluestreak,11,6,180,true,Nanjing,false,Ox-7
162,RedAlert,2,9,0,true,Xiamen,false,Horse-13
163,Optimus,18,13,180,true,Guangzhou,false,Ox-9
163,Bumblebee,12,15,90,true,Urumqi,false,Monkey-12
163,Jazz,9,11,180,false,,false,
163,Sideswipe,13,11,180,true,Suzhou,false,Ox-8
163,Wheeljack,19,11,180,true,Urumqi,false,Ox-10
163,Ratchet,19,10,0,true,Kunming,false,Ox-11
163,Ironhide,6,14,180,false,,false,
163,Hound,6,5,0,true,Chengdu,false,Dragon-8
163,Smokescreen,10,10,270,true,Wuhan,false,Monkey-11
163,Megatron,5,10,180,false,,false,
163,Bluestreak,10,6,180,true,Nanjing,false,Ox-7
163,RedAlert,3,9,0,true,Xiamen,false,Horse-13
164,Optimus,17,13,180,true,Guangzhou,false,Ox-9
164,Bumblebee,12,15,90,false,,false,
164,Jazz,8,11,180,false,,false,
164,Sideswipe,12,11,180,true,Suzhou,false,Ox-8
164,Wheeljack,18,11,180,true,Urumqi,false,Ox-10
164,Ratchet,19,10,180,true,Kunming,false,Ox-11
164,Ironhide,5,14,180,false,,false,
164,Hound,7,5,0,true,Chengdu,false,Dragon-8
164,Smokescreen,10,9,270,true,Wuhan,false,Monkey-11
164,Megatron,4,10,180,false,,false,
164,Bluestreak,10,6,270,true,Nanjing,false,Ox-7
164,RedAlert,4,9,0,true,Xiamen,false,Horse-13
165,Optimus,16,13,180,true,Guangzhou,false,Ox-9
165,Bumblebee,12,15,270,false,,false,
165,Jazz,7,11,180,false,,false,
165,Sideswipe,11,11,180,true,Suzhou,false,Ox-8
165,Wheeljack,17,11,180,true,Urumqi,false,Ox-10
165,Ratchet,18,10,180,true,Kunming,false,Ox-11
165,Ironhide,4,14,180,false,,false,
165,Hound,8,5,0,true,Chengdu,false,Dragon-8
165,Smokescreen,10,8,270,true,Wuhan,false,Monkey-11
165,Megatron,3,10,180,false,,false,
165,Bluestreak,10,5,270,true,Nanjing,false,Ox-7
165,RedAlert,5,9,0,true,Xiamen,false,Horse-13
166,Optimus,15,13,180,true,Guangzhou,false,Ox-9
166,Bumblebee,12,14,270,false,,false,
166,Jazz,6,11,180,false,,false,
166,Sideswipe,10,11,180,true,Suzhou,false,Ox-8
166,Wheeljack,16,11,180,true,Urumqi,false,Ox-10
166,Ratchet,17,10,180,true,Kunming,false,Ox-11
166,Ironhide,3,14,180,false,,false,
166,Hound,9,5,0,true,Chengdu,false,Dragon-8
166,Smokescreen,10,8,270,false,,false,
166,Megatron,2,10,180,false,,false,
166,Bluestreak,10,4,270,true,Nanjing,false,Ox-7
166,RedAlert,6,9,0,true,Xiamen,false,Horse-13
167,Optimus,14,13,180,true,Guangzhou,false,Ox-9
167,Bumblebee,12,14,0,false,,false,
167,Jazz,5,11,180,false,,false,
167,Sideswipe,9,11,180,true,Suzhou,false,Ox-8
167,Wheeljack,15,11,180,true,Urumqi,false,Ox-10
167,Ratchet,16,10,180,true,Kunming,false,Ox-11
167,Ironhide,2,14,180,false,,false,
167,Hound,10,5,0,true,Chengdu,false,Dragon-8
167,Smokescreen,10,8,90,false,,false,
167,Megatron,2,10,180,true,Shenzhen,false,Dragon-9
167,Bluestreak,10,4,270,false,,false,
167,RedAlert,7,9,0,true,Xiamen,false,Horse-13
168,Optimus,13,13,180,true,Guangzhou,false,Ox-9
168,Bumblebee,13,14,0,false,,false,
168,Jazz,4,11,180,false,,false,
168,Sideswipe,8,11,180,true,Suzhou,false,Ox-8
168,Wheeljack,14,11,180,true,Urumqi,false,Ox-10
168,Ratchet,15,10,180,true,Kunming,false,Ox-11
168,Ironhide,2,14,180,true,Chongqing,false,Horse-14
168,Hound,11,5,0,true,Chengdu,false,Dragon-8
168,Smokescreen,10,9,90,false,,false,
168,Megatron,2,10,270,true,Shenzhen,false,Dragon-9
168,Bluestreak,10,4,90,false,,false,
168,RedAlert,8,9,0,true,Xiamen,false,Horse-13
169,Optimus,12,13,180,true,Guangzhou,false,Ox-9
169,Bumblebee,14,14,0,false,,false,
169,Jazz,3,11,180,false,,false,
169,Sideswipe,7,11,180,true,Suzhou,false,Ox-8
169,Wheeljack,13,11,180,true,Urumqi,false,Ox-10
169,Ratchet,14,10,180,true,Kunming,false,Ox-11
169,Ironhide,2,14,0,true,Chongqing,false,Horse-14
169,Hound,12,5,0,true,Chengdu,false,Dragon-8
169,Smokescreen,10,10,90,false,,false,
169,Megatron,2,9,270,true,Shenzhen,false,Dragon-9
169,Bluestreak,10,5,90,false,,false,
169,RedAlert,9,9,0,true,Xiamen,false,Horse-13
170,Optimus,11,13,180,true,Guangzhou,false,Ox-9
170,Bumblebee,15,14,0,false,,false,
170,Jazz,2,11,180,false,,false,
170,Sideswipe,6,11,180,true,Suzhou,false,Ox-8
170,Wheeljack,13,11,90,true,Urumqi,false,Ox-10
170,Ratchet,13,10,180,true,Kunming,false,Ox-11
170,Ironhide,3,14,0,true,Chongqing,false,Horse-14
170,Hound,12,5,0,false,,false,
170,Smokescreen,10,10,180,false,,false,
170,Megatron,2,8,270,true,Shenzhen,false,Dragon-9
170,Bluestreak,10,6,90,false,,false,
170,RedAlert,10,9,0,true,Xiamen,false,Horse-13
171,Optimus,10,13,180,true,Guangzhou,false,Ox-9
171,Bumblebee,16,14,0,false,,false,
171,Jazz,2,11,270,false,,false,
171,Sideswipe,6,11,180,false,,false,
171,Wheeljack,13,12,90,true,Urumqi,false,Ox-10
171,Ratchet,13,10,90,true,Kunming,false,Ox-11
171,Ironhide,4,14,0,true,Chongqing,false,Horse-14
171,Hound,13,5,0,false,,false,
171,Smokescreen,9,10,180,false,,false,
171,Megatron,2,7,270,true,Shenzhen,false,Dragon-9
171,Bluestreak,10,6,0,false,,false,
171,RedAlert,11,9,0,true,Xiamen,false,Horse-13
172,Optimus,10,13,90,true,Guangzhou,false,Ox-9
172,Bumblebee,17,14,0,false,,false,
172,Jazz,2,10,270,false,,false,
172,Sideswipe,5,11,180,false,,false,
172,Wheeljack,13,13,90,true,Urumqi,false,Ox-10
172,Ratchet,13,11,90,true,Kunming,false,Ox-11
172,Ironhide,5,14,0,true,Chongqing,false,Horse-14
172,Hound,14,5,0,false,,false,
172,Smokescreen,8,10,180,false,,false,
172,Megatron,2,6,270,true,Shenzhen,false,Dragon-9
172,Bluestreak,11,6,0,false,,false,
172,RedAlert,11,9,270,true,Xiamen,false,Horse-13
173,Optimus,10,14,90,true,Guangzhou,false,Ox-9
173,Bumblebee,18,14,0,false,,false,
173,Jazz,2,10,270,true,Urumqi,false,Dragon-10
173,Sideswipe,4,11,180,false,,false,
173,Wheeljack,13,14,90,true,Urumqi,false,Ox-10
173,Ratchet,13,12,90,true,Kunming,false,Ox-11
173,Ironhide,6,14,0,true,Chongqing,false,Horse-14
173,Hound,15,5,0,false,,false,
173,Smokescreen,7,10,180,false,,false,
173,Megatron,2,6,0,true,Shenzhen,false,Dragon-9
173,Bluestreak,12,6,0,false,,false,
173,RedAlert,11,8,270,true,Xiamen,false,Horse-13
174,Optimus,10,15,90,true,Guangzhou,false,Ox-9
174,Bumblebee,19,14,0,false,,false,
174,Jazz,2,10,90,true,Urumqi,false,Dragon-10
174,Sideswipe,3,11,180,false,,false,
174,Wheeljack,13,15,90,true,Urumqi,false,Ox-10
174,Ratchet,13,12,90,false,,false,
174,Ironhide,7,14,0,true,Chongqing,false,Horse-14
174,Hound,16,5,0,false,,false,
174,Smokescreen,6,10,180,false,,false,
174,Megatron,3,6,0,true,Shenzhen,false,Dragon-9
174,Bluestreak,13,6,0,false,,false,
174,RedAlert,11,8,270,false,,false,
175,Optimus,10,16,90,true,Guangzhou,false,Ox-9
175,Bumblebee,19,14,270,false,,false,
175,Jazz,2,11,90,true,Urumqi,false,Dragon-10
175,Sideswipe,3,11,270,false,,false,
175,Wheeljack,13,16,90,true,Urumqi,false,Ox-10
175,Ratchet,13,12,270,false,,false,
175,Ironhide,8,14,0,true,Chongqing,false,Horse-14
175,Hound,17,5,0,false,,false,
175,Smokescreen,5,10,180,false,,false,
175,Megatron,4,6,0,true,Shenzhen,false,Dragon-9
175,Bluestreak,14,6,0,false,,false,
175,RedAlert,11,7,270,false,,false,
176,Optimus,10,16,90,false,,false,
176,Bumblebee,19,13,270,false,,false,
176,Jazz,2,12,90,true,Urumqi,false,Dragon-10
176,Sideswipe,3,10,270,false,,false,
176,Wheeljack,13,16,90,false,,false,
176,Ratchet,13,11,270,false,,false,
176,Ironhide,9,14,0,true,Chongqing,false,Horse-14
176,Hound,18,5,0,false,,false,
176,Smokescreen,4,10,180,false,,false,
176,Megatron,5,6,0,true,Shenzhen,false,Dragon-9
176,Bluestreak,15,6,0,false,,false,
176,RedAlert,11,7,0,false,,false,
177,Optimus,10,16,270,false,,false,
177,Bumblebee,19,12,270,false,,false,
177,Jazz,2,13,90,true,Urumqi,false,Dragon-10
177,Sideswipe,3,9,270,false,,false,
177,Wheeljack,13,16,270,false,,false,
177,Ratchet,13,11,0,false,,false,
177,Ironhide,10,14,0,true,Chongqing,false,Horse-14
177,Hound,19,5,0,false,,false,
177,Smokescreen,3,10,180,false,,false,
177,Megatron,6,6,0,true,Shenzhen,false,Dragon-9
177,Bluestreak,16,6,0,false,,false,
177,RedAlert,12,7,0,false,,false,
178,Optimus,10,15,270,false,,false,
178,Bumblebee,19,11,270,false,,false,
178,Jazz,2,14,90,true,Urumqi,false,Dragon-10
178,Sideswipe,3,9,90,false,,false,
178,Wheeljack,13,15,270,false,,false,
178,Ratchet,14,11,0,false,,false,
178,Ironhide,11,14,0,true,Chongqing,false,Horse-14
178,Hound,19,5,90,false,,false,
178,Smokescreen,2,10,180,false,,false,
178,Megatron,7,6,0,true,Shenzhen,false,Dragon-9
178,Bluestreak,17,6,0,false,,false,
178,RedAlert,13,7,0,false,,false,
179,Optimus,10,14,270,false,,false,
179,Bumblebee,19,10,270,false,,false,
179,Jazz,2,15,90,true,Urumqi,false,Dragon-10
179,Sideswipe,3,10,90,false,,false,
179,Wheeljack,13,14,270,false,,false,
179,Ratchet,15,11,0,false,,false,
179,Ironhide,12,14,0,true,Chongqing,false,Horse-14
179,Hound,19,6,90,false,,false,
179,Smokescreen,2,10,180,true,Wuhan,false,Dragon-11
179,Megatron,8,6,0,true,Shenzhen,false,Dragon-9
179,Bluestreak,18,6,0,false,,false,
179,RedAlert,14,7,0,false,,false,
180,Optimus,10,14,180,false,,false,
180,Bumblebee,19,10,270,true,Urumqi,false,Ox-12
180,Jazz,2,15,0,true,Urumqi,false,Dragon-10
180,Sideswipe,3,10,180,false,,false,
180,Wheeljack,13,13,270,false,,false,
180,Ratchet,16,11,0,false,,false,
180,Ironhide,13,14,0,true,Chongqing,false,Horse-14
180,Hound,19,7,90,false,,false,
180,Smokescreen,2,10,270,true,Wuhan,false,Dragon-11
180,Megatron,9,6,0,true,Shenzhen,false,Dragon-9
180,Bluestreak,19,6,0,false,,false,
180,RedAlert,15,7,0,false,,false,
181,Optimus,9,14,180,false,,false,
181,Bumblebee,19,10,180,true,Urumqi,false,Ox-12
181,Jazz,3,15,0,true,Urumqi,false,Dragon-10
181,Sideswipe,2,10,180,false,,false,
181,Wheeljack,13,12,270,false,,false,
181,Ratchet,17,11,0,false,,false,
181,Ironhide,14,14,0,true,Chongqing,false,Horse-14
181,Hound,19,8,90,false,,false,
181,Smokescreen,2,9,270,true,Wuhan,false,Dragon-11
181,Megatron,10,6,0,true,Shenzhen,false,Dragon-9
181,Bluestreak,19,6,0,true,Wuhan,false,Rabbit-18
181,RedAlert,16,7,0,false,,false,
182,Optimus,8,14,180,false,,false,
182,Bumblebee,18,10,180,true,Urumqi,false,Ox-12
182,Jazz,4,15,0,true,Urumqi,false,Dragon-10
182,Sideswipe,2,10,180,true,Changsha,false,Dragon-12
182,Wheeljack,13,11,270,false,,false,
182,Ratchet,18,11,0,false,,false,
182,Ironhide,14,14,90,true,Chongqing,false,Horse-14
182,Hound,19,9,90,false,,false,
182,Smokescreen,2,9,0,true,Wuhan,false,Dragon-11
182,Megatron,11,6,0,true,Shenzhen,false,Dragon-9
182,Bluestreak,19,6,180,true,Wuhan,false,Rabbit-18
182,RedAlert,17,7,0,false,,false,
183,Optimus,7,14,180,false,,false,
183,Bumblebee,17,10,180,true,Urumqi,false,Ox-12
183,Jazz,5,15,0,true,Urumqi,false,Dragon-10
183,Sideswipe,2,10,90,true,Changsha,false,Dragon-12
183,Wheeljack,13,11,0,false,,false,
183,Ratchet,18,11,270,false,,false,
183,Ironhide,14,15,90,true,Chongqing,false,Horse-14
183,Hound,19,10,90,false,,false,
183,Smokescreen,3,9,0,true,Wuhan,false,Dragon-11
183,Megatron,12,6,0,true,Shenzhen,false,Dragon-9
183,Bluestreak,18,6,180,true,Wuhan,false,Rabbit-18
183,RedAlert,18,7,0,false,,false,
184,Optimus,6,14,180,false,,false,
184,Bumblebee,16,10,180,true,Urumqi,false,Ox-12
184,Jazz,6,15,0,true,Urumqi,false,Dragon-10
184,Sideswipe,2,11,90,true,Changsha,false,Dragon-12
184,Wheeljack,14,11,0,false,,false,
184,Ratchet,18,10,270,false,,false,
184,Ironhide,14,16,90,true,Chongqing,false,Horse-14
184,Hound,19,10,90,true,Urumqi,false,Ox-13
184,Smokescreen,4,9,0,true,Wuhan,false,Dragon-11
184,Megatron,13,6,0,true,Shenzhen,false,Dragon-9
184,Bluestreak,17,6,180,true,Wuhan,false,Rabbit-18
184,RedAlert,19,7,0,false,,false,
185,Optimus,5,14,180,false,,false,
185,Bumblebee,15,10,180,true,Urumqi,false,Ox-12
185,Jazz,7,15,0,true,Urumqi,false,Dragon-10
185,Sideswipe,2,11,0,true,Changsha,false,Dragon-12
185,Wheeljack,15,11,0,false,,false,
185,Ratchet,18,10,0,false,,false,
185,Ironhide,14,16,90,false,,false,
185,Hound,19,11,90,true,Urumqi,false,Ox-13
185,Smokescreen,5,9,0,true,Wuhan,false,Dragon-11
185,Megatron,14,6,0,true,Shenzhen,false,Dragon-9
185,Bluestreak,16,6,180,true,Wuhan,false,Rabbit-18
185,RedAlert,19,7,270,false,,false,
186,Optimus,4,14,180,false,,false,
186,Bumblebee,14,10,180,true,Urumqi,false,Ox-12
186,Jazz,8,15,0,true,Urumqi,false,Dragon-10
186,Sideswipe,3,11,0,true,Changsha,false,Dragon-12
186,Wheeljack,16,11,0,false,,false,
186,Ratchet,19,10,0,false,,false,
186,Ironhide,14,16,270,false,,false,
186,Hound,19,12,90,true,Urumqi,false,Ox-13
186,Smokescreen,6,9,0,true,Wuhan,false,Dragon-11
186,Megatron,14,6,270,true,Shenzhen,false,Dragon-9
186,Bluestreak,15,6,180,true,Wuhan,false,Rabbit-18
186,RedAlert,19,6,270,false,,false,
187,Optimus,3,14,180,false,,false,
187,Bumblebee,14,10,90,true,Urumqi,false,Ox-12
187,Jazz,9,15,0,true,Urumqi,false,Dragon-10
187,Sideswipe,4,11,0,true,Changsha,false,Dragon-12
187,Wheeljack,17,11,0,false,,false,
187,Ratchet,19,10,0,true,Tianjin,false,Ox-14
187,Ironhide,14,15,270,false,,false,
187,Hound,19,13,90,true,Urumqi,false,Ox-13
187,Smokescreen,7,9,0,true,Wuhan,false,Dragon-11
187,Megatron,14,5,270,true,Shenzhen,false,Dragon-9
187,Bluestreak,14,6,180,true,Wuhan,false,Rabbit-18
187,RedAlert,19,6,270,true,Changsha,false,Rabbit-19
188,Optimus,2,14,180,false,,false,
188,Bumblebee,14,11,90,true,Urumqi,false,Ox-12
188,Jazz,10,15,0,true,Urumqi,false,Dragon-10
188,Sideswipe,5,11,0,true,Changsha,false,Dragon-12
188,Wheeljack,18,11,0,false,,false,
188,Ratchet,19,10,180,true,Tianjin,false,Ox-14
188,Ironhide,14,14,270,false,,false,
188,Hound,19,14,90,true,Urumqi,false,Ox-13
188,Smokescreen,8,9,0,true,Wuhan,false,Dragon-11
188,Megatron,14,4,270,true,Shenzhen,false,Dragon-9
188,Bluestreak,13,6,180,true,Wuhan,false,Rabbit-18
188,RedAlert,19,6,180,true,Changsha,false,Rabbit-19
189,Optimus,2,14,180,true,Hangzhou,false,Horse-15
189,Bumblebee,14,12,90,true,Urumqi,false,Ox-12
189,Jazz,11,15,0,true,Urumqi,false,Dragon-10
189,Sideswipe,6,11,0,true,Changsha,false,Dragon-12
189,Wheeljack,19,11,0,false,,false,
189,Ratchet,18,10,180,true,Tianjin,false,Ox-14
189,Ironhide,14,14,0,false,,false,
189,Hound,19,15,90,true,Urumqi,false,Ox-13
189,Smokescreen,9,9,0,true,Wuhan,false,Dragon-11
189,Megatron,14,4,270,false,,false,
189,Bluestreak,12,6,180,true,Wuhan,false,Rabbit-18
189,RedAlert,18,6,180,true,Changsha,false,Rabbit-19
190,Optimus,2,14,90,true,Hangzhou,false,Horse-15
190,Bumblebee,14,13,90,true,Urumqi,false,Ox-12
190,Jazz,11,15,90,true,Urumqi,false,Dragon-10
190,Sideswipe,7,11,0,true,Changsha,false,Dragon-12
190,Wheeljack,19,11,270,false,,false,
190,Ratchet,17,10,180,true,Tianjin,false,Ox-14
190,Ironhide,15,14,0,false,,false,
190,Hound,19,16,90,true,Urumqi,false,Ox-13
190,Smokescreen,9,9,0,false,,false,
190,Megatron,14,4,90,false,,false,
190,Bluestreak,11,6,180,true,Wuhan,false,Rabbit-18
190,RedAlert,17,6,180,true,Changsha,false,Rabbit-19
191,Optimus,2,15,90,true,Hangzhou,false,Horse-15
191,Bumblebee,14,14,90,true,Urumqi,false,Ox-12
191,Jazz,11,16,90,true,Urumqi,false,Dragon-10
191,Sideswipe,8,11,0,true,Changsha,false,Dragon-12
191,Wheeljack,19,10,270,false,,false,
191,Ratchet,16,10,180,true,Tianjin,false,Ox-14
191,Ironhide,16,14,0,false,,false,
191,Hound,19,17,90,true,Urumqi,false,Ox-13
191,Smokescreen,9,9,180,false,,false,
191,Megatron,14,5,90,false,,false,
191,Bluestreak,10,6,180,true,Wuhan,false,Rabbit-18
191,RedAlert,16,6,180,true,Changsha,false,Rabbit-19
192,Optimus,2,16,90,true,Hangzhou,false,Horse-15
192,Bumblebee,14,15,90,true,Urumqi,false,Ox-12
192,Jazz,11,16,90,false,,false,
192,Sideswipe,9,11,0,true,Changsha,false,Dragon-12
192,Wheeljack,19,10,270,true,Xiamen,false,Ox-15
192,Ratchet,16,10,90,true,Tianjin,false,Ox-14
192,Ironhide,17,14,0,false,,false,
192,Hound,19,17,180,true,Urumqi,false,Ox-13
192,Smokescreen,8,9,180,false,,false,
192,Megatron,14,5,0,false,,false,
192,Bluestreak,10,6,90,true,Wuhan,false,Rabbit-18
192,RedAlert,15,6,180,true,Changsha,false,Rabbit-19
193,Optimus,2,16,0,true,Hangzhou,false,Horse-15
193,Bumblebee,14,15,180,true,Urumqi,false,Ox-12
193,Jazz,11,16,90,false,,false,
193,Sideswipe,9,11,0,false,,false,
193,Wheeljack,19,9,270,true,Xiamen,false,Ox-15
193,Ratchet,16,11,90,true,Tianjin,false,Ox-14
193,Ironhide,18,14,0,false,,false,
193,Hound,18,17,180,true,Urumqi,false,Ox-13
193,Smokescreen,7,9,180,false,,false,
193,Megatron,15,5,0,false,,false,
193,Bluestreak,10,7,90,true,Wuhan,false,Rabbit-18
193,RedAlert,14,6,180,true,Changsha,false,Rabbit-19
194,Optimus,3,16,0,true,Hangzhou,false,Horse-15
194,Bumblebee,13,15,180,true,Urumqi,false,Ox-12
194,Jazz,11,16,270,false,,false,
194,Sideswipe,9,11,270,false,,false,
194,Wheeljack,19,9,180,true,Xiamen,false,Ox-15
194,Ratchet,16,12,90,true,Tianjin,false,Ox-14
194,Ironhide,19,14,0,false,,false,
194,Hound,17,17,180,true,Urumqi,false,Ox-13
194,Smokescreen,6,9,180,false,,false,
194,Megatron,16,5,0,false,,false,
194,Bluestreak,10,8,90,true,Wuhan,false,Rabbit-18
194,RedAlert,13,6,180,true,Changsha,false,Rabbit-19
195,Optimus,4,16,0,true,Hangzhou,false,Horse-15
195,Bumblebee,12,15,180,true,Urumqi,false,Ox-12
195,Jazz,11,15,270,false,,false,
195,Sideswipe,9,10,270,false,,false,
195,Wheeljack,18,9,180,true,Xiamen,false,Ox-15
195,Ratchet,16,12,90,false,,false,
195,Ironhide,19,14,270,false,,false,
195,Hound,16,17,180,true,Urumqi,false,Ox-13
195,Smokescreen,5,9,180,false,,false,
195,Megatron,17,5,0,false,,false,
195,Bluestreak,10,8,90,false,,false,
195,RedAlert,12,6,180,true,Changsha,false,Rabbit-19
196,Optimus,5,16,0,true,Hangzhou,false,Horse-15
196,Bumblebee,12,15,180,false,,false,
196,Jazz,11,14,270,false,,false,
196,Sideswipe,9,10,180,false,,false,
196,Wheeljack,17,9,180,true,Xiamen,false,Ox-15
196,Ratchet,16,13,90,false,,false,
196,Ironhide,19,13,270,false,,false,
196,Hound,15,17,180,true,Urumqi,false,Ox-13
196,Smokescreen,4,9,180,false,,false,
196,Megatron,18,5,0,false,,false,
196,Bluestreak,10,9,90,false,,false,
196,RedAlert,11,6,180,true,Changsha,false,Rabbit-19
197,Optimus,5,16,0,false,,false,
197,Bumblebee,12,15,270,false,,false,
197,Jazz,11,14,180,false,,false,
197,Sideswipe,8,10,180,false,,false,
197,Wheeljack,16,9,180,true,Xiamen,false,Ox-15
197,Ratchet,16,13,180,false,,false,
197,Ironhide,19,12,270,false,,false,
197,Hound,14,17,180,true,Urumqi,false,Ox-13
197,Smokescreen,3,9,180,false,,false,
197,Megatron,19,5,0,false,,false,
197,Bluestreak,10,10,90,false,,false,
197,RedAlert,11,6,90,true,Changsha,false,Rabbit-19
198,Optimus,5,16,0,false,,false,
198,Bumblebee,12,14,270,false,,false,
198,Jazz,10,14,180,false,,false,
198,Sideswipe,7,10,180,false,,false,
198,Wheeljack,15,9,180,true,Xiamen,false,Ox-15
198,Ratchet,15,13,180,false,,false,
198,Ironhide,19,11,270,false,,false,
198,Hound,13,17,180,true,Urumqi,false,Ox-13
198,Smokescreen,2,9,180,false,,false,
198,Megatron,19,5,90,false,,false,
198,Bluestreak,10,10,180,false,,false,
198,RedAlert,11,7,90,true,Changsha,false,Rabbit-19
199,Optimus,5,16,270,false,,false,
199,Bumblebee,12,14,0,false,,false,
199,Jazz,9,14,180,false,,false,
199,Sideswipe,6,10,180,false,,false,
199,Wheeljack,14,9,180,true,Xiamen,false,Ox-15
199,Ratchet,14,13,180,false,,false,
199,Ironhide,19,10,270,false,,false,
199,Hound,12,17,180,true,Urumqi,false,Ox-13
199,Smokescreen,2,9,90,false,,false,
199,Megatron,19,6,90,false,,false,
199,Bluestreak,9,10,180,false,,false,
199,RedAlert,11,8,90,true,Changsha,false,Rabbit-19
200,Optimus,5,15,270,false,,false,
200,Bumblebee,13,14,0,false,,false,
200,Jazz,8,14,180,false,,false,
200,Sideswipe,5,10,180,false,,false,
200,Wheeljack,13,9,180,true,Xiamen,false,Ox-15
200,Ratchet,13,13,180,false,,false,
200,Ironhide,19,10,270,true,Shanghai,false,Ox-16
200,Hound,12,17,180,false,,false,
200,Smokescreen,2,10,90,false,,false,
200,Megatron,19,6,90,true,Suzhou,false,Rabbit-20
200,Bluestreak,8,10,180,false,,false,
200,RedAlert,11,9,90,true,Changsha,false,Rabbit-19
201,Optimus,5,14,270,false,,false,
201,Bumblebee,14,14,0,false,,false,
201,Jazz,7,14,180,false,,false,
201,Sideswipe,4,10,180,false,,false,
201,Wheeljack,12,9,180,true,Xiamen,false,Ox-15
201,Ratchet,12,13,180,false,,false,
201,Ironhide,19,10,180,true,Shanghai,false,Ox-16
201,Hound,11,17,180,false,,false,
201,Smokescreen,2,10,90,true,Guangzhou,false,Dragon-13
201,Megatron,19,7,90,true,Suzhou,false,Rabbit-20
201,Bluestreak,7,10,180,false,,false,
201,RedAlert,11,10,90,true,Changsha,false,Rabbit-19
202,Optimus,5,13,270,false,,false,
202,Bumblebee,15,14,0,false,,false,
202,Jazz,6,14,180,false,,false,
202,Sideswipe,3,10,180,false,,false,
202,Wheeljack,12,9,180,false,,false,
202,Ratchet,11,13,180,false,,false,
202,Ironhide,18,10,180,true,Shanghai,false,Ox-16
202,Hound,10,17,180,false,,false,
202,Smokescreen,2,11,90,true,Guangzhou,false,Dragon-13
202,Megatron,19,8,90,true,Suzhou,false,Rabbit-20
202,Bluestreak,6,10,180,false,,false,
202,RedAlert,11,11,90,true,Changsha,false,Rabbit-19
203,Optimus,5,12,270,false,,false,
203,Bumblebee,16,14,0,false,,false,
203,Jazz,5,14,180,false,,false,
203,Sideswipe,2,10,180,false,,false,
203,Wheeljack,12,9,0,false,,false,
203,Ratchet,10,13,180,false,,false,
203,Ironhide,17,10,180,true,Shanghai,false,Ox-16
203,Hound,9,17,180,false,,false,
203,Smokescreen,2,12,90,true,Guangzhou,false,Dragon-13
203,Megatron,19,9,90,true,Suzhou,false,Rabbit-20
203,Bluestreak,5,10,180,false,,false,
203,RedAlert,11,12,90,true,Changsha,false,Rabbit-19
204,Optimus,5,11,270,false,,false,
204,Bumblebee,17,14,0,false,,false,
204,Jazz,4,14,180,false,,false,
204,Sideswipe,2,10,180,true,Wuhan,false,Dragon-14
204,Wheeljack,13,9,0,false,,false,
204,Ratchet,9,13,180,false,,false,
204,Ironhide,16,10,180,true,Shanghai,false,Ox-16
204,Hound,8,17,180,false,,false,
204,Smokescreen,2,13,90,true,Guangzhou,false,Dragon-13
204,Megatron,19,10,90,true,Suzhou,false,Rabbit-20
204,Bluestreak,4,10,180,false,,false,
204,RedAlert,11,12,180,true,Changsha,false,Rabbit-19
205,Optimus,5,10,270,false,,false,
205,Bumblebee,18,14,0,false,,false,
205,Jazz,3,14,180,false,,false,
205,Sideswipe,2,10,270,true,Wuhan,false,Dragon-14
205,Wheeljack,14,9,0,false,,false,
205,Ratchet,8,13,180,false,,false,
205,Ironhide,15,10,180,true,Shanghai,false,Ox-16
205,Hound,7,17,180,false,,false,
205,Smokescreen,2,14,90,true,Guangzhou,false,Dragon-13
205,Megatron,19,10,180,true,Suzhou,false,Rabbit-20
205,Bluestreak,3,10,180,false,,false,
205,RedAlert,10,12,180,true,Changsha,false,Rabbit-19
206,Optimus,5,10,180,false,,false,
206,Bumblebee,19,14,0,false,,false,
206,Jazz,2,14,180,false,,false,
206,Sideswipe,2,9,270,true,Wuhan,false,Dragon-14
206,Wheeljack,15,9,0,false,,false,
206,Ratchet,7,13,180,false,,false,
206,Ironhide,14,10,180,true,Shanghai,false,Ox-16
206,Hound,6,17,180,false,,false,
206,Smokescreen,2,15,90,true,Guangzhou,false,Dragon-13
206,Megatron,18,10,180,true,Suzhou,false,Rabbit-20
206,Bluestreak,2,10,180,false,,false,
206,RedAlert,10,12,180,false,,false,
207,Optimus,4,10,180,false,,false,
207,Bumblebee,19,14,270,false,,false,
207,Jazz,2,14,180,true,Urumqi,false,Horse-16
207,Sideswipe,2,9,0,true,Wuhan,false,Dragon-14
207,Wheeljack,16,9,0,false,,false,
207,Ratchet,6,13,180,false,,false,
207,Ironhide,13,10,180,true,Shanghai,false,Ox-16
207,Hound,5,17,180,false,,false,
207,Smokescreen,2,15,0,true,Guangzhou,false,Dragon-13
207,Megatron,17,10,180,true,Suzhou,false,Rabbit-20
207,Bluestreak,2,10,180,true,Dalian,false,Dragon-15
207,RedAlert,10,12,90,false,,false,
208,Optimus,3,10,180,false,,false,
208,Bumblebee,19,13,270,false,,false,
208,Jazz,2,14,0,true,Urumqi,false,Horse-16
208,Sideswipe,3,9,0,true,Wuhan,false,Dragon-14
208,Wheeljack,16,9,90,false,,false,
208,Ratchet,5,13,180,false,,false,
208,Ironhide,12,10,180,true,Shanghai,false,Ox-16
208,Hound,4,17,180,false,,false,
208,Smokescreen,3,15,0,true,Guangzhou,false,Dragon-13
208,Megatron,16,10,180,true,Suzhou,false,Rabbit-20
208,Bluestreak,2,10,270,true,Dalian,false,Dragon-15
208,RedAlert,10,13,90,false,,false,
209,Optimus,2,10,180,false,,false,
209,Bumblebee,19,12,270,false,,false,
209,Jazz,3,14,0,true,Urumqi,false,Horse-16
209,Sideswipe,4,9,0,true,Wuhan,false,Dragon-14
209,Wheeljack,16,10,90,false,,false,
209,Ratchet,4,13,180,false,,false,
209,Ironhide,11,10,180,true,Shanghai,false,Ox-16
209,Hound,4,17,270,false,,false,
209,Smokescreen,4,15,0,true,Guangzhou,false,Dragon-13
209,Megatron,15,10,180,true,Suzhou,false,Rabbit-20
209,Bluestreak,2,9,270,true,Dalian,false,Dragon-15
209,RedAlert,10,13,180,false,,false,
210,Optimus,2,10,180,true,Dalian,false,Dragon-16
210,Bumblebee,19,11,270,false,,false,
210,Jazz,4,14,0,true,Urumqi,false,Horse-16
210,Sideswipe,5,9,0,true,Wuhan,false,Dragon-14
210,Wheeljack,16,10,0,false,,false,
210,Ratchet,3,13,180,false,,false,
210,Ironhide,10,10,180,true,Shanghai,false,Ox-16
210,Hound,4,16,270,false,,false,
210,Smokescreen,5,15,0,true,Guangzhou,false,Dragon-13
210,Megatron,14,10,180,true,Suzhou,false,Rabbit-20
210,Bluestreak,2,8,270,true,Dalian,false,Dragon-15
210,RedAlert,9,13,180,false,,false,
211,Optimus,2,10,270,true,Dalian,false,Dragon-16
211,Bumblebee,19,10,270,false,,false,
211,Jazz,5,14,0,true,Urumqi,false,Horse-16
211,Sideswipe,6,9,0,true,Wuhan,false,Dragon-14
211,Wheeljack,17,10,0,false,,false,
211,Ratchet,2,13,180,false,,false,
211,Ironhide,9,10,180,true,Shanghai,false,Ox-16
211,Hound,4,15,270,false,,false,
211,Smokescreen,6,15,0,true,Guangzhou,false,Dragon-13
211,Megatron,13,10,180,true,Suzhou,false,Rabbit-20
211,Bluestreak,2,7,270,true,Dalian,false,Dragon-15
211,RedAlert,8,13,180,false,,false,
212,Optimus,2,9,270,true,Dalian,false,Dragon-16
212,Bumblebee,19,10,270,true,Beijing,false,Ox-17
212,Jazz,6,14,0,true,Urumqi,false,Horse-16
212,Sideswipe,7,9,0,true,Wuhan,false,Dragon-14
212,Wheeljack,18,10,0,false,,false,
212,Ratchet,2,13,90,false,,false,
212,Ironhide,8,10,180,true,Shanghai,false,Ox-16
212,Hound,4,14,270,false,,false,
212,Smokescreen,7,15,0,true,Guangzhou,false,Dragon-13
212,Megatron,12,10,180,true,Suzhou,false,Rabbit-20
212,Bluestreak,2,7,0,true,Dalian,false,Dragon-15
212,RedAlert,7,13,180,false,,false,
213,Optimus,2,8,270,true,Dalian,false,Dragon-16
213,Bumblebee,19,9,270,true,Beijing,false,Ox-17
213,Jazz,7,14,0,true,Urumqi,false,Horse-16
213,Sideswipe,8,9,0,true,Wuhan,false,Dragon-14
213,Wheeljack,19,10,0,false,,false,
213,Ratchet,2,14,90,false,,false,
213,Ironhide,7,10,180,true,Shanghai,false,Ox-16
213,Hound,4,14,180,false,,false,
213,Smokescreen,8,15,0,true,Guangzhou,false,Dragon-13
213,Megatron,11,10,180,true,Suzhou,false,Rabbit-20
213,Bluestreak,3,7,0,true,Dalian,false,Dragon-15
213,RedAlert,6,13,180,false,,false,
214,Optimus,2,7,270,true,Dalian,false,Dragon-16
214,Bumblebee,19,8,270,true,Beijing,false,Ox-17
214,Jazz,8,14,0,true,Urumqi,false,Horse-16
214,Sideswipe,9,9,0,true,Wuhan,false,Dragon-14
214,Wheeljack,19,10,0,true,Chongqing,false,Ox-18
214,Ratchet,2,14,90,true,Beijing,false,Horse-17
214,Ironhide,7,10,270,true,Shanghai,false,Ox-16
214,Hound,3,14,180,false,,false,
214,Smokescreen,9,15,0,true,Guangzhou,false,Dragon-13
214,Megatron,10,10,180,true,Suzhou,false,Rabbit-20
214,Bluestreak,4,7,0,true,Dalian,false,Dragon-15
214,RedAlert,5,13,180,false,,false,
215,Optimus,2,7,0,true,Dalian,false,Dragon-16
215,Bumblebee,19,7,270,true,Beijing,false,Ox-17
215,Jazz,9,14,0,true,Urumqi,false,Horse-16
215,Sideswipe,9,9,0,false,,false,
215,Wheeljack,19,10,180,true,Chongqing,false,Ox-18
215,Ratchet,2,14,270,true,Beijing,false,Horse-17
215,Ironhide,7,9,270,true,Shanghai,false,Ox-16
215,Hound,3,14,180,false,,false,
215,Smokescreen,9,15,0,false,,false,
215,Megatron,9,10,180,true,Suzhou,false,Rabbit-20
215,Bluestreak,5,7,0,true,Dalian,false,Dragon-15
215,RedAlert,4,13,180,false,,false,
216,Optimus,3,7,0,true,Dalian,false,Dragon-16
216,Bumblebee,19,6,270,true,Beijing,false,Ox-17
216,Jazz,10,14,0,true,Urumqi,false,Horse-16
216,Sideswipe,9,9,180,false,,false,
216,Wheeljack,18,10,180,true,Chongqing,false,Ox-18
216,Ratchet,2,13,270,true,Beijing,false,Horse-17
216,Ironhide,7,8,270,true,Shanghai,false,Ox-16
216,Hound,2,14,180,false,,false,
216,Smokescreen,9,15,270,false,,false,
216,Megatron,8,10,180,true,Suzhou,false,Rabbit-20
216,Bluestreak,6,7,0,true,Dalian,false,Dragon-15
216,RedAlert,3,13,180,false,,false,
217,Optimus,4,7,0,true,Dalian,false,Dragon-16
217,Bumblebee,19,5,270,true,Beijing,false,Ox-17
217,Jazz,11,14,0,true,Urumqi,false,Horse-16
217,Sideswipe,8,9,180,false,,false,
217,Wheeljack,17,10,180,true,Chongqing,false,Ox-18
217,Ratchet,2,12,270,true,Beijing,false,Horse-17
217,Ironhide,7,8,270,false,,false,
217,Hound,2,14,180,true,Xiamen,false,Horse-18
217,Smokescreen,9,14,270,false,,false,
217,Megatron,7,10,180,true,Suzhou,false,Rabbit-20
217,Bluestreak,7,7,0,true,Dalian,false,Dragon-15
217,RedAlert,3,13,90,false,,false,
218,Optimus,5,7,0,true,Dalian,false,Dragon-16
218,Bumblebee,19,5,180,true,Beijing,false,Ox-17
218,Jazz,11,14,90,true,Urumqi,false,Horse-16
218,Sideswipe,7,9,180,false,,false,
218,Wheeljack,16,10,180,true,Chongqing,false,Ox-18
218,Ratchet,2,11,270,true,Beijing,false,Horse-17
218,Ironhide,7,8,270,false,,false,
218,Hound,2,14,270,true,Xiamen,false,Horse-18
218,Smokescreen,9,14,180,false,,false,
218,Megatron,7,10,90,true,Suzhou,false,Rabbit-20
218,Bluestreak,8,7,0,true,Dalian,false,Dragon-15
218,RedAlert,3,14,90,false,,false,
219,Optimus,6,7,0,true,Dalian,false,Dragon-16
219,Bumblebee,18,5,180,true,Beijing,false,Ox-17
219,Jazz,11,15,90,true,Urumqi,false,Horse-16
219,Sideswipe,6,9,180,false,,false,
219,Wheeljack,16,10,90,true,Chongqing,false,Ox-18
219,Ratchet,2,10,270,true,Beijing,false,Horse-17
219,Ironhide,7,8,270,false,,false,
219,Hound,2,13,270,true,Xiamen,false,Horse-18
219,Smokescreen,8,14,180,false,,false,
219,Megatron,7,11,90,true,Suzhou,false,Rabbit-20
219,Bluestreak,9,7,0,true,Dalian,false,Dragon-15
219,RedAlert,3,14,180,false,,false,
220,Optimus,7,7,0,true,Dalian,false,Dragon-16
220,Bumblebee,17,5,180,true,Beijing,false,Ox-17
220,Jazz,11,16,90,true,Urumqi,false,Horse-16
220,Sideswipe,5,9,180,false,,false,
220,Wheeljack,16,11,90,true,Chongqing,false,Ox-18
220,Ratchet,2,9,270,true,Beijing,false,Horse-17
220,Ironhide,7,8,270,false,,false,
220,Hound,2,12,270,true,Xiamen,false,Horse-18
220,Smokescreen,7,14,180,false,,false,
220,Megatron,7,12,90,true,Suzhou,false,Rabbit-20
220,Bluestreak,10,7,0,true,Dalian,false,Dragon-15
220,RedAlert,2,14,180,false,,false,
221,Optimus,8,7,0,true,Dalian,false,Dragon-16
221,Bumblebee,16,5,180,true,Beijing,false,Ox-17
221,Jazz,11,16,90,false,,false,
221,Sideswipe,4,9,180,false,,false,
221,Wheeljack,16,12,90,true,Chongqing,false,Ox-18
221,Ratchet,2,8,270,true,Beijing,false,Horse-17
221,Ironhide,7,8,270,false,,false,
221,Hound,2,11,270,true,Xiamen,false,Horse-18
221,Smokescreen,6,14,180,false,,false,
221,Megatron,7,12,90,false,,false,
221,Bluestreak,11,7,0,true,Dalian,false,Dragon-15
221,RedAlert,2,14,180,true,Hangzhou,false,Horse-19
222,Optimus,9,7,0,true,Dalian,false,Dragon-16
222,Bumblebee,15,5,180,true,Beijing,false,Ox-17
222,Jazz,11,16,90,false,,false,
222,Sideswipe,3,9,180,false,,false,
222,Wheeljack,16,13,90,true,Chongqing,false,Ox-18
222,Ratchet,2,7,270,true,Beijing,false,Horse-17
222,Ironhide,7,8,270,false,,false,
222,Hound,2,10,270,true,Xiamen,false,Horse-18
222,Smokescreen,5,14,180,false,,false,
222,Megatron,7,12,90,false,,false,
222,Bluestreak,12,7,0,true,Dalian,false,Dragon-15
222,RedAlert,2,14,90,true,Hangzhou,false,Horse-19
223,Optimus,10,7,0,true,Dalian,false,Dragon-16
223,Bumblebee,14,5,180,true,Beijing,false,Ox-17
223,Jazz,11,16,90,false,,false,
223,Sideswipe,2,9,180,false,,false,
223,Wheeljack,16,14,90,true,Chongqing,false,Ox-18
223,Ratchet,2,6,270,true,Beijing,false,Horse-17
223,Ironhide,7,8,270,false,,false,
223,Hound,2,10,0,true,Xiamen,false,Horse-18
223,Smokescreen,4,14,180,false,,false,
223,Megatron,7,12,90,false,,false,
223,Bluestreak,13,7,0,true,Dalian,false,Dragon-15
223,RedAlert,2,15,90,true,Hangzhou,false,Horse-19
224,Optimus,11,7,0,true,Dalian,false,Dragon-16
224,Bumblebee,13,5,180,true,Beijing,false,Ox-17
224,Jazz,11,16,90,false,,false,
224,Sideswipe,2,9,90,false,,false,
224,Wheeljack,16,15,90,true,Chongqing,false,Ox-18
224,Ratchet,2,5,270,true,Beijing,false,Horse-17
224,Ironhide,7,8,270,false,,false,
224,Hound,3,10,0,true,Xiamen,false,Horse-18
224,Smokescreen,3,14,180,false,,false,
224,Megatron,7,12,90,false,,false,
224,Bluestreak,14,7,0,true,Dalian,false,Dragon-15
224,RedAlert,2,16,90,true,Hangzhou,false,Horse-19
225,Optimus,12,7,0,true,Dalian,false,Dragon-16
225,Bumblebee,12,5,180,true,Beijing,false,Ox-17
225,Jazz,11,16,90,false,,false,
225,Sideswipe,2,10,90,false,,false,
225,Wheeljack,16,16,90,true,Chongqing,false,Ox-18
225,Ratchet,2,4,270,true,Beijing,false,Horse-17
225,Ironhide,7,8,270,false,,false,
225,Hound,4,10,0,true,Xiamen,false,Horse-18
225,Smokescreen,2,14,180,false,,false,
225,Megatron,7,12,90,false,,false,
225,Bluestreak,15,7,0,true,Dalian,false,Dragon-15
225,RedAlert,2,16,0,true,Hangzhou,false,Horse-19
226,Optimus,13,7,0,true,Dalian,false,Dragon-16
226,Bumblebee,11,5,180,true,Beijing,false,Ox-17
226,Jazz,11,16,90,false,,false,
226,Sideswipe,2,10,90,true,Wuhan,false,Dragon-17
226,Wheeljack,16,16,90,false,,false,
226,Ratchet,2,4,0,true,Beijing,false,Horse-17
226,Ironhide,7,8,270,false,,false,
226,Hound,5,10,0,true,Xiamen,false,Horse-18
226,Smokescreen,2,14,180,true,Tianjin,false,Horse-20
226,Megatron,7,12,90,false,,false,
226,Bluestreak,15,7,0,false,,false,
226,RedAlert,3,16,0,true,Hangzhou,false,Horse-19
227,Optimus,14,7,0,true,Dalian,false,Dragon-16
227,Bumblebee,10,5,180,true,Beijing,false,Ox-17
227,Jazz,11,16,90,false,,false,
227,Sideswipe,2,10,270,true,Wuhan,false,Dragon-17
227,Wheeljack,16,16,90,false,,false,
227,Ratchet,3,4,0,true,Beijing,false,Horse-17
227,Ironhide,7,8,270,false,,false,
227,Hound,6,10,0,true,Xiamen,false,Horse-18
227,Smokescreen,2,14,270,true,Tianjin,false,Horse-20
227,Megatron,7,12,90,false,,false,
227,Bluestreak,15,7,0,false,,false,
227,RedAlert,4,16,0,true,Hangzhou,false,Horse-19
228,Optimus,14,7,90,true,Dalian,false,Dragon-16
228,Bumblebee,9,5,180,true,Beijing,false,Ox-17
228,Jazz,11,16,90,false,,false,
228,Sideswipe,2,9,270,true,Wuhan,false,Dragon-17
228,Wheeljack,16,16,90,false,,false,
228,Ratchet,4,4,0,true,Beijing,false,Horse-17
228,Ironhide,7,8,270,false,,false,
228,Hound,7,10,0,true,Xiamen,false,Horse-18
228,Smokescreen,2,13,270,true,Tianjin,false,Horse-20
228,Megatron,7,12,90,false,,false,
228,Bluestreak,15,7,0,false,,false,
228,RedAlert,5,16,0,true,Hangzhou,false,Horse-19
229,Optimus,14,8,90,true,Dalian,false,Dragon-16
229,Bumblebee,8,5,180,true,Beijing,false,Ox-17
229,Jazz,11,16,90,false,,false,
229,Sideswipe,2,9,0,true,Wuhan,false,Dragon-17
229,Wheeljack,16,16,90,false,,false,
229,Ratchet,5,4,0,true,Beijing,false,Horse-17
229,Ironhide,7,8,270,false,,false,
229,Hound,8,10,0,true,Xiamen,false,Horse-18
229,Smokescreen,2,13,0,true,Tianjin,false,Horse-20
229,Megatron,7,12,90,false,,false,
229,Bluestreak,15,7,0,false,,false,
229,RedAlert,5,16,0,false,,false,
230,Optimus,14,8,90,false,,false,
230,Bumblebee,7,5,180,true,Beijing,false,Ox-17
230,Jazz,11,16,90,false,,false,
230,Sideswipe,3,9,0,true,Wuhan,false,Dragon-17
230,Wheeljack,16,16,90,false,,false,
230,Ratchet,5,4,0,false,,false,
230,Ironhide,7,8,270,false,,false,
230,Hound,9,10,0,true,Xiamen,false,Horse-18
230,Smokescreen,3,13,0,true,Tianjin,false,Horse-20
230,Megatron,7,12,90,false,,false,
230,Bluestreak,15,7,0,false,,false,
230,RedAlert,5,16,0,false,,false,
231,Optimus,14,8,90,false,,false,
231,Bumblebee,6,5,180,true,Beijing,false,Ox-17
231,Jazz,11,16,90,false,,false,
231,Sideswipe,4,9,0,true,Wuhan,false,Dragon-17
231,Wheeljack,16,16,90,false,,false,
231,Ratchet,5,4,0,false,,false,
231,Ironhide,7,8,270,false,,false,
231,Hound,10,10,0,true,Xiamen,false,Horse-18
231,Smokescreen,4,13,0,true,Tianjin,false,Horse-20
231,Megatron,7,12,90,false,,false,
231,Bluestreak,15,7,0,false,,false,
231,RedAlert,5,16,0,false,,false,
232,Optimus,14,8,90,false,,false,
232,Bumblebee,6,5,180,false,,false,
232,Jazz,11,16,90,false,,false,
232,Sideswipe,5,9,0,true,Wuhan,false,Dragon-17
232,Wheeljack,16,16,90,false,,false,
232,Ratchet,5,4,0,false,,false,
232,Ironhide,7,8,270,false,,false,
232,Hound,11,10,0,true,Xiamen,false,Horse-18
232,Smokescreen,5,13,0,true,Tianjin,false,Horse-20
232,Megatron,7,12,90,false,,false,
232,Bluestreak,15,7,0,false,,false,
232,RedAlert,5,16,0,false,,false,
233,Optimus,14,8,90,false,,false,
233,Bumblebee,6,5,180,false,,false,
233,Jazz,11,16,90,false,,false,
233,Sideswipe,6,9,0,true,Wuhan,false,Dragon-17
233,Wheeljack,16,16,90,false,,false,
233,Ratchet,5,4,0,false,,false,
233,Ironhide,7,8,270,false,,false,
233,Hound,11,10,270,true,Xiamen,false,Horse-18
233,Smokescreen,6,13,0,true,Tianjin,false,Horse-20
233,Megatron,7,12,90,false,,false,
233,Bluestreak,15,7,0,false,,false,
233,RedAlert,5,16,0,false,,false,
234,Optimus,14,8,90,false,,false,
234,Bumblebee,6,5,180,false,,false,
234,Jazz,11,16,90,false,,false,
234,Sideswipe,7,9,0,true,Wuhan,false,Dragon-17
234,Wheeljack,16,16,90,false,,false,
234,Ratchet,5,4,0,false,,false,
234,Ironhide,7,8,270,false,,false,
234,Hound,11,9,270,true,Xiamen,false,Horse-18
234,Smokescreen,7,13,0,true,Tianjin,false,Horse-20
234,Megatron,7,12,90,false,,false,
234,Bluestreak,15,7,0,false,,false,
234,RedAlert,5,16,0,false,,false,
235,Optimus,14,8,90,false,,false,
235,Bumblebee,6,5,180,false,,false,
235,Jazz,11,16,90,false,,false,
235,Sideswipe,8,9,0,true,Wuhan,false,Dragon-17
235,Wheeljack,16,16,90,false,,false,
235,Ratchet,5,4,0,false,,false,
235,Ironhide,7,8,270,false,,false,
235,Hound,11,8,270,true,Xiamen,false,Horse-18
235,Smokescreen,8,13,0,true,Tianjin,false,Horse-20
235,Megatron,7,12,90,false,,false,
235,Bluestreak,15,7,0,false,,false,
235,RedAlert,5,16,0,false,,false,
236,Optimus,14,8,90,false,,false,
236,Bumblebee,6,5,180,false,,false,
236,Jazz,11,16,90,false,,false,
236,Sideswipe,8,9,270,true,Wuhan,false,Dragon-17
236,Wheeljack,16,16,90,false,,false,
236,Ratchet,5,4,0,false,,false,
236,Ironhide,7,8,270,false,,false,
236,Hound,11,8,270,false,,false,
236,Smokescreen,9,13,0,true,Tianjin,false,Horse-20
236,Megatron,7,12,90,false,,false,
236,Bluestreak,15,7,0,false,,false,
236,RedAlert,5,16,0,false,,false,
237,Optimus,14,8,90,false,,false,
237,Bumblebee,6,5,180,false,,false,
237,Jazz,11,16,90,false,,false,
237,Sideswipe,8,8,270,true,Wuhan,false,Dragon-17
237,Wheeljack,16,16,90,false,,false,
237,Ratchet,5,4,0,false,,false,
237,Ironhide,7,8,270,false,,false,
237,Hound,11,8,270,false,,false,
237,Smokescreen,10,13,0,true,Tianjin,false,Horse-20
237,Megatron,7,12,90,false,,false,
237,Bluestreak,15,7,0,false,,false,
237,RedAlert,5,16,0,false,,false,
238,Optimus,14,8,90,false,,false,
238,Bumblebee,6,5,180,false,,false,
238,Jazz,11,16,90,false,,false,
238,Sideswipe,8,8,270,false,,false,
238,Wheeljack,16,16,90,false,,false,
238,Ratchet,5,4,0,false,,false,
238,Ironhide,7,8,270,false,,false,
238,Hound,11,8,270,false,,false,
238,Smokescreen,11,13,0,true,Tianjin,false,Horse-20
238,Megatron,7,12,90,false,,false,
238,Bluestreak,15,7,0,false,,false,
238,RedAlert,5,16,0,false,,false,
239,Optimus,14,8,90,false,,false,
239,Bumblebee,6,5,180,false,,false,
239,Jazz,11,16,90,false,,false,
239,Sideswipe,8,8,270,false,,false,
239,Wheeljack,16,16,90,false,,false,
239,Ratchet,5,4,0,false,,false,
239,Ironhide,7,8,270,false,,false,
239,Hound,11,8,270,false,,false,
239,Smokescreen,12,13,0,true,Tianjin,false,Horse-20
239,Megatron,7,12,90,false,,false,
239,Bluestreak,15,7,0,false,,false,
239,RedAlert,5,16,0,false,,false,
240,Optimus,14,8,90,false,,false,
240,Bumblebee,6,5,180,false,,false,
240,Jazz,11,16,90,false,,false,
240,Sideswipe,8,8,270,false,,false,
240,Wheeljack,16,16,90,false,,false,
240,Ratchet,5,4,0,false,,false,
240,Ironhide,7,8,270,false,,false,
240,Hound,11,8,270,false,,false,
240,Smokescreen,13,13,0,true,Tianjin,false,Horse-20
240,Megatron,7,12,90,false,,false,
240,Bluestreak,15,7,0,false,,false,
240,RedAlert,5,16,0,false,,false,
241,Optimus,14,8,90,false,,false,
241,Bumblebee,6,5,180,false,,false,
241,Jazz,11,16,90,false,,false,
241,Sideswipe,8,8,270,false,,false,
241,Wheeljack,16,16,90,false,,false,
241,Ratchet,5,4,0,false,,false,
241,Ironhide,7,8,270,false,,false,
241,Hound,11,8,270,false,,false,
241,Smokescreen,14,13,0,true,Tianjin,false,Horse-20
241,Megatron,7,12,90,false,,false,
241,Bluestreak,15,7,0,false,,false,
241,RedAlert,5,16,0,false,,false,
242,Optimus,14,8,90,false,,false,
242,Bumblebee,6,5,180,false,,false,
242,Jazz,11,16,90,false,,false,
242,Sideswipe,8,8,270,false,,false,
242,Wheeljack,16,16,90,false,,false,
242,Ratchet,5,4,0,false,,false,
242,Ironhide,7,8,270,false,,false,
242,Hound,11,8,270,false,,false,
242,Smokescreen,15,13,0,true,Tianjin,false,Horse-20
242,Megatron,7,12,90,false,,false,
242,Bluestreak,15,7,0,false,,false,
242,RedAlert,5,16,0,false,,false,
243,Optimus,14,8,90,false,,false,
243,Bumblebee,6,5,180,false,,false,
243,Jazz,11,16,90,false,,false,
243,Sideswipe,8,8,270,false,,false,
243,Wheeljack,16,16,90,false,,false,
243,Ratchet,5,4,0,false,,false,
243,Ironhide,7,8,270,false,,false,
243,Hound,11,8,270,false,,false,
243,Smokescreen,15,13,0,false,,false,
243,Megatron,7,12,90,false,,false,
243,Bluestreak,15,7,0,false,,false,
243,RedAlert,5,16,0,false,,false,
